relative_path,file_name,extension,size_bytes,sha256,category,purpose,status,is_entrypoint,is_generated,included_in_zip,exclusion_reason
2 暑假_两个月仿真任务/.DS_Store,.DS_Store,,14340,7773fe646e833af89bf46e86d2037090d82c1d0ef85879336e52fe1504ff68ed,temporary,presentation/cache intermediate,legacy_or_reference,false,false,false,hidden temporary/cache directory
2 暑假_两个月仿真任务/Week 1 0708之前/.DS_Store,.DS_Store,,8196,36f148adb11699ff3f2648f27a27a98e210b334fa606d5c89a441ab367423fa7,temporary,presentation/cache intermediate,legacy_or_reference,false,false,false,hidden temporary/cache directory
2 暑假_两个月仿真任务/Week 1 0708之前/SAR单点成像/README.txt,README.txt,.txt,1211,6ed5eafab12c1e697a2657eb0a82ff92afa74db6eed7679edfa33c0489a951f7,source,documentation or compact configuration/result table,legacy_or_reference,false,false,true,
2 暑假_两个月仿真任务/Week 1 0708之前/SAR单点成像/demo_LFM_1bit_SAR_point.m,demo_LFM_1bit_SAR_point.m,.m,12191,d92a5e162f65b9edba45593b23d28f01ec49701d81686cf92e678422b6d95c26,source,MATLAB/source text,legacy_or_reference,false,false,true,
2 暑假_两个月仿真任务/Week 1 0708之前/SAR单点成像/output_figures/01_LFM_waveform_formula.png,01_LFM_waveform_formula.png,.png,190388,efe57ea18a41b134b47d0de17c07e34465044c0181f32985a2298dd227bc8f24,result_image,rendered simulation/result/reference image,historical_generated,false,true,true,
2 暑假_两个月仿真任务/Week 1 0708之前/SAR单点成像/output_figures/02_Gamma_intra_inter_code.png,02_Gamma_intra_inter_code.png,.png,246960,82018d2ddfaa665a62ff4da9d7562b3e42337d1b928c9747122f63741dc22eae,result_image,rendered simulation/result/reference image,historical_generated,false,true,true,
2 暑假_两个月仿真任务/Week 1 0708之前/SAR单点成像/output_figures/03_coded_echo_waveform.png,03_coded_echo_waveform.png,.png,839083,347f178b2764c7d04a8771d0780bb708dd7de1a93158dd0db4b6eef9d8fdb1c0,result_image,rendered simulation/result/reference image,historical_generated,false,true,true,
2 暑假_两个月仿真任务/Week 1 0708之前/SAR单点成像/output_figures/04_SAR_range_doppler_point.png,04_SAR_range_doppler_point.png,.png,118306,ae8befd1359354c64abf6974bc709824768d4d8309bfb1f7876dd8b7248a25fd,result_image,rendered simulation/result/reference image,historical_generated,false,true,true,
2 暑假_两个月仿真任务/Week 1 0708之前/SAR单点成像/raw_CST_Cx0p7_Cy0p7_Cy2p5.csv,raw_CST_Cx0p7_Cy0p7_Cy2p5.csv,.csv,243434,c9e7bcd5de917beb9c920e1d39d7709a73f867723ddaf954ab48224a43bfc61a,configuration,documentation or compact configuration/result table,legacy_or_reference,false,false,true,
2 暑假_两个月仿真任务/Week 1 0708之前/one_bit_time_modulated_array.m,one_bit_time_modulated_array.m,.m,8979,830af45dc283b0aabe3b79d219ac611acdfae9723cc57c682f9fdad19b46161d,source,MATLAB/source text,legacy_or_reference,false,false,true,
2 暑假_两个月仿真任务/Week 1 0708之前/sar_scattering_centers_demo.m,sar_scattering_centers_demo.m,.m,3025,c349287ff5c62316085d5109bcc4149702f5bce565ad49f79e56f17bd239525d,source,MATLAB/source text,legacy_or_reference,false,false,true,
2 暑假_两个月仿真任务/Week 1 0708之前/time_modulated_array_result/coding_result.mat,coding_result.mat,.mat,3965,5b7775ad324f4a31aac4fcd0f6eb0502fb84750f2f61686ec92503be9088e198,sample_data,compact MATLAB input or result snapshot,legacy_or_reference,false,false,true,
2 暑假_两个月仿真任务/Week 1 0708之前/time_modulated_array_result/harmonic_+1_amplitude.csv,harmonic_+1_amplitude.csv,.csv,4624,30ed5613f838ae6f7830940736e1a4a204063c1ce14ef7b84c4694f31084b837,configuration,documentation or compact configuration/result table,legacy_or_reference,false,false,true,
2 暑假_两个月仿真任务/Week 1 0708之前/time_modulated_array_result/harmonic_+1_phase_deg.csv,harmonic_+1_phase_deg.csv,.csv,1532,424318ae0f55b6fab00e04e6a4a186f1dab61a62c4848c86517586763e28a2a8,configuration,documentation or compact configuration/result table,legacy_or_reference,false,false,true,
2 暑假_两个月仿真任务/Week 1 0708之前/time_modulated_array_result/shift_map.csv,shift_map.csv,.csv,643,02aacf2cee45a01cfe00533e9930e3016a955708ca3b415d56304d1eed713305,configuration,documentation or compact configuration/result table,legacy_or_reference,false,false,true,
2 暑假_两个月仿真任务/Week 1 0708之前/time_modulated_array_result/targets_tar.csv,targets_tar.csv,.csv,33,181c16a37f7a5ebbbc14ca6373390254380a5997b9120ba915d0a97bca0d5aa2,configuration,documentation or compact configuration/result table,legacy_or_reference,false,false,true,
2 暑假_两个月仿真任务/Week 1 0708之前/time_modulated_array_result/time_codes.csv,time_codes.csv,.csv,8448,e3c96918c8b722e153cb14bf2f1a8f3c546f8deda7d19a45a48499dcc2211345,configuration,documentation or compact configuration/result table,legacy_or_reference,false,false,true,
2 暑假_两个月仿真任务/Week 1 0708之前/公众号推文_时间调制超表面_SAR舰船假目标_预览版.html,公众号推文_时间调制超表面_SAR舰船假目标_预览版.html,.html,17866599,949e6c7ecd47f5e602068bf4f169f2cfb577fa2350af99e66df237815d0c79ec,archive_or_generated,archive/generated tutorial,legacy_or_reference,false,false,false,large archive or generated HTML excluded
2 暑假_两个月仿真任务/Week 1 0708之前/单元结构的相位图/phase_diff_Cy0p7_vs_2p5_package/README.txt,README.txt,.txt,1517,b2bf963db9d1eea2015557862248f18d9661c8091e6b936be545f07a0f98e623,source,documentation or compact configuration/result table,legacy_or_reference,false,false,true,
2 暑假_两个月仿真任务/Week 1 0708之前/单元结构的相位图/phase_diff_Cy0p7_vs_2p5_package/phase_diff_Cy0p7_vs_2p5.csv,phase_diff_Cy0p7_vs_2p5.csv,.csv,115285,74fdd915b9df2971ba66efb8bebf59f056fc7eead0e3052ae9c0a0bedb893b65,configuration,documentation or compact configuration/result table,legacy_or_reference,false,false,true,
2 暑假_两个月仿真任务/Week 1 0708之前/单元结构的相位图/phase_diff_Cy0p7_vs_2p5_package/plot_phase_diff_Cy0p7_vs_2p5.m,plot_phase_diff_Cy0p7_vs_2p5.m,.m,13131,ac9e421616561d0a017209929f7180db9a62518b2e023a7cd1bff56d2c6b51a3,source,MATLAB/source text,legacy_or_reference,false,false,true,
2 暑假_两个月仿真任务/Week 1 0708之前/单元结构的相位图/phase_diff_Cy0p7_vs_2p5_package/raw_CST_Cx0p7_Cy0p7_Cy2p5.csv,raw_CST_Cx0p7_Cy0p7_Cy2p5.csv,.csv,243434,c9e7bcd5de917beb9c920e1d39d7709a73f867723ddaf954ab48224a43bfc61a,configuration,documentation or compact configuration/result table,legacy_or_reference,false,false,true,
2 暑假_两个月仿真任务/Week 1 0708之前/单元结构的相位图/phase_diff_Cy0p7_vs_2p5_package/raw_CST_Cx0p7_only_Cy0p7_Cy2p5.txt,raw_CST_Cx0p7_only_Cy0p7_Cy2p5.txt,.txt,121518,9898e2944d12a777658e6fb83c7d2576b453946b1660979cd4120238fcffc9e4,source,documentation or compact configuration/result table,legacy_or_reference,false,false,true,
2 暑假_两个月仿真任务/Week 1 0708之前/基于时域编码超表面脉内-脉间编码优化的雷达干扰方法.pdf,基于时域编码超表面脉内-脉间编码优化的雷达干扰方法.pdf,.pdf,7815646,a1e7d5a8bf48647b1171dd3e71a1dd5adb5531c9cd68b5d3b23363f12b16af07,document,historical report/reference,legacy_or_reference,false,false,false,non-selected or superseded report/reference
2 暑假_两个月仿真任务/Week 1 0708之前/时间调制超表面_SAR舰船假目标_自学讲义_含MATLAB结果.html,时间调制超表面_SAR舰船假目标_自学讲义_含MATLAB结果.html,.html,22650316,12c03104f86983a84a6f89a24c558888a0c55276e1d9e079f01d263f3733bca8,archive_or_generated,archive/generated tutorial,legacy_or_reference,false,false,false,large archive or generated HTML excluded
2 暑假_两个月仿真任务/Week 1 0708之前/暑假总体规划.pdf,暑假总体规划.pdf,.pdf,5267852,7367105feb32008e3511e3cdad095f22c632b94076eeb9f5e0fc85e7752223b7,document,historical report/reference,legacy_or_reference,false,false,false,non-selected or superseded report/reference
2 暑假_两个月仿真任务/Week 1 0708之前/暑假总体规划.pptx,暑假总体规划.pptx,.pptx,56577084,c5ede2df746bb775c6b9ad80bd1de034e2698f402779ccc431c403d1579fa524,document,historical report/reference,legacy_or_reference,false,false,false,non-selected or superseded report/reference
2 暑假_两个月仿真任务/Week 1 0708之前/理想1bit相位编码_谐波与多普勒_MATLAB/README.md,README.md,.md,1274,55d213269ed6f8a665b6e56cc4361f4fe4419a03aee493da85275f70968f6749,source,documentation or compact configuration/result table,legacy_or_reference,false,false,true,
2 暑假_两个月仿真任务/Week 1 0708之前/理想1bit相位编码_谐波与多普勒_MATLAB/ideal_1bit_phase_harmonic_demo.m,ideal_1bit_phase_harmonic_demo.m,.m,8603,d961173bcc3a86ef317325d1333c8306e7917aab0b7ec6526ceb05aa8c7fc0f4,source,MATLAB/source text,legacy_or_reference,false,false,true,
2 暑假_两个月仿真任务/Week 1 0708之前/理想1bit相位编码_谐波与多普勒_MATLAB/output_figures/01_ideal_1bit_states.png,01_ideal_1bit_states.png,.png,67567,90439e8c3f5c054b0fc3ccb57b1554f04cd30fef1dbfa62726de52e095da07fc,result_image,rendered simulation/result/reference image,historical_generated,false,true,true,
2 暑假_两个月仿真任务/Week 1 0708之前/理想1bit相位编码_谐波与多普勒_MATLAB/output_figures/02_time_domain_phase_code.png,02_time_domain_phase_code.png,.png,62985,c311da110d4b00f240fbc716993bc7add759ac839be1a0bb581052767dfb4422,result_image,rendered simulation/result/reference image,historical_generated,false,true,true,
2 暑假_两个月仿真任务/Week 1 0708之前/理想1bit相位编码_谐波与多普勒_MATLAB/output_figures/03_harmonic_spectrum.png,03_harmonic_spectrum.png,.png,86543,b9b8deeaf785ff57925a2c44af60b29dcb629b8eaca16c94df7417893f8b5e69,result_image,rendered simulation/result/reference image,historical_generated,false,true,true,
2 暑假_两个月仿真任务/Week 1 0708之前/理想1bit相位编码_谐波与多普勒_MATLAB/output_figures/04_frequency_shift_and_doppler.png,04_frequency_shift_and_doppler.png,.png,92770,fa163f1bb8b57ba6fbea843b94572fae790f8a84893021020fe06b5ba2e491ff,result_image,rendered simulation/result/reference image,historical_generated,false,true,true,
2 暑假_两个月仿真任务/Week 1 0708之前/理想1bit相位编码_谐波与多普勒_MATLAB/output_figures/harmonic_results.csv,harmonic_results.csv,.csv,1149,450e4ce13f32caf68aba1b2ab6354ec6a78aa8c71a1fbaa556a87c17ef99097a,configuration,documentation or compact configuration/result table,historical_generated,false,true,true,
2 暑假_两个月仿真任务/Week 1 0708之前/理想1bit相位编码_谐波与多普勒_MATLAB/汇报思路.txt,汇报思路.txt,.txt,1248,7f642250d50d193819b794dee502c94006f89eec9e8c35f58b03f5ff4c78d8ac,source,documentation or compact configuration/result table,legacy_or_reference,false,false,true,
2 暑假_两个月仿真任务/Week 1 0708之前/理想1bit脉间编码_慢时间FFT观察正负f0/README.md,README.md,.md,1903,c2ae0f07225e32efa4138aa1f54e83f473b679f09293d42bee712a20590911eb,source,documentation or compact configuration/result table,legacy_or_reference,false,false,true,
2 暑假_两个月仿真任务/Week 1 0708之前/理想1bit脉间编码_慢时间FFT观察正负f0/TF_code.m,TF_code.m,.m,11791,dbe5910b5af998a20e9d20a5ef9cb6723d25d28f817af1c7b36ade4319993ea9,source,MATLAB/source text,legacy_or_reference,false,false,true,
2 暑假_两个月仿真任务/Week 1 0708之前/理想1bit脉间编码_慢时间FFT观察正负f0/ideal_1bit_interpulse_slowtime_fft.m,ideal_1bit_interpulse_slowtime_fft.m,.m,24245,f5e70d934aa04ca0812095117bf1dbb2b36a57794be593410ffd0ba871e0a6ab,source,MATLAB/source text,legacy_or_reference,false,false,true,
2 暑假_两个月仿真任务/Week 1 0708之前/理想1bit脉间编码_慢时间FFT观察正负f0/lunwen.m,lunwen.m,.m,15414,9085994184b603fa40f5761a5e34a5f9964553c04c4c741e6e357cfd23857ba2,source,MATLAB/source text,legacy_or_reference,false,false,true,
2 暑假_两个月仿真任务/Week 1 0708之前/理想1bit脉间编码_慢时间FFT观察正负f0/output_figures/01_pulse_train_and_interpulse_code.png,01_pulse_train_and_interpulse_code.png,.png,70390,e409e6196f99b507988026fd8790108c9c45f089d2983df19c06ac97104e75ab,result_image,rendered simulation/result/reference image,historical_generated,false,true,true,
2 暑假_两个月仿真任务/Week 1 0708之前/理想1bit脉间编码_慢时间FFT观察正负f0/output_figures/02_ideal_gamma_amplitude_phase.png,02_ideal_gamma_amplitude_phase.png,.png,59838,3d274f8c83dbfa7685c95069ba80aa030f861a9355e4ce9ea4fd3ffbf25dc9ad,result_image,rendered simulation/result/reference image,historical_generated,false,true,true,
2 暑假_两个月仿真任务/Week 1 0708之前/理想1bit脉间编码_慢时间FFT观察正负f0/output_figures/03_slowtime_echo_before_after_coding.png,03_slowtime_echo_before_after_coding.png,.png,79277,1cc933b0def0ba1c4c503a1b053b0ace403af74cfcd26a11f7cb06d7a92c6993,result_image,rendered simulation/result/reference image,historical_generated,false,true,true,
2 暑假_两个月仿真任务/Week 1 0708之前/理想1bit脉间编码_慢时间FFT观察正负f0/output_figures/04_slowtime_fft_observe_plus_minus_f0.png,04_slowtime_fft_observe_plus_minus_f0.png,.png,72016,90ea3765ed3151a4605349bd47bf6f0fc3f0924fd6528ccca7cde96a8313280b,result_image,rendered simulation/result/reference image,historical_generated,false,true,true,
2 暑假_两个月仿真任务/Week 1 0708之前/理想1bit脉间编码_慢时间FFT观察正负f0/output_figures/slowtime_harmonic_results.csv,slowtime_harmonic_results.csv,.csv,626,2559359d164194262991f327316964cf271d520edb912516bfbdf43963d25be2,configuration,documentation or compact configuration/result table,historical_generated,false,true,true,
2 暑假_两个月仿真任务/Week 1 0708之前/理想1bit脉间编码_慢时间FFT观察正负f0/汇报讲解.txt,汇报讲解.txt,.txt,1398,768b09cb26ac577ebe61aaf41069f3af19a40812aeab24b5a6e420cd51e9fd6f,source,documentation or compact configuration/result table,legacy_or_reference,false,false,true,
2 暑假_两个月仿真任务/Week 1 0708之前/ＵＷＢＳＡＲ相位域多普勒频率.pdf,ＵＷＢＳＡＲ相位域多普勒频率.pdf,.pdf,1146232,025384fdb0ff8f756a2d264d1408ebc83cded7e0fd419f52de1570d6d3827aa0,document,historical report/reference,legacy_or_reference,false,false,false,non-selected or superseded report/reference
2 暑假_两个月仿真任务/Week 2 0715之前/.DS_Store,.DS_Store,,8196,127304e47f37fe7a03264563f74f98125938b065c95a91acc547a0fbf88fdd07,temporary,presentation/cache intermediate,legacy_or_reference,false,false,false,hidden temporary/cache directory
2 暑假_两个月仿真任务/Week 2 0715之前/1bit 4超表面/README_四块1bit舰船假目标.txt,README_四块1bit舰船假目标.txt,.txt,1564,d49492b69a5a728434d09d046bd769bbb202e6b9c212ac7d82381e2be4d2af3f,source,documentation or compact configuration/result table,legacy_or_reference,false,false,true,
2 暑假_两个月仿真任务/Week 2 0715之前/1bit 4超表面/SHIP_false_ship_1bit_4panel.m,SHIP_false_ship_1bit_4panel.m,.m,6819,3e110c05e2b2ac2e7a1512d08e50a3f088bc380fcac90e489fcd94dbec4d2da3,source,MATLAB/source text,legacy_or_reference,false,false,true,
2 暑假_两个月仿真任务/Week 2 0715之前/1bit 4超表面/SHIP_false_ship_1bit_4panel_result.mat,SHIP_false_ship_1bit_4panel_result.mat,.mat,73441603,be4fa0d4585ce45d21fc4f9306dbea84f1147b04de721d044ce50be17df39ca3,generated_large,MATLAB raw/result matrix,legacy_or_reference,false,false,false,large raw/result MAT excluded; compact data and PNG/CSV retained
2 暑假_两个月仿真任务/Week 2 0715之前/1bit 4超表面/generate_metasurface_ship_layout_1bit_4panel.m,generate_metasurface_ship_layout_1bit_4panel.m,.m,3847,948eecec97ad4663d4cb9e8f1626176f48406e84f347a4991baa2f0a36a6f978,source,MATLAB/source text,legacy_or_reference,false,false,true,
2 暑假_两个月仿真任务/Week 2 0715之前/1bit 4超表面/metasurface_ship_layout_1bit_4panel.mat,metasurface_ship_layout_1bit_4panel.mat,.mat,638,0db4336d2dceaf86c2fc83318e5d8764484fad044b35296c4cf8e8e9cd2badd2,sample_data,compact MATLAB input or result snapshot,legacy_or_reference,false,false,true,
2 暑假_两个月仿真任务/Week 2 0715之前/1bit 4超表面/preview_1bit_harmonic_skeleton_4panel.m,preview_1bit_harmonic_skeleton_4panel.m,.m,3746,a7ed2c4d352ac62f7f38e5e7610f3eb09b772ae8fbeb341d26e6c9b609208076,source,MATLAB/source text,legacy_or_reference,false,false,true,
2 暑假_两个月仿真任务/Week 2 0715之前/1bit 7超表面/README_1bit初始位置舰船假目标.txt,README_1bit初始位置舰船假目标.txt,.txt,2862,32db9496c0cb3e9ceb817be5ba8acd4e153f46c6b74ac2c050883aac19901e6e,source,documentation or compact configuration/result table,legacy_or_reference,false,false,true,
2 暑假_两个月仿真任务/Week 2 0715之前/1bit 7超表面/SHIP_false_ship_1bit_layout.m,SHIP_false_ship_1bit_layout.m,.m,7242,2fcb9afe7d2c5485b262c484f58c315a11006fb1a0c925a87898f08be6886aef,source,MATLAB/source text,legacy_or_reference,false,false,true,
2 暑假_两个月仿真任务/Week 2 0715之前/1bit 7超表面/generate_metasurface_ship_layout_1bit.m,generate_metasurface_ship_layout_1bit.m,.m,5345,cfcda52289e2c45df4f0248b9b40c1f0da89b7d64461deb17e8d39e75178af5e,source,MATLAB/source text,legacy_or_reference,false,false,true,
2 暑假_两个月仿真任务/Week 2 0715之前/1bit 7超表面/metasurface_ship_layout_1bit.mat,metasurface_ship_layout_1bit.mat,.mat,709,ff2c4cb1eb105a463430a34e38c2a0101cbacb594cec6fad877979c182175609,sample_data,compact MATLAB input or result snapshot,legacy_or_reference,false,false,true,
2 暑假_两个月仿真任务/Week 2 0715之前/1bit 7超表面/preview_1bit_harmonic_skeleton.m,preview_1bit_harmonic_skeleton.m,.m,3698,fd0d83b8d48707a4e0fa997ca1942271f89eedeeabba00e37c47fb027725b324,source,MATLAB/source text,legacy_or_reference,false,false,true,
2 暑假_两个月仿真任务/Week 2 0715之前/1bit 7超表面/原版代码修改对照.txt,原版代码修改对照.txt,.txt,935,254b68a5ab4e2ee030fec3dc32cc0c4f33bd53ed0b0b5ecef0993a9d698b43f8,source,documentation or compact configuration/result table,legacy_or_reference,false,false,true,
2 暑假_两个月仿真任务/Week 2 0715之前/7.15Week2.pptx,7.15Week2.pptx,.pptx,7396762,f63003e01bc5ed59d1b0b7a370e1a8ce55d81f1e7b1df6d5b33a1beae804766b,document,historical report/reference,legacy_or_reference,false,false,false,non-selected or superseded report/reference
2 暑假_两个月仿真任务/Week 2 0715之前/ship/README_上位机.md,README_上位机.md,.md,1867,697f3a1db52831c89e7f9584518d41ef9f24a142fd981b915e62e8edaf921271,source,documentation or compact configuration/result table,legacy_or_reference,false,false,true,
2 暑假_两个月仿真任务/Week 2 0715之前/ship/SHIP.m,SHIP.m,.m,9407,28bdb82111aba1e0d737bfa4cb7ff0d8625a754af607b9763db5a926ddf0d9fc,source,MATLAB/source text,legacy_or_reference,false,false,true,
2 暑假_两个月仿真任务/Week 2 0715之前/ship/four_group_scatter_points.mat,four_group_scatter_points.mat,.mat,535120,668ac8debb9c8d1ba64887a913143d3423942afdd6b153996e25102926ef7531,sample_data,compact MATLAB input or result snapshot,legacy_or_reference,false,false,true,
2 暑假_两个月仿真任务/Week 2 0715之前/ship/four_group_scatter_points.txt,four_group_scatter_points.txt,.txt,1447213,4de03186aa5e3d411da0ba3843d3b29684da2c30b2b3f431cc497a9a742508ef,source,documentation or compact configuration/result table,legacy_or_reference,false,false,true,
2 暑假_两个月仿真任务/Week 2 0715之前/ship/ship_control_app.m,ship_control_app.m,.m,19544,daae2d432b41ad2259df19fb86f2f861b5e84e1f7135fe86622bb9e24db4ff0d,source,MATLAB/source text,legacy_or_reference,false,false,true,
2 暑假_两个月仿真任务/Week 2 0715之前/ship/ship_default_config.m,ship_default_config.m,.m,2014,7b399af4fc4059a487e1cf365218a3a434460e086d3b7e0148a992f99c8bfa6c,source,MATLAB/source text,legacy_or_reference,false,false,true,
2 暑假_两个月仿真任务/Week 2 0715之前/ship/ship_export_script.m,ship_export_script.m,.m,4081,dac36722b60574ad07508e69ec45aa913431c3c8ea9b8a28a601d41101afef97,source,MATLAB/source text,legacy_or_reference,false,false,true,
2 暑假_两个月仿真任务/Week 2 0715之前/ship/ship_generate_targets.m,ship_generate_targets.m,.m,1382,a042ef2ded4a818fe11bb574bfc8353faf66b25955b591eb549264b7572885fa,source,MATLAB/source text,legacy_or_reference,false,false,true,
2 暑假_两个月仿真任务/Week 2 0715之前/ship/ship_run_simulation.m,ship_run_simulation.m,.m,5069,06c6f6df3264784dc0034a38255986298a93213106525180d6518c09722abdea,source,MATLAB/source text,legacy_or_reference,false,false,true,
2 暑假_两个月仿真任务/Week 2 0715之前/ship/ship_trans.m,ship_trans.m,.m,2907,9e29b1fb8dcb2bdb21dfa044772f3be1d3cbb893726566f89d7c0d19152012b2,source,MATLAB/source text,legacy_or_reference,false,false,true,
2 暑假_两个月仿真任务/Week 2 0715之前/ship/ship_validate_config.m,ship_validate_config.m,.m,5298,0f850ea62911eed0642917560d116283c349d17b5dfe2fd6bc86afa6c18ffe49,source,MATLAB/source text,legacy_or_reference,false,false,true,
2 暑假_两个月仿真任务/Week 2 0715之前/ship原版代码/SHIP.m,SHIP.m,.m,9407,28bdb82111aba1e0d737bfa4cb7ff0d8625a754af607b9763db5a926ddf0d9fc,source,MATLAB/source text,legacy_or_reference,false,false,true,
2 暑假_两个月仿真任务/Week 2 0715之前/ship原版代码/four_group_scatter_points.mat,four_group_scatter_points.mat,.mat,535153,48b8e412ee01993d98ef6c9722865a719839dbb6aa560baa6c2f8024707eae29,sample_data,compact MATLAB input or result snapshot,legacy_or_reference,false,false,true,
2 暑假_两个月仿真任务/Week 2 0715之前/ship原版代码/four_group_scatter_points.txt,four_group_scatter_points.txt,.txt,1411509,40f3a572a945d0a29a56dda897454e03c582bf73f39feeebfd313e1a31f09395,source,documentation or compact configuration/result table,legacy_or_reference,false,false,true,
2 暑假_两个月仿真任务/Week 2 0715之前/ship原版代码/ship_trans.m,ship_trans.m,.m,2907,9e29b1fb8dcb2bdb21dfa044772f3be1d3cbb893726566f89d7c0d19152012b2,source,MATLAB/source text,legacy_or_reference,false,false,true,
2 暑假_两个月仿真任务/Week 2 0715之前/单散射点_二维编码偏移讲解/README_先看这里.md,README_先看这里.md,.md,3178,0753847b439fcf584adef731cfbb3aea06c2562f56b341ce05cf564289ed3549,source,documentation or compact configuration/result table,legacy_or_reference,false,false,true,
2 暑假_两个月仿真任务/Week 2 0715之前/单散射点_二维编码偏移讲解/analyze_and_plot_result.m,analyze_and_plot_result.m,.m,1867,b265238c55fad8b0db3d9b8fa6c71e33590b2b27c9b4c4c7eecdfdc52024f0fa,source,MATLAB/source text,legacy_or_reference,false,false,true,
2 暑假_两个月仿真任务/Week 2 0715之前/单散射点_二维编码偏移讲解/apply_2d_1bit_code.m,apply_2d_1bit_code.m,.m,2127,24145466f9f85f1e128d1b87749d1cdb80a947593bc3e56e6f7fe53bce47e7ee,source,MATLAB/source text,legacy_or_reference,false,false,true,
2 暑假_两个月仿真任务/Week 2 0715之前/单散射点_二维编码偏移讲解/design_code_for_spacing.m,design_code_for_spacing.m,.m,1418,822736e076313aa1c0001384c3e51929e347359ec0bc007086f3a595ec32b712,source,MATLAB/source text,legacy_or_reference,false,false,true,
2 暑假_两个月仿真任务/Week 2 0715之前/单散射点_二维编码偏移讲解/generate_single_point_echo.m,generate_single_point_echo.m,.m,1778,98db146d6f33c761d3efc81d36b653b241a1ff1a6450317808a1c02cc5bb7a0a,source,MATLAB/source text,legacy_or_reference,false,false,true,
2 暑假_两个月仿真任务/Week 2 0715之前/单散射点_二维编码偏移讲解/main_single_scatterer_2d_encoding.m,main_single_scatterer_2d_encoding.m,.m,4096,883fddaf36347a275622154803cbec76b0a44538d1cf92f1d13ad0e89b2a1dc1,source,MATLAB/source text,legacy_or_reference,false,false,true,
2 暑假_两个月仿真任务/Week 2 0715之前/单散射点_二维编码偏移讲解/rd_focus_single_point.m,rd_focus_single_point.m,.m,1282,a9fb1fa570e25deed6cf96b7dd2d8c0340bcd2138fef01fadc82449f16be676e,source,MATLAB/source text,legacy_or_reference,false,false,true,
2 暑假_两个月仿真任务/Week 2 0715之前/单散射点_二维编码偏移讲解/原理推导.md,原理推导.md,.md,2559,69a56b544717b0d6c5572330c39428da7224a24ef3b5452be64cb85ff34e3403,source,documentation or compact configuration/result table,legacy_or_reference,false,false,true,
2 暑假_两个月仿真任务/Week 2 0715之前/单散射点_二维编码偏移讲解/运行结果/00_未编码.png,00_未编码.png,.png,105671,f34343668f560a3bf8a8158dbe35e1e61e61efffaee41906e45c511e3f44e76c,result_image,rendered simulation/result/reference image,legacy_or_reference,false,true,true,
2 暑假_两个月仿真任务/Week 2 0715之前/单散射点_二维编码偏移讲解/运行结果/01_编码A_较小间距.png,01_编码A_较小间距.png,.png,140172,8d6b8ff8b4c50bdda50b18c8e64bdd622486bf88c506deed1c2b505279877384,result_image,rendered simulation/result/reference image,legacy_or_reference,false,true,true,
2 暑假_两个月仿真任务/Week 2 0715之前/单散射点_二维编码偏移讲解/运行结果/02_编码B_较大间距.png,02_编码B_较大间距.png,.png,137176,a8f9b583048b73a1bca9505f804a1aef017c49e0cc6ce400f5d6845b97297a6c,result_image,rendered simulation/result/reference image,legacy_or_reference,false,true,true,
2 暑假_两个月仿真任务/Week 3-1 0719之前/.DS_Store,.DS_Store,,10244,cd96621c4794925c3fa510e95c6dd663cf58832d144a9ce668ab81918d8a9886,temporary,presentation/cache intermediate,legacy_or_reference,false,false,false,hidden temporary/cache directory
2 暑假_两个月仿真任务/Week 3-1 0719之前/7.19Week3-1.pdf,7.19Week3-1.pdf,.pdf,2687333,049d7e6c5e4db7e0bdba5e56e4149955f55211c2b1711e07b34442791294c0b7,document,historical report/reference,legacy_or_reference,false,false,false,non-selected or superseded report/reference
2 暑假_两个月仿真任务/Week 3-1 0719之前/7.19Week3-1.pptx,7.19Week3-1.pptx,.pptx,4008236,a6efafc1f8b90410eb0d93d0c6adcb241b0e7344e9e9981118e1bec2055a4b72,document,historical report/reference,legacy_or_reference,false,false,false,non-selected or superseded report/reference
2 暑假_两个月仿真任务/Week 3-1 0719之前/A_Wideband_Dual-Polarized_1-Bit_Reconfigurable_Reflect-Array_With_Independent_Control_at_X-Band.pdf,A_Wideband_Dual-Polarized_1-Bit_Reconfigurable_Reflect-Array_With_Independent_Control_at_X-Band.pdf,.pdf,801631,5f2223d31d8488d87ef9069f6047d1fe884e3004ea75316c0bfd87f589c1db3f,document,historical report/reference,legacy_or_reference,false,false,false,non-selected or superseded report/reference
2 暑假_两个月仿真任务/Week 3-1 0719之前/airplane_sar_code_2.5D/.DS_Store,.DS_Store,,8196,eba189292156e998058b2df6996dc163562da49b10a12f4801202d591941189b,temporary,presentation/cache intermediate,legacy_or_reference,false,false,false,hidden temporary/cache directory
2 暑假_两个月仿真任务/Week 3-1 0719之前/airplane_sar_code_2.5D/README_运行说明.txt,README_运行说明.txt,.txt,2895,4094040468627f31762fc024def4e85aa3908a634b5aae84ae32ffad935b53ff,source,documentation or compact configuration/result table,legacy_or_reference,false,false,true,
2 暑假_两个月仿真任务/Week 3-1 0719之前/airplane_sar_code_2.5D/SHIP.m,SHIP.m,.m,14640,8e56f29bb27ecb8e6ed7f04397a8b40645f9ec0ef28c51d2443e7d13f09ba8bf,source,MATLAB/source text,legacy_or_reference,false,false,true,
2 暑假_两个月仿真任务/Week 3-1 0719之前/airplane_sar_code_2.5D/airplane_mesh_preview.png,airplane_mesh_preview.png,.png,89481,b55a746f8fb358117df26ec77b15701e7a337a83bbf9f2390931bcd18100fd5b,result_image,rendered simulation/result/reference image,legacy_or_reference,false,true,true,
2 暑假_两个月仿真任务/Week 3-1 0719之前/airplane_sar_code_2.5D/airplane_model.stl,airplane_model.stl,.stl,310484,4df46a73fed9972060d9be1a3f9a9b89ef32d726c892208fe815089403736b32,sample_data,aircraft/CAD model source,legacy_or_reference,false,false,true,
2 暑假_两个月仿真任务/Week 3-1 0719之前/airplane_sar_code_2.5D/airplane_scatter_points.mat,airplane_scatter_points.mat,.mat,25611,963b5154954fc7e22b82d8f221a2d7615d8742314be4c0074c45af98dc299aa1,sample_data,compact MATLAB input or result snapshot,legacy_or_reference,false,false,true,
2 暑假_两个月仿真任务/Week 3-1 0719之前/airplane_sar_code_2.5D/airplane_scatter_points.txt,airplane_scatter_points.txt,.txt,66115,c3862d42518e97e8e22872182ea1d6de6851853bc616674e1808fa9b618f54e4,source,documentation or compact configuration/result table,legacy_or_reference,false,false,true,
2 暑假_两个月仿真任务/Week 3-1 0719之前/airplane_sar_code_2.5D/airplane_scatter_preview.png,airplane_scatter_preview.png,.png,64464,62d5e86293791c38b73d82b4460454ed4ed722b03eb0760bf255283e90826acb,result_image,rendered simulation/result/reference image,legacy_or_reference,false,true,true,
2 暑假_两个月仿真任务/Week 3-1 0719之前/airplane_sar_code_2.5D/results/20260717_185530_preview/metrics.csv,metrics.csv,.csv,250,c85e68518fb3998116db63d8356da291b3ac66de0b9820344ec4d9b503fcde1e,configuration,documentation or compact configuration/result table,historical_generated,false,true,true,
2 暑假_两个月仿真任务/Week 3-1 0719之前/airplane_sar_code_2.5D/results/20260717_185530_preview/sar_comparison.fig,sar_comparison.fig,.fig,12151856,fad0bc11a7d0c82b16b1e4fa263b91c5cea5d3319af4e6029b5840e5d2776de3,generated_large,MATLAB editable figure,historical_generated,false,true,false,large reproducible FIG intermediate; PNG retained when available
2 暑假_两个月仿真任务/Week 3-1 0719之前/airplane_sar_code_2.5D/results/20260717_185530_preview/sar_comparison.png,sar_comparison.png,.png,146360,e88612f2ca10b0ffb1da1f4e0e5b0736b220a878954fafffc2b7041c3b2af388,result_image,rendered simulation/result/reference image,historical_generated,false,true,true,
2 暑假_两个月仿真任务/Week 3-1 0719之前/airplane_sar_code_2.5D/results/20260717_185530_preview/sar_results.mat,sar_results.mat,.mat,25184751,78eadfdf21c0300f4a1defee49cab1538ab799fe2f72e3af41701fed77f2781f,generated_large,MATLAB raw/result matrix,historical_generated,false,true,false,large raw/result MAT excluded; compact data and PNG/CSV retained
2 暑假_两个月仿真任务/Week 3-1 0719之前/airplane_sar_code_2.5D/results/20260717_185634_balanced/metrics.csv,metrics.csv,.csv,266,5db8469909bdaa06950c9280911064a754737e9026db41e0d411f48584fb10cc,configuration,documentation or compact configuration/result table,historical_generated,false,true,true,
2 暑假_两个月仿真任务/Week 3-1 0719之前/airplane_sar_code_2.5D/results/20260717_185634_balanced/sar_comparison.fig,sar_comparison.fig,.fig,48211747,bd89832c8440ebf8dc46ffc184b7dbbf1f96343a305885facdf65ca0ad2dfb0c,generated_large,MATLAB editable figure,historical_generated,false,true,false,large reproducible FIG intermediate; PNG retained when available
2 暑假_两个月仿真任务/Week 3-1 0719之前/airplane_sar_code_2.5D/results/20260717_185634_balanced/sar_comparison.png,sar_comparison.png,.png,192359,a9b512d0cd1fb48791171cf277e1242a318fd0be3831d4886a20ebf3daf4fed2,result_image,rendered simulation/result/reference image,historical_generated,false,true,true,
2 暑假_两个月仿真任务/Week 3-1 0719之前/airplane_sar_code_2.5D/results/20260717_185634_balanced/sar_results.mat,sar_results.mat,.mat,100279812,3a30a50d1d1b2b6e2a6978a4ee76560718f3c5a110a6104a1f41ceda5579b20e,generated_large,MATLAB raw/result matrix,historical_generated,false,true,false,large raw/result MAT excluded; compact data and PNG/CSV retained
2 暑假_两个月仿真任务/Week 3-1 0719之前/airplane_sar_code_2.5D/results/20260717_191222_balanced/metrics.csv,metrics.csv,.csv,266,5db8469909bdaa06950c9280911064a754737e9026db41e0d411f48584fb10cc,configuration,documentation or compact configuration/result table,historical_generated,false,true,true,
2 暑假_两个月仿真任务/Week 3-1 0719之前/airplane_sar_code_2.5D/results/20260717_191222_balanced/sar_comparison.fig,sar_comparison.fig,.fig,48210312,d64383ec5a28588f6883a761c21719c5b593ec1a3ed7764b9f8e2a48b41c1bce,generated_large,MATLAB editable figure,historical_generated,false,true,false,large reproducible FIG intermediate; PNG retained when available
2 暑假_两个月仿真任务/Week 3-1 0719之前/airplane_sar_code_2.5D/results/20260717_191222_balanced/sar_comparison.png,sar_comparison.png,.png,153351,adf0bc6530723163b9b4479da74ff32f90bdea093e3839341415cd9cf1e338a7,result_image,rendered simulation/result/reference image,historical_generated,false,true,true,
2 暑假_两个月仿真任务/Week 3-1 0719之前/airplane_sar_code_2.5D/results/20260717_191222_balanced/sar_results.mat,sar_results.mat,.mat,100279812,8f70ada8d2a74a8eac30fd0556396dc024ca4f2e430797d65718a2de23b953a5,generated_large,MATLAB raw/result matrix,historical_generated,false,true,false,large raw/result MAT excluded; compact data and PNG/CSV retained
2 暑假_两个月仿真任务/Week 3-1 0719之前/airplane_sar_code_2.5D/results/20260717_193414_uav/metrics.csv,metrics.csv,.csv,306,86a0152f74471cc834e19e3262eacf3320a0a329b5e5022f5e027669ea50fd4c,configuration,documentation or compact configuration/result table,historical_generated,false,true,true,
2 暑假_两个月仿真任务/Week 3-1 0719之前/airplane_sar_code_2.5D/results/20260717_193414_uav/sar_comparison.fig,sar_comparison.fig,.fig,107163813,96639119245db016a17a4a99d9dca4aa65d1b6e572133cd989551ec18bc4c178,generated_large,MATLAB editable figure,historical_generated,false,true,false,large reproducible FIG intermediate; PNG retained when available
2 暑假_两个月仿真任务/Week 3-1 0719之前/airplane_sar_code_2.5D/results/20260717_193414_uav/sar_comparison.png,sar_comparison.png,.png,154213,00c89079ed728c85ca28ca24d995170914634d4bf978d8d2907a7e571301456a,result_image,rendered simulation/result/reference image,historical_generated,false,true,true,
2 暑假_两个月仿真任务/Week 3-1 0719之前/airplane_sar_code_2.5D/results/20260717_193414_uav/sar_results.mat,sar_results.mat,.mat,224941935,e944e2737abdddb431cea7ee311d46de19e01fa1f56fa99daf97d90f1d10cde5,generated_large,MATLAB raw/result matrix,historical_generated,false,true,false,large raw/result MAT excluded; compact data and PNG/CSV retained
2 暑假_两个月仿真任务/Week 3-1 0719之前/airplane_sar_code_2.5D/results/20260717_193900_uav/metrics.csv,metrics.csv,.csv,282,202a846bd8e40e0668a91b434e9f5dbeba3de100b9bbbf9434347926e266b29e,configuration,documentation or compact configuration/result table,historical_generated,false,true,true,
2 暑假_两个月仿真任务/Week 3-1 0719之前/airplane_sar_code_2.5D/results/20260717_193900_uav/sar_comparison.fig,sar_comparison.fig,.fig,36678989,b54b3201e01e4d6149e85e7f3f70a1ab245e1dd0a7990230b84d5474f4e169d2,generated_large,MATLAB editable figure,historical_generated,false,true,false,large reproducible FIG intermediate; PNG retained when available
2 暑假_两个月仿真任务/Week 3-1 0719之前/airplane_sar_code_2.5D/results/20260717_193900_uav/sar_comparison.png,sar_comparison.png,.png,150927,cb5ed8705a1563fa9580f8979eb3a982d255f6294b538cfef1215703ab7c8618,result_image,rendered simulation/result/reference image,historical_generated,false,true,true,
2 暑假_两个月仿真任务/Week 3-1 0719之前/airplane_sar_code_2.5D/results/20260717_193900_uav/sar_results.mat,sar_results.mat,.mat,76224224,d41d204db6abdf7535cb43de226ab1ff192b39a55dc3fa6ca26c700c276b521b,generated_large,MATLAB raw/result matrix,historical_generated,false,true,false,large raw/result MAT excluded; compact data and PNG/CSV retained
2 暑假_两个月仿真任务/Week 3-1 0719之前/airplane_sar_code_2.5D/results/20260717_193900_uav/sar_target_zoom.fig,sar_target_zoom.fig,.fig,24470036,7f28110924ba191721e13f7801d671feebaf131a795474421af00da6515aecf1,generated_large,MATLAB editable figure,historical_generated,false,true,false,large reproducible FIG intermediate; PNG retained when available
2 暑假_两个月仿真任务/Week 3-1 0719之前/airplane_sar_code_2.5D/results/20260717_193900_uav/sar_target_zoom.png,sar_target_zoom.png,.png,86037,745d990427307776b61237cbcdf65665cd5d66bf5d22ac40718124fe07b39c16,result_image,rendered simulation/result/reference image,historical_generated,false,true,true,
2 暑假_两个月仿真任务/Week 3-1 0719之前/airplane_sar_code_2.5D/results/20260718_094944_uav/metrics.csv,metrics.csv,.csv,279,7f374657d742f9e4c8f45bbca1382a1e8f5414eec42d44fb399fe3c62a999507,configuration,documentation or compact configuration/result table,historical_generated,false,true,true,
2 暑假_两个月仿真任务/Week 3-1 0719之前/airplane_sar_code_2.5D/results/20260718_094944_uav/sar_comparison.fig,sar_comparison.fig,.fig,36691502,34c1be5d0c257218ceeb40dce251e6b69aea649fe7333eaa3b71542d98d61c52,generated_large,MATLAB editable figure,historical_generated,false,true,false,large reproducible FIG intermediate; PNG retained when available
2 暑假_两个月仿真任务/Week 3-1 0719之前/airplane_sar_code_2.5D/results/20260718_094944_uav/sar_comparison.png,sar_comparison.png,.png,148489,84ef86f6a66ddcc103b096ed8f5b355a771b30415aa9c82ee280172cee9407c0,result_image,rendered simulation/result/reference image,historical_generated,false,true,true,
2 暑假_两个月仿真任务/Week 3-1 0719之前/airplane_sar_code_2.5D/results/20260718_094944_uav/sar_results.mat,sar_results.mat,.mat,76217074,a54d9eb2794b4b056376f277ef176045148055657d13a355a081a1947e36c3f7,generated_large,MATLAB raw/result matrix,historical_generated,false,true,false,large raw/result MAT excluded; compact data and PNG/CSV retained
2 暑假_两个月仿真任务/Week 3-1 0719之前/airplane_sar_code_2.5D/results/20260718_094944_uav/sar_target_zoom.fig,sar_target_zoom.fig,.fig,24481623,9cdbcb8a35586bbd76408cf667529fa51b5c5d5dafb3f4a42f286404e6403be7,generated_large,MATLAB editable figure,historical_generated,false,true,false,large reproducible FIG intermediate; PNG retained when available
2 暑假_两个月仿真任务/Week 3-1 0719之前/airplane_sar_code_2.5D/results/20260718_094944_uav/sar_target_zoom.png,sar_target_zoom.png,.png,93300,1644a42fa1c9faef1aed6998dfc38473d371811ef04932ae99a613989e8d310c,result_image,rendered simulation/result/reference image,historical_generated,false,true,true,
2 暑假_两个月仿真任务/Week 3-1 0719之前/airplane_sar_code_2.5D/results/20260718_100502_uav/false_target_metrics.csv,false_target_metrics.csv,.csv,431,8c61727c31df0d6aab6f34e985c10b8dca70b30accd0c5b33b92020bae9f175e,configuration,documentation or compact configuration/result table,historical_generated,false,true,true,
2 暑假_两个月仿真任务/Week 3-1 0719之前/airplane_sar_code_2.5D/results/20260718_100502_uav/metrics.csv,metrics.csv,.csv,400,84124ccf5ac702bed1793277e6a4ebe16bada97093e7d68e76a6349cc0285f21,configuration,documentation or compact configuration/result table,historical_generated,false,true,true,
2 暑假_两个月仿真任务/Week 3-1 0719之前/airplane_sar_code_2.5D/results/20260718_100502_uav/sar_comparison.fig,sar_comparison.fig,.fig,61162486,0fd4f2e743c2287ea3d76866a3c5cd590e376aef34fc0f74113368a7a492c82c,generated_large,MATLAB editable figure,historical_generated,false,true,false,large reproducible FIG intermediate; PNG retained when available
2 暑假_两个月仿真任务/Week 3-1 0719之前/airplane_sar_code_2.5D/results/20260718_100502_uav/sar_comparison.png,sar_comparison.png,.png,157263,fd81afc53a3f7a9493c8a522c0d464d982987bfd5bed014a21681f946eca1123,result_image,rendered simulation/result/reference image,historical_generated,false,true,true,
2 暑假_两个月仿真任务/Week 3-1 0719之前/airplane_sar_code_2.5D/results/20260718_100502_uav/sar_results.mat,sar_results.mat,.mat,127004470,ea7aac058275de589a80a39adbfe129554e014dd85d1fc8078cd64950beedb58,generated_large,MATLAB raw/result matrix,historical_generated,false,true,false,large raw/result MAT excluded; compact data and PNG/CSV retained
2 暑假_两个月仿真任务/Week 3-1 0719之前/airplane_sar_code_2.5D/results/20260718_100502_uav/sar_target_zoom.fig,sar_target_zoom.fig,.fig,36727180,53940941ebf2902e4ef3b086bd86161cb48484168c22f334dce6aceb7a2ae34a,generated_large,MATLAB editable figure,historical_generated,false,true,false,large reproducible FIG intermediate; PNG retained when available
2 暑假_两个月仿真任务/Week 3-1 0719之前/airplane_sar_code_2.5D/results/20260718_100502_uav/sar_target_zoom.png,sar_target_zoom.png,.png,81137,590546958e0893e61d19fa5da83bea3421f588ae16afc4c1b3ab7d982c776ca1,result_image,rendered simulation/result/reference image,historical_generated,false,true,true,
2 暑假_两个月仿真任务/Week 3-1 0719之前/airplane_sar_code_2.5D/results/20260718_101412_uav/false_target_metrics.csv,false_target_metrics.csv,.csv,431,8c61727c31df0d6aab6f34e985c10b8dca70b30accd0c5b33b92020bae9f175e,configuration,documentation or compact configuration/result table,historical_generated,false,true,true,
2 暑假_两个月仿真任务/Week 3-1 0719之前/airplane_sar_code_2.5D/results/20260718_101412_uav/metrics.csv,metrics.csv,.csv,400,84124ccf5ac702bed1793277e6a4ebe16bada97093e7d68e76a6349cc0285f21,configuration,documentation or compact configuration/result table,historical_generated,false,true,true,
2 暑假_两个月仿真任务/Week 3-1 0719之前/airplane_sar_code_2.5D/results/20260718_101412_uav/sar_comparison.fig,sar_comparison.fig,.fig,61162500,39f6d8ce787e48e71b6ea6d20d531cb0635940069369f3afb2fa70f49e7d087c,generated_large,MATLAB editable figure,historical_generated,false,true,false,large reproducible FIG intermediate; PNG retained when available
2 暑假_两个月仿真任务/Week 3-1 0719之前/airplane_sar_code_2.5D/results/20260718_101412_uav/sar_comparison.png,sar_comparison.png,.png,159501,003d5fd7570b1130f15eb15a81a16c0baff7d3481bef82553c6da49499c5a653,result_image,rendered simulation/result/reference image,historical_generated,false,true,true,
2 暑假_两个月仿真任务/Week 3-1 0719之前/airplane_sar_code_2.5D/results/20260718_101412_uav/sar_results.mat,sar_results.mat,.mat,127004470,ddba6ab360041d975cdef7ca9495e4186e848d310b3aaf7dabda4113e1b8cd23,generated_large,MATLAB raw/result matrix,historical_generated,false,true,false,large raw/result MAT excluded; compact data and PNG/CSV retained
2 暑假_两个月仿真任务/Week 3-1 0719之前/airplane_sar_code_2.5D/results/20260718_101412_uav/sar_target_zoom.fig,sar_target_zoom.fig,.fig,36727209,2dd891061fffbfce57a164782ee0deb5b85b7ab6564541e5431cb4b91ff852a0,generated_large,MATLAB editable figure,historical_generated,false,true,false,large reproducible FIG intermediate; PNG retained when available
2 暑假_两个月仿真任务/Week 3-1 0719之前/airplane_sar_code_2.5D/results/20260718_101412_uav/sar_target_zoom.png,sar_target_zoom.png,.png,80790,b0e4f58ec30794e9041e47b78e38f2620b3d63d0ac656b37937645bfc9af6ffb,result_image,rendered simulation/result/reference image,historical_generated,false,true,true,
2 暑假_两个月仿真任务/Week 3-1 0719之前/airplane_sar_code_2.5D/results/20260718_102500_uav/metrics.csv,metrics.csv,.csv,288,0cc955cc43b3f401372dba6bd9393555882d2c5af3b50fc0985aa9696c8ecbbd,configuration,documentation or compact configuration/result table,historical_generated,false,true,true,
2 暑假_两个月仿真任务/Week 3-1 0719之前/airplane_sar_code_2.5D/results/20260718_102500_uav/sar_metasurface.fig,sar_metasurface.fig,.fig,12237733,42f789ac5b9fa5d5280b8bc281e269e68399c679523d5750e84dfb2d3e3eba3b,generated_large,MATLAB editable figure,historical_generated,false,true,false,large reproducible FIG intermediate; PNG retained when available
2 暑假_两个月仿真任务/Week 3-1 0719之前/airplane_sar_code_2.5D/results/20260718_102500_uav/sar_metasurface.png,sar_metasurface.png,.png,45335,0c9ba091e75ddae6c495e7871b70ebaab094d44254f22bbc5cde0a2d6c5050ad,result_image,rendered simulation/result/reference image,historical_generated,false,true,true,
2 暑假_两个月仿真任务/Week 3-1 0719之前/airplane_sar_code_2.5D/results/20260718_102500_uav/sar_plain.fig,sar_plain.fig,.fig,12226339,04174e738d7a385b9631b38b7acb1879af58f913323d74f8bed850879213a8fb,generated_large,MATLAB editable figure,historical_generated,false,true,false,large reproducible FIG intermediate; PNG retained when available
2 暑假_两个月仿真任务/Week 3-1 0719之前/airplane_sar_code_2.5D/results/20260718_102500_uav/sar_plain.png,sar_plain.png,.png,41871,b727a184c24f3768e53ecff8248872dbd0c8e39944a51f8c2d892cdaa8a87c1d,result_image,rendered simulation/result/reference image,historical_generated,false,true,true,
2 暑假_两个月仿真任务/Week 3-1 0719之前/airplane_sar_code_2.5D/results/20260718_102500_uav/sar_results.mat,sar_results.mat,.mat,50796758,b32fdf800d23bcc7a1cd66ce05642c2782286949807deabea699976680bafb0d,generated_large,MATLAB raw/result matrix,historical_generated,false,true,false,large raw/result MAT excluded; compact data and PNG/CSV retained
2 暑假_两个月仿真任务/Week 3-1 0719之前/airplane_sar_code_2.5D/ship_trans.m,ship_trans.m,.m,8374,f7faa7db3896f4dbc0208f66a0e573ff6c66f1f15917de199fac5da769351523,source,MATLAB/source text,legacy_or_reference,false,false,true,
2 暑假_两个月仿真任务/Week 3-1 0719之前/airplane_sar_code_2D/README_运行说明.txt,README_运行说明.txt,.txt,3219,28f6711a0fc536dead92da877c28b8f224957bb8b8d1cb87c7f8455548071008,source,documentation or compact configuration/result table,legacy_or_reference,false,false,true,
2 暑假_两个月仿真任务/Week 3-1 0719之前/airplane_sar_code_2D/SHIP.m,SHIP.m,.m,14816,8869732f404764451bfbaca7eca6fbcc2aeac85d24b81fd70111ae0e20d9dccc,source,MATLAB/source text,legacy_or_reference,false,false,true,
2 暑假_两个月仿真任务/Week 3-1 0719之前/airplane_sar_code_2D/airplane_mesh_preview.png,airplane_mesh_preview.png,.png,100116,4ee27a8e94ad59d166be4db462fd13167bd25b4ce6ab94cdc0781fc03a67d043,result_image,rendered simulation/result/reference image,legacy_or_reference,false,true,true,
2 暑假_两个月仿真任务/Week 3-1 0719之前/airplane_sar_code_2D/airplane_model.stl,airplane_model.stl,.stl,310484,4df46a73fed9972060d9be1a3f9a9b89ef32d726c892208fe815089403736b32,sample_data,aircraft/CAD model source,legacy_or_reference,false,false,true,
2 暑假_两个月仿真任务/Week 3-1 0719之前/airplane_sar_code_2D/airplane_scatter_points.mat,airplane_scatter_points.mat,.mat,46580,46202c813cca5e057a416339e84f95c31eefaf52e3ce45d9b80a006239b85c36,sample_data,compact MATLAB input or result snapshot,legacy_or_reference,false,false,true,
2 暑假_两个月仿真任务/Week 3-1 0719之前/airplane_sar_code_2D/airplane_scatter_points.txt,airplane_scatter_points.txt,.txt,108682,258c461f236b4316cee17c5ca848c17c3ec162ca8222282b3e4319b1e518289b,source,documentation or compact configuration/result table,legacy_or_reference,false,false,true,
2 暑假_两个月仿真任务/Week 3-1 0719之前/airplane_sar_code_2D/airplane_scatter_preview.png,airplane_scatter_preview.png,.png,88723,4512134c403a8d42c4e964467a019784facb64e1e42c1e0e4ef4f6828f6c18f4,result_image,rendered simulation/result/reference image,legacy_or_reference,false,true,true,
2 暑假_两个月仿真任务/Week 3-1 0719之前/airplane_sar_code_2D/results/20260718_114830_uav/metrics.csv,metrics.csv,.csv,292,ec162f2502f8c170c8543b36f54c57b269f43e73a2c3e0b5159530486bbdc496,configuration,documentation or compact configuration/result table,historical_generated,false,true,true,
2 暑假_两个月仿真任务/Week 3-1 0719之前/airplane_sar_code_2D/results/20260718_114830_uav/sar_metasurface.fig,sar_metasurface.fig,.fig,12261316,4b3ab14002b350e6326eccd1854218335037bb19c605815462d6c9a3ced0bb99,generated_large,MATLAB editable figure,historical_generated,false,true,false,large reproducible FIG intermediate; PNG retained when available
2 暑假_两个月仿真任务/Week 3-1 0719之前/airplane_sar_code_2D/results/20260718_114830_uav/sar_metasurface.png,sar_metasurface.png,.png,52594,843c40fe5c489280889f21ea933fcb4ddd5219b39dc36886a04bed56804ac3ab,result_image,rendered simulation/result/reference image,historical_generated,false,true,true,
2 暑假_两个月仿真任务/Week 3-1 0719之前/airplane_sar_code_2D/results/20260718_114830_uav/sar_plain.fig,sar_plain.fig,.fig,12225512,d718226b98afe651500b3b0f4d1e466153797448327b0da0b9e3a504b2bcdb19,generated_large,MATLAB editable figure,historical_generated,false,true,false,large reproducible FIG intermediate; PNG retained when available
2 暑假_两个月仿真任务/Week 3-1 0719之前/airplane_sar_code_2D/results/20260718_114830_uav/sar_plain.png,sar_plain.png,.png,44069,8b25c684bc5db5b43bd8ae2e0229230ef85e29cb759481021e991ac9a0d327c9,result_image,rendered simulation/result/reference image,historical_generated,false,true,true,
2 暑假_两个月仿真任务/Week 3-1 0719之前/airplane_sar_code_2D/results/20260718_114830_uav/sar_results.mat,sar_results.mat,.mat,50717059,f4c260f083fda0db0562d33048d3e20685eb68fdf8159dea63db80e2ad1a1814,generated_large,MATLAB raw/result matrix,historical_generated,false,true,false,large raw/result MAT excluded; compact data and PNG/CSV retained
2 暑假_两个月仿真任务/Week 3-1 0719之前/airplane_sar_code_2D/results/20260718_182810_uav/metrics.csv,metrics.csv,.csv,286,67e5f7e72625a00895d375a04efda1faa19b8db8f725d39ee9af7aa1693f2426,configuration,documentation or compact configuration/result table,historical_generated,false,true,true,
2 暑假_两个月仿真任务/Week 3-1 0719之前/airplane_sar_code_2D/results/20260718_182810_uav/sar_metasurface.fig,sar_metasurface.fig,.fig,12269948,2123ac01c05476a9bf7a50cffbaa00ca857da24259d47b9bdf67da427498a60b,generated_large,MATLAB editable figure,historical_generated,false,true,false,large reproducible FIG intermediate; PNG retained when available
2 暑假_两个月仿真任务/Week 3-1 0719之前/airplane_sar_code_2D/results/20260718_182810_uav/sar_metasurface.png,sar_metasurface.png,.png,53754,9732c34514016382efbcd594c4bb4511f7f7757ccdb3f38db40716e73015d7b2,result_image,rendered simulation/result/reference image,historical_generated,false,true,true,
2 暑假_两个月仿真任务/Week 3-1 0719之前/airplane_sar_code_2D/results/20260718_182810_uav/sar_plain.fig,sar_plain.fig,.fig,12189097,2b160f0f4f1930ccf276488e6b2ec6104d5ccaec1ae8d3ed635280c44c5dcd21,generated_large,MATLAB editable figure,historical_generated,false,true,false,large reproducible FIG intermediate; PNG retained when available
2 暑假_两个月仿真任务/Week 3-1 0719之前/airplane_sar_code_2D/results/20260718_182810_uav/sar_plain.png,sar_plain.png,.png,43164,352668227655aac54098426e2e5ea87eaaf23e6973583d053e6ec11a30d2996d,result_image,rendered simulation/result/reference image,historical_generated,false,true,true,
2 暑假_两个月仿真任务/Week 3-1 0719之前/airplane_sar_code_2D/results/20260718_182810_uav/sar_results.mat,sar_results.mat,.mat,50573331,e12ee1f57929b891e9a211df60c162f7657833f50fa8e594b9cec205d72d693e,generated_large,MATLAB raw/result matrix,historical_generated,false,true,false,large raw/result MAT excluded; compact data and PNG/CSV retained
2 暑假_两个月仿真任务/Week 3-1 0719之前/airplane_sar_code_2D/results/20260719_145708_uav/metrics.csv,metrics.csv,.csv,289,1acfcdb3792c134dc1f7777214568d1a90e9ddc3cc7d45d745a85176b0cfaf72,configuration,documentation or compact configuration/result table,historical_generated,false,true,true,
2 暑假_两个月仿真任务/Week 3-1 0719之前/airplane_sar_code_2D/results/20260719_145708_uav/sar_metasurface.fig,sar_metasurface.fig,.fig,12265467,42de5151fdc0c1523118a8e734ce7699e007db9ccb13ba17241e0643802fe2cc,generated_large,MATLAB editable figure,historical_generated,false,true,false,large reproducible FIG intermediate; PNG retained when available
2 暑假_两个月仿真任务/Week 3-1 0719之前/airplane_sar_code_2D/results/20260719_145708_uav/sar_metasurface.png,sar_metasurface.png,.png,52575,afc44e230df85fa5e1cd9039bad451edb4efb27aa5190b1e36ae7c03a430312b,result_image,rendered simulation/result/reference image,historical_generated,false,true,true,
2 暑假_两个月仿真任务/Week 3-1 0719之前/airplane_sar_code_2D/results/20260719_145708_uav/sar_plain.fig,sar_plain.fig,.fig,12201996,f7a86ead3cd22725be24742407b279b2a467f85c0dbd0d5cab563c7e9403ea28,generated_large,MATLAB editable figure,historical_generated,false,true,false,large reproducible FIG intermediate; PNG retained when available
2 暑假_两个月仿真任务/Week 3-1 0719之前/airplane_sar_code_2D/results/20260719_145708_uav/sar_plain.png,sar_plain.png,.png,42753,500df1b59aa7d0552d1800a4bc179c7c83867998be9d44896114e536d0d4d915,result_image,rendered simulation/result/reference image,historical_generated,false,true,true,
2 暑假_两个月仿真任务/Week 3-1 0719之前/airplane_sar_code_2D/results/20260719_145708_uav/sar_results.mat,sar_results.mat,.mat,50621328,44415b5940e77368472a11871ef8069dd91849940bec39bf4737f2e17e0ec157,generated_large,MATLAB raw/result matrix,historical_generated,false,true,false,large raw/result MAT excluded; compact data and PNG/CSV retained
2 暑假_两个月仿真任务/Week 3-1 0719之前/airplane_sar_code_2D/results/20260719_162336_uav/metrics.csv,metrics.csv,.csv,286,cfcf939d0416555db3ffab01d01fc1da8fb6df1736c28f09b0cbb23669e2ff2e,configuration,documentation or compact configuration/result table,historical_generated,false,true,true,
2 暑假_两个月仿真任务/Week 3-1 0719之前/airplane_sar_code_2D/results/20260719_162336_uav/sar_metasurface.fig,sar_metasurface.fig,.fig,12264538,b4f216a7a519fbae37813615ffcff77d57b924900295fb30c3eda592713d5445,generated_large,MATLAB editable figure,historical_generated,false,true,false,large reproducible FIG intermediate; PNG retained when available
2 暑假_两个月仿真任务/Week 3-1 0719之前/airplane_sar_code_2D/results/20260719_162336_uav/sar_metasurface.png,sar_metasurface.png,.png,51069,4b25b8b769a23103dc4a3877dc30f050f75a721e7a49e2c3dcdbae8de9100869,result_image,rendered simulation/result/reference image,historical_generated,false,true,true,
2 暑假_两个月仿真任务/Week 3-1 0719之前/airplane_sar_code_2D/results/20260719_162336_uav/sar_plain.fig,sar_plain.fig,.fig,12202121,981d03e94973a8e1300689a9eae445e081877bdc744201183762d3ef12a9a6ae,generated_large,MATLAB editable figure,historical_generated,false,true,false,large reproducible FIG intermediate; PNG retained when available
2 暑假_两个月仿真任务/Week 3-1 0719之前/airplane_sar_code_2D/results/20260719_162336_uav/sar_plain.png,sar_plain.png,.png,44535,0aa22e2d53a1715a65bd1fb9ff4da047d8573d8cb827e2832544b05b26ec7a6f,result_image,rendered simulation/result/reference image,historical_generated,false,true,true,
2 暑假_两个月仿真任务/Week 3-1 0719之前/airplane_sar_code_2D/results/20260719_162336_uav/sar_results.mat,sar_results.mat,.mat,50622505,f5b075780a5d854b7f790a55ede7601fe0d253d963bc2cc0f4403a6f617579b0,generated_large,MATLAB raw/result matrix,historical_generated,false,true,false,large raw/result MAT excluded; compact data and PNG/CSV retained
2 暑假_两个月仿真任务/Week 3-1 0719之前/airplane_sar_code_2D/results/20260719_163346_uav/metrics.csv,metrics.csv,.csv,286,cfcf939d0416555db3ffab01d01fc1da8fb6df1736c28f09b0cbb23669e2ff2e,configuration,documentation or compact configuration/result table,historical_generated,false,true,true,
2 暑假_两个月仿真任务/Week 3-1 0719之前/airplane_sar_code_2D/results/20260719_163346_uav/sar_metasurface.fig,sar_metasurface.fig,.fig,12264531,dc91f1e9178038ff064999d6cc23151f67667186858b6740d60f94a128942324,generated_large,MATLAB editable figure,historical_generated,false,true,false,large reproducible FIG intermediate; PNG retained when available
2 暑假_两个月仿真任务/Week 3-1 0719之前/airplane_sar_code_2D/results/20260719_163346_uav/sar_metasurface.png,sar_metasurface.png,.png,49470,fb81c3d0b9de158f8a94a7a935c38f5d92ee9fa37e1468a6813e42a184d84dfd,result_image,rendered simulation/result/reference image,historical_generated,false,true,true,
2 暑假_两个月仿真任务/Week 3-1 0719之前/airplane_sar_code_2D/results/20260719_163346_uav/sar_plain.fig,sar_plain.fig,.fig,12202138,0503218225be496228f3611689fd1fa071d6fbdc7b6ba6e099fd03163e2bba61,generated_large,MATLAB editable figure,historical_generated,false,true,false,large reproducible FIG intermediate; PNG retained when available
2 暑假_两个月仿真任务/Week 3-1 0719之前/airplane_sar_code_2D/results/20260719_163346_uav/sar_plain.png,sar_plain.png,.png,42764,18960089e236f933e5746125581d32d9cdbb4ec55f689d9693e40a077fa32aa0,result_image,rendered simulation/result/reference image,historical_generated,false,true,true,
2 暑假_两个月仿真任务/Week 3-1 0719之前/airplane_sar_code_2D/results/20260719_163346_uav/sar_results.mat,sar_results.mat,.mat,50622505,cb1e85167ebda3e9e10ff284afed07d104f8a9545f876bc5289e9305178f600e,generated_large,MATLAB raw/result matrix,historical_generated,false,true,false,large raw/result MAT excluded; compact data and PNG/CSV retained
2 暑假_两个月仿真任务/Week 3-1 0719之前/airplane_sar_code_2D/results/20260722_225708_uav/metrics.csv,metrics.csv,.csv,286,cfcf939d0416555db3ffab01d01fc1da8fb6df1736c28f09b0cbb23669e2ff2e,configuration,documentation or compact configuration/result table,historical_generated,false,true,true,
2 暑假_两个月仿真任务/Week 3-1 0719之前/airplane_sar_code_2D/results/20260722_225708_uav/sar_metasurface.fig,sar_metasurface.fig,.fig,12264537,ee79386fba65891f1894cc57df9a4095e6ae8686cf1567c2b5a1a5f1eda6b1d5,generated_large,MATLAB editable figure,historical_generated,false,true,false,large reproducible FIG intermediate; PNG retained when available
2 暑假_两个月仿真任务/Week 3-1 0719之前/airplane_sar_code_2D/results/20260722_225708_uav/sar_metasurface.png,sar_metasurface.png,.png,49470,491dcb118cfa91b64d4a471a95883c67995d69bd4638bb1b7c2e7df6d0845cc5,result_image,rendered simulation/result/reference image,historical_generated,false,true,true,
2 暑假_两个月仿真任务/Week 3-1 0719之前/airplane_sar_code_2D/results/20260722_225708_uav/sar_plain.fig,sar_plain.fig,.fig,12202138,734e0e94ec421c6e33f1476c1032fef20394a3b10b0c52dc15d751d6ecfc47c1,generated_large,MATLAB editable figure,historical_generated,false,true,false,large reproducible FIG intermediate; PNG retained when available
2 暑假_两个月仿真任务/Week 3-1 0719之前/airplane_sar_code_2D/results/20260722_225708_uav/sar_plain.png,sar_plain.png,.png,42764,be5d7529bef28199eed389e27f6e4f262a8617b9fcd44aad96685887710901d5,result_image,rendered simulation/result/reference image,historical_generated,false,true,true,
2 暑假_两个月仿真任务/Week 3-1 0719之前/airplane_sar_code_2D/results/20260722_225708_uav/sar_results.mat,sar_results.mat,.mat,50622505,278b9bc857f40cc3927546f21a1076e8f53632036d372111197d3f8fdbf624d1,generated_large,MATLAB raw/result matrix,historical_generated,false,true,false,large raw/result MAT excluded; compact data and PNG/CSV retained
2 暑假_两个月仿真任务/Week 3-1 0719之前/airplane_sar_code_2D/ship_trans.m,ship_trans.m,.m,7249,0b2e71d31608db013dfec6c86176dcf9f21775cdb4ba4a51e90d35c1c3320133,source,MATLAB/source text,legacy_or_reference,false,false,true,
2 暑假_两个月仿真任务/Week 3-1 0719之前/build_xband_rra_cst2025_4sequence.py,build_xband_rra_cst2025_4sequence.py,.py,17633,bb10517e4c8aad43ae9d1c64077da3565beb25f1de2d32141630d4610693b493,source,MATLAB/source text,legacy_or_reference,false,false,true,
2 暑假_两个月仿真任务/Week 3-1 0719之前/build_xband_rra_cst2025_rebuild.py,build_xband_rra_cst2025_rebuild.py,.py,19645,21e706c9e1901fd2dfc2ebf8eb2ea91d44a88c70019ab6e07079fba90e1eec8f,source,MATLAB/source text,legacy_or_reference,false,false,true,
2 暑假_两个月仿真任务/Week 3-1 0719之前/论文phase180度/.DS_Store,.DS_Store,,6148,4c91dd366e88cde89ce5106a6ffb0370bd55981a8b663084ca54953431311283,temporary,presentation/cache intermediate,legacy_or_reference,false,false,false,hidden temporary/cache directory
2 暑假_两个月仿真任务/Week 3-1 0719之前/论文phase180度/6-14GHz/cst_phase_export.txt,cst_phase_export.txt,.txt,240271,bc17ed9051c2997ab5ec6ddc5277610db658f75bd4ed95e2c0e58a24146124e1,source,documentation or compact configuration/result table,legacy_or_reference,false,false,true,
2 暑假_两个月仿真任务/Week 3-1 0719之前/论文phase180度/6-14GHz/phase_1bit_four_states.fig,phase_1bit_four_states.fig,.fig,82715,61d4395d21c07198b09f7cc652f0e580c58af2a4f187c6951cdf50314f5f078f,generated_large,MATLAB editable figure,legacy_or_reference,false,true,false,large reproducible FIG intermediate; PNG retained when available
2 暑假_两个月仿真任务/Week 3-1 0719之前/论文phase180度/6-14GHz/phase_1bit_four_states.png,phase_1bit_four_states.png,.png,275640,f0cd74654ab9b12c6141761fcea7a1a7e0873e1debc9c6c0a6685c68794a4f25,result_image,rendered simulation/result/reference image,legacy_or_reference,false,true,true,
2 暑假_两个月仿真任务/Week 3-1 0719之前/论文phase180度/6-14GHz/phase_data.csv,phase_data.csv,.csv,95663,428981080a22b9eaed74e3bf5c53d6eb5fd695cda69a83d73cdbb4f6348a6c1a,configuration,documentation or compact configuration/result table,legacy_or_reference,false,false,true,
2 暑假_两个月仿真任务/Week 3-1 0719之前/论文phase180度/6-14GHz/phase_data.mat,phase_data.mat,.mat,102989,459a97783e676283c5dc00446a9cbc1e04dc2146c4c4ba2924edaa2fe0d27287,sample_data,compact MATLAB input or result snapshot,legacy_or_reference,false,false,true,
2 暑假_两个月仿真任务/Week 3-1 0719之前/论文phase180度/6-14GHz/plot_phase_1bit_6_14GHz.m,plot_phase_1bit_6_14GHz.m,.m,7030,ee292c359abee25187257f912555bbd606f37418ef4ba8b4012435747c7013d3,source,MATLAB/source text,legacy_or_reference,false,false,true,
2 暑假_两个月仿真任务/Week 3-1 0719之前/论文phase180度/6-14GHz_W2_5p5_L1_3p1/cst_all_runs_export.txt,cst_all_runs_export.txt,.txt,781253,a1c4d4e590be554b8cd4f2c5fd356606a324497774d4086890c05864f92e7f1b,source,documentation or compact configuration/result table,legacy_or_reference,false,false,true,
2 暑假_两个月仿真任务/Week 3-1 0719之前/论文phase180度/6-14GHz_W2_5p5_L1_3p1/modified_four_states_phase_6_14.fig,modified_four_states_phase_6_14.fig,.fig,83199,c1571ae05ca757a8474da4018e35696b2000ac6f173d4bf84b32f4bbf5378a5e,generated_large,MATLAB editable figure,legacy_or_reference,false,true,false,large reproducible FIG intermediate; PNG retained when available
2 暑假_两个月仿真任务/Week 3-1 0719之前/论文phase180度/6-14GHz_W2_5p5_L1_3p1/modified_four_states_phase_6_14.png,modified_four_states_phase_6_14.png,.png,281318,59946d450182a7a5aa0f9c3299b05b9ad07fed5fc180d965d604134ee4c3a88e,result_image,rendered simulation/result/reference image,legacy_or_reference,false,true,true,
2 暑假_两个月仿真任务/Week 3-1 0719之前/论文phase180度/6-14GHz_W2_5p5_L1_3p1/modified_phase_data_6_14.csv,modified_phase_data_6_14.csv,.csv,95666,5a8b077437e5c3f24b40c88a651a44c28f2df150c05e7d9ba8a2b54cf60a072b,configuration,documentation or compact configuration/result table,legacy_or_reference,false,false,true,
2 暑假_两个月仿真任务/Week 3-1 0719之前/论文phase180度/6-14GHz_W2_5p5_L1_3p1/modified_phase_data_6_14.mat,modified_phase_data_6_14.mat,.mat,133412,eebca27ac5c8d738145fdd12f936039d0bd6219319c63864a1f297229c29200b,sample_data,compact MATLAB input or result snapshot,legacy_or_reference,false,false,true,
2 暑假_两个月仿真任务/Week 3-1 0719之前/论文phase180度/6-14GHz_W2_5p5_L1_3p1/plot_new_four_states_6_14.m,plot_new_four_states_6_14.m,.m,6425,5fbe6927e3c94a70d0b7961d1acb031802f23b480f3b72b90981c44e43e4975c,source,MATLAB/source text,legacy_or_reference,false,false,true,
2 暑假_两个月仿真任务/Week 3-1 0719之前/论文phase180度/cst_phase_export.txt,cst_phase_export.txt,.txt,241181,4c9d0adfecf4fa5a303ba8ca3bdf2a87edaa5a649ae619e3a910d4c8abfa0ddd,source,documentation or compact configuration/result table,legacy_or_reference,false,false,true,
2 暑假_两个月仿真任务/Week 3-1 0719之前/论文phase180度/phase_1bit_four_states.fig,phase_1bit_four_states.fig,.fig,83771,13c1a294186ac867a1059fc64ac74cb820596918718931f9bcd67ceb9256bcd8,generated_large,MATLAB editable figure,legacy_or_reference,false,true,false,large reproducible FIG intermediate; PNG retained when available
2 暑假_两个月仿真任务/Week 3-1 0719之前/论文phase180度/phase_1bit_four_states.png,phase_1bit_four_states.png,.png,241643,88f9e2162c5ac80cbb3118e87714a31611da8e0b7dd3d1936d04cf3c0ecdf87a,result_image,rendered simulation/result/reference image,legacy_or_reference,false,true,true,
2 暑假_两个月仿真任务/Week 3-1 0719之前/论文phase180度/phase_data.csv,phase_data.csv,.csv,95845,4c271bd5414a651cafa76b973750780ebb7ad112033c4af6d1681f35d4d61e9c,configuration,documentation or compact configuration/result table,legacy_or_reference,false,false,true,
2 暑假_两个月仿真任务/Week 3-1 0719之前/论文phase180度/phase_data.mat,phase_data.mat,.mat,102429,481f8f68a05986b785f37471a364d06ac1cb69229d6cf583e6254f79b4f5794f,sample_data,compact MATLAB input or result snapshot,legacy_or_reference,false,false,true,
2 暑假_两个月仿真任务/Week 3-1 0719之前/论文phase180度/plot_phase_1bit.m,plot_phase_1bit.m,.m,7030,ee292c359abee25187257f912555bbd606f37418ef4ba8b4012435747c7013d3,source,MATLAB/source text,legacy_or_reference,false,false,true,
2 暑假_两个月仿真任务/Week 3-2 0811之前/.DS_Store,.DS_Store,,8196,79f5ceb484f9e335a6b182cfde8a50f53a301dbe6f3b5b0d45e912f715574646,temporary,presentation/cache intermediate,legacy_or_reference,false,false,false,hidden temporary/cache directory
2 暑假_两个月仿真任务/Week 3-2 0811之前/7.23Week3-2.pptx,7.23Week3-2.pptx,.pptx,1291399,40a10e5d5b8dcb778e19fc47cae58806c725b8a7c49ea77b3795d2d30d53b078,document,historical report/reference,legacy_or_reference,false,false,false,non-selected or superseded report/reference
2 暑假_两个月仿真任务/Week 3-2 0811之前/cst.zip,cst.zip,.zip,104694199,9b51285b77f276f06869c146cd39808ca421ed5b2272acefa67afd326d9c5fa4,archive_or_generated,archive/generated tutorial,legacy_or_reference,false,false,false,large archive or generated HTML excluded
2 暑假_两个月仿真任务/Week 3-2 0811之前/歼36 的/3d66.com_22713242.max,3d66.com_22713242.max,.max,9445376,0c480a4da8baaeb638ba72bbed77f58b36677c90a4a0d78f4a777eedba4420dd,sample_data,aircraft/CAD model source,legacy_or_reference,false,false,true,
2 暑假_两个月仿真任务/Week 3-2 0811之前/歼36 的/3d66Model-22713242-files-001.png,3d66Model-22713242-files-001.png,.png,9043894,117996cd66818e642a1fcedca68e9e6dd07efd8a06150df9afafaf457164be82,result_image,rendered simulation/result/reference image,legacy_or_reference,false,true,true,
2 暑假_两个月仿真任务/Week 3-2 0811之前/歼36 的/3d66Model-22713242-files-002.png,3d66Model-22713242-files-002.png,.png,56147,0a6014d722f07cc141a19e6524086ed1882fb3c28c1fbc392581c2396e9658d4,result_image,rendered simulation/result/reference image,legacy_or_reference,false,true,true,
2 暑假_两个月仿真任务/Week 3-2 0811之前/歼36 的/3d66Model-22713242-files-003.png,3d66Model-22713242-files-003.png,.png,10255,a3aef3cfbae9708f8eed56626218b68f32d3f043402c1986c4e4b0dd285b061a,result_image,rendered simulation/result/reference image,legacy_or_reference,false,true,true,
2 暑假_两个月仿真任务/Week 3-2 0811之前/歼36 的/3d66Model-22713242-files-004.png,3d66Model-22713242-files-004.png,.png,1118,60041773ef2d493f3547aa1b0fbdf5b1bb548a3da39164384293ef5292b2c5b3,result_image,rendered simulation/result/reference image,legacy_or_reference,false,true,true,
2 暑假_两个月仿真任务/Week 3-2 0811之前/歼36 的/3d66Model-22713242-files-005.png,3d66Model-22713242-files-005.png,.png,172653,9e7b538b1c1f9ce1b3ac0d9531851086c3f505ef45211e8733059d2ef5f6eeec,result_image,rendered simulation/result/reference image,legacy_or_reference,false,true,true,
2 暑假_两个月仿真任务/Week 3-2 0811之前/歼36 的/3d66Model-22713242-files-006.png,3d66Model-22713242-files-006.png,.png,3179,74777ba44b51028d9c16d885b394ed1e892c47514372a3b9a2c621863b1544d4,result_image,rendered simulation/result/reference image,legacy_or_reference,false,true,true,
2 暑假_两个月仿真任务/Week 3-2 0811之前/歼36 的/3d66Model-22713242-files-007.hdr,3d66Model-22713242-files-007.hdr,.hdr,205393,11f619d91b214213384988fd8cfb8456127135113da6afbc64ff7a93a04407a5,sample_data,aircraft/CAD model source,legacy_or_reference,false,false,true,
2 暑假_两个月仿真任务/Week 3-2 0811之前/歼36 的/MaxSenceData.txt,MaxSenceData.txt,.txt,22,5fec432ac2453fc0df097858f86f746ab5188aa25ce2eff51b8e2d272e09d22f,source,documentation or compact configuration/result table,legacy_or_reference,false,false,true,
2 暑假_两个月仿真任务/Week 3-2 0811之前/歼36.fbx,歼36.fbx,.fbx,8292320,37e1db1044816f5cb731187bc210e0904cdd92f196c2d66d5ab1c84875ca67f1,sample_data,aircraft/CAD model source,legacy_or_reference,false,false,true,
2 暑假_两个月仿真任务/Week 3-2 0811之前/歼36_sar_code_2D/.DS_Store,.DS_Store,,6148,b8b1d9b0133212bdd0f7e6498ff16a5bc92ed495410043f476296dfb74024efc,temporary,presentation/cache intermediate,legacy_or_reference,false,false,false,hidden temporary/cache directory
2 暑假_两个月仿真任务/Week 3-2 0811之前/歼36_sar_code_2D/README_运行说明.txt,README_运行说明.txt,.txt,3460,bd3ccfada82f9e5ffcffd45055a465b931b98b4fdd3ca4e713c457642d362adb,source,documentation or compact configuration/result table,legacy_or_reference,false,false,true,
2 暑假_两个月仿真任务/Week 3-2 0811之前/歼36_sar_code_2D/SHIP.m,SHIP.m,.m,17959,2fa3f985fdc687cf5e6ae6438d1d0a393ccb354d4ee1f75f1f60587e4b9514e2,source,MATLAB/source text,legacy_or_reference,false,false,true,
2 暑假_两个月仿真任务/Week 3-2 0811之前/歼36_sar_code_2D/airplane_mesh_preview.png,airplane_mesh_preview.png,.png,200708,93569d9e8ba4363eedb7027cb5770bb25e3ee7dd53334724e568a729fc788c6f,result_image,rendered simulation/result/reference image,legacy_or_reference,false,true,true,
2 暑假_两个月仿真任务/Week 3-2 0811之前/歼36_sar_code_2D/airplane_scatter_points.mat,airplane_scatter_points.mat,.mat,46790,2eb085b69fd62cadbded5b9a7092c97eab52a9b1afb9c3a1e3c1d15b3168e2b0,sample_data,compact MATLAB input or result snapshot,legacy_or_reference,false,false,true,
2 暑假_两个月仿真任务/Week 3-2 0811之前/歼36_sar_code_2D/airplane_scatter_points.txt,airplane_scatter_points.txt,.txt,106609,b9130a7b4ae5966a7605ed73a04f224ad5a424157e4269e16d1dc3378e39d77d,source,documentation or compact configuration/result table,legacy_or_reference,false,false,true,
2 暑假_两个月仿真任务/Week 3-2 0811之前/歼36_sar_code_2D/airplane_scatter_preview.png,airplane_scatter_preview.png,.png,119862,33a740534c86e123451321e9cedfc2bc44def38e049938686d36571af3832b56,result_image,rendered simulation/result/reference image,legacy_or_reference,false,true,true,
2 暑假_两个月仿真任务/Week 3-2 0811之前/歼36_sar_code_2D/j36_model.stl,j36_model.stl,.stl,15237329,f08617a33765ebd826e1d90530fcb71cf1275868f2b1fcbec687348dc133d139,sample_data,aircraft/CAD model source,legacy_or_reference,false,false,true,
2 暑假_两个月仿真任务/Week 3-2 0811之前/歼36_sar_code_2D/results/20260718_114830_uav/metrics.csv,metrics.csv,.csv,292,ec162f2502f8c170c8543b36f54c57b269f43e73a2c3e0b5159530486bbdc496,configuration,documentation or compact configuration/result table,historical_generated,false,true,true,
2 暑假_两个月仿真任务/Week 3-2 0811之前/歼36_sar_code_2D/results/20260718_114830_uav/sar_metasurface.fig,sar_metasurface.fig,.fig,12261316,4b3ab14002b350e6326eccd1854218335037bb19c605815462d6c9a3ced0bb99,generated_large,MATLAB editable figure,historical_generated,false,true,false,large reproducible FIG intermediate; PNG retained when available
2 暑假_两个月仿真任务/Week 3-2 0811之前/歼36_sar_code_2D/results/20260718_114830_uav/sar_metasurface.png,sar_metasurface.png,.png,52594,843c40fe5c489280889f21ea933fcb4ddd5219b39dc36886a04bed56804ac3ab,result_image,rendered simulation/result/reference image,historical_generated,false,true,true,
2 暑假_两个月仿真任务/Week 3-2 0811之前/歼36_sar_code_2D/results/20260718_114830_uav/sar_plain.fig,sar_plain.fig,.fig,12225512,d718226b98afe651500b3b0f4d1e466153797448327b0da0b9e3a504b2bcdb19,generated_large,MATLAB editable figure,historical_generated,false,true,false,large reproducible FIG intermediate; PNG retained when available
2 暑假_两个月仿真任务/Week 3-2 0811之前/歼36_sar_code_2D/results/20260718_114830_uav/sar_plain.png,sar_plain.png,.png,44069,8b25c684bc5db5b43bd8ae2e0229230ef85e29cb759481021e991ac9a0d327c9,result_image,rendered simulation/result/reference image,historical_generated,false,true,true,
2 暑假_两个月仿真任务/Week 3-2 0811之前/歼36_sar_code_2D/results/20260718_114830_uav/sar_results.mat,sar_results.mat,.mat,50717059,f4c260f083fda0db0562d33048d3e20685eb68fdf8159dea63db80e2ad1a1814,generated_large,MATLAB raw/result matrix,historical_generated,false,true,false,large raw/result MAT excluded; compact data and PNG/CSV retained
2 暑假_两个月仿真任务/Week 3-2 0811之前/歼36_sar_code_2D/results/20260718_182810_uav/metrics.csv,metrics.csv,.csv,286,67e5f7e72625a00895d375a04efda1faa19b8db8f725d39ee9af7aa1693f2426,configuration,documentation or compact configuration/result table,historical_generated,false,true,true,
2 暑假_两个月仿真任务/Week 3-2 0811之前/歼36_sar_code_2D/results/20260718_182810_uav/sar_metasurface.fig,sar_metasurface.fig,.fig,12269948,2123ac01c05476a9bf7a50cffbaa00ca857da24259d47b9bdf67da427498a60b,generated_large,MATLAB editable figure,historical_generated,false,true,false,large reproducible FIG intermediate; PNG retained when available
2 暑假_两个月仿真任务/Week 3-2 0811之前/歼36_sar_code_2D/results/20260718_182810_uav/sar_metasurface.png,sar_metasurface.png,.png,53754,9732c34514016382efbcd594c4bb4511f7f7757ccdb3f38db40716e73015d7b2,result_image,rendered simulation/result/reference image,historical_generated,false,true,true,
2 暑假_两个月仿真任务/Week 3-2 0811之前/歼36_sar_code_2D/results/20260718_182810_uav/sar_plain.fig,sar_plain.fig,.fig,12189097,2b160f0f4f1930ccf276488e6b2ec6104d5ccaec1ae8d3ed635280c44c5dcd21,generated_large,MATLAB editable figure,historical_generated,false,true,false,large reproducible FIG intermediate; PNG retained when available
2 暑假_两个月仿真任务/Week 3-2 0811之前/歼36_sar_code_2D/results/20260718_182810_uav/sar_plain.png,sar_plain.png,.png,43164,352668227655aac54098426e2e5ea87eaaf23e6973583d053e6ec11a30d2996d,result_image,rendered simulation/result/reference image,historical_generated,false,true,true,
2 暑假_两个月仿真任务/Week 3-2 0811之前/歼36_sar_code_2D/results/20260718_182810_uav/sar_results.mat,sar_results.mat,.mat,50573331,e12ee1f57929b891e9a211df60c162f7657833f50fa8e594b9cec205d72d693e,generated_large,MATLAB raw/result matrix,historical_generated,false,true,false,large raw/result MAT excluded; compact data and PNG/CSV retained
2 暑假_两个月仿真任务/Week 3-2 0811之前/歼36_sar_code_2D/results/20260719_145708_uav/metrics.csv,metrics.csv,.csv,289,1acfcdb3792c134dc1f7777214568d1a90e9ddc3cc7d45d745a85176b0cfaf72,configuration,documentation or compact configuration/result table,historical_generated,false,true,true,
2 暑假_两个月仿真任务/Week 3-2 0811之前/歼36_sar_code_2D/results/20260719_145708_uav/sar_metasurface.fig,sar_metasurface.fig,.fig,12265467,42de5151fdc0c1523118a8e734ce7699e007db9ccb13ba17241e0643802fe2cc,generated_large,MATLAB editable figure,historical_generated,false,true,false,large reproducible FIG intermediate; PNG retained when available
2 暑假_两个月仿真任务/Week 3-2 0811之前/歼36_sar_code_2D/results/20260719_145708_uav/sar_metasurface.png,sar_metasurface.png,.png,52575,afc44e230df85fa5e1cd9039bad451edb4efb27aa5190b1e36ae7c03a430312b,result_image,rendered simulation/result/reference image,historical_generated,false,true,true,
2 暑假_两个月仿真任务/Week 3-2 0811之前/歼36_sar_code_2D/results/20260719_145708_uav/sar_plain.fig,sar_plain.fig,.fig,12201996,f7a86ead3cd22725be24742407b279b2a467f85c0dbd0d5cab563c7e9403ea28,generated_large,MATLAB editable figure,historical_generated,false,true,false,large reproducible FIG intermediate; PNG retained when available
2 暑假_两个月仿真任务/Week 3-2 0811之前/歼36_sar_code_2D/results/20260719_145708_uav/sar_plain.png,sar_plain.png,.png,42753,500df1b59aa7d0552d1800a4bc179c7c83867998be9d44896114e536d0d4d915,result_image,rendered simulation/result/reference image,historical_generated,false,true,true,
2 暑假_两个月仿真任务/Week 3-2 0811之前/歼36_sar_code_2D/results/20260719_145708_uav/sar_results.mat,sar_results.mat,.mat,50621328,44415b5940e77368472a11871ef8069dd91849940bec39bf4737f2e17e0ec157,generated_large,MATLAB raw/result matrix,historical_generated,false,true,false,large raw/result MAT excluded; compact data and PNG/CSV retained
2 暑假_两个月仿真任务/Week 3-2 0811之前/歼36_sar_code_2D/results/20260719_162336_uav/metrics.csv,metrics.csv,.csv,286,cfcf939d0416555db3ffab01d01fc1da8fb6df1736c28f09b0cbb23669e2ff2e,configuration,documentation or compact configuration/result table,historical_generated,false,true,true,
2 暑假_两个月仿真任务/Week 3-2 0811之前/歼36_sar_code_2D/results/20260719_162336_uav/sar_metasurface.fig,sar_metasurface.fig,.fig,12264538,b4f216a7a519fbae37813615ffcff77d57b924900295fb30c3eda592713d5445,generated_large,MATLAB editable figure,historical_generated,false,true,false,large reproducible FIG intermediate; PNG retained when available
2 暑假_两个月仿真任务/Week 3-2 0811之前/歼36_sar_code_2D/results/20260719_162336_uav/sar_metasurface.png,sar_metasurface.png,.png,51069,4b25b8b769a23103dc4a3877dc30f050f75a721e7a49e2c3dcdbae8de9100869,result_image,rendered simulation/result/reference image,historical_generated,false,true,true,
2 暑假_两个月仿真任务/Week 3-2 0811之前/歼36_sar_code_2D/results/20260719_162336_uav/sar_plain.fig,sar_plain.fig,.fig,12202121,981d03e94973a8e1300689a9eae445e081877bdc744201183762d3ef12a9a6ae,generated_large,MATLAB editable figure,historical_generated,false,true,false,large reproducible FIG intermediate; PNG retained when available
2 暑假_两个月仿真任务/Week 3-2 0811之前/歼36_sar_code_2D/results/20260719_162336_uav/sar_plain.png,sar_plain.png,.png,44535,0aa22e2d53a1715a65bd1fb9ff4da047d8573d8cb827e2832544b05b26ec7a6f,result_image,rendered simulation/result/reference image,historical_generated,false,true,true,
2 暑假_两个月仿真任务/Week 3-2 0811之前/歼36_sar_code_2D/results/20260719_162336_uav/sar_results.mat,sar_results.mat,.mat,50622505,f5b075780a5d854b7f790a55ede7601fe0d253d963bc2cc0f4403a6f617579b0,generated_large,MATLAB raw/result matrix,historical_generated,false,true,false,large raw/result MAT excluded; compact data and PNG/CSV retained
2 暑假_两个月仿真任务/Week 3-2 0811之前/歼36_sar_code_2D/results/20260719_163346_uav/metrics.csv,metrics.csv,.csv,286,cfcf939d0416555db3ffab01d01fc1da8fb6df1736c28f09b0cbb23669e2ff2e,configuration,documentation or compact configuration/result table,historical_generated,false,true,true,
2 暑假_两个月仿真任务/Week 3-2 0811之前/歼36_sar_code_2D/results/20260719_163346_uav/sar_metasurface.fig,sar_metasurface.fig,.fig,12264531,dc91f1e9178038ff064999d6cc23151f67667186858b6740d60f94a128942324,generated_large,MATLAB editable figure,historical_generated,false,true,false,large reproducible FIG intermediate; PNG retained when available
2 暑假_两个月仿真任务/Week 3-2 0811之前/歼36_sar_code_2D/results/20260719_163346_uav/sar_metasurface.png,sar_metasurface.png,.png,49470,fb81c3d0b9de158f8a94a7a935c38f5d92ee9fa37e1468a6813e42a184d84dfd,result_image,rendered simulation/result/reference image,historical_generated,false,true,true,
2 暑假_两个月仿真任务/Week 3-2 0811之前/歼36_sar_code_2D/results/20260719_163346_uav/sar_plain.fig,sar_plain.fig,.fig,12202138,0503218225be496228f3611689fd1fa071d6fbdc7b6ba6e099fd03163e2bba61,generated_large,MATLAB editable figure,historical_generated,false,true,false,large reproducible FIG intermediate; PNG retained when available
2 暑假_两个月仿真任务/Week 3-2 0811之前/歼36_sar_code_2D/results/20260719_163346_uav/sar_plain.png,sar_plain.png,.png,42764,18960089e236f933e5746125581d32d9cdbb4ec55f689d9693e40a077fa32aa0,result_image,rendered simulation/result/reference image,historical_generated,false,true,true,
2 暑假_两个月仿真任务/Week 3-2 0811之前/歼36_sar_code_2D/results/20260719_163346_uav/sar_results.mat,sar_results.mat,.mat,50622505,cb1e85167ebda3e9e10ff284afed07d104f8a9545f876bc5289e9305178f600e,generated_large,MATLAB raw/result matrix,historical_generated,false,true,false,large raw/result MAT excluded; compact data and PNG/CSV retained
2 暑假_两个月仿真任务/Week 3-2 0811之前/歼36_sar_code_2D/results/20260722_164245_uav/metrics.csv,metrics.csv,.csv,422,f2bbad3991b48abc8125d675f6b406bf9a93fe1e5588a422465f9863e245f1a9,configuration,documentation or compact configuration/result table,historical_generated,false,true,true,
2 暑假_两个月仿真任务/Week 3-2 0811之前/歼36_sar_code_2D/results/20260722_164245_uav/sar_metasurface.fig,sar_metasurface.fig,.fig,12294825,5f21ec7028d0f905044fcde46b52c1e26d6d238c44b0df69a8a8b6103469461c,generated_large,MATLAB editable figure,historical_generated,false,true,false,large reproducible FIG intermediate; PNG retained when available
2 暑假_两个月仿真任务/Week 3-2 0811之前/歼36_sar_code_2D/results/20260722_164245_uav/sar_metasurface.png,sar_metasurface.png,.png,61597,732f33a33ad736600132d1b9ed98a79a8b11b57d27bf0c677c3fdc559d65dcb4,result_image,rendered simulation/result/reference image,historical_generated,false,true,true,
2 暑假_两个月仿真任务/Week 3-2 0811之前/歼36_sar_code_2D/results/20260722_164245_uav/sar_metasurface_30_70.fig,sar_metasurface_30_70.fig,.fig,12298584,4c889f6ce3a18f17a7d063b7cdedd10b8991ec7c894fa0358d26a2ff74e158a5,generated_large,MATLAB editable figure,historical_generated,false,true,false,large reproducible FIG intermediate; PNG retained when available
2 暑假_两个月仿真任务/Week 3-2 0811之前/歼36_sar_code_2D/results/20260722_164245_uav/sar_metasurface_30_70.png,sar_metasurface_30_70.png,.png,68453,73e8b6e44745da611edaba482b99e11ab4e737741d4ce31559b0ab5ca49c0983,result_image,rendered simulation/result/reference image,historical_generated,false,true,true,
2 暑假_两个月仿真任务/Week 3-2 0811之前/歼36_sar_code_2D/results/20260722_164245_uav/sar_plain.fig,sar_plain.fig,.fig,12223972,9bfc9852cc55240860d75e502a113268cca32612905107d70145beb8711de255,generated_large,MATLAB editable figure,historical_generated,false,true,false,large reproducible FIG intermediate; PNG retained when available
2 暑假_两个月仿真任务/Week 3-2 0811之前/歼36_sar_code_2D/results/20260722_164245_uav/sar_plain.png,sar_plain.png,.png,48151,d686335b82f18099a161c23de60b63703c456b0d0ea2a190d478ca4861ed0428,result_image,rendered simulation/result/reference image,historical_generated,false,true,true,
2 暑假_两个月仿真任务/Week 3-2 0811之前/歼36_sar_code_2D/results/20260722_164245_uav/sar_results.mat,sar_results.mat,.mat,75857310,714a4566833a471269b7d439f50eb5d8fa45e26906b9bb6de62d90a44aa922a6,generated_large,MATLAB raw/result matrix,historical_generated,false,true,false,large raw/result MAT excluded; compact data and PNG/CSV retained
2 暑假_两个月仿真任务/Week 3-2 0811之前/歼36_sar_code_2D/results/20260722_230138_uav/metrics.csv,metrics.csv,.csv,422,f2bbad3991b48abc8125d675f6b406bf9a93fe1e5588a422465f9863e245f1a9,configuration,documentation or compact configuration/result table,historical_generated,false,true,true,
2 暑假_两个月仿真任务/Week 3-2 0811之前/歼36_sar_code_2D/results/20260722_230138_uav/sar_metasurface.fig,sar_metasurface.fig,.fig,12294834,7cb5183f37d0e26dc314f457a8159d2ab5e2eb23494eb7342fe1875582438248,generated_large,MATLAB editable figure,historical_generated,false,true,false,large reproducible FIG intermediate; PNG retained when available
2 暑假_两个月仿真任务/Week 3-2 0811之前/歼36_sar_code_2D/results/20260722_230138_uav/sar_metasurface.png,sar_metasurface.png,.png,60497,975b048082c05a3b3f3e11e7f1de774857c9ef875b2eefd57f01b15424f126a0,result_image,rendered simulation/result/reference image,historical_generated,false,true,true,
2 暑假_两个月仿真任务/Week 3-2 0811之前/歼36_sar_code_2D/results/20260722_230138_uav/sar_metasurface_30_70.fig,sar_metasurface_30_70.fig,.fig,12298426,4eba368021fd339cb0ac3eaf1281bbc8ee1365deeaa45b98c781918b8c646dab,generated_large,MATLAB editable figure,historical_generated,false,true,false,large reproducible FIG intermediate; PNG retained when available
2 暑假_两个月仿真任务/Week 3-2 0811之前/歼36_sar_code_2D/results/20260722_230138_uav/sar_metasurface_30_70.png,sar_metasurface_30_70.png,.png,67768,9848f6128655f1db91d6e2bc75078e47bc606993b4476cea5ae578937fc506f4,result_image,rendered simulation/result/reference image,historical_generated,false,true,true,
2 暑假_两个月仿真任务/Week 3-2 0811之前/歼36_sar_code_2D/results/20260722_230138_uav/sar_plain.fig,sar_plain.fig,.fig,12224035,7229de2caad96e465f60f8d824b7c112eea8149fa32fe2401ecb301d8f23c772,generated_large,MATLAB editable figure,historical_generated,false,true,false,large reproducible FIG intermediate; PNG retained when available
2 暑假_两个月仿真任务/Week 3-2 0811之前/歼36_sar_code_2D/results/20260722_230138_uav/sar_plain.png,sar_plain.png,.png,46528,15aeccf990e60da29bf7fe8f522976c0af6c59223a9615ff1597538199521974,result_image,rendered simulation/result/reference image,historical_generated,false,true,true,
2 暑假_两个月仿真任务/Week 3-2 0811之前/歼36_sar_code_2D/results/20260722_230138_uav/sar_results.mat,sar_results.mat,.mat,75857310,616e75ae7a5ce9d088616f7161617dc792ab1a1d28fe2768489ed670030d6b37,generated_large,MATLAB raw/result matrix,historical_generated,false,true,false,large raw/result MAT excluded; compact data and PNG/CSV retained
2 暑假_两个月仿真任务/Week 3-2 0811之前/歼36_sar_code_2D/results/20260723_162131_uav/metrics.csv,metrics.csv,.csv,422,f2bbad3991b48abc8125d675f6b406bf9a93fe1e5588a422465f9863e245f1a9,configuration,documentation or compact configuration/result table,historical_generated,false,true,true,
2 暑假_两个月仿真任务/Week 3-2 0811之前/歼36_sar_code_2D/results/20260723_162131_uav/sar_metasurface.fig,sar_metasurface.fig,.fig,12294834,0bbabb288dbf255285780fc6cacec6f8077cab0a7a114957fb25e6db7a9b73fe,generated_large,MATLAB editable figure,historical_generated,false,true,false,large reproducible FIG intermediate; PNG retained when available
2 暑假_两个月仿真任务/Week 3-2 0811之前/歼36_sar_code_2D/results/20260723_162131_uav/sar_metasurface.png,sar_metasurface.png,.png,60497,34a7cd3b23c69d69afca57d4cff90f6aca7a21077df5e9dbc3a7c5c2d75a310e,result_image,rendered simulation/result/reference image,historical_generated,false,true,true,
2 暑假_两个月仿真任务/Week 3-2 0811之前/歼36_sar_code_2D/results/20260723_162131_uav/sar_metasurface_30_70.fig,sar_metasurface_30_70.fig,.fig,12298442,5a80c73d769a5f05882d8da0863088d1583c8b7e0f8f6e579743124dcdc44f39,generated_large,MATLAB editable figure,historical_generated,false,true,false,large reproducible FIG intermediate; PNG retained when available
2 暑假_两个月仿真任务/Week 3-2 0811之前/歼36_sar_code_2D/results/20260723_162131_uav/sar_metasurface_30_70.png,sar_metasurface_30_70.png,.png,67768,11d8152369967656d6ffad622a8837999b5202480e4b7494992cb898b965e3ec,result_image,rendered simulation/result/reference image,historical_generated,false,true,true,
2 暑假_两个月仿真任务/Week 3-2 0811之前/歼36_sar_code_2D/results/20260723_162131_uav/sar_plain.fig,sar_plain.fig,.fig,12224036,836e2ba00c395904447d262069f111196508171ac74cdd306a9a685cf3f2fe42,generated_large,MATLAB editable figure,historical_generated,false,true,false,large reproducible FIG intermediate; PNG retained when available
2 暑假_两个月仿真任务/Week 3-2 0811之前/歼36_sar_code_2D/results/20260723_162131_uav/sar_plain.png,sar_plain.png,.png,46528,307015336e2a06bba4d56fb6cefee4eeb03548bdfdff52055ac15217a3c4543b,result_image,rendered simulation/result/reference image,historical_generated,false,true,true,
2 暑假_两个月仿真任务/Week 3-2 0811之前/歼36_sar_code_2D/results/20260723_162131_uav/sar_results.mat,sar_results.mat,.mat,75857310,a815960d96182775e738c26a3c937f26cd295301cc6bed3fe0955f2e763561af,generated_large,MATLAB raw/result matrix,historical_generated,false,true,false,large raw/result MAT excluded; compact data and PNG/CSV retained
2 暑假_两个月仿真任务/Week 3-2 0811之前/歼36_sar_code_2D/ship_trans.m,ship_trans.m,.m,7509,60e9270c8517bac9dba4a67441550b1cc17a1ada9212d1bc91bdc9046768e248,source,MATLAB/source text,legacy_or_reference,false,false,true,
2 暑假_两个月仿真任务/Week 4 0813之前/.DS_Store,.DS_Store,,6148,ab5692c03174c8333c5f5e9ec230edf93982f5f623d2d2f24ad23d62d3375134,temporary,presentation/cache intermediate,active_baseline,false,false,false,hidden temporary/cache directory
2 暑假_两个月仿真任务/Week 4 0813之前/0812.pptx,0812.pptx,.pptx,2609750,3fddadb341712a6efa59872dae637c137da9c859aec0b687e9c5fc9401387187,document,historical report/reference,active_baseline,false,false,false,non-selected or superseded report/reference
2 暑假_两个月仿真任务/Week 4 0813之前/歼36_4x4机群_sar_code_2D/.DS_Store,.DS_Store,,8196,edabec3a989516da72279637037196803af737973514921f8f8d04b65f6cc2ea,temporary,presentation/cache intermediate,active_baseline,false,false,false,hidden temporary/cache directory
2 暑假_两个月仿真任务/Week 4 0813之前/歼36_4x4机群_sar_code_2D/Deep_Research_2bit空时分区相干抵消.md,Deep_Research_2bit空时分区相干抵消.md,.md,14773,f58bd1059913b64cb8e096ced118e80be2037dad488a05be88249a507bdcfe58,source,documentation or compact configuration/result table,active_baseline,false,false,true,
2 暑假_两个月仿真任务/Week 4 0813之前/歼36_4x4机群_sar_code_2D/Deep_Research_4x4转2x2_高阶谐波副像抑制.md,Deep_Research_4x4转2x2_高阶谐波副像抑制.md,.md,12908,b88badd4c34cd63e8dd748c5104595bec042da97854771ba3450d958a620177a,source,documentation or compact configuration/result table,active_baseline,false,false,true,
2 暑假_两个月仿真任务/Week 4 0813之前/歼36_4x4机群_sar_code_2D/Deep_Research_交接文档_单边带谐波抑制.md,Deep_Research_交接文档_单边带谐波抑制.md,.md,24819,d1996f138c6b1c27f371a3e0917b80e38bc80f432f8eb584f78d05336d381665,source,documentation or compact configuration/result table,active_baseline,false,false,true,
2 暑假_两个月仿真任务/Week 4 0813之前/歼36_4x4机群_sar_code_2D/README_4x4.txt,README_4x4.txt,.txt,2455,f86c16e4c305ebd06efd13d5e3f63e12fd905b5aa3a05ca9e09db40456f72cce,source,documentation or compact configuration/result table,active_baseline,false,false,true,
2 暑假_两个月仿真任务/Week 4 0813之前/歼36_4x4机群_sar_code_2D/SHIP_4x4.m,SHIP_4x4.m,.m,22867,68113b4d2fbfd1fb040219205f077c7640462122b1ee13dc9d215bc03dbdfa59,source,MATLAB/source text,active_baseline,true,false,true,
2 暑假_两个月仿真任务/Week 4 0813之前/歼36_4x4机群_sar_code_2D/SHIP_4x4_2bit_30_70.m,SHIP_4x4_2bit_30_70.m,.m,721,6e078f97e53456c2bc69044f22c6aa8bfe568eca88188a7e061112ffbbded8b8,source,MATLAB/source text,active_baseline,false,false,true,
2 暑假_两个月仿真任务/Week 4 0813之前/歼36_4x4机群_sar_code_2D/SHIP_4x4_2bit_30_70_wide100.m,SHIP_4x4_2bit_30_70_wide100.m,.m,836,a15c4adba73d77c10c9ac9223647de5f60d1561983cf19f9539e6fee1e329a7c,source,MATLAB/source text,active_baseline,false,false,true,
2 暑假_两个月仿真任务/Week 4 0813之前/歼36_4x4机群_sar_code_2D/SHIP_4x4_2bit_balanced_wide100.m,SHIP_4x4_2bit_balanced_wide100.m,.m,813,2d5081ba81ff011a40a57d1eff4d2ed585d2766024e2e68ffe31cbf4be899dbd,source,MATLAB/source text,active_baseline,false,false,true,
2 暑假_两个月仿真任务/Week 4 0813之前/歼36_4x4机群_sar_code_2D/SHIP_4x4_balanced.m,SHIP_4x4_balanced.m,.m,21856,42c37ea292e1d236f7085b603060694cb7ad37c0173c106a5ee18fd4a27e63da,source,MATLAB/source text,active_baseline,false,false,true,
2 暑假_两个月仿真任务/Week 4 0813之前/歼36_4x4机群_sar_code_2D/SHIP_4x4_ssb_2bit.m,SHIP_4x4_ssb_2bit.m,.m,37098,ef182fce517d99d7b0dbc7185375d956f0246b8654948186ec9aef6f833028de,source,MATLAB/source text,active_baseline,true,false,true,
2 暑假_两个月仿真任务/Week 4 0813之前/歼36_4x4机群_sar_code_2D/airplane_scatter_points.mat,airplane_scatter_points.mat,.mat,46790,2eb085b69fd62cadbded5b9a7092c97eab52a9b1afb9c3a1e3c1d15b3168e2b0,sample_data,compact MATLAB input or result snapshot,active_baseline,false,false,true,
2 暑假_两个月仿真任务/Week 4 0813之前/歼36_4x4机群_sar_code_2D/airplane_scatter_points.txt,airplane_scatter_points.txt,.txt,106609,b9130a7b4ae5966a7605ed73a04f224ad5a424157e4269e16d1dc3378e39d77d,source,documentation or compact configuration/result table,active_baseline,false,false,true,
2 暑假_两个月仿真任务/Week 4 0813之前/歼36_4x4机群_sar_code_2D/annotate_2bit_harmonic_ghosts.m,annotate_2bit_harmonic_ghosts.m,.m,12467,a0e2523709aca58bba94b7909d653eba2e4bb21e0042f6fbeb0b48cdaf1443bf,source,MATLAB/source text,active_baseline,false,false,true,
2 暑假_两个月仿真任务/Week 4 0813之前/歼36_4x4机群_sar_code_2D/j36_model.stl,j36_model.stl,.stl,15237329,f08617a33765ebd826e1d90530fcb71cf1275868f2b1fcbec687348dc133d139,sample_data,aircraft/CAD model source,active_baseline,false,false,true,
2 暑假_两个月仿真任务/Week 4 0813之前/歼36_4x4机群_sar_code_2D/one_bit_harmonic_amplitudes.csv,one_bit_harmonic_amplitudes.csv,.csv,923,a732157aae4a2043078706c935297905e3db4b749b2dde76d43ba53f1e610c29,configuration,documentation or compact configuration/result table,active_baseline,false,false,true,
2 暑假_两个月仿真任务/Week 4 0813之前/歼36_4x4机群_sar_code_2D/one_bit_harmonic_amplitudes.fig,one_bit_harmonic_amplitudes.fig,.fig,20419,1cd71b1ab8929a8d9ee84b1f93543db8497e202a7e3721540a800fb90099d8bc,generated_large,MATLAB editable figure,active_baseline,false,true,false,large reproducible FIG intermediate; PNG retained when available
2 暑假_两个月仿真任务/Week 4 0813之前/歼36_4x4机群_sar_code_2D/plot_2bit_30_70_wide100_fast.m,plot_2bit_30_70_wide100_fast.m,.m,5958,21f2501d822a4082922d4d6c2ddac2e014ca2e364d6f9c97b65004630ebc7dce,source,MATLAB/source text,active_baseline,false,false,true,
2 暑假_两个月仿真任务/Week 4 0813之前/歼36_4x4机群_sar_code_2D/plot_2bit_harmonic_colored_scatter.m,plot_2bit_harmonic_colored_scatter.m,.m,11964,95c6f6fdffa42c87fec1d74b64181cb764b8e388563473fbbfc83427156390a2,source,MATLAB/source text,active_baseline,false,false,true,
2 暑假_两个月仿真任务/Week 4 0813之前/歼36_4x4机群_sar_code_2D/plot_harmonic_amplitudes.m,plot_harmonic_amplitudes.m,.m,3202,ba9756034d123323837d22d9c5fd145d02233808ca01bf5b0890f1af7374c57a,source,MATLAB/source text,active_baseline,false,false,true,
2 暑假_两个月仿真任务/Week 4 0813之前/歼36_4x4机群_sar_code_2D/reexport_4x4_threshold_figures.m,reexport_4x4_threshold_figures.m,.m,2816,559461d71b9505020274504638d9e43462b70d5c7ee716f07c0d813be52519ca,source,MATLAB/source text,active_baseline,false,false,true,
2 暑假_两个月仿真任务/Week 4 0813之前/歼36_4x4机群_sar_code_2D/results_4x4/20260812_082416_uav/array_layout_4x4.fig,array_layout_4x4.fig,.fig,13644,434b6fed6d7635b2b4f101a91495007d48b275ad215d4e7f082187b75cc8b06e,generated_large,MATLAB editable figure,active_baseline,false,true,false,large reproducible FIG intermediate; PNG retained when available
2 暑假_两个月仿真任务/Week 4 0813之前/歼36_4x4机群_sar_code_2D/results_4x4/20260812_082416_uav/array_layout_4x4.png,array_layout_4x4.png,.png,46630,c55433e6c65a58b853ba3704fa82e08d000f94663108e15792b2bbefd55be700,result_image,rendered simulation/result/reference image,active_baseline,false,true,true,
2 暑假_两个月仿真任务/Week 4 0813之前/歼36_4x4机群_sar_code_2D/results_4x4/20260812_082416_uav/expected_positions_4x4.csv,expected_positions_4x4.csv,.csv,619,a2c0c39fbed83dc95733bff72ccec184444252438fe4db185302183699878b00,configuration,documentation or compact configuration/result table,active_baseline,false,true,true,
2 暑假_两个月仿真任务/Week 4 0813之前/歼36_4x4机群_sar_code_2D/results_4x4/20260812_082416_uav/sar_4x4_deception_1bit.fig,sar_4x4_deception_1bit.fig,.fig,24512929,e3ca04abcb80bfa3b639180b8974393de68e23f3cd624b377f60d5345ef59870,generated_large,MATLAB editable figure,active_baseline,false,true,false,large reproducible FIG intermediate; PNG retained when available
2 暑假_两个月仿真任务/Week 4 0813之前/歼36_4x4机群_sar_code_2D/results_4x4/20260812_082416_uav/sar_4x4_deception_1bit.png,sar_4x4_deception_1bit.png,.png,201468,87f10fc6d152358e4e7b421d73091f2c3f3c670af1a2fc6b02b6e47a99a33d9f,result_image,rendered simulation/result/reference image,active_baseline,false,true,true,
2 暑假_两个月仿真任务/Week 4 0813之前/歼36_4x4机群_sar_code_2D/results_4x4/20260812_082416_uav/sar_four_real_corners.fig,sar_four_real_corners.fig,.fig,24295193,6d0322f025753fb5dd26927d159b28493dcd295a5d196ddb6d14531d2573e615,generated_large,MATLAB editable figure,active_baseline,false,true,false,large reproducible FIG intermediate; PNG retained when available
2 暑假_两个月仿真任务/Week 4 0813之前/歼36_4x4机群_sar_code_2D/results_4x4/20260812_082416_uav/sar_four_real_corners.png,sar_four_real_corners.png,.png,83489,e77bb437989a0e17aa9848ef5a33ddca619d1ae995d5197c3f4fa9942edc760b,result_image,rendered simulation/result/reference image,active_baseline,false,true,true,
2 暑假_两个月仿真任务/Week 4 0813之前/歼36_4x4机群_sar_code_2D/results_4x4/20260812_082416_uav/sar_results_4x4.mat,sar_results_4x4.mat,.mat,101076293,589e10932917e2c1d5a291971904417d6e64e11da1c4424ef1e147546b1eb2cb,generated_large,MATLAB raw/result matrix,active_baseline,false,true,false,large raw/result MAT excluded; compact data and PNG/CSV retained
2 暑假_两个月仿真任务/Week 4 0813之前/歼36_4x4机群_sar_code_2D/results_4x4/20260812_083001_uav/array_layout_4x4.fig,array_layout_4x4.fig,.fig,13640,ef505ead37e36f335540568a62d99bcd847aa087278f461a3effc1c093dc8ae7,generated_large,MATLAB editable figure,active_baseline,false,true,false,large reproducible FIG intermediate; PNG retained when available
2 暑假_两个月仿真任务/Week 4 0813之前/歼36_4x4机群_sar_code_2D/results_4x4/20260812_083001_uav/array_layout_4x4.png,array_layout_4x4.png,.png,46630,975611e35be272b2f14eadfa47f13faeaf4bca567daf6c0989c08b046824d762,result_image,rendered simulation/result/reference image,active_baseline,false,true,true,
2 暑假_两个月仿真任务/Week 4 0813之前/歼36_4x4机群_sar_code_2D/results_4x4/20260812_083001_uav/expected_positions_4x4.csv,expected_positions_4x4.csv,.csv,619,a2c0c39fbed83dc95733bff72ccec184444252438fe4db185302183699878b00,configuration,documentation or compact configuration/result table,active_baseline,false,true,true,
2 暑假_两个月仿真任务/Week 4 0813之前/歼36_4x4机群_sar_code_2D/results_4x4/20260812_083001_uav/sar_4x4_deception_1bit.fig,sar_4x4_deception_1bit.fig,.fig,12514914,4bb7f1a828797f4b7f3eaf185192d96eb073e5fa11d2a3f6ad6b6ca5c8722b44,generated_large,MATLAB editable figure,active_baseline,false,true,false,large reproducible FIG intermediate; PNG retained when available
2 暑假_两个月仿真任务/Week 4 0813之前/歼36_4x4机群_sar_code_2D/results_4x4/20260812_083001_uav/sar_4x4_deception_1bit.png,sar_4x4_deception_1bit.png,.png,132789,f867b4e181c731b2bbffa0adc6adfdef8923b1019c52ee8e55441054f1b8203d,result_image,rendered simulation/result/reference image,active_baseline,false,true,true,
2 暑假_两个月仿真任务/Week 4 0813之前/歼36_4x4机群_sar_code_2D/results_4x4/20260812_083001_uav/sar_4x4_deception_1bit_full_field.fig,sar_4x4_deception_1bit_full_field.fig,.fig,12514837,3b2fdfbba836d92a8daa3e02a7b3b26271f2bfd826a4065510dc57f31fc5a39a,generated_large,MATLAB editable figure,active_baseline,false,true,false,large reproducible FIG intermediate; PNG retained when available
2 暑假_两个月仿真任务/Week 4 0813之前/歼36_4x4机群_sar_code_2D/results_4x4/20260812_083001_uav/sar_4x4_deception_1bit_full_field.png,sar_4x4_deception_1bit_full_field.png,.png,208721,7804eec5e0eb67610518fed13cde76ed6fe8b230fdc83a7dfa1658670f9c1c40,result_image,rendered simulation/result/reference image,active_baseline,false,true,true,
2 暑假_两个月仿真任务/Week 4 0813之前/歼36_4x4机群_sar_code_2D/results_4x4/20260812_083001_uav/sar_four_real_corners.fig,sar_four_real_corners.fig,.fig,12301770,1c4f66015e8fd13cf1e858014ec275a4fa5efa3921c3e1687f0d0336809c2982,generated_large,MATLAB editable figure,active_baseline,false,true,false,large reproducible FIG intermediate; PNG retained when available
2 暑假_两个月仿真任务/Week 4 0813之前/歼36_4x4机群_sar_code_2D/results_4x4/20260812_083001_uav/sar_four_real_corners.png,sar_four_real_corners.png,.png,84281,393a2b73c0528935980fa7b967883a710e7dae6938c15112dd75946c29af84ab,result_image,rendered simulation/result/reference image,active_baseline,false,true,true,
2 暑假_两个月仿真任务/Week 4 0813之前/歼36_4x4机群_sar_code_2D/results_4x4/20260812_083001_uav/sar_results_4x4.mat,sar_results_4x4.mat,.mat,50569823,66eb30fb461d1c35fe638f4f83a8aa2b7fe66abe2f5c2dd4ba27a22c0dc499de,generated_large,MATLAB raw/result matrix,active_baseline,false,true,false,large raw/result MAT excluded; compact data and PNG/CSV retained
2 暑假_两个月仿真任务/Week 4 0813之前/歼36_4x4机群_sar_code_2D/results_4x4/20260812_133301_uav/array_layout_4x4.fig,array_layout_4x4.fig,.fig,13641,7e541cdeae3ea3a012cf3eee21a52857ee60de6530707b8524a0dee7fc1111d8,generated_large,MATLAB editable figure,active_baseline,false,true,false,large reproducible FIG intermediate; PNG retained when available
2 暑假_两个月仿真任务/Week 4 0813之前/歼36_4x4机群_sar_code_2D/results_4x4/20260812_133301_uav/array_layout_4x4.png,array_layout_4x4.png,.png,46630,48eeecba74c1a91a6527271a44ef4b2f7227918aa4eee7236de33e8b8568557e,result_image,rendered simulation/result/reference image,active_baseline,false,true,true,
2 暑假_两个月仿真任务/Week 4 0813之前/歼36_4x4机群_sar_code_2D/results_4x4/20260812_133301_uav/expected_positions_4x4.csv,expected_positions_4x4.csv,.csv,619,a2c0c39fbed83dc95733bff72ccec184444252438fe4db185302183699878b00,configuration,documentation or compact configuration/result table,active_baseline,false,true,true,
2 暑假_两个月仿真任务/Week 4 0813之前/歼36_4x4机群_sar_code_2D/results_4x4/20260812_133301_uav/one_bit_harmonic_amplitudes.csv,one_bit_harmonic_amplitudes.csv,.csv,923,a732157aae4a2043078706c935297905e3db4b749b2dde76d43ba53f1e610c29,configuration,documentation or compact configuration/result table,active_baseline,false,true,true,
2 暑假_两个月仿真任务/Week 4 0813之前/歼36_4x4机群_sar_code_2D/results_4x4/20260812_133301_uav/one_bit_harmonic_amplitudes.fig,one_bit_harmonic_amplitudes.fig,.fig,20417,cff872c5525fda63f327b6da9c421162b499efee769ecc757771cdfc69f6059f,generated_large,MATLAB editable figure,active_baseline,false,true,false,large reproducible FIG intermediate; PNG retained when available
2 暑假_两个月仿真任务/Week 4 0813之前/歼36_4x4机群_sar_code_2D/results_4x4/20260812_133301_uav/one_bit_harmonic_amplitudes.png,one_bit_harmonic_amplitudes.png,.png,97987,dcd9ab020ce119896d7e4ba1b28387800866c30c619580ef734b6dbe84c3dc09,result_image,rendered simulation/result/reference image,active_baseline,false,true,true,
2 暑假_两个月仿真任务/Week 4 0813之前/歼36_4x4机群_sar_code_2D/results_4x4/20260812_133301_uav/sar_4x4_deception_1bit.fig,sar_4x4_deception_1bit.fig,.fig,12431984,fdee711ce6d69ecab1df4baa47135db29d18768a64ea15df0f12f7e9c5a06a7a,generated_large,MATLAB editable figure,active_baseline,false,true,false,large reproducible FIG intermediate; PNG retained when available
2 暑假_两个月仿真任务/Week 4 0813之前/歼36_4x4机群_sar_code_2D/results_4x4/20260812_133301_uav/sar_4x4_deception_1bit.png,sar_4x4_deception_1bit.png,.png,132878,2078f20649fcd21c3223833f3df1502b0a5efd6f9faeb695b6e46a7294eac9e2,result_image,rendered simulation/result/reference image,active_baseline,false,true,true,
2 暑假_两个月仿真任务/Week 4 0813之前/歼36_4x4机群_sar_code_2D/results_4x4/20260812_133301_uav/sar_4x4_deception_1bit_full_field.fig,sar_4x4_deception_1bit_full_field.fig,.fig,12543583,bdb4f5b72b6b5c1927d428c2961f8964806478b8dd60f1e68de9ed4d7f78ae8b,generated_large,MATLAB editable figure,active_baseline,false,true,false,large reproducible FIG intermediate; PNG retained when available
2 暑假_两个月仿真任务/Week 4 0813之前/歼36_4x4机群_sar_code_2D/results_4x4/20260812_133301_uav/sar_4x4_deception_1bit_full_field.png,sar_4x4_deception_1bit_full_field.png,.png,219328,15d4f91feb9bd0baaf2729fec9557509b27ccfd94191aa08c3786af557e14ee9,result_image,rendered simulation/result/reference image,active_baseline,false,true,true,
2 暑假_两个月仿真任务/Week 4 0813之前/歼36_4x4机群_sar_code_2D/results_4x4/20260812_133301_uav/sar_4x4_threshold_comparison.fig,sar_4x4_threshold_comparison.fig,.fig,49650890,dd8095238a22eb8d4ab7592c6d3c7c8c971a4c894106ea462b04809b93291790,generated_large,MATLAB editable figure,active_baseline,false,true,false,large reproducible FIG intermediate; PNG retained when available
2 暑假_两个月仿真任务/Week 4 0813之前/歼36_4x4机群_sar_code_2D/results_4x4/20260812_133301_uav/sar_4x4_threshold_comparison.png,sar_4x4_threshold_comparison.png,.png,323737,2fcfccd30ebfe8bbd3525ae81fa256af1674f63d6236cb9fc50a9dd65606a342,result_image,rendered simulation/result/reference image,active_baseline,false,true,true,
2 暑假_两个月仿真任务/Week 4 0813之前/歼36_4x4机群_sar_code_2D/results_4x4/20260812_133301_uav/sar_four_real_corners.fig,sar_four_real_corners.fig,.fig,12301792,ab6519810e8140d11125f8af5548618fb3b7f8468fbbd9abcdc0ea5e090613fe,generated_large,MATLAB editable figure,active_baseline,false,true,false,large reproducible FIG intermediate; PNG retained when available
2 暑假_两个月仿真任务/Week 4 0813之前/歼36_4x4机群_sar_code_2D/results_4x4/20260812_133301_uav/sar_four_real_corners.png,sar_four_real_corners.png,.png,89452,a0d53d8eab44ba0e0d765adb5b908e231062f79c5ee5b969952b4e11b13c1c36,result_image,rendered simulation/result/reference image,active_baseline,false,true,true,
2 暑假_两个月仿真任务/Week 4 0813之前/歼36_4x4机群_sar_code_2D/results_4x4/20260812_133301_uav/sar_results_4x4.mat,sar_results_4x4.mat,.mat,75953046,cabd6cde65e8ba78bd44d2abe843769c4066a2e43464ab056b52f07a66582170,generated_large,MATLAB raw/result matrix,active_baseline,false,true,false,large raw/result MAT excluded; compact data and PNG/CSV retained
2 暑假_两个月仿真任务/Week 4 0813之前/歼36_4x4机群_sar_code_2D/results_4x4_2bit_30_70/20260812_175651_uav/2bit_30_70_harmonic_amplitudes.csv,2bit_30_70_harmonic_amplitudes.csv,.csv,1597,4fed33e2116a195a234f268f91c1b18ae920101cb9304609456a7a306ed0bdc7,configuration,documentation or compact configuration/result table,active_baseline,false,true,true,
2 暑假_两个月仿真任务/Week 4 0813之前/歼36_4x4机群_sar_code_2D/results_4x4_2bit_30_70/20260812_175651_uav/2bit_30_70_harmonic_amplitudes.fig,2bit_30_70_harmonic_amplitudes.fig,.fig,25098,0669a86e823524bca8df5943f688a81421c57cc26185f16462ea1dd79278d527,generated_large,MATLAB editable figure,active_baseline,false,true,false,large reproducible FIG intermediate; PNG retained when available
2 暑假_两个月仿真任务/Week 4 0813之前/歼36_4x4机群_sar_code_2D/results_4x4_2bit_30_70/20260812_175651_uav/2bit_30_70_harmonic_amplitudes.png,2bit_30_70_harmonic_amplitudes.png,.png,120734,f9e1c52b0217a91ffb5216182cb18190d54107f2f4d34f26822a3b9528ba0792,result_image,rendered simulation/result/reference image,active_baseline,false,true,true,
2 暑假_两个月仿真任务/Week 4 0813之前/歼36_4x4机群_sar_code_2D/results_4x4_2bit_30_70/20260812_175651_uav/2bit_30_70_harmonic_matrix.fig,2bit_30_70_harmonic_matrix.fig,.fig,20233,e6bd0d5615d643a37eb43a1981883bcc61b040f420acfed7bda2e684b203ccdf,generated_large,MATLAB editable figure,active_baseline,false,true,false,large reproducible FIG intermediate; PNG retained when available
2 暑假_两个月仿真任务/Week 4 0813之前/歼36_4x4机群_sar_code_2D/results_4x4_2bit_30_70/20260812_175651_uav/2bit_30_70_harmonic_matrix.png,2bit_30_70_harmonic_matrix.png,.png,53697,e65902f927ca7dc6e60598a76b6d43794e3971a6f267702c6a0dd2a689cbdd2f,result_image,rendered simulation/result/reference image,active_baseline,false,true,true,
2 暑假_两个月仿真任务/Week 4 0813之前/歼36_4x4机群_sar_code_2D/results_4x4_2bit_30_70/20260812_175651_uav/array_layout_4x4.fig,array_layout_4x4.fig,.fig,10847,8828d9ccce213dcfc37344263b6c601bae6aa4bf68b1637d1bd304d73f12ca56,generated_large,MATLAB editable figure,active_baseline,false,true,false,large reproducible FIG intermediate; PNG retained when available
2 暑假_两个月仿真任务/Week 4 0813之前/歼36_4x4机群_sar_code_2D/results_4x4_2bit_30_70/20260812_175651_uav/array_layout_4x4.png,array_layout_4x4.png,.png,52692,43377d4d34b194101ee875a58dafd7510a45934560f3fd1a666da71a574312ce,result_image,rendered simulation/result/reference image,active_baseline,false,true,true,
2 暑假_两个月仿真任务/Week 4 0813之前/歼36_4x4机群_sar_code_2D/results_4x4_2bit_30_70/20260812_175651_uav/expected_positions_2bit_30_70.csv,expected_positions_2bit_30_70.csv,.csv,116,5589f53681b2f102b453a64cf95e0420d77b51fbdeddc0f83123eb4530930237,configuration,documentation or compact configuration/result table,active_baseline,false,true,true,
2 暑假_两个月仿真任务/Week 4 0813之前/歼36_4x4机群_sar_code_2D/results_4x4_2bit_30_70/20260812_175651_uav/sar_4x4_2bit_30_70.fig,sar_4x4_2bit_30_70.fig,.fig,12477926,0ba2b0e8c43cdfe7f0c60aa957b659fdb526d053b6c9a458fef6fa35655dc99d,generated_large,MATLAB editable figure,active_baseline,false,true,false,large reproducible FIG intermediate; PNG retained when available
2 暑假_两个月仿真任务/Week 4 0813之前/歼36_4x4机群_sar_code_2D/results_4x4_2bit_30_70/20260812_175651_uav/sar_4x4_2bit_30_70.png,sar_4x4_2bit_30_70.png,.png,117112,64348b105fe5b33d68e4610e86ba9af23cc1d55bd4f0bceb9d444c96a3d643e1,result_image,rendered simulation/result/reference image,active_baseline,false,true,true,
2 暑假_两个月仿真任务/Week 4 0813之前/歼36_4x4机群_sar_code_2D/results_4x4_2bit_30_70/20260812_175651_uav/sar_4x4_2bit_30_70_central_2x2.fig,sar_4x4_2bit_30_70_central_2x2.fig,.fig,12340709,9c2d5f85efa616f27c262d8e8e7290555a889b4790122b2ac4aaf9277a29b21f,generated_large,MATLAB editable figure,active_baseline,false,true,false,large reproducible FIG intermediate; PNG retained when available
2 暑假_两个月仿真任务/Week 4 0813之前/歼36_4x4机群_sar_code_2D/results_4x4_2bit_30_70/20260812_175651_uav/sar_4x4_2bit_30_70_central_2x2.png,sar_4x4_2bit_30_70_central_2x2.png,.png,81068,ae48dbd4eca1ed45aa789de0b407620546f558ff8e40c5c645fd3b62b503339b,result_image,rendered simulation/result/reference image,active_baseline,false,true,true,
2 暑假_两个月仿真任务/Week 4 0813之前/歼36_4x4机群_sar_code_2D/results_4x4_2bit_30_70/20260812_175651_uav/sar_4x4_2bit_30_70_full_field.fig,sar_4x4_2bit_30_70_full_field.fig,.fig,12477830,5289ec58c8532daf3c73a7fcaa66960062ed236ef71d440d56473a1344a682a9,generated_large,MATLAB editable figure,active_baseline,false,true,false,large reproducible FIG intermediate; PNG retained when available
2 暑假_两个月仿真任务/Week 4 0813之前/歼36_4x4机群_sar_code_2D/results_4x4_2bit_30_70/20260812_175651_uav/sar_4x4_2bit_30_70_full_field.png,sar_4x4_2bit_30_70_full_field.png,.png,274920,8a2c78d962d67eeec37b7faaf11d252417dc66923464e90c70f000fb40701200,result_image,rendered simulation/result/reference image,active_baseline,false,true,true,
2 暑假_两个月仿真任务/Week 4 0813之前/歼36_4x4机群_sar_code_2D/results_4x4_2bit_30_70/20260812_175651_uav/sar_four_real_corners.fig,sar_four_real_corners.fig,.fig,12301786,4663016d9d579ebd16a8aa145e520eb77637fd93efecbcdb644043dd09bba7c9,generated_large,MATLAB editable figure,active_baseline,false,true,false,large reproducible FIG intermediate; PNG retained when available
2 暑假_两个月仿真任务/Week 4 0813之前/歼36_4x4机群_sar_code_2D/results_4x4_2bit_30_70/20260812_175651_uav/sar_four_real_corners.png,sar_four_real_corners.png,.png,86193,43e8512c2f7a98224a87b99d7bbe891f29ecb61f1b213f3d93ea0291ebf9a6bc,result_image,rendered simulation/result/reference image,active_baseline,false,true,true,
2 暑假_两个月仿真任务/Week 4 0813之前/歼36_4x4机群_sar_code_2D/results_4x4_2bit_30_70/20260812_175651_uav/sar_results_4x4_2bit_30_70.mat,sar_results_4x4_2bit_30_70.mat,.mat,75956030,1a57b3165ad581dfab748f8f95c9b0ffc5042cf9a4eb3503ed3dd07a1ebdfcad,generated_large,MATLAB raw/result matrix,active_baseline,false,true,false,large raw/result MAT excluded; compact data and PNG/CSV retained
2 暑假_两个月仿真任务/Week 4 0813之前/歼36_4x4机群_sar_code_2D/results_4x4_2bit_30_70_wide100/20260813_200206_uav/2bit_30_70_wide100_harmonic_amplitudes.csv,2bit_30_70_wide100_harmonic_amplitudes.csv,.csv,2602,f7840c5d8a067bbce7f0b03554f2cfed383d186c85e0390fb8aea7f055c71818,configuration,documentation or compact configuration/result table,active_baseline,false,true,true,
2 暑假_两个月仿真任务/Week 4 0813之前/歼36_4x4机群_sar_code_2D/results_4x4_2bit_30_70_wide100/20260813_200206_uav/2bit_30_70_wide100_harmonic_amplitudes.fig,2bit_30_70_wide100_harmonic_amplitudes.fig,.fig,31593,46955eaf963d09d22adb189b758eb30634b3828542b4b8aff1e3a6dd12a946d6,generated_large,MATLAB editable figure,active_baseline,false,true,false,large reproducible FIG intermediate; PNG retained when available
2 暑假_两个月仿真任务/Week 4 0813之前/歼36_4x4机群_sar_code_2D/results_4x4_2bit_30_70_wide100/20260813_200206_uav/2bit_30_70_wide100_harmonic_amplitudes.png,2bit_30_70_wide100_harmonic_amplitudes.png,.png,135172,fed515a8ce77f97fd307467a5610d92c3c8fe6af85abf58a8e06b6a93933fe1f,result_image,rendered simulation/result/reference image,active_baseline,false,true,true,
2 暑假_两个月仿真任务/Week 4 0813之前/歼36_4x4机群_sar_code_2D/results_4x4_2bit_30_70_wide100/20260813_200206_uav/2bit_30_70_wide100_harmonic_matrix.fig,2bit_30_70_wide100_harmonic_matrix.fig,.fig,26241,4c8f7dc39a83163d4d058d3bf3c409bf7ef4fa2d17023e8a93cda8c083ad5d67,generated_large,MATLAB editable figure,active_baseline,false,true,false,large reproducible FIG intermediate; PNG retained when available
2 暑假_两个月仿真任务/Week 4 0813之前/歼36_4x4机群_sar_code_2D/results_4x4_2bit_30_70_wide100/20260813_200206_uav/2bit_30_70_wide100_harmonic_matrix.png,2bit_30_70_wide100_harmonic_matrix.png,.png,60003,9fba68502d0f152c4f0d2369b7a14d71b86b64b2fbeec1610118ed80eb4289b6,result_image,rendered simulation/result/reference image,active_baseline,false,true,true,
2 暑假_两个月仿真任务/Week 4 0813之前/歼36_4x4机群_sar_code_2D/results_4x4_2bit_30_70_wide100/20260813_200206_uav/array_layout_4x4.fig,array_layout_4x4.fig,.fig,10856,207e5c956200e719895a74d7fb6b1dee18a74b998c6be90a9660af77f9d5ade6,generated_large,MATLAB editable figure,active_baseline,false,true,false,large reproducible FIG intermediate; PNG retained when available
2 暑假_两个月仿真任务/Week 4 0813之前/歼36_4x4机群_sar_code_2D/results_4x4_2bit_30_70_wide100/20260813_200206_uav/array_layout_4x4.png,array_layout_4x4.png,.png,50755,562a79580ff835ae9eda1efa8465ec93e863d56b79e7fe62cb8feaf60a05e6a9,result_image,rendered simulation/result/reference image,active_baseline,false,true,true,
2 暑假_两个月仿真任务/Week 4 0813之前/歼36_4x4机群_sar_code_2D/results_4x4_2bit_30_70_wide100/20260813_200206_uav/expected_positions_2bit_30_70_wide100.csv,expected_positions_2bit_30_70_wide100.csv,.csv,116,5589f53681b2f102b453a64cf95e0420d77b51fbdeddc0f83123eb4530930237,configuration,documentation or compact configuration/result table,active_baseline,false,true,true,
2 暑假_两个月仿真任务/Week 4 0813之前/歼36_4x4机群_sar_code_2D/results_4x4_2bit_30_70_wide100/20260813_200206_uav/sar_4x4_2bit_30_70_wide100.fig,sar_4x4_2bit_30_70_wide100.fig,.fig,49391573,e9e9af567e0c463db728ce40b790b6ddd84a17953bf7a76ab6d2c19cb544b7a2,generated_large,MATLAB editable figure,active_baseline,false,true,false,large reproducible FIG intermediate; PNG retained when available
2 暑假_两个月仿真任务/Week 4 0813之前/歼36_4x4机群_sar_code_2D/results_4x4_2bit_30_70_wide100/20260813_200206_uav/sar_4x4_2bit_30_70_wide100.png,sar_4x4_2bit_30_70_wide100.png,.png,179803,19ec46688a031876cb269ce528041ccb48920f536975d73ede0e32c373e22cdf,result_image,rendered simulation/result/reference image,active_baseline,false,true,true,
2 暑假_两个月仿真任务/Week 4 0813之前/歼36_4x4机群_sar_code_2D/results_4x4_2bit_30_70_wide100/20260813_200206_uav/sar_4x4_2bit_30_70_wide100_central_2x2.fig,sar_4x4_2bit_30_70_wide100_central_2x2.fig,.fig,49113944,7af61d86c9320e299cdeb820c6f8222b9773f64a72735f61d46db50095a652cd,generated_large,MATLAB editable figure,active_baseline,false,true,false,large reproducible FIG intermediate; PNG retained when available
2 暑假_两个月仿真任务/Week 4 0813之前/歼36_4x4机群_sar_code_2D/results_4x4_2bit_30_70_wide100/20260813_200206_uav/sar_4x4_2bit_30_70_wide100_central_2x2.png,sar_4x4_2bit_30_70_wide100_central_2x2.png,.png,107575,7563a5200f64604447e90d9fbc3be8122a2b772f25ea57a0e22f8322db205152,result_image,rendered simulation/result/reference image,active_baseline,false,true,true,
2 暑假_两个月仿真任务/Week 4 0813之前/歼36_4x4机群_sar_code_2D/results_4x4_2bit_30_70_wide100/20260813_200206_uav/sar_4x4_2bit_30_70_wide100_full_field.fig,sar_4x4_2bit_30_70_wide100_full_field.fig,.fig,49392051,6017b2eea44e5bad8c7daf4dc8e31abb6dcd17c773039d390f1cfed35f2f1022,generated_large,MATLAB editable figure,active_baseline,false,true,false,large reproducible FIG intermediate; PNG retained when available
2 暑假_两个月仿真任务/Week 4 0813之前/歼36_4x4机群_sar_code_2D/results_4x4_2bit_30_70_wide100/20260813_200206_uav/sar_4x4_2bit_30_70_wide100_full_field.png,sar_4x4_2bit_30_70_wide100_full_field.png,.png,113292,52108b9b6df17fe02c52f270f201a1af0b1bbab1f461a3a0d8415437ba88297b,result_image,rendered simulation/result/reference image,active_baseline,false,true,true,
2 暑假_两个月仿真任务/Week 4 0813之前/歼36_4x4机群_sar_code_2D/results_4x4_2bit_30_70_wide100/20260813_200206_uav/sar_four_real_corners.fig,sar_four_real_corners.fig,.fig,48784804,3783c27dc8c51349c69ec39f2661d594ba9354af44ccdd7477612544dc711cb1,generated_large,MATLAB editable figure,active_baseline,false,true,false,large reproducible FIG intermediate; PNG retained when available
2 暑假_两个月仿真任务/Week 4 0813之前/歼36_4x4机群_sar_code_2D/results_4x4_2bit_30_70_wide100/20260813_200206_uav/sar_four_real_corners.png,sar_four_real_corners.png,.png,107296,29fd1eb108169f16da7e0107b6abd0f972451c244d6170b3efe4c9d24b025d86,result_image,rendered simulation/result/reference image,active_baseline,false,true,true,
2 暑假_两个月仿真任务/Week 4 0813之前/歼36_4x4机群_sar_code_2D/results_4x4_2bit_30_70_wide100/20260813_200206_uav/sar_results_4x4_2bit_30_70_wide100.mat,sar_results_4x4_2bit_30_70_wide100.mat,.mat,303448179,39b819ee92e5ba9a42d9f16a250693e43036147a0ddb81f1fd1a8f66e64f6bfd,generated_large,MATLAB raw/result matrix,active_baseline,false,true,false,large raw/result MAT excluded; compact data and PNG/CSV retained
2 暑假_两个月仿真任务/Week 4 0813之前/歼36_4x4机群_sar_code_2D/results_4x4_2bit_30_70_wide100_fast/20260813_123328/sar_2bit_30_70_wide100_minus30dB.fig,sar_2bit_30_70_wide100_minus30dB.fig,.fig,17019352,f88ba1f9df1ac90044e61336f708caa30ca6a75e300ddb407fb6122d88f33329,generated_large,MATLAB editable figure,active_baseline,false,true,false,large reproducible FIG intermediate; PNG retained when available
2 暑假_两个月仿真任务/Week 4 0813之前/歼36_4x4机群_sar_code_2D/results_4x4_2bit_30_70_wide100_fast/20260813_123328/sar_2bit_30_70_wide100_minus30dB.png,sar_2bit_30_70_wide100_minus30dB.png,.png,215244,a5d819c682bf3595fdfb3a4e8506d981a0a1df31a98efa5439c91bb595095116,result_image,rendered simulation/result/reference image,active_baseline,false,true,true,
2 暑假_两个月仿真任务/Week 4 0813之前/歼36_4x4机群_sar_code_2D/results_4x4_2bit_30_70_wide100_fast/20260813_123328/sar_2bit_30_70_wide100_minus40dB.fig,sar_2bit_30_70_wide100_minus40dB.fig,.fig,17241385,cc04d3df416dc4bd176f684de137540ee400d5c72833819632114adb520ef39b,generated_large,MATLAB editable figure,active_baseline,false,true,false,large reproducible FIG intermediate; PNG retained when available
2 暑假_两个月仿真任务/Week 4 0813之前/歼36_4x4机群_sar_code_2D/results_4x4_2bit_30_70_wide100_fast/20260813_123328/sar_2bit_30_70_wide100_minus40dB.png,sar_2bit_30_70_wide100_minus40dB.png,.png,433723,768f94935aa57cfd08301f76db6e1e52c23989a6ca86d1c34c0929540287178b,result_image,rendered simulation/result/reference image,active_baseline,false,true,true,
2 暑假_两个月仿真任务/Week 4 0813之前/歼36_4x4机群_sar_code_2D/results_4x4_2bit_30_70_wide100_fast/20260813_123328/wide100_harmonic_synthesis.mat,wide100_harmonic_synthesis.mat,.mat,30490221,1736d8a33f4d09ee7e2cf78a91f8fd469c7d8e166f4c093228c670dcd111daab,generated_large,MATLAB raw/result matrix,active_baseline,false,true,false,large raw/result MAT excluded; compact data and PNG/CSV retained
2 暑假_两个月仿真任务/Week 4 0813之前/歼36_4x4机群_sar_code_2D/results_4x4_2bit_balanced_wide100/20260813_212143_uav/2bit_balanced_wide100_harmonic_amplitudes.csv,2bit_balanced_wide100_harmonic_amplitudes.csv,.csv,2717,21a2dc83001065e1871795e8f058b613b46f64a9cc02fd7cd491b1147971296b,configuration,documentation or compact configuration/result table,active_baseline,false,true,true,
2 暑假_两个月仿真任务/Week 4 0813之前/歼36_4x4机群_sar_code_2D/results_4x4_2bit_balanced_wide100/20260813_212143_uav/2bit_balanced_wide100_harmonic_amplitudes.fig,2bit_balanced_wide100_harmonic_amplitudes.fig,.fig,30809,45de03fe379a0b7f3db8ac693e630d530bf1b9423443c3e17c2ac484218b391a,generated_large,MATLAB editable figure,active_baseline,false,true,false,large reproducible FIG intermediate; PNG retained when available
2 暑假_两个月仿真任务/Week 4 0813之前/歼36_4x4机群_sar_code_2D/results_4x4_2bit_balanced_wide100/20260813_212143_uav/2bit_balanced_wide100_harmonic_amplitudes.png,2bit_balanced_wide100_harmonic_amplitudes.png,.png,126402,2a56b216251eb9a3913f34ee8a504e43b734040f29155daba5ca43b7ce616894,result_image,rendered simulation/result/reference image,active_baseline,false,true,true,
2 暑假_两个月仿真任务/Week 4 0813之前/歼36_4x4机群_sar_code_2D/results_4x4_2bit_balanced_wide100/20260813_212143_uav/2bit_balanced_wide100_harmonic_matrix.fig,2bit_balanced_wide100_harmonic_matrix.fig,.fig,22038,7356c96557dba0648d069f03b641f35ede7f0e2862ce9e146f28d10ab7b84a9d,generated_large,MATLAB editable figure,active_baseline,false,true,false,large reproducible FIG intermediate; PNG retained when available
2 暑假_两个月仿真任务/Week 4 0813之前/歼36_4x4机群_sar_code_2D/results_4x4_2bit_balanced_wide100/20260813_212143_uav/2bit_balanced_wide100_harmonic_matrix.png,2bit_balanced_wide100_harmonic_matrix.png,.png,59078,440d0de919709e5144abb969d69f592b8b2f965daae5899668cda229d0615a51,result_image,rendered simulation/result/reference image,active_baseline,false,true,true,
2 暑假_两个月仿真任务/Week 4 0813之前/歼36_4x4机群_sar_code_2D/results_4x4_2bit_balanced_wide100/20260813_212143_uav/array_layout_4x4.fig,array_layout_4x4.fig,.fig,10857,abd04f0b5982c94483e6a0d964506b5dcb0c3ef04dbb46f3303b1df0ffd98f1b,generated_large,MATLAB editable figure,active_baseline,false,true,false,large reproducible FIG intermediate; PNG retained when available
2 暑假_两个月仿真任务/Week 4 0813之前/歼36_4x4机群_sar_code_2D/results_4x4_2bit_balanced_wide100/20260813_212143_uav/array_layout_4x4.png,array_layout_4x4.png,.png,49932,77d8889699613723283c41a07f89edfbe2b7af0cd753fe36da1cc61e1e058143,result_image,rendered simulation/result/reference image,active_baseline,false,true,true,
2 暑假_两个月仿真任务/Week 4 0813之前/歼36_4x4机群_sar_code_2D/results_4x4_2bit_balanced_wide100/20260813_212143_uav/expected_positions_2bit_balanced_wide100.csv,expected_positions_2bit_balanced_wide100.csv,.csv,116,5589f53681b2f102b453a64cf95e0420d77b51fbdeddc0f83123eb4530930237,configuration,documentation or compact configuration/result table,active_baseline,false,true,true,
2 暑假_两个月仿真任务/Week 4 0813之前/歼36_4x4机群_sar_code_2D/results_4x4_2bit_balanced_wide100/20260813_212143_uav/harmonic_colored_scatter/colored_harmonic_scatter_summary.csv,colored_harmonic_scatter_summary.csv,.csv,348,c40e43be8f6dce3016af8c5c1fb59d941886dfe9bc73d0823f7291ea0fcd1947,configuration,documentation or compact configuration/result table,active_baseline,false,true,true,
2 暑假_两个月仿真任务/Week 4 0813之前/歼36_4x4机群_sar_code_2D/results_4x4_2bit_balanced_wide100/20260813_212143_uav/harmonic_colored_scatter/four_aircraft_colored_harmonic_scatter.fig,four_aircraft_colored_harmonic_scatter.fig,.fig,1144403,b2270a2d24817dd3792c5c1c0cd1ac705d3dec39dc4b0ded94a7334207aea859,generated_large,MATLAB editable figure,active_baseline,false,true,false,large reproducible FIG intermediate; PNG retained when available
2 暑假_两个月仿真任务/Week 4 0813之前/歼36_4x4机群_sar_code_2D/results_4x4_2bit_balanced_wide100/20260813_212143_uav/harmonic_colored_scatter/four_aircraft_colored_harmonic_scatter.png,four_aircraft_colored_harmonic_scatter.png,.png,195027,861c445b85d081c7231d10e5ec5a23fa69fb2eee9daa016fa64bc4176dbc60b2,result_image,rendered simulation/result/reference image,active_baseline,false,true,true,
2 暑假_两个月仿真任务/Week 4 0813之前/歼36_4x4机群_sar_code_2D/results_4x4_2bit_balanced_wide100/20260813_212143_uav/harmonic_colored_scatter/single_aircraft_colored_harmonic_scatter.fig,single_aircraft_colored_harmonic_scatter.fig,.fig,296419,07bb43aefc15932de15b6b4b750f384b5bc3e9fda751fe4acb7af49043406175,generated_large,MATLAB editable figure,active_baseline,false,true,false,large reproducible FIG intermediate; PNG retained when available
2 暑假_两个月仿真任务/Week 4 0813之前/歼36_4x4机群_sar_code_2D/results_4x4_2bit_balanced_wide100/20260813_212143_uav/harmonic_colored_scatter/single_aircraft_colored_harmonic_scatter.png,single_aircraft_colored_harmonic_scatter.png,.png,171563,559708936170c477d88d06d3137c98c1abb5445a1cfe8ceb23bbc0784446e818,result_image,rendered simulation/result/reference image,active_baseline,false,true,true,
2 暑假_两个月仿真任务/Week 4 0813之前/歼36_4x4机群_sar_code_2D/results_4x4_2bit_balanced_wide100/20260813_212143_uav/harmonic_colored_scatter/single_vs_four_colored_harmonic_scatter.fig,single_vs_four_colored_harmonic_scatter.fig,.fig,1429728,75c66cb18efb215807694a9fe835837b1133da31c3500d61c679c9b847d723e8,generated_large,MATLAB editable figure,active_baseline,false,true,false,large reproducible FIG intermediate; PNG retained when available
2 暑假_两个月仿真任务/Week 4 0813之前/歼36_4x4机群_sar_code_2D/results_4x4_2bit_balanced_wide100/20260813_212143_uav/harmonic_colored_scatter/single_vs_four_colored_harmonic_scatter.png,single_vs_four_colored_harmonic_scatter.png,.png,225415,f2ec30b38aacdfb776475cb1f8532c9cdd9e834f477cb3f5db425ff9f09e1262,result_image,rendered simulation/result/reference image,active_baseline,false,true,true,
2 暑假_两个月仿真任务/Week 4 0813之前/歼36_4x4机群_sar_code_2D/results_4x4_2bit_balanced_wide100/20260813_212143_uav/harmonic_ghost_annotations/annotated_four_aircraft_target_and_cross_ghosts.fig,annotated_four_aircraft_target_and_cross_ghosts.fig,.fig,49329748,e3f23c5ca288bd1ed90b37a360c96c4b800bd87bcf5e8419aea1217dd84070e3,generated_large,MATLAB editable figure,active_baseline,false,true,false,large reproducible FIG intermediate; PNG retained when available
2 暑假_两个月仿真任务/Week 4 0813之前/歼36_4x4机群_sar_code_2D/results_4x4_2bit_balanced_wide100/20260813_212143_uav/harmonic_ghost_annotations/annotated_four_aircraft_target_and_cross_ghosts.png,annotated_four_aircraft_target_and_cross_ghosts.png,.png,244879,4182092578609413b24cc28a2334c1f49b03006e2e94512555fac4abeeeeca3d,result_image,rendered simulation/result/reference image,active_baseline,false,true,true,
2 暑假_两个月仿真任务/Week 4 0813之前/歼36_4x4机群_sar_code_2D/results_4x4_2bit_balanced_wide100/20260813_212143_uav/harmonic_ghost_annotations/annotated_harmonic_positions.csv,annotated_harmonic_positions.csv,.csv,1545,0d5e66d95e17fe60a614561b0e93c3314d9f5f6f8aedc4347f2ee758498a0244,configuration,documentation or compact configuration/result table,active_baseline,false,true,true,
2 暑假_两个月仿真任务/Week 4 0813之前/歼36_4x4机群_sar_code_2D/results_4x4_2bit_balanced_wide100/20260813_212143_uav/harmonic_ghost_annotations/annotated_single_aircraft_target_and_cross_ghosts.fig,annotated_single_aircraft_target_and_cross_ghosts.fig,.fig,48877087,f22507f9773f6c8a4ac090b4d8c5a9ff055db207fdf914c4c31647f52712d76b,generated_large,MATLAB editable figure,active_baseline,false,true,false,large reproducible FIG intermediate; PNG retained when available
2 暑假_两个月仿真任务/Week 4 0813之前/歼36_4x4机群_sar_code_2D/results_4x4_2bit_balanced_wide100/20260813_212143_uav/harmonic_ghost_annotations/annotated_single_aircraft_target_and_cross_ghosts.png,annotated_single_aircraft_target_and_cross_ghosts.png,.png,175947,e5e26c5048c01c45d6530b367a6c08f14d473a2e068038caab664a2360df14a0,result_image,rendered simulation/result/reference image,active_baseline,false,true,true,
2 暑假_两个月仿真任务/Week 4 0813之前/歼36_4x4机群_sar_code_2D/results_4x4_2bit_balanced_wide100/20260813_212143_uav/sar_4x4_2bit_balanced_wide100.fig,sar_4x4_2bit_balanced_wide100.fig,.fig,49319151,a52cb410258dc6ac2e7dd9aa8c7c12e69f017e9485f60b20c2beb250f8f54aee,generated_large,MATLAB editable figure,active_baseline,false,true,false,large reproducible FIG intermediate; PNG retained when available
2 暑假_两个月仿真任务/Week 4 0813之前/歼36_4x4机群_sar_code_2D/results_4x4_2bit_balanced_wide100/20260813_212143_uav/sar_4x4_2bit_balanced_wide100.png,sar_4x4_2bit_balanced_wide100.png,.png,112964,723d1ef31226a352c5957e170671a61ef66164585612dff50ff6ad8970b1a4bc,result_image,rendered simulation/result/reference image,active_baseline,false,true,true,
2 暑假_两个月仿真任务/Week 4 0813之前/歼36_4x4机群_sar_code_2D/results_4x4_2bit_balanced_wide100/20260813_212143_uav/sar_4x4_2bit_balanced_wide100_central_2x2.fig,sar_4x4_2bit_balanced_wide100_central_2x2.fig,.fig,49114188,ffb381b51c60131900fd97b1bfe69e115e651fa4ad916a3205df584f69832a0d,generated_large,MATLAB editable figure,active_baseline,false,true,false,large reproducible FIG intermediate; PNG retained when available
2 暑假_两个月仿真任务/Week 4 0813之前/歼36_4x4机群_sar_code_2D/results_4x4_2bit_balanced_wide100/20260813_212143_uav/sar_4x4_2bit_balanced_wide100_central_2x2.png,sar_4x4_2bit_balanced_wide100_central_2x2.png,.png,79583,2076920d706af1df950c08006e90f449028dfac3acb79f88b254aea0dd6273cd,result_image,rendered simulation/result/reference image,active_baseline,false,true,true,
2 暑假_两个月仿真任务/Week 4 0813之前/歼36_4x4机群_sar_code_2D/results_4x4_2bit_balanced_wide100/20260813_212143_uav/sar_4x4_2bit_balanced_wide100_full_field.fig,sar_4x4_2bit_balanced_wide100_full_field.fig,.fig,49319619,b73655830f24dc82eb84dc8f937b6114b14e65e2011bc4787068e91f666aa813,generated_large,MATLAB editable figure,active_baseline,false,true,false,large reproducible FIG intermediate; PNG retained when available
2 暑假_两个月仿真任务/Week 4 0813之前/歼36_4x4机群_sar_code_2D/results_4x4_2bit_balanced_wide100/20260813_212143_uav/sar_4x4_2bit_balanced_wide100_full_field.png,sar_4x4_2bit_balanced_wide100_full_field.png,.png,96306,fd416dc5bd002c993b8c46ee67425b325881b423867f1e67f52c418a0bbc6392,result_image,rendered simulation/result/reference image,active_baseline,false,true,true,
2 暑假_两个月仿真任务/Week 4 0813之前/歼36_4x4机群_sar_code_2D/results_4x4_2bit_balanced_wide100/20260813_212143_uav/sar_four_real_corners.fig,sar_four_real_corners.fig,.fig,48784804,77451cc69a123c1eb45e30a6db0b28c758a27e398136038327330ff33e11673a,generated_large,MATLAB editable figure,active_baseline,false,true,false,large reproducible FIG intermediate; PNG retained when available
2 暑假_两个月仿真任务/Week 4 0813之前/歼36_4x4机群_sar_code_2D/results_4x4_2bit_balanced_wide100/20260813_212143_uav/sar_four_real_corners.png,sar_four_real_corners.png,.png,107296,50e598555c30d5fc7ae42b3717a6a9c98944f20612f0a0bcb71334307e9f1f1f,result_image,rendered simulation/result/reference image,active_baseline,false,true,true,
2 暑假_两个月仿真任务/Week 4 0813之前/歼36_4x4机群_sar_code_2D/results_4x4_2bit_balanced_wide100/20260813_212143_uav/sar_results_4x4_2bit_balanced_wide100.mat,sar_results_4x4_2bit_balanced_wide100.mat,.mat,303454969,3deb96a1c5859ec242b2818732af33446a74ee89b91194dd068e3afdd03ba55b,generated_large,MATLAB raw/result matrix,active_baseline,false,true,false,large raw/result MAT excluded; compact data and PNG/CSV retained
2 暑假_两个月仿真任务/Week 4 0813之前/歼36_4x4机群_sar_code_2D/results_4x4_balanced/20260812_105027_uav/array_layout_4x4.fig,array_layout_4x4.fig,.fig,13641,777a0886639341347cc1ef7e7f54d77faefb11113a880fb8ec18dde84955c09f,generated_large,MATLAB editable figure,active_baseline,false,true,false,large reproducible FIG intermediate; PNG retained when available
2 暑假_两个月仿真任务/Week 4 0813之前/歼36_4x4机群_sar_code_2D/results_4x4_balanced/20260812_105027_uav/array_layout_4x4.png,array_layout_4x4.png,.png,46630,cf6b83ae12c4910b3c7f7f25c2eff3cb6a4c6ee2d23459003b909e5eac3054ed,result_image,rendered simulation/result/reference image,active_baseline,false,true,true,
2 暑假_两个月仿真任务/Week 4 0813之前/歼36_4x4机群_sar_code_2D/results_4x4_balanced/20260812_105027_uav/expected_positions_4x4.csv,expected_positions_4x4.csv,.csv,619,a2c0c39fbed83dc95733bff72ccec184444252438fe4db185302183699878b00,configuration,documentation or compact configuration/result table,active_baseline,false,true,true,
2 暑假_两个月仿真任务/Week 4 0813之前/歼36_4x4机群_sar_code_2D/results_4x4_balanced/20260812_105027_uav/one_bit_harmonic_amplitudes.csv,one_bit_harmonic_amplitudes.csv,.csv,957,98ed6df866455acc12cd88744a725c94bad6298dda7218ae57efeb3e8d16059f,configuration,documentation or compact configuration/result table,active_baseline,false,true,true,
2 暑假_两个月仿真任务/Week 4 0813之前/歼36_4x4机群_sar_code_2D/results_4x4_balanced/20260812_105027_uav/one_bit_harmonic_amplitudes.fig,one_bit_harmonic_amplitudes.fig,.fig,20413,56e6af3f05048cf4181d80d4cba46a346d73823dfccb32a4eb9148ee5f96973e,generated_large,MATLAB editable figure,active_baseline,false,true,false,large reproducible FIG intermediate; PNG retained when available
2 暑假_两个月仿真任务/Week 4 0813之前/歼36_4x4机群_sar_code_2D/results_4x4_balanced/20260812_105027_uav/one_bit_harmonic_amplitudes.png,one_bit_harmonic_amplitudes.png,.png,91632,2e8a121075124c69bd67692b896f59485a9352d19011e28e0729c036d7a5c4ff,result_image,rendered simulation/result/reference image,active_baseline,false,true,true,
2 暑假_两个月仿真任务/Week 4 0813之前/歼36_4x4机群_sar_code_2D/results_4x4_balanced/20260812_105027_uav/sar_4x4_balanced_main_orders_8db.fig,sar_4x4_balanced_main_orders_8db.fig,.fig,12317080,5029439f60dc95088cbf30efbb50c1b060c63e66048c6804e4e2c034c8e90a53,generated_large,MATLAB editable figure,active_baseline,false,true,false,large reproducible FIG intermediate; PNG retained when available
2 暑假_两个月仿真任务/Week 4 0813之前/歼36_4x4机群_sar_code_2D/results_4x4_balanced/20260812_105027_uav/sar_4x4_balanced_main_orders_8db.png,sar_4x4_balanced_main_orders_8db.png,.png,54964,f89546424a532e5b2df38fe709cedf185d24a74b535bed722dd64145aa2f7969,result_image,rendered simulation/result/reference image,active_baseline,false,true,true,
2 暑假_两个月仿真任务/Week 4 0813之前/歼36_4x4机群_sar_code_2D/results_4x4_balanced/20260812_105027_uav/sar_4x4_deception_1bit.fig,sar_4x4_deception_1bit.fig,.fig,12497393,48e7540e27f479d6583847230b400aa2851eea91c2003c248ccc1fa91fcec341,generated_large,MATLAB editable figure,active_baseline,false,true,false,large reproducible FIG intermediate; PNG retained when available
2 暑假_两个月仿真任务/Week 4 0813之前/歼36_4x4机群_sar_code_2D/results_4x4_balanced/20260812_105027_uav/sar_4x4_deception_1bit.png,sar_4x4_deception_1bit.png,.png,110116,27bc32af9b1da184a2f70d2a0de27feb97674b70909a91f5689ee997f8f01f79,result_image,rendered simulation/result/reference image,active_baseline,false,true,true,
2 暑假_两个月仿真任务/Week 4 0813之前/歼36_4x4机群_sar_code_2D/results_4x4_balanced/20260812_105027_uav/sar_4x4_deception_1bit_full_field.fig,sar_4x4_deception_1bit_full_field.fig,.fig,12497298,2d1aa4be7c3b2c7e3c0cbac163bfa51c210a9c1490350a91b8b60a81b9b711ff,generated_large,MATLAB editable figure,active_baseline,false,true,false,large reproducible FIG intermediate; PNG retained when available
2 暑假_两个月仿真任务/Week 4 0813之前/歼36_4x4机群_sar_code_2D/results_4x4_balanced/20260812_105027_uav/sar_4x4_deception_1bit_full_field.png,sar_4x4_deception_1bit_full_field.png,.png,188866,33cc96db861881ffcd6778fad08213677182b836b8a83dfe874e5aff6d95ab41,result_image,rendered simulation/result/reference image,active_baseline,false,true,true,
2 暑假_两个月仿真任务/Week 4 0813之前/歼36_4x4机群_sar_code_2D/results_4x4_balanced/20260812_105027_uav/sar_four_real_corners.fig,sar_four_real_corners.fig,.fig,12301767,71f27bdcafb96d2f539cc78bd9ac62c2a30c2c5b0a5187ac90c12b7a3f5c1315,generated_large,MATLAB editable figure,active_baseline,false,true,false,large reproducible FIG intermediate; PNG retained when available
2 暑假_两个月仿真任务/Week 4 0813之前/歼36_4x4机群_sar_code_2D/results_4x4_balanced/20260812_105027_uav/sar_four_real_corners.png,sar_four_real_corners.png,.png,84281,698e54931a1a5ba4f2d9c38317d88dc4116ced065e996b659e4ef860adc51a4c,result_image,rendered simulation/result/reference image,active_baseline,false,true,true,
2 暑假_两个月仿真任务/Week 4 0813之前/歼36_4x4机群_sar_code_2D/results_4x4_balanced/20260812_105027_uav/sar_results_4x4.mat,sar_results_4x4.mat,.mat,50572154,2a16ea0d9def61102bc6460a15feadede6bd93f1fdc999bb0f05c51d8f1b8495,generated_large,MATLAB raw/result matrix,active_baseline,false,true,false,large raw/result MAT excluded; compact data and PNG/CSV retained
2 暑假_两个月仿真任务/Week 4 0813之前/歼36_4x4机群_sar_code_2D/results_4x4_balanced/20260812_112217_uav/array_layout_4x4.fig,array_layout_4x4.fig,.fig,13699,ba253a1fe344a0f9574bf375f7ec1cf1dee58fe21e7be1ce81b60a913fe7887d,generated_large,MATLAB editable figure,active_baseline,false,true,false,large reproducible FIG intermediate; PNG retained when available
2 暑假_两个月仿真任务/Week 4 0813之前/歼36_4x4机群_sar_code_2D/results_4x4_balanced/20260812_112217_uav/array_layout_4x4.png,array_layout_4x4.png,.png,46856,4c92533e465eea57c43f274af0bccc1c25189b967d58921380f39960e8dcbbf9,result_image,rendered simulation/result/reference image,active_baseline,false,true,true,
2 暑假_两个月仿真任务/Week 4 0813之前/歼36_4x4机群_sar_code_2D/results_4x4_balanced/20260812_112217_uav/expected_positions_4x4.csv,expected_positions_4x4.csv,.csv,619,a2c0c39fbed83dc95733bff72ccec184444252438fe4db185302183699878b00,configuration,documentation or compact configuration/result table,active_baseline,false,true,true,
2 暑假_两个月仿真任务/Week 4 0813之前/歼36_4x4机群_sar_code_2D/results_4x4_balanced/20260812_112217_uav/one_bit_harmonic_amplitudes.csv,one_bit_harmonic_amplitudes.csv,.csv,957,98ed6df866455acc12cd88744a725c94bad6298dda7218ae57efeb3e8d16059f,configuration,documentation or compact configuration/result table,active_baseline,false,true,true,
2 暑假_两个月仿真任务/Week 4 0813之前/歼36_4x4机群_sar_code_2D/results_4x4_balanced/20260812_112217_uav/one_bit_harmonic_amplitudes.fig,one_bit_harmonic_amplitudes.fig,.fig,20455,4bd27bf731dbc92039a58818be51968bbcbeae9849ae19375c66f80d2eab9bec,generated_large,MATLAB editable figure,active_baseline,false,true,false,large reproducible FIG intermediate; PNG retained when available
2 暑假_两个月仿真任务/Week 4 0813之前/歼36_4x4机群_sar_code_2D/results_4x4_balanced/20260812_112217_uav/one_bit_harmonic_amplitudes.png,one_bit_harmonic_amplitudes.png,.png,91759,474080780b0c3b199c2df46938d78efedd3f9189ca3732d4b7762a8d5254ffd0,result_image,rendered simulation/result/reference image,active_baseline,false,true,true,
2 暑假_两个月仿真任务/Week 4 0813之前/歼36_4x4机群_sar_code_2D/results_4x4_balanced/20260812_112217_uav/sar_4x4_balanced_main_orders_8db.fig,sar_4x4_balanced_main_orders_8db.fig,.fig,12317110,8ee99a29870a6efceabf405643bd39323eb2a5c6abe7a3bc5e0c113c8ad35763,generated_large,MATLAB editable figure,active_baseline,false,true,false,large reproducible FIG intermediate; PNG retained when available
2 暑假_两个月仿真任务/Week 4 0813之前/歼36_4x4机群_sar_code_2D/results_4x4_balanced/20260812_112217_uav/sar_4x4_balanced_main_orders_8db.png,sar_4x4_balanced_main_orders_8db.png,.png,45849,43242a90bc9590fc483eadb4ba373db44e55bf0b481f07c4c5b9a44737cddaba,result_image,rendered simulation/result/reference image,active_baseline,false,true,true,
2 暑假_两个月仿真任务/Week 4 0813之前/歼36_4x4机群_sar_code_2D/results_4x4_balanced/20260812_112217_uav/sar_4x4_deception_1bit.fig,sar_4x4_deception_1bit.fig,.fig,12497230,60167a69b806fb54f796eb9452d1811a87c40303a4d2aa83316ca30dd2c541a3,generated_large,MATLAB editable figure,active_baseline,false,true,false,large reproducible FIG intermediate; PNG retained when available
2 暑假_两个月仿真任务/Week 4 0813之前/歼36_4x4机群_sar_code_2D/results_4x4_balanced/20260812_112217_uav/sar_4x4_deception_1bit.png,sar_4x4_deception_1bit.png,.png,109214,2c3bd233ac445b51f17b91dbf474a12587c37b966f0d76b7c5037ccd251ef5d9,result_image,rendered simulation/result/reference image,active_baseline,false,true,true,
2 暑假_两个月仿真任务/Week 4 0813之前/歼36_4x4机群_sar_code_2D/results_4x4_balanced/20260812_112217_uav/sar_4x4_deception_1bit_full_field.fig,sar_4x4_deception_1bit_full_field.fig,.fig,12497166,96fa59be78e4538b5aebc281259bb0c354ab8dc52039219cc721b9b0e06b5412,generated_large,MATLAB editable figure,active_baseline,false,true,false,large reproducible FIG intermediate; PNG retained when available
2 暑假_两个月仿真任务/Week 4 0813之前/歼36_4x4机群_sar_code_2D/results_4x4_balanced/20260812_112217_uav/sar_4x4_deception_1bit_full_field.png,sar_4x4_deception_1bit_full_field.png,.png,192769,63fcf972ba0b3f4a72bb4b54751cff382c4504adf5e37e961994691410897288,result_image,rendered simulation/result/reference image,active_baseline,false,true,true,
2 暑假_两个月仿真任务/Week 4 0813之前/歼36_4x4机群_sar_code_2D/results_4x4_balanced/20260812_112217_uav/sar_four_real_corners.fig,sar_four_real_corners.fig,.fig,12301660,bfdc783093b7e12b515b224968354c26e73f8b274fe990b4895aba099560694f,generated_large,MATLAB editable figure,active_baseline,false,true,false,large reproducible FIG intermediate; PNG retained when available
2 暑假_两个月仿真任务/Week 4 0813之前/歼36_4x4机群_sar_code_2D/results_4x4_balanced/20260812_112217_uav/sar_four_real_corners.png,sar_four_real_corners.png,.png,83378,9e9bb2bc0c20f668f35aed7e709b2f03f35a9a6c29ccf01e142a7b1945fa416f,result_image,rendered simulation/result/reference image,active_baseline,false,true,true,
2 暑假_两个月仿真任务/Week 4 0813之前/歼36_4x4机群_sar_code_2D/results_4x4_balanced/20260812_112217_uav/sar_results_4x4.mat,sar_results_4x4.mat,.mat,50572154,02c41b9c183446cced645dcf1b6d34d3e3227331b92f7f9e7adbe441707e9fc0,generated_large,MATLAB raw/result matrix,active_baseline,false,true,false,large raw/result MAT excluded; compact data and PNG/CSV retained
2 暑假_两个月仿真任务/Week 4 0813之前/歼36_4x4机群_sar_code_2D/results_4x4_ssb_2bit/20260812_174207_uav/array_layout_4x4.fig,array_layout_4x4.fig,.fig,10803,fe079454908038fcee29c2db38627901e639e355923d52ced4a0684abef9b324,generated_large,MATLAB editable figure,active_baseline,false,true,false,large reproducible FIG intermediate; PNG retained when available
2 暑假_两个月仿真任务/Week 4 0813之前/歼36_4x4机群_sar_code_2D/results_4x4_ssb_2bit/20260812_174207_uav/array_layout_4x4.png,array_layout_4x4.png,.png,45925,0406f5ad560e8c0c696d83da6302dfb0ff9b21f8c348ac84552e0e58ac40f1a1,result_image,rendered simulation/result/reference image,active_baseline,false,true,true,
2 暑假_两个月仿真任务/Week 4 0813之前/歼36_4x4机群_sar_code_2D/results_4x4_ssb_2bit/20260812_174207_uav/expected_positions_ssb_2bit.csv,expected_positions_ssb_2bit.csv,.csv,116,5589f53681b2f102b453a64cf95e0420d77b51fbdeddc0f83123eb4530930237,configuration,documentation or compact configuration/result table,active_baseline,false,true,true,
2 暑假_两个月仿真任务/Week 4 0813之前/歼36_4x4机群_sar_code_2D/results_4x4_ssb_2bit/20260812_174207_uav/sar_4x4_ssb_2bit.fig,sar_4x4_ssb_2bit.fig,.fig,12437445,1c06167083a059ab6bc9e3818d2eb8c6575e06f8fede3a9a1cd87f6f8b40a890,generated_large,MATLAB editable figure,active_baseline,false,true,false,large reproducible FIG intermediate; PNG retained when available
2 暑假_两个月仿真任务/Week 4 0813之前/歼36_4x4机群_sar_code_2D/results_4x4_ssb_2bit/20260812_174207_uav/sar_4x4_ssb_2bit.png,sar_4x4_ssb_2bit.png,.png,95548,0893f686f14b501a08e1b7339a9794d7b55450d3a2a73a4046b22bd9052f4c27,result_image,rendered simulation/result/reference image,active_baseline,false,true,true,
2 暑假_两个月仿真任务/Week 4 0813之前/歼36_4x4机群_sar_code_2D/results_4x4_ssb_2bit/20260812_174207_uav/sar_4x4_ssb_2bit_central_2x2.fig,sar_4x4_ssb_2bit_central_2x2.fig,.fig,12330854,10638e59a525dcad2bede447392eda9446207bb3f067e6b734a16623b0fb9fa0,generated_large,MATLAB editable figure,active_baseline,false,true,false,large reproducible FIG intermediate; PNG retained when available
2 暑假_两个月仿真任务/Week 4 0813之前/歼36_4x4机群_sar_code_2D/results_4x4_ssb_2bit/20260812_174207_uav/sar_4x4_ssb_2bit_central_2x2.png,sar_4x4_ssb_2bit_central_2x2.png,.png,61576,6c4c9af3e9a9d19f58010ff3bf91936efbd4e7b84ae303691a7e9f4729e5fd47,result_image,rendered simulation/result/reference image,active_baseline,false,true,true,
2 暑假_两个月仿真任务/Week 4 0813之前/歼36_4x4机群_sar_code_2D/results_4x4_ssb_2bit/20260812_174207_uav/sar_4x4_ssb_2bit_full_field.fig,sar_4x4_ssb_2bit_full_field.fig,.fig,12437366,de753705adffabff6d99d23f56f91c161aa277ba4a9697db794977163a77416d,generated_large,MATLAB editable figure,active_baseline,false,true,false,large reproducible FIG intermediate; PNG retained when available
2 暑假_两个月仿真任务/Week 4 0813之前/歼36_4x4机群_sar_code_2D/results_4x4_ssb_2bit/20260812_174207_uav/sar_4x4_ssb_2bit_full_field.png,sar_4x4_ssb_2bit_full_field.png,.png,225218,591633434cd0c68cd5cb827738cefbdbebee7dcd59100e164b863038a6e4040a,result_image,rendered simulation/result/reference image,active_baseline,false,true,true,
2 暑假_两个月仿真任务/Week 4 0813之前/歼36_4x4机群_sar_code_2D/results_4x4_ssb_2bit/20260812_174207_uav/sar_four_real_corners.fig,sar_four_real_corners.fig,.fig,12301790,420e328a9e5c800155ac548188e48ec83d0796a191a9ca419c72e6e576417de6,generated_large,MATLAB editable figure,active_baseline,false,true,false,large reproducible FIG intermediate; PNG retained when available
2 暑假_两个月仿真任务/Week 4 0813之前/歼36_4x4机群_sar_code_2D/results_4x4_ssb_2bit/20260812_174207_uav/sar_four_real_corners.png,sar_four_real_corners.png,.png,86193,2b13e5537a0eaf07ae53aed855a217b12a8588e1183209073873a307e8ca8675,result_image,rendered simulation/result/reference image,active_baseline,false,true,true,
2 暑假_两个月仿真任务/Week 4 0813之前/歼36_4x4机群_sar_code_2D/results_4x4_ssb_2bit/20260812_174207_uav/sar_results_4x4_ssb_2bit.mat,sar_results_4x4_ssb_2bit.mat,.mat,75956091,28ffe6e55225c438e783cc43c83ba70757fa75352968d054c19369c3eb91d0ac,generated_large,MATLAB raw/result matrix,active_baseline,false,true,false,large raw/result MAT excluded; compact data and PNG/CSV retained
2 暑假_两个月仿真任务/Week 4 0813之前/歼36_4x4机群_sar_code_2D/results_4x4_ssb_2bit/20260812_174207_uav/ssb_2bit_harmonic_amplitudes.csv,ssb_2bit_harmonic_amplitudes.csv,.csv,1689,2613622590cef52f1b85d7dd9215981095173a216e33e12800332da82966ab14,configuration,documentation or compact configuration/result table,active_baseline,false,true,true,
2 暑假_两个月仿真任务/Week 4 0813之前/歼36_4x4机群_sar_code_2D/results_4x4_ssb_2bit/20260812_174207_uav/ssb_2bit_harmonic_amplitudes.fig,ssb_2bit_harmonic_amplitudes.fig,.fig,24575,a4def904068d3f279525f4407a8843aa981c52426de4e6f83e4ff68deb676563,generated_large,MATLAB editable figure,active_baseline,false,true,false,large reproducible FIG intermediate; PNG retained when available
2 暑假_两个月仿真任务/Week 4 0813之前/歼36_4x4机群_sar_code_2D/results_4x4_ssb_2bit/20260812_174207_uav/ssb_2bit_harmonic_amplitudes.png,ssb_2bit_harmonic_amplitudes.png,.png,113931,4f9dd635e191ddd60c4e1dbcd25935a821239d3c7c0710cb7ce29916b6bf20f1,result_image,rendered simulation/result/reference image,active_baseline,false,true,true,
2 暑假_两个月仿真任务/Week 4 0813之前/歼36_4x4机群_sar_code_2D/results_4x4_ssb_2bit/20260812_174207_uav/ssb_2bit_harmonic_matrix.fig,ssb_2bit_harmonic_matrix.fig,.fig,18529,8adba756025284093a85bd5f59be1045316ceecc1330891f565b20812e8b6b8d,generated_large,MATLAB editable figure,active_baseline,false,true,false,large reproducible FIG intermediate; PNG retained when available
2 暑假_两个月仿真任务/Week 4 0813之前/歼36_4x4机群_sar_code_2D/results_4x4_ssb_2bit/20260812_174207_uav/ssb_2bit_harmonic_matrix.png,ssb_2bit_harmonic_matrix.png,.png,52901,c91f78af11cfc37f43a84bbf94273499f6ad164815ac9a6b9184c1a550ad43bb,result_image,rendered simulation/result/reference image,active_baseline,false,true,true,
2 暑假_两个月仿真任务/Week 4 0813之前/歼36_4x4机群_sar_code_2D/ship_trans.m,ship_trans.m,.m,7509,60e9270c8517bac9dba4a67441550b1cc17a1ada9212d1bc91bdc9046768e248,source,MATLAB/source text,active_baseline,false,false,true,
2 暑假_两个月仿真任务/Week 5 0815之前/.DS_Store,.DS_Store,,6148,d65165279105ca6773180500688df4bdc69a2c7b771752f0a46ef120b7fd8ec3,temporary,presentation/cache intermediate,active_baseline,false,false,false,hidden temporary/cache directory
2 暑假_两个月仿真任务/Week 5 0815之前/0815.pdf,0815.pdf,.pdf,2322557,4ca1c18a1150ce7a3ae9747f95c92f776c3a53221f2ddd6aa5dae889203a248b,source_materials,selected report/reference used by current research,active_baseline,false,false,true,
2 暑假_两个月仿真任务/Week 5 0815之前/0815.pptx,0815.pptx,.pptx,5647060,5f19488da0c88fd07bd94fd91de2c92cf4e1887fc3fe7cc3cecee2a34b8f58af,source_materials,selected report/reference used by current research,active_baseline,false,false,true,
2 暑假_两个月仿真任务/Week 5 0815之前/2026基于分布式时间调制超表面的复杂目标电磁拟像方法研究.docx,2026基于分布式时间调制超表面的复杂目标电磁拟像方法研究.docx,.docx,7205633,6837bd1340deb424fdc176da9f3bc5e66181f867cab1938fad62ad7d779263b4,source_materials,selected report/reference used by current research,active_baseline,false,false,true,
2 暑假_两个月仿真任务/Week 5 0815之前/SAR假目标自由度与物理阵列/.DS_Store,.DS_Store,,6148,d2fde1e46b8e6bb06cc528b514aeea4b39c249d7e36c858da6d3f62f7b69fcd8,temporary,presentation/cache intermediate,current,false,false,false,hidden temporary/cache directory
2 暑假_两个月仿真任务/Week 5 0815之前/SAR假目标自由度与物理阵列/.ppt_single_aircraft_build/build_single_aircraft_deck.mjs,build_single_aircraft_deck.mjs,.mjs,32698,b584d96d720dbe90fe997b8d92034d9e8d73cdb9aa3c516ee5420ada8ca2baa0,source,MATLAB/source text,current,false,false,true,
2 暑假_两个月仿真任务/Week 5 0815之前/SAR假目标自由度与物理阵列/.ppt_single_aircraft_build/crops/two_center.png,two_center.png,.png,106961,aa8e93e1c8c93bcbee3c909cec21cea6cf45b19bd42105f545610fa8e3bdb343,temporary,presentation/cache intermediate,current,false,true,false,hidden temporary/cache directory
2 暑假_两个月仿真任务/Week 5 0815之前/SAR假目标自由度与物理阵列/.ppt_single_aircraft_build/crops/two_left.png,two_left.png,.png,81141,62ad8577352b2235e09e215cafd4b6cf6c79df763b7ab579d09be81d3d633a0f,temporary,presentation/cache intermediate,current,false,true,false,hidden temporary/cache directory
2 暑假_两个月仿真任务/Week 5 0815之前/SAR假目标自由度与物理阵列/.ppt_single_aircraft_build/crops/two_right.png,two_right.png,.png,83456,cd24c47cf89e5bd817ae6ff330f59bade233c3b9dba726be1b10de90e87287aa,temporary,presentation/cache intermediate,current,false,true,false,hidden temporary/cache directory
2 暑假_两个月仿真任务/Week 5 0815之前/SAR假目标自由度与物理阵列/.ppt_single_aircraft_build/final_render_20260818/slide-1.png,slide-1.png,.png,294910,14a553e1be4d1f5454f0f7b13d6a579e96832627b96f1c3d994aa1ef75f16ff8,temporary,presentation/cache intermediate,current,false,true,false,hidden temporary/cache directory
2 暑假_两个月仿真任务/Week 5 0815之前/SAR假目标自由度与物理阵列/.ppt_single_aircraft_build/final_render_20260818/slide-2.png,slide-2.png,.png,153856,6ae4cbb4bd930d5e2be8b223fcc74b613419d72d92a86e89291f7845ea4be99b,temporary,presentation/cache intermediate,current,false,true,false,hidden temporary/cache directory
2 暑假_两个月仿真任务/Week 5 0815之前/SAR假目标自由度与物理阵列/.ppt_single_aircraft_build/final_render_20260818/slide-3.png,slide-3.png,.png,149748,6e46b9af15ff00a0f70ec700b3578da63bf355f69c859442872f065d464c5283,temporary,presentation/cache intermediate,current,false,true,false,hidden temporary/cache directory
2 暑假_两个月仿真任务/Week 5 0815之前/SAR假目标自由度与物理阵列/.ppt_single_aircraft_build/final_render_20260818/slide-4.png,slide-4.png,.png,157791,d286d9656722e1860729e1f38120b7fbfd01373bde190597f69caabadefaa448,temporary,presentation/cache intermediate,current,false,true,false,hidden temporary/cache directory
2 暑假_两个月仿真任务/Week 5 0815之前/SAR假目标自由度与物理阵列/.ppt_single_aircraft_build/final_render_20260818/slide-5.png,slide-5.png,.png,155886,c8958fb82e9178b7590abcf5a03fc2f429b5b9663e0f7b87bd771608e2d74c9d,temporary,presentation/cache intermediate,current,false,true,false,hidden temporary/cache directory
2 暑假_两个月仿真任务/Week 5 0815之前/SAR假目标自由度与物理阵列/.ppt_single_aircraft_build/final_render_20260818/slide-6.png,slide-6.png,.png,170376,c43222491cdebb457c749807c5678aa5ffc79fae520e0266e73480baa23aa9d2,temporary,presentation/cache intermediate,current,false,true,false,hidden temporary/cache directory
2 暑假_两个月仿真任务/Week 5 0815之前/SAR假目标自由度与物理阵列/.ppt_single_aircraft_build/final_render_20260818/slide-7.png,slide-7.png,.png,172804,28db4450ed7d0f8df8e909b9ce671de1671c3761e538ac9f94c67f62248e5830,temporary,presentation/cache intermediate,current,false,true,false,hidden temporary/cache directory
2 暑假_两个月仿真任务/Week 5 0815之前/SAR假目标自由度与物理阵列/.ppt_single_aircraft_build/final_render_20260818/slide-8.png,slide-8.png,.png,180330,4c02381386eb91ed57c994d90251a5733399e32664b0fcdaf3fd01e2227b697f,temporary,presentation/cache intermediate,current,false,true,false,hidden temporary/cache directory
2 暑假_两个月仿真任务/Week 5 0815之前/SAR假目标自由度与物理阵列/.ppt_single_aircraft_build/final_render_20260818/slide-9.png,slide-9.png,.png,325594,7520ff9848c38d208ece637f30a45da17ba0631f2cbdf8747ebceecec1a7e3f2,temporary,presentation/cache intermediate,current,false,true,false,hidden temporary/cache directory
2 暑假_两个月仿真任务/Week 5 0815之前/SAR假目标自由度与物理阵列/.ppt_single_aircraft_build/final_render_montage.png,final_render_montage.png,.png,306668,0ee72236b0db3366c79db90a0fd87793058ad2ed12b3e72ae75fa20e9703cc98,temporary,presentation/cache intermediate,current,false,true,false,hidden temporary/cache directory
2 暑假_两个月仿真任务/Week 5 0815之前/SAR假目标自由度与物理阵列/.ppt_single_aircraft_build/lo_montage.png,lo_montage.png,.png,683003,c91c0579e129480e8a358270b75beeef10a4aff8f5c6ac1e6f5ad2faa80c4da3,temporary,presentation/cache intermediate,current,false,true,false,hidden temporary/cache directory
2 暑假_两个月仿真任务/Week 5 0815之前/SAR假目标自由度与物理阵列/.ppt_single_aircraft_build/lo_montage2.png,lo_montage2.png,.png,703357,c71a3f82649d71af5b1d9acb14cb9c7b120226787ab19c6985955f7b0081c874,temporary,presentation/cache intermediate,current,false,true,false,hidden temporary/cache directory
2 暑假_两个月仿真任务/Week 5 0815之前/SAR假目标自由度与物理阵列/.ppt_single_aircraft_build/lo_rendered/slide-1.png,slide-1.png,.png,286435,0d25b471a86324499f40d24fc22e4b4901cd411cee5396ab73a4d08a678d953b,temporary,presentation/cache intermediate,current,false,true,false,hidden temporary/cache directory
2 暑假_两个月仿真任务/Week 5 0815之前/SAR假目标自由度与物理阵列/.ppt_single_aircraft_build/lo_rendered/slide-10.png,slide-10.png,.png,180375,bd775f99b9560edddc9998e018a6909bb0cddfc491f3a7738260abd7c2250e5c,temporary,presentation/cache intermediate,current,false,true,false,hidden temporary/cache directory
2 暑假_两个月仿真任务/Week 5 0815之前/SAR假目标自由度与物理阵列/.ppt_single_aircraft_build/lo_rendered/slide-11.png,slide-11.png,.png,227775,26d9eacad36dd1d81f2a0d9466e0bf72f8b19c0cbd109556de7b46337fb0ce7a,temporary,presentation/cache intermediate,current,false,true,false,hidden temporary/cache directory
2 暑假_两个月仿真任务/Week 5 0815之前/SAR假目标自由度与物理阵列/.ppt_single_aircraft_build/lo_rendered/slide-12.png,slide-12.png,.png,226988,7ed6a9e67efc4a77db223402edaa4ec887cf480e9dcf841272702a9508586ca2,temporary,presentation/cache intermediate,current,false,true,false,hidden temporary/cache directory
2 暑假_两个月仿真任务/Week 5 0815之前/SAR假目标自由度与物理阵列/.ppt_single_aircraft_build/lo_rendered/slide-13.png,slide-13.png,.png,219756,63050cf0776b11e37ac7951ce318e4bde60d104a398a1ed977477a2d40585163,temporary,presentation/cache intermediate,current,false,true,false,hidden temporary/cache directory
2 暑假_两个月仿真任务/Week 5 0815之前/SAR假目标自由度与物理阵列/.ppt_single_aircraft_build/lo_rendered/slide-14.png,slide-14.png,.png,157871,775acad0251185a2a72bd6d490e02556f5045a5faf394965430254298d7c0da7,temporary,presentation/cache intermediate,current,false,true,false,hidden temporary/cache directory
2 暑假_两个月仿真任务/Week 5 0815之前/SAR假目标自由度与物理阵列/.ppt_single_aircraft_build/lo_rendered/slide-15.png,slide-15.png,.png,144610,cedaa6154d7aef1a1a07b245dfe62858bf47464d099a3c8e1706518f9f96963e,temporary,presentation/cache intermediate,current,false,true,false,hidden temporary/cache directory
2 暑假_两个月仿真任务/Week 5 0815之前/SAR假目标自由度与物理阵列/.ppt_single_aircraft_build/lo_rendered/slide-16.png,slide-16.png,.png,125104,8cd4692735590cb1a8fe1768a25b9a2492b96618252b5de8c25a8f7c29efd8b7,temporary,presentation/cache intermediate,current,false,true,false,hidden temporary/cache directory
2 暑假_两个月仿真任务/Week 5 0815之前/SAR假目标自由度与物理阵列/.ppt_single_aircraft_build/lo_rendered/slide-17.png,slide-17.png,.png,115731,bdf0f1a72f5ac119513017eef93eccbf9fda8c1ed2d5a33ab10d716733ee093e,temporary,presentation/cache intermediate,current,false,true,false,hidden temporary/cache directory
2 暑假_两个月仿真任务/Week 5 0815之前/SAR假目标自由度与物理阵列/.ppt_single_aircraft_build/lo_rendered/slide-18.png,slide-18.png,.png,119331,16e1663554584d4bbd3f89e37d51e6ad57d94b4de6ea5accf09170d600e734f8,temporary,presentation/cache intermediate,current,false,true,false,hidden temporary/cache directory
2 暑假_两个月仿真任务/Week 5 0815之前/SAR假目标自由度与物理阵列/.ppt_single_aircraft_build/lo_rendered/slide-19.png,slide-19.png,.png,116418,c68eb8ce17d6d38081a038e49336d3134a5ae2301bf36a3d0958609a9c81782e,temporary,presentation/cache intermediate,current,false,true,false,hidden temporary/cache directory
2 暑假_两个月仿真任务/Week 5 0815之前/SAR假目标自由度与物理阵列/.ppt_single_aircraft_build/lo_rendered/slide-2.png,slide-2.png,.png,153700,94ae38d3ffcaf28614ccbfeed0c231cb6a65d0029b4270771e5a1ccef50c3d10,temporary,presentation/cache intermediate,current,false,true,false,hidden temporary/cache directory
2 暑假_两个月仿真任务/Week 5 0815之前/SAR假目标自由度与物理阵列/.ppt_single_aircraft_build/lo_rendered/slide-20.png,slide-20.png,.png,208396,3746917622a2ac55189cd1ab720151a314de967d23ecfd2527cdd34b2a4f37d0,temporary,presentation/cache intermediate,current,false,true,false,hidden temporary/cache directory
2 暑假_两个月仿真任务/Week 5 0815之前/SAR假目标自由度与物理阵列/.ppt_single_aircraft_build/lo_rendered/slide-3.png,slide-3.png,.png,149435,4ecd155360b48b5a6f297bd33015b97eb216c3d9af0194f68b71cdc4cd77f4a5,temporary,presentation/cache intermediate,current,false,true,false,hidden temporary/cache directory
2 暑假_两个月仿真任务/Week 5 0815之前/SAR假目标自由度与物理阵列/.ppt_single_aircraft_build/lo_rendered/slide-4.png,slide-4.png,.png,157059,53a33a14336f0b4612723f01e4ae727d54be1e909ecf35c1130640adaa3e8b10,temporary,presentation/cache intermediate,current,false,true,false,hidden temporary/cache directory
2 暑假_两个月仿真任务/Week 5 0815之前/SAR假目标自由度与物理阵列/.ppt_single_aircraft_build/lo_rendered/slide-5.png,slide-5.png,.png,155231,6a17179c78e814b54292c120438a6692226e31c723f88943baaa566737fc498d,temporary,presentation/cache intermediate,current,false,true,false,hidden temporary/cache directory
2 暑假_两个月仿真任务/Week 5 0815之前/SAR假目标自由度与物理阵列/.ppt_single_aircraft_build/lo_rendered/slide-6.png,slide-6.png,.png,169799,801a54e8172e9a329a7ff18db4b60b94ac40375e6d2c9d03eb166639a9f8a39a,temporary,presentation/cache intermediate,current,false,true,false,hidden temporary/cache directory
2 暑假_两个月仿真任务/Week 5 0815之前/SAR假目标自由度与物理阵列/.ppt_single_aircraft_build/lo_rendered/slide-7.png,slide-7.png,.png,172546,76b319c2b8e944979f1a0a4768e2cb234aaf03b70a22837f9eed3067c7751617,temporary,presentation/cache intermediate,current,false,true,false,hidden temporary/cache directory
2 暑假_两个月仿真任务/Week 5 0815之前/SAR假目标自由度与物理阵列/.ppt_single_aircraft_build/lo_rendered/slide-8.png,slide-8.png,.png,179617,1f944a8bdc35aed2e3b9e2256d916a0cf162aaef427a714738fa4c1b049c7386,temporary,presentation/cache intermediate,current,false,true,false,hidden temporary/cache directory
2 暑假_两个月仿真任务/Week 5 0815之前/SAR假目标自由度与物理阵列/.ppt_single_aircraft_build/lo_rendered/slide-9.png,slide-9.png,.png,320787,b848f4b89e920c6c97d02d6775fc557e39f2bf8d0f9f0afe5b4880f91d45a7a3,temporary,presentation/cache intermediate,current,false,true,false,hidden temporary/cache directory
2 暑假_两个月仿真任务/Week 5 0815之前/SAR假目标自由度与物理阵列/.ppt_single_aircraft_build/lo_rendered2/slide-1.png,slide-1.png,.png,286435,0d25b471a86324499f40d24fc22e4b4901cd411cee5396ab73a4d08a678d953b,temporary,presentation/cache intermediate,current,false,true,false,hidden temporary/cache directory
2 暑假_两个月仿真任务/Week 5 0815之前/SAR假目标自由度与物理阵列/.ppt_single_aircraft_build/lo_rendered2/slide-10.png,slide-10.png,.png,180375,bd775f99b9560edddc9998e018a6909bb0cddfc491f3a7738260abd7c2250e5c,temporary,presentation/cache intermediate,current,false,true,false,hidden temporary/cache directory
2 暑假_两个月仿真任务/Week 5 0815之前/SAR假目标自由度与物理阵列/.ppt_single_aircraft_build/lo_rendered2/slide-11.png,slide-11.png,.png,191677,46d351a5c8785f63cc314cffe0871943b74dabc75b0f42ad1c79297401a364bf,temporary,presentation/cache intermediate,current,false,true,false,hidden temporary/cache directory
2 暑假_两个月仿真任务/Week 5 0815之前/SAR假目标自由度与物理阵列/.ppt_single_aircraft_build/lo_rendered2/slide-12.png,slide-12.png,.png,212561,8c11786f1565f277b3b66b1812d1e0c91cc7e272a79d78c08394f601e762fb12,temporary,presentation/cache intermediate,current,false,true,false,hidden temporary/cache directory
2 暑假_两个月仿真任务/Week 5 0815之前/SAR假目标自由度与物理阵列/.ppt_single_aircraft_build/lo_rendered2/slide-13.png,slide-13.png,.png,185923,b2271de6b6518e24905888af0e88c1d5d98fa9c7c4d7a447aa015ece0cebffd5,temporary,presentation/cache intermediate,current,false,true,false,hidden temporary/cache directory
2 暑假_两个月仿真任务/Week 5 0815之前/SAR假目标自由度与物理阵列/.ppt_single_aircraft_build/lo_rendered2/slide-14.png,slide-14.png,.png,157871,775acad0251185a2a72bd6d490e02556f5045a5faf394965430254298d7c0da7,temporary,presentation/cache intermediate,current,false,true,false,hidden temporary/cache directory
2 暑假_两个月仿真任务/Week 5 0815之前/SAR假目标自由度与物理阵列/.ppt_single_aircraft_build/lo_rendered2/slide-15.png,slide-15.png,.png,144610,cedaa6154d7aef1a1a07b245dfe62858bf47464d099a3c8e1706518f9f96963e,temporary,presentation/cache intermediate,current,false,true,false,hidden temporary/cache directory
2 暑假_两个月仿真任务/Week 5 0815之前/SAR假目标自由度与物理阵列/.ppt_single_aircraft_build/lo_rendered2/slide-16.png,slide-16.png,.png,125104,8cd4692735590cb1a8fe1768a25b9a2492b96618252b5de8c25a8f7c29efd8b7,temporary,presentation/cache intermediate,current,false,true,false,hidden temporary/cache directory
2 暑假_两个月仿真任务/Week 5 0815之前/SAR假目标自由度与物理阵列/.ppt_single_aircraft_build/lo_rendered2/slide-17.png,slide-17.png,.png,115731,bdf0f1a72f5ac119513017eef93eccbf9fda8c1ed2d5a33ab10d716733ee093e,temporary,presentation/cache intermediate,current,false,true,false,hidden temporary/cache directory
2 暑假_两个月仿真任务/Week 5 0815之前/SAR假目标自由度与物理阵列/.ppt_single_aircraft_build/lo_rendered2/slide-18.png,slide-18.png,.png,119331,16e1663554584d4bbd3f89e37d51e6ad57d94b4de6ea5accf09170d600e734f8,temporary,presentation/cache intermediate,current,false,true,false,hidden temporary/cache directory
2 暑假_两个月仿真任务/Week 5 0815之前/SAR假目标自由度与物理阵列/.ppt_single_aircraft_build/lo_rendered2/slide-19.png,slide-19.png,.png,116418,c68eb8ce17d6d38081a038e49336d3134a5ae2301bf36a3d0958609a9c81782e,temporary,presentation/cache intermediate,current,false,true,false,hidden temporary/cache directory
2 暑假_两个月仿真任务/Week 5 0815之前/SAR假目标自由度与物理阵列/.ppt_single_aircraft_build/lo_rendered2/slide-2.png,slide-2.png,.png,153700,94ae38d3ffcaf28614ccbfeed0c231cb6a65d0029b4270771e5a1ccef50c3d10,temporary,presentation/cache intermediate,current,false,true,false,hidden temporary/cache directory
2 暑假_两个月仿真任务/Week 5 0815之前/SAR假目标自由度与物理阵列/.ppt_single_aircraft_build/lo_rendered2/slide-20.png,slide-20.png,.png,208396,3746917622a2ac55189cd1ab720151a314de967d23ecfd2527cdd34b2a4f37d0,temporary,presentation/cache intermediate,current,false,true,false,hidden temporary/cache directory
2 暑假_两个月仿真任务/Week 5 0815之前/SAR假目标自由度与物理阵列/.ppt_single_aircraft_build/lo_rendered2/slide-3.png,slide-3.png,.png,149435,4ecd155360b48b5a6f297bd33015b97eb216c3d9af0194f68b71cdc4cd77f4a5,temporary,presentation/cache intermediate,current,false,true,false,hidden temporary/cache directory
2 暑假_两个月仿真任务/Week 5 0815之前/SAR假目标自由度与物理阵列/.ppt_single_aircraft_build/lo_rendered2/slide-4.png,slide-4.png,.png,157059,53a33a14336f0b4612723f01e4ae727d54be1e909ecf35c1130640adaa3e8b10,temporary,presentation/cache intermediate,current,false,true,false,hidden temporary/cache directory
2 暑假_两个月仿真任务/Week 5 0815之前/SAR假目标自由度与物理阵列/.ppt_single_aircraft_build/lo_rendered2/slide-5.png,slide-5.png,.png,155231,6a17179c78e814b54292c120438a6692226e31c723f88943baaa566737fc498d,temporary,presentation/cache intermediate,current,false,true,false,hidden temporary/cache directory
2 暑假_两个月仿真任务/Week 5 0815之前/SAR假目标自由度与物理阵列/.ppt_single_aircraft_build/lo_rendered2/slide-6.png,slide-6.png,.png,169799,801a54e8172e9a329a7ff18db4b60b94ac40375e6d2c9d03eb166639a9f8a39a,temporary,presentation/cache intermediate,current,false,true,false,hidden temporary/cache directory
2 暑假_两个月仿真任务/Week 5 0815之前/SAR假目标自由度与物理阵列/.ppt_single_aircraft_build/lo_rendered2/slide-7.png,slide-7.png,.png,172546,76b319c2b8e944979f1a0a4768e2cb234aaf03b70a22837f9eed3067c7751617,temporary,presentation/cache intermediate,current,false,true,false,hidden temporary/cache directory
2 暑假_两个月仿真任务/Week 5 0815之前/SAR假目标自由度与物理阵列/.ppt_single_aircraft_build/lo_rendered2/slide-8.png,slide-8.png,.png,179617,1f944a8bdc35aed2e3b9e2256d916a0cf162aaef427a714738fa4c1b049c7386,temporary,presentation/cache intermediate,current,false,true,false,hidden temporary/cache directory
2 暑假_两个月仿真任务/Week 5 0815之前/SAR假目标自由度与物理阵列/.ppt_single_aircraft_build/lo_rendered2/slide-9.png,slide-9.png,.png,320787,b848f4b89e920c6c97d02d6775fc557e39f2bf8d0f9f0afe5b4880f91d45a7a3,temporary,presentation/cache intermediate,current,false,true,false,hidden temporary/cache directory
2 暑假_两个月仿真任务/Week 5 0815之前/SAR假目标自由度与物理阵列/.ppt_single_aircraft_build/montage.png,montage.png,.png,306891,6cf746ed4804074258f395846c7ea830e595a2dcf36ee583f3a1810b35cc1327,temporary,presentation/cache intermediate,current,false,true,false,hidden temporary/cache directory
2 暑假_两个月仿真任务/Week 5 0815之前/SAR假目标自由度与物理阵列/.ppt_single_aircraft_build/montage.webp,montage.webp,.webp,108078,f54238af95a6e165cf62c1984df608215c354169301c6ffb0759509341dd59aa,temporary,presentation/cache intermediate,current,false,false,false,hidden temporary/cache directory
2 暑假_两个月仿真任务/Week 5 0815之前/SAR假目标自由度与物理阵列/.ppt_single_aircraft_build/rendered/slide-01.layout.json,slide-01.layout.json,.json,138465,7de057677483e0a3857a285d49bc877e411913bf936bbd7f7a0046773ecd108e,temporary,presentation/cache intermediate,current,false,false,false,hidden temporary/cache directory
2 暑假_两个月仿真任务/Week 5 0815之前/SAR假目标自由度与物理阵列/.ppt_single_aircraft_build/rendered/slide-01.png,slide-01.png,.png,213515,dbe1e6fd6b4730af4176932444f41d30d62eb31b007cdcdf63b27fc9a6dc870f,temporary,presentation/cache intermediate,current,false,true,false,hidden temporary/cache directory
2 暑假_两个月仿真任务/Week 5 0815之前/SAR假目标自由度与物理阵列/.ppt_single_aircraft_build/rendered/slide-02.layout.json,slide-02.layout.json,.json,1891,798d92fc67773a63470c9dd2f5d3692bd9595588895783b5df1b45e5fb6fad83,temporary,presentation/cache intermediate,current,false,false,false,hidden temporary/cache directory
2 暑假_两个月仿真任务/Week 5 0815之前/SAR假目标自由度与物理阵列/.ppt_single_aircraft_build/rendered/slide-02.png,slide-02.png,.png,102247,37c3769bb7f0cbe66fa56de3560d0f95a7cd78ad9a4d5c0dc96d7a4a113e1955,temporary,presentation/cache intermediate,current,false,true,false,hidden temporary/cache directory
2 暑假_两个月仿真任务/Week 5 0815之前/SAR假目标自由度与物理阵列/.ppt_single_aircraft_build/rendered/slide-03.layout.json,slide-03.layout.json,.json,1892,2f60b2c36357c3ee069ae7b9b56a6d45007b00f64a3fbd7a7a2dbe7ad52a87f1,temporary,presentation/cache intermediate,current,false,false,false,hidden temporary/cache directory
2 暑假_两个月仿真任务/Week 5 0815之前/SAR假目标自由度与物理阵列/.ppt_single_aircraft_build/rendered/slide-03.png,slide-03.png,.png,98250,0da857543d69ab754f924c216184214e1bd6578bbd9065cfa3073e186154dcef,temporary,presentation/cache intermediate,current,false,true,false,hidden temporary/cache directory
2 暑假_两个月仿真任务/Week 5 0815之前/SAR假目标自由度与物理阵列/.ppt_single_aircraft_build/rendered/slide-04.layout.json,slide-04.layout.json,.json,1894,f1d4ad488432c2aab059dfc352299c574e38b16dd78c0d8c8537fc9c508f492c,temporary,presentation/cache intermediate,current,false,false,false,hidden temporary/cache directory
2 暑假_两个月仿真任务/Week 5 0815之前/SAR假目标自由度与物理阵列/.ppt_single_aircraft_build/rendered/slide-04.png,slide-04.png,.png,102012,70acd839c81d05ad7214792c67ff3dcde4cede0a7448ad50aa52e8e3dd70f4ae,temporary,presentation/cache intermediate,current,false,true,false,hidden temporary/cache directory
2 暑假_两个月仿真任务/Week 5 0815之前/SAR假目标自由度与物理阵列/.ppt_single_aircraft_build/rendered/slide-05.layout.json,slide-05.layout.json,.json,1906,11e29628fd1ff3c6cdc525746431a229b58230a330c07d32bdc13250df08e41e,temporary,presentation/cache intermediate,current,false,false,false,hidden temporary/cache directory
2 暑假_两个月仿真任务/Week 5 0815之前/SAR假目标自由度与物理阵列/.ppt_single_aircraft_build/rendered/slide-05.png,slide-05.png,.png,108628,921cd036b5aa0ce510a01c99abe281f4ae1f0472d41a007ffd0a249c09376af6,temporary,presentation/cache intermediate,current,false,true,false,hidden temporary/cache directory
2 暑假_两个月仿真任务/Week 5 0815之前/SAR假目标自由度与物理阵列/.ppt_single_aircraft_build/rendered/slide-06.layout.json,slide-06.layout.json,.json,1906,b0c280ec76c7dac25c0825b47c959114291149a77169c848630c97defe2f214d,temporary,presentation/cache intermediate,current,false,false,false,hidden temporary/cache directory
2 暑假_两个月仿真任务/Week 5 0815之前/SAR假目标自由度与物理阵列/.ppt_single_aircraft_build/rendered/slide-06.png,slide-06.png,.png,120526,e7b42bdd6ed7bf9a03fae699524bc4986e1fea454cee71a0f8344e923e7d2eaa,temporary,presentation/cache intermediate,current,false,true,false,hidden temporary/cache directory
2 暑假_两个月仿真任务/Week 5 0815之前/SAR假目标自由度与物理阵列/.ppt_single_aircraft_build/rendered/slide-07.layout.json,slide-07.layout.json,.json,1910,c5a4d3f453101c1bab326472019cacf8513a8bef3ef71da8c79a2f081ef7901f,temporary,presentation/cache intermediate,current,false,false,false,hidden temporary/cache directory
2 暑假_两个月仿真任务/Week 5 0815之前/SAR假目标自由度与物理阵列/.ppt_single_aircraft_build/rendered/slide-07.png,slide-07.png,.png,120762,bce32b819708502f6ca940f4b521dcc46174621722501dbfecbe22e11e06cc93,temporary,presentation/cache intermediate,current,false,true,false,hidden temporary/cache directory
2 暑假_两个月仿真任务/Week 5 0815之前/SAR假目标自由度与物理阵列/.ppt_single_aircraft_build/rendered/slide-08.layout.json,slide-08.layout.json,.json,1908,d2906139ab16f71658d5985e2f50cf301c04670410fc5a616d36e97ba3ca7111,temporary,presentation/cache intermediate,current,false,false,false,hidden temporary/cache directory
2 暑假_两个月仿真任务/Week 5 0815之前/SAR假目标自由度与物理阵列/.ppt_single_aircraft_build/rendered/slide-08.png,slide-08.png,.png,122391,1c88c6d28f35ce57cd4cc36566a52d4cfe686301134903cc35e145a387a5403b,temporary,presentation/cache intermediate,current,false,true,false,hidden temporary/cache directory
2 暑假_两个月仿真任务/Week 5 0815之前/SAR假目标自由度与物理阵列/.ppt_single_aircraft_build/rendered/slide-09.layout.json,slide-09.layout.json,.json,23179,ca129a0e2a7197945f104633526062075e88c278ade3831165d8b61d1b604c1b,temporary,presentation/cache intermediate,current,false,false,false,hidden temporary/cache directory
2 暑假_两个月仿真任务/Week 5 0815之前/SAR假目标自由度与物理阵列/.ppt_single_aircraft_build/rendered/slide-09.png,slide-09.png,.png,198257,c06a549f04b47821377048461807adc19ac6f7a08bd333da6ef7915dbf54ca0e,temporary,presentation/cache intermediate,current,false,true,false,hidden temporary/cache directory
2 暑假_两个月仿真任务/Week 5 0815之前/SAR假目标自由度与物理阵列/.ppt_single_aircraft_build/rendered/slide-10.layout.json,slide-10.layout.json,.json,49589,c4f198360188c4dba4c94de078edd3f9015c2863b7fc00089c1d893599426f69,temporary,presentation/cache intermediate,current,false,false,false,hidden temporary/cache directory
2 暑假_两个月仿真任务/Week 5 0815之前/SAR假目标自由度与物理阵列/.ppt_single_aircraft_build/rendered/slide-10.png,slide-10.png,.png,137462,387c08a2e87e42f16ca8330e53ad35b0c2027725ae2674e07c4f61e35df6e482,temporary,presentation/cache intermediate,current,false,true,false,hidden temporary/cache directory
2 暑假_两个月仿真任务/Week 5 0815之前/SAR假目标自由度与物理阵列/.ppt_single_aircraft_build/rendered/slide-11.layout.json,slide-11.layout.json,.json,14252,aca7eb2230bed46d14f31930e610d34ee782a38e44ca9e4e5cd4780531fb6df4,temporary,presentation/cache intermediate,current,false,false,false,hidden temporary/cache directory
2 暑假_两个月仿真任务/Week 5 0815之前/SAR假目标自由度与物理阵列/.ppt_single_aircraft_build/rendered/slide-11.png,slide-11.png,.png,145941,c304f95628b990253370733305cab5958e227982ec737229dc5cb4775926f7f9,temporary,presentation/cache intermediate,current,false,true,false,hidden temporary/cache directory
2 暑假_两个月仿真任务/Week 5 0815之前/SAR假目标自由度与物理阵列/.ppt_single_aircraft_build/rendered/slide-12.layout.json,slide-12.layout.json,.json,14324,dbb887b9854c1165a9f65deb576703216caa479c5c81ff879da14536ac3f7531,temporary,presentation/cache intermediate,current,false,false,false,hidden temporary/cache directory
2 暑假_两个月仿真任务/Week 5 0815之前/SAR假目标自由度与物理阵列/.ppt_single_aircraft_build/rendered/slide-12.png,slide-12.png,.png,161461,f6d6c735cf4fa97725c67ddf5058a60508a8c247dd967624d86ccee6f0f94ef0,temporary,presentation/cache intermediate,current,false,true,false,hidden temporary/cache directory
2 暑假_两个月仿真任务/Week 5 0815之前/SAR假目标自由度与物理阵列/.ppt_single_aircraft_build/rendered/slide-13.layout.json,slide-13.layout.json,.json,14182,3301aff78d9e2fefe4da3b96bf0bfef75f2bd24b46c5b9ea79a435092eb1036c,temporary,presentation/cache intermediate,current,false,false,false,hidden temporary/cache directory
2 暑假_两个月仿真任务/Week 5 0815之前/SAR假目标自由度与物理阵列/.ppt_single_aircraft_build/rendered/slide-13.png,slide-13.png,.png,141471,b0405312a4e6a68b8886a7bc7f852f0656dd56d535a490b648d70eaf7943cb52,temporary,presentation/cache intermediate,current,false,true,false,hidden temporary/cache directory
2 暑假_两个月仿真任务/Week 5 0815之前/SAR假目标自由度与物理阵列/.ppt_single_aircraft_build/rendered/slide-14.layout.json,slide-14.layout.json,.json,40928,b96f16bc68095a8ef824eb03ce0f73c63a5db857c351a5083f40d4f265c928d4,temporary,presentation/cache intermediate,current,false,false,false,hidden temporary/cache directory
2 暑假_两个月仿真任务/Week 5 0815之前/SAR假目标自由度与物理阵列/.ppt_single_aircraft_build/rendered/slide-14.png,slide-14.png,.png,120281,2d7441e0d48c705bcba8cc05e07ac2f5b4c6d98a05c77d62bea7deb238d13706,temporary,presentation/cache intermediate,current,false,true,false,hidden temporary/cache directory
2 暑假_两个月仿真任务/Week 5 0815之前/SAR假目标自由度与物理阵列/.ppt_single_aircraft_build/rendered/slide-15.layout.json,slide-15.layout.json,.json,1917,409e7998ca34f7d32534d11cd01480ceacd313e88e2d113b73e52c4f9c17fe79,temporary,presentation/cache intermediate,current,false,false,false,hidden temporary/cache directory
2 暑假_两个月仿真任务/Week 5 0815之前/SAR假目标自由度与物理阵列/.ppt_single_aircraft_build/rendered/slide-15.png,slide-15.png,.png,109069,88d1757f4ff9c51c119073c5541c59569bea2003379b4db1f9222c9fccee0f53,temporary,presentation/cache intermediate,current,false,true,false,hidden temporary/cache directory
2 暑假_两个月仿真任务/Week 5 0815之前/SAR假目标自由度与物理阵列/.ppt_single_aircraft_build/rendered/slide-16.layout.json,slide-16.layout.json,.json,1920,4ee0547281d1beb65eceb4196d65f52aa647da2c6020a7e7dfca6ea1150684fc,temporary,presentation/cache intermediate,current,false,false,false,hidden temporary/cache directory
2 暑假_两个月仿真任务/Week 5 0815之前/SAR假目标自由度与物理阵列/.ppt_single_aircraft_build/rendered/slide-16.png,slide-16.png,.png,86071,6e785e21bfe5a34d99bef7559433ea09416478f1e48dab95c3c2b908c5d5ec47,temporary,presentation/cache intermediate,current,false,true,false,hidden temporary/cache directory
2 暑假_两个月仿真任务/Week 5 0815之前/SAR假目标自由度与物理阵列/.ppt_single_aircraft_build/rendered/slide-17.layout.json,slide-17.layout.json,.json,1935,512947015856d56613f0056bf5a3261d9784239e4ba2b1176e99d763cf706a6f,temporary,presentation/cache intermediate,current,false,false,false,hidden temporary/cache directory
2 暑假_两个月仿真任务/Week 5 0815之前/SAR假目标自由度与物理阵列/.ppt_single_aircraft_build/rendered/slide-17.png,slide-17.png,.png,86262,bf4c1a0f778022bf5b3cab33b205a42fd1ce3acfcd9d1aa4d68a6fec554f5809,temporary,presentation/cache intermediate,current,false,true,false,hidden temporary/cache directory
2 暑假_两个月仿真任务/Week 5 0815之前/SAR假目标自由度与物理阵列/.ppt_single_aircraft_build/rendered/slide-18.layout.json,slide-18.layout.json,.json,1936,b27c03880ba94d2f293c072db709d02c4d8ecf444dd8da7aa1cd43612b75fe22,temporary,presentation/cache intermediate,current,false,false,false,hidden temporary/cache directory
2 暑假_两个月仿真任务/Week 5 0815之前/SAR假目标自由度与物理阵列/.ppt_single_aircraft_build/rendered/slide-18.png,slide-18.png,.png,89760,c76b2484c7c98492efd32961ae9c97bc69b165dd0821005dc72da215539d3139,temporary,presentation/cache intermediate,current,false,true,false,hidden temporary/cache directory
2 暑假_两个月仿真任务/Week 5 0815之前/SAR假目标自由度与物理阵列/.ppt_single_aircraft_build/rendered/slide-19.layout.json,slide-19.layout.json,.json,1950,2492277afda1aa0ea1e92fef16187a8610398d5a98f29fc29cbf228f08a477ae,temporary,presentation/cache intermediate,current,false,false,false,hidden temporary/cache directory
2 暑假_两个月仿真任务/Week 5 0815之前/SAR假目标自由度与物理阵列/.ppt_single_aircraft_build/rendered/slide-19.png,slide-19.png,.png,87050,dc0258c4b71a918e37b5f914d4ff730242894754d193f086bb42af1e730d4ac4,temporary,presentation/cache intermediate,current,false,true,false,hidden temporary/cache directory
2 暑假_两个月仿真任务/Week 5 0815之前/SAR假目标自由度与物理阵列/.ppt_single_aircraft_build/rendered/slide-20.layout.json,slide-20.layout.json,.json,53724,4e2d9123dc2944b108ae08414539c877935cf001a7afe13e735a5e5bcce1e0eb,temporary,presentation/cache intermediate,current,false,false,false,hidden temporary/cache directory
2 暑假_两个月仿真任务/Week 5 0815之前/SAR假目标自由度与物理阵列/.ppt_single_aircraft_build/rendered/slide-20.png,slide-20.png,.png,164168,152b5b0e942fa673514b4999363f594c8e09c99e7dd56e3914262146644118a9,temporary,presentation/cache intermediate,current,false,true,false,hidden temporary/cache directory
2 暑假_两个月仿真任务/Week 5 0815之前/SAR假目标自由度与物理阵列/.ppt_single_aircraft_build/source-notes.txt,source-notes.txt,.txt,487,fdcf497ffe7bfaea58e5dcd2f38f204a597dc5bef88da5ad7b1c64ec9a0110de,temporary,presentation/cache intermediate,current,false,false,false,hidden temporary/cache directory
2 暑假_两个月仿真任务/Week 5 0815之前/SAR假目标自由度与物理阵列/.ppt_update_delay_matrix/crop_test.png,crop_test.png,.png,147731,5c122ed19b9fcbbe5e929fd372b75caafc46d53d85be8c1047d66c3db110788b,temporary,presentation/cache intermediate,current,false,true,false,hidden temporary/cache directory
2 暑假_两个月仿真任务/Week 5 0815之前/SAR假目标自由度与物理阵列/.ppt_update_delay_matrix/crop_test2.png,crop_test2.png,.png,159175,a70ad22e2673d1afa4932a02857d28d850db7412f40e236c0b3c869c12e7f4ba,temporary,presentation/cache intermediate,current,false,true,false,hidden temporary/cache directory
2 暑假_两个月仿真任务/Week 5 0815之前/SAR假目标自由度与物理阵列/.ppt_update_delay_matrix/crop_test3.png,crop_test3.png,.png,127471,d9d5fe88ebc29935a7d7064844499236ff2541f6197a04416d44660d47004b7e,temporary,presentation/cache intermediate,current,false,true,false,hidden temporary/cache directory
2 暑假_两个月仿真任务/Week 5 0815之前/SAR假目标自由度与物理阵列/.ppt_update_delay_matrix/deviation-log.txt,deviation-log.txt,.txt,797,c82e913cecaeba4b63d203bd20cc8414b342148f6f2c51309230b4dde6d4ce9e,temporary,presentation/cache intermediate,current,false,false,false,hidden temporary/cache directory
2 暑假_两个月仿真任务/Week 5 0815之前/SAR假目标自由度与物理阵列/.ppt_update_delay_matrix/edit_delay_matrix_deck.mjs,edit_delay_matrix_deck.mjs,.mjs,11733,ed55231d4acb98a50effae23a6f76f46a83cfb6a305943a1d6cf5983bb43edfd,source,MATLAB/source text,current,false,false,true,
2 暑假_两个月仿真任务/Week 5 0815之前/SAR假目标自由度与物理阵列/.ppt_update_delay_matrix/final-layout/slide-01.layout.json,slide-01.layout.json,.json,23636,816e00d8f405df8138dbed7d355b877ede46a661b7206b407bd5d745addb47f8,temporary,presentation/cache intermediate,current,false,false,false,hidden temporary/cache directory
2 暑假_两个月仿真任务/Week 5 0815之前/SAR假目标自由度与物理阵列/.ppt_update_delay_matrix/final-layout/slide-02.layout.json,slide-02.layout.json,.json,31699,e2d24d7ab0fc2f13eb3759579490632ce8d98c4abf66d16cf1a79868a2de62f5,temporary,presentation/cache intermediate,current,false,false,false,hidden temporary/cache directory
2 暑假_两个月仿真任务/Week 5 0815之前/SAR假目标自由度与物理阵列/.ppt_update_delay_matrix/final-layout/slide-03.layout.json,slide-03.layout.json,.json,38356,550b890d64c0527daec7b3cbd83c9d440d49a79a22cb830b856db1da831550d4,temporary,presentation/cache intermediate,current,false,false,false,hidden temporary/cache directory
2 暑假_两个月仿真任务/Week 5 0815之前/SAR假目标自由度与物理阵列/.ppt_update_delay_matrix/final-layout/slide-04.layout.json,slide-04.layout.json,.json,11771,78c0d0a2ae69c4fbb13d9d48f8503fd4ac09188c4d30eea0b435ff2722069456,temporary,presentation/cache intermediate,current,false,false,false,hidden temporary/cache directory
2 暑假_两个月仿真任务/Week 5 0815之前/SAR假目标自由度与物理阵列/.ppt_update_delay_matrix/final-layout/slide-05.layout.json,slide-05.layout.json,.json,11751,d7c897d57eaa61b1f25a8fd19c833eaa429117f30d8bc7510172e18ebc28b81e,temporary,presentation/cache intermediate,current,false,false,false,hidden temporary/cache directory
2 暑假_两个月仿真任务/Week 5 0815之前/SAR假目标自由度与物理阵列/.ppt_update_delay_matrix/final-layout/slide-06.layout.json,slide-06.layout.json,.json,11761,54b6c573362b78b0311fa48f17a7aa7440ae3f8b26e6400765eebac907bfaecb,temporary,presentation/cache intermediate,current,false,false,false,hidden temporary/cache directory
2 暑假_两个月仿真任务/Week 5 0815之前/SAR假目标自由度与物理阵列/.ppt_update_delay_matrix/final-layout/slide-07.layout.json,slide-07.layout.json,.json,11796,96d8ae96d97c99c43f2dbba4ae6fc28b13246011680be538ce7840ed22149beb,temporary,presentation/cache intermediate,current,false,false,false,hidden temporary/cache directory
2 暑假_两个月仿真任务/Week 5 0815之前/SAR假目标自由度与物理阵列/.ppt_update_delay_matrix/final-layout/slide-08.layout.json,slide-08.layout.json,.json,11936,b7c0910265fc961392dc7be3574539e1043208068c56a135d9fa2452df7ff94c,temporary,presentation/cache intermediate,current,false,false,false,hidden temporary/cache directory
2 暑假_两个月仿真任务/Week 5 0815之前/SAR假目标自由度与物理阵列/.ppt_update_delay_matrix/final-layout/slide-09.layout.json,slide-09.layout.json,.json,14407,bf307ffacad029edbf0ea43c288da42ee4432d6ba4a8f8f44da17464518c11a5,temporary,presentation/cache intermediate,current,false,false,false,hidden temporary/cache directory
2 暑假_两个月仿真任务/Week 5 0815之前/SAR假目标自由度与物理阵列/.ppt_update_delay_matrix/final-layout/slide-10.layout.json,slide-10.layout.json,.json,20052,1e57c5c5e2b8df1d756344a70eaa129e4e8964111d1e7ff116c72a8415fe2003,temporary,presentation/cache intermediate,current,false,false,false,hidden temporary/cache directory
2 暑假_两个月仿真任务/Week 5 0815之前/SAR假目标自由度与物理阵列/.ppt_update_delay_matrix/final-layout/slide-11.layout.json,slide-11.layout.json,.json,13647,49ed5d54b772e32be6a5dead7bb1441f4629e21d8d5563298a1215a37906156d,temporary,presentation/cache intermediate,current,false,false,false,hidden temporary/cache directory
2 暑假_两个月仿真任务/Week 5 0815之前/SAR假目标自由度与物理阵列/.ppt_update_delay_matrix/final-layout/slide-12.layout.json,slide-12.layout.json,.json,9727,126f3880dafbacc03c10f81e14e198a58ce4fe748d52672aa67290b6b754337b,temporary,presentation/cache intermediate,current,false,false,false,hidden temporary/cache directory
2 暑假_两个月仿真任务/Week 5 0815之前/SAR假目标自由度与物理阵列/.ppt_update_delay_matrix/final-layout/slide-13.layout.json,slide-13.layout.json,.json,138378,71349f6cf62a5e02d1418ca5af5d2fde3dd3a3ac18063b4f399ab76474391d8a,temporary,presentation/cache intermediate,current,false,false,false,hidden temporary/cache directory
2 暑假_两个月仿真任务/Week 5 0815之前/SAR假目标自由度与物理阵列/.ppt_update_delay_matrix/final-layout/slide-14.layout.json,slide-14.layout.json,.json,165916,48889bbfe94dbf38ae150a1176e8ae47123b29a5fb4e4134055d3898ef88e76f,temporary,presentation/cache intermediate,current,false,false,false,hidden temporary/cache directory
2 暑假_两个月仿真任务/Week 5 0815之前/SAR假目标自由度与物理阵列/.ppt_update_delay_matrix/final-layout/slide-15.layout.json,slide-15.layout.json,.json,240248,9c313aed8eec3c2393848926d6e19acde462e1597a7dcc4e6f3fbe0278f521f5,temporary,presentation/cache intermediate,current,false,false,false,hidden temporary/cache directory
2 暑假_两个月仿真任务/Week 5 0815之前/SAR假目标自由度与物理阵列/.ppt_update_delay_matrix/final-layout/slide-16.layout.json,slide-16.layout.json,.json,236121,4cded325eed3237e1df201e969227faf0e11fdaeead0f2cef93416237cfbd60a,temporary,presentation/cache intermediate,current,false,false,false,hidden temporary/cache directory
2 暑假_两个月仿真任务/Week 5 0815之前/SAR假目标自由度与物理阵列/.ppt_update_delay_matrix/final-layout/slide-17.layout.json,slide-17.layout.json,.json,236141,5d60dfb7c11ff1219c53eb1748115b22e051c15ab94d0ffbe21162fd3894d294,temporary,presentation/cache intermediate,current,false,false,false,hidden temporary/cache directory
2 暑假_两个月仿真任务/Week 5 0815之前/SAR假目标自由度与物理阵列/.ppt_update_delay_matrix/final-layout/slide-18.layout.json,slide-18.layout.json,.json,246192,24cea6e4a947f6c27d925f5a3e7f0ff8993d91e790a72084dad4ec0b9c9be4fb,temporary,presentation/cache intermediate,current,false,false,false,hidden temporary/cache directory
2 暑假_两个月仿真任务/Week 5 0815之前/SAR假目标自由度与物理阵列/.ppt_update_delay_matrix/final-layout/slide-19.layout.json,slide-19.layout.json,.json,20066,0b9ca76bc517357161843d2581ec6ca24632f637dbf2ac20a2a3e6df8f998929,temporary,presentation/cache intermediate,current,false,false,false,hidden temporary/cache directory
2 暑假_两个月仿真任务/Week 5 0815之前/SAR假目标自由度与物理阵列/.ppt_update_delay_matrix/final-layout/slide-20.layout.json,slide-20.layout.json,.json,36847,7ca7b6b6a95e611dd1ba6f897dc7c74e9c565d4910b9b9c67c32391cccb96379,temporary,presentation/cache intermediate,current,false,false,false,hidden temporary/cache directory
2 暑假_两个月仿真任务/Week 5 0815之前/SAR假目标自由度与物理阵列/.ppt_update_delay_matrix/final-montage.png,final-montage.png,.png,668029,bdec592f3803d8a1f6e60e39b093f1f6f6287a0c06649a1426f53928b73267fc,temporary,presentation/cache intermediate,current,false,true,false,hidden temporary/cache directory
2 暑假_两个月仿真任务/Week 5 0815之前/SAR假目标自由度与物理阵列/.ppt_update_delay_matrix/final-preview/slide-01.png,slide-01.png,.png,119088,a082c14c9b6ef032f1b66116d79b51e6a90e4455fc1e329b98875771716888d7,temporary,presentation/cache intermediate,current,false,true,false,hidden temporary/cache directory
2 暑假_两个月仿真任务/Week 5 0815之前/SAR假目标自由度与物理阵列/.ppt_update_delay_matrix/final-preview/slide-02.png,slide-02.png,.png,161327,a2f7cbce08cf879cce6163e459828d70e8afb20fe1ed4cce043b410de2cd3432,temporary,presentation/cache intermediate,current,false,true,false,hidden temporary/cache directory
2 暑假_两个月仿真任务/Week 5 0815之前/SAR假目标自由度与物理阵列/.ppt_update_delay_matrix/final-preview/slide-03.png,slide-03.png,.png,127367,30f63dddd11fb50b981ea9c53e254eaba1b441f795933da08a02259e55b70c19,temporary,presentation/cache intermediate,current,false,true,false,hidden temporary/cache directory
2 暑假_两个月仿真任务/Week 5 0815之前/SAR假目标自由度与物理阵列/.ppt_update_delay_matrix/final-preview/slide-04.png,slide-04.png,.png,89041,9935057f53d1a691195f2724795093083d2f0af315e56a869c05ec0592d87551,temporary,presentation/cache intermediate,current,false,true,false,hidden temporary/cache directory
2 暑假_两个月仿真任务/Week 5 0815之前/SAR假目标自由度与物理阵列/.ppt_update_delay_matrix/final-preview/slide-05.png,slide-05.png,.png,82898,f504ecaafb07d493dfd01589e46a5c05e1074900e55ea01637050dae42099315,temporary,presentation/cache intermediate,current,false,true,false,hidden temporary/cache directory
2 暑假_两个月仿真任务/Week 5 0815之前/SAR假目标自由度与物理阵列/.ppt_update_delay_matrix/final-preview/slide-06.png,slide-06.png,.png,88438,bbb41017da4a5ff6d3e5d5210744285905000664a479e1f5e96a21fb98254eb8,temporary,presentation/cache intermediate,current,false,true,false,hidden temporary/cache directory
2 暑假_两个月仿真任务/Week 5 0815之前/SAR假目标自由度与物理阵列/.ppt_update_delay_matrix/final-preview/slide-07.png,slide-07.png,.png,85614,e54d5402f460d0be22eb6e88435e2b3fa25f0bc94335059ada2178c7ba306efc,temporary,presentation/cache intermediate,current,false,true,false,hidden temporary/cache directory
2 暑假_两个月仿真任务/Week 5 0815之前/SAR假目标自由度与物理阵列/.ppt_update_delay_matrix/final-preview/slide-08.png,slide-08.png,.png,97056,c5fc99077ca225acbd63fb5ee68e35e3d98d5442b1f934265c192844f66d8fe1,temporary,presentation/cache intermediate,current,false,true,false,hidden temporary/cache directory
2 暑假_两个月仿真任务/Week 5 0815之前/SAR假目标自由度与物理阵列/.ppt_update_delay_matrix/final-preview/slide-09.png,slide-09.png,.png,92655,60a034e824e85558fb9599aa9f4c86e843da903d9472fcdc691963afa7c7810e,temporary,presentation/cache intermediate,current,false,true,false,hidden temporary/cache directory
2 暑假_两个月仿真任务/Week 5 0815之前/SAR假目标自由度与物理阵列/.ppt_update_delay_matrix/final-preview/slide-10.png,slide-10.png,.png,104563,c229d7a3bc94f705510c6161b3fa837c61d016e0de2183fd143b2cb49a2a15f0,temporary,presentation/cache intermediate,current,false,true,false,hidden temporary/cache directory
2 暑假_两个月仿真任务/Week 5 0815之前/SAR假目标自由度与物理阵列/.ppt_update_delay_matrix/final-preview/slide-11.png,slide-11.png,.png,141671,7bcf1c4944c14862c84b15fec4fdc9c9d6e0bf751db48c9fd12cd9e1ef334d99,temporary,presentation/cache intermediate,current,false,true,false,hidden temporary/cache directory
2 暑假_两个月仿真任务/Week 5 0815之前/SAR假目标自由度与物理阵列/.ppt_update_delay_matrix/final-preview/slide-12.png,slide-12.png,.png,119511,7283dbd95db5e2f5d0952a1fdc2d5514f604a0cb0ad5b41719de6d1ff982833a,temporary,presentation/cache intermediate,current,false,true,false,hidden temporary/cache directory
2 暑假_两个月仿真任务/Week 5 0815之前/SAR假目标自由度与物理阵列/.ppt_update_delay_matrix/final-preview/slide-13.png,slide-13.png,.png,120793,8e4e1f3dc0c8bdd1d278150dc52e288db13d89e541f2fcae068e2a3abb018535,temporary,presentation/cache intermediate,current,false,true,false,hidden temporary/cache directory
2 暑假_两个月仿真任务/Week 5 0815之前/SAR假目标自由度与物理阵列/.ppt_update_delay_matrix/final-preview/slide-14.png,slide-14.png,.png,120924,cb84fa7cd5bd2e3731dacda3d178680f5c99bd06518478a5b3eaad14aacba929,temporary,presentation/cache intermediate,current,false,true,false,hidden temporary/cache directory
2 暑假_两个月仿真任务/Week 5 0815之前/SAR假目标自由度与物理阵列/.ppt_update_delay_matrix/final-preview/slide-15.png,slide-15.png,.png,153827,e34521b867468f738113855d0f4fe759585e3f533ca6191c93e77c2ab2c28988,temporary,presentation/cache intermediate,current,false,true,false,hidden temporary/cache directory
2 暑假_两个月仿真任务/Week 5 0815之前/SAR假目标自由度与物理阵列/.ppt_update_delay_matrix/final-preview/slide-16.png,slide-16.png,.png,152100,6b822f9339aba62eaaca631a439e8d49c20784d4720019fc03c96ba75e9b1ef1,temporary,presentation/cache intermediate,current,false,true,false,hidden temporary/cache directory
2 暑假_两个月仿真任务/Week 5 0815之前/SAR假目标自由度与物理阵列/.ppt_update_delay_matrix/final-preview/slide-17.png,slide-17.png,.png,155235,88b3f06dabf85a1e4ee6cdb22cc4d7dbde657f57148d92e53ab34d645d61a6c9,temporary,presentation/cache intermediate,current,false,true,false,hidden temporary/cache directory
2 暑假_两个月仿真任务/Week 5 0815之前/SAR假目标自由度与物理阵列/.ppt_update_delay_matrix/final-preview/slide-18.png,slide-18.png,.png,178854,c275ba96396c43ef976eb1e229c5b167b5c8cb0ced76f9186545c79fdeb97533,temporary,presentation/cache intermediate,current,false,true,false,hidden temporary/cache directory
2 暑假_两个月仿真任务/Week 5 0815之前/SAR假目标自由度与物理阵列/.ppt_update_delay_matrix/final-preview/slide-19.png,slide-19.png,.png,108024,f35e5de0da3cf314b864f9cf170d675c72b96a83f9196576093a337a6bd4268d,temporary,presentation/cache intermediate,current,false,true,false,hidden temporary/cache directory
2 暑假_两个月仿真任务/Week 5 0815之前/SAR假目标自由度与物理阵列/.ppt_update_delay_matrix/final-preview/slide-20.png,slide-20.png,.png,161305,40aee869288a0d484309dace97e0a64450e3585a24bfc6e2bee3857b17e84df3,temporary,presentation/cache intermediate,current,false,true,false,hidden temporary/cache directory
2 暑假_两个月仿真任务/Week 5 0815之前/SAR假目标自由度与物理阵列/.ppt_update_delay_matrix/pptx-final-montage.png,pptx-final-montage.png,.png,655682,ede4006721585962d9e75e9f1fcfa52d903147891bece039395ce381812a4fda,temporary,presentation/cache intermediate,current,false,true,false,hidden temporary/cache directory
2 暑假_两个月仿真任务/Week 5 0815之前/SAR假目标自由度与物理阵列/.ppt_update_delay_matrix/pptx-rendered/slide-1.png,slide-1.png,.png,156964,5922a25164d6067b3d81f28a02657940a2e81ac6a614c0b61960e25e569b2a93,temporary,presentation/cache intermediate,current,false,true,false,hidden temporary/cache directory
2 暑假_两个月仿真任务/Week 5 0815之前/SAR假目标自由度与物理阵列/.ppt_update_delay_matrix/pptx-rendered/slide-10.png,slide-10.png,.png,136199,f48fa0a766b39f3dd2ff054e195abffd81c4db6da387d774308693ffeeacb6a2,temporary,presentation/cache intermediate,current,false,true,false,hidden temporary/cache directory
2 暑假_两个月仿真任务/Week 5 0815之前/SAR假目标自由度与物理阵列/.ppt_update_delay_matrix/pptx-rendered/slide-11.png,slide-11.png,.png,192521,acc5c6e38b9a0364882bb20674eeee3da043e874ffeef26e4c6ecc4db6b5b285,temporary,presentation/cache intermediate,current,false,true,false,hidden temporary/cache directory
2 暑假_两个月仿真任务/Week 5 0815之前/SAR假目标自由度与物理阵列/.ppt_update_delay_matrix/pptx-rendered/slide-12.png,slide-12.png,.png,149459,cc1f10309ced8e55fdf709cbcf92702f713f59110e653af0269291a44a0c0112,temporary,presentation/cache intermediate,current,false,true,false,hidden temporary/cache directory
2 暑假_两个月仿真任务/Week 5 0815之前/SAR假目标自由度与物理阵列/.ppt_update_delay_matrix/pptx-rendered/slide-13.png,slide-13.png,.png,160417,066aa0660665f1f0ecdab1af131c9422e2e7215c0a330c6105b96c75c9cd9628,temporary,presentation/cache intermediate,current,false,true,false,hidden temporary/cache directory
2 暑假_两个月仿真任务/Week 5 0815之前/SAR假目标自由度与物理阵列/.ppt_update_delay_matrix/pptx-rendered/slide-14.png,slide-14.png,.png,163113,e177e63c01a56599a815c51087c1ddf73a011904508efcc22295a87045962a82,temporary,presentation/cache intermediate,current,false,true,false,hidden temporary/cache directory
2 暑假_两个月仿真任务/Week 5 0815之前/SAR假目标自由度与物理阵列/.ppt_update_delay_matrix/pptx-rendered/slide-15.png,slide-15.png,.png,206367,08659b722c5570f62bed04b8d6ad7dce09119f117da44a011d3a883c3cc8df0c,temporary,presentation/cache intermediate,current,false,true,false,hidden temporary/cache directory
2 暑假_两个月仿真任务/Week 5 0815之前/SAR假目标自由度与物理阵列/.ppt_update_delay_matrix/pptx-rendered/slide-16.png,slide-16.png,.png,201796,c16a2a3627b4540b786ac796c42378595503c910dd27c89f4abb83368fcd62a2,temporary,presentation/cache intermediate,current,false,true,false,hidden temporary/cache directory
2 暑假_两个月仿真任务/Week 5 0815之前/SAR假目标自由度与物理阵列/.ppt_update_delay_matrix/pptx-rendered/slide-17.png,slide-17.png,.png,204795,72f20d414be5e70b91ca0793759375a7f8150c6a8749a77b2c1439671bfd387e,temporary,presentation/cache intermediate,current,false,true,false,hidden temporary/cache directory
2 暑假_两个月仿真任务/Week 5 0815之前/SAR假目标自由度与物理阵列/.ppt_update_delay_matrix/pptx-rendered/slide-18.png,slide-18.png,.png,236703,c5ff6e6b7598f08dcaaf9011127ca4bf6c81d4e46e653682b2d8d5ebebfef719,temporary,presentation/cache intermediate,current,false,true,false,hidden temporary/cache directory
2 暑假_两个月仿真任务/Week 5 0815之前/SAR假目标自由度与物理阵列/.ppt_update_delay_matrix/pptx-rendered/slide-19.png,slide-19.png,.png,139348,ed10ffd9f907d9002abb21f36dcd8b2c4893c00e4c9d814ab1e9ede313a9a5a1,temporary,presentation/cache intermediate,current,false,true,false,hidden temporary/cache directory
2 暑假_两个月仿真任务/Week 5 0815之前/SAR假目标自由度与物理阵列/.ppt_update_delay_matrix/pptx-rendered/slide-2.png,slide-2.png,.png,217570,42e3590640ab8f79e80cd806a5fe8e448d3cd962142517c934f0bf1f71f49f53,temporary,presentation/cache intermediate,current,false,true,false,hidden temporary/cache directory
2 暑假_两个月仿真任务/Week 5 0815之前/SAR假目标自由度与物理阵列/.ppt_update_delay_matrix/pptx-rendered/slide-20.png,slide-20.png,.png,206903,cc32894ec225f1e383fd0d1deb35469efcce35e639c6eaff314ba781890067a7,temporary,presentation/cache intermediate,current,false,true,false,hidden temporary/cache directory
2 暑假_两个月仿真任务/Week 5 0815之前/SAR假目标自由度与物理阵列/.ppt_update_delay_matrix/pptx-rendered/slide-3.png,slide-3.png,.png,163871,3a5d7a1becc12c2d84ef991385f7ca985d86cc844f165863390aa95245fef43c,temporary,presentation/cache intermediate,current,false,true,false,hidden temporary/cache directory
2 暑假_两个月仿真任务/Week 5 0815之前/SAR假目标自由度与物理阵列/.ppt_update_delay_matrix/pptx-rendered/slide-4.png,slide-4.png,.png,115509,53db75536ce2597541d33c2e82292e6e426723749a249f44e315cb4c2933d33a,temporary,presentation/cache intermediate,current,false,true,false,hidden temporary/cache directory
2 暑假_两个月仿真任务/Week 5 0815之前/SAR假目标自由度与物理阵列/.ppt_update_delay_matrix/pptx-rendered/slide-5.png,slide-5.png,.png,108087,df0fd9a320bd66e88b350a1c97e2e5939753b2e91c3e0d25e6972c195a0f2ac1,temporary,presentation/cache intermediate,current,false,true,false,hidden temporary/cache directory
2 暑假_两个月仿真任务/Week 5 0815之前/SAR假目标自由度与物理阵列/.ppt_update_delay_matrix/pptx-rendered/slide-6.png,slide-6.png,.png,114563,46b99dedf4229dd162f7f07eb8ed9401f197124a8e6828469dfec9c6a1cbc8d4,temporary,presentation/cache intermediate,current,false,true,false,hidden temporary/cache directory
2 暑假_两个月仿真任务/Week 5 0815之前/SAR假目标自由度与物理阵列/.ppt_update_delay_matrix/pptx-rendered/slide-7.png,slide-7.png,.png,114342,534a7cc8c40c3427ba1b90e88da8f4925a45c52cbf231b6546e4ae7cc13f5a45,temporary,presentation/cache intermediate,current,false,true,false,hidden temporary/cache directory
2 暑假_两个月仿真任务/Week 5 0815之前/SAR假目标自由度与物理阵列/.ppt_update_delay_matrix/pptx-rendered/slide-8.png,slide-8.png,.png,128929,96e9ef8a62e3b670a67de4ac2c59a868e1468c95f59e93993e4e43b7d8363c11,temporary,presentation/cache intermediate,current,false,true,false,hidden temporary/cache directory
2 暑假_两个月仿真任务/Week 5 0815之前/SAR假目标自由度与物理阵列/.ppt_update_delay_matrix/pptx-rendered/slide-9.png,slide-9.png,.png,125972,53950badaf57e8d6f09a893218c3452e453ddf0e4063923d8b3bca1450dd33d9,temporary,presentation/cache intermediate,current,false,true,false,hidden temporary/cache directory
2 暑假_两个月仿真任务/Week 5 0815之前/SAR假目标自由度与物理阵列/.ppt_update_delay_matrix/qa/template-fidelity-check.json,template-fidelity-check.json,.json,1823,3242ea26ee97dfbe75be224c04820053ed02730baa1309fd481ac78c0824f40f,temporary,presentation/cache intermediate,current,false,false,false,hidden temporary/cache directory
2 暑假_两个月仿真任务/Week 5 0815之前/SAR假目标自由度与物理阵列/.ppt_update_delay_matrix/qa/template-fidelity-check.txt,template-fidelity-check.txt,.txt,30,0574d0f6aeeddc9004ec37d66caeca416459075dc57241aa4a71706b873858e8,temporary,presentation/cache intermediate,current,false,false,false,hidden temporary/cache directory
2 暑假_两个月仿真任务/Week 5 0815之前/SAR假目标自由度与物理阵列/.ppt_update_delay_matrix/qa/template-plan-check.json,template-plan-check.json,.json,867,76d3938a160647fb20b65193318a6926e74e0959e53e1653365bb24badbe58ce,temporary,presentation/cache intermediate,current,false,false,false,hidden temporary/cache directory
2 暑假_两个月仿真任务/Week 5 0815之前/SAR假目标自由度与物理阵列/.ppt_update_delay_matrix/qa/template-plan-check.txt,template-plan-check.txt,.txt,26,7ed468cd3a8a00d13624df94318f13104c6140f21f49728e6e9216b1da0ed034,temporary,presentation/cache intermediate,current,false,false,false,hidden temporary/cache directory
2 暑假_两个月仿真任务/Week 5 0815之前/SAR假目标自由度与物理阵列/.ppt_update_delay_matrix/sar-crops/arbitrary_arrow_pair_sar.png,arbitrary_arrow_pair_sar.png,.png,158271,942cd6c6691e3dbf9447eb7a20498896407bb02c2ecfdf8527c7ee6bc4580185,temporary,presentation/cache intermediate,current,false,true,false,hidden temporary/cache directory
2 暑假_两个月仿真任务/Week 5 0815之前/SAR假目标自由度与物理阵列/.ppt_update_delay_matrix/sar-crops/arbitrary_heart_pair_sar.png,arbitrary_heart_pair_sar.png,.png,153567,f97ffaf8964f3a11ee0870238216905e26bb9a49578e8b9bdcc7ca30aea383a9,temporary,presentation/cache intermediate,current,false,true,false,hidden temporary/cache directory
2 暑假_两个月仿真任务/Week 5 0815之前/SAR假目标自由度与物理阵列/.ppt_update_delay_matrix/sar-crops/arbitrary_phone_pair_sar.png,arbitrary_phone_pair_sar.png,.png,156191,8b0922181d6958aa28676169e256d7d0a419a789841edbde5fc9d0ccdfb568d9,temporary,presentation/cache intermediate,current,false,true,false,hidden temporary/cache directory
2 暑假_两个月仿真任务/Week 5 0815之前/SAR假目标自由度与物理阵列/.ppt_update_delay_matrix/sar-crops/physical_4x4_system_pair_sar.png,physical_4x4_system_pair_sar.png,.png,127471,d9d5fe88ebc29935a7d7064844499236ff2541f6197a04416d44660d47004b7e,temporary,presentation/cache intermediate,current,false,true,false,hidden temporary/cache directory
2 暑假_两个月仿真任务/Week 5 0815之前/SAR假目标自由度与物理阵列/.ppt_update_delay_matrix/sar-crops/physical_5x5_system_pair_sar.png,physical_5x5_system_pair_sar.png,.png,129354,5dd7d19676bd85d001e9b785e01b75b6e43475821212b2c115a778738f607f26,temporary,presentation/cache intermediate,current,false,true,false,hidden temporary/cache directory
2 暑假_两个月仿真任务/Week 5 0815之前/SAR假目标自由度与物理阵列/.ppt_update_delay_matrix/source-montage.png,source-montage.png,.png,613032,1f2c0b57babe6399819701aac1e9b64a6eef6d19510f996322c70bddc9c8b785,temporary,presentation/cache intermediate,current,false,true,false,hidden temporary/cache directory
2 暑假_两个月仿真任务/Week 5 0815之前/SAR假目标自由度与物理阵列/.ppt_update_delay_matrix/template-audit.txt,template-audit.txt,.txt,1255,5899694a16b719a1c73530172ecc6031ab3c851cad35fe5c4eae120c52ee9d2a,temporary,presentation/cache intermediate,current,false,false,false,hidden temporary/cache directory
2 暑假_两个月仿真任务/Week 5 0815之前/SAR假目标自由度与物理阵列/.ppt_update_delay_matrix/template-frame-map.json,template-frame-map.json,.json,4471,8369e0076b6cdeef17860c87d37872410049901ca679dd709c003e8ad75a1c6f,temporary,presentation/cache intermediate,current,false,false,false,hidden temporary/cache directory
2 暑假_两个月仿真任务/Week 5 0815之前/SAR假目标自由度与物理阵列/.ppt_update_delay_matrix/template-inspect/assets/ppt/media/image.png,image.png,.png,266146,cd5179af4a56ceadb2cfa80b4ba221be2796214d94fde0cbc834008c59eac845,temporary,presentation/cache intermediate,current,false,true,false,hidden temporary/cache directory
2 暑假_两个月仿真任务/Week 5 0815之前/SAR假目标自由度与物理阵列/.ppt_update_delay_matrix/template-inspect/assets/ppt/media/image10.png,image10.png,.png,201586,0986989dc47e13ebf67b116b9a440447d87e908b5a9e8350d6ffeddad923b6eb,temporary,presentation/cache intermediate,current,false,true,false,hidden temporary/cache directory
2 暑假_两个月仿真任务/Week 5 0815之前/SAR假目标自由度与物理阵列/.ppt_update_delay_matrix/template-inspect/assets/ppt/media/image11.png,image11.png,.png,266146,cd5179af4a56ceadb2cfa80b4ba221be2796214d94fde0cbc834008c59eac845,temporary,presentation/cache intermediate,current,false,true,false,hidden temporary/cache directory
2 暑假_两个月仿真任务/Week 5 0815之前/SAR假目标自由度与物理阵列/.ppt_update_delay_matrix/template-inspect/assets/ppt/media/image12.png,image12.png,.png,218003,e4b258f357be6215da40c1a363f82d6e263e12e2ca2e6c91bde1e53d08c11ea3,temporary,presentation/cache intermediate,current,false,true,false,hidden temporary/cache directory
2 暑假_两个月仿真任务/Week 5 0815之前/SAR假目标自由度与物理阵列/.ppt_update_delay_matrix/template-inspect/assets/ppt/media/image13.png,image13.png,.png,243263,88c45fc826d0aaf0e396729b2333b3784420d9ac7ef41561f2de885e4e731b44,temporary,presentation/cache intermediate,current,false,true,false,hidden temporary/cache directory
2 暑假_两个月仿真任务/Week 5 0815之前/SAR假目标自由度与物理阵列/.ppt_update_delay_matrix/template-inspect/assets/ppt/media/image14.png,image14.png,.png,208031,260c5ec1dab48d8d8f1ff870840c2953e9a443eefc4494a46f7ad3cdba26c598,temporary,presentation/cache intermediate,current,false,true,false,hidden temporary/cache directory
2 暑假_两个月仿真任务/Week 5 0815之前/SAR假目标自由度与物理阵列/.ppt_update_delay_matrix/template-inspect/assets/ppt/media/image15.png,image15.png,.png,63760,33231aea8c1a335b35442add3cc11585343f166cdb981fb00564722edbaf8e24,temporary,presentation/cache intermediate,current,false,true,false,hidden temporary/cache directory
2 暑假_两个月仿真任务/Week 5 0815之前/SAR假目标自由度与物理阵列/.ppt_update_delay_matrix/template-inspect/assets/ppt/media/image16.png,image16.png,.png,230397,2083ed7eccb48271d9e846eb9885ba3f9ce6228b5e48f99c4370cfaafe395963,temporary,presentation/cache intermediate,current,false,true,false,hidden temporary/cache directory
2 暑假_两个月仿真任务/Week 5 0815之前/SAR假目标自由度与物理阵列/.ppt_update_delay_matrix/template-inspect/assets/ppt/media/image17.png,image17.png,.png,234824,87bdb8778128b512b66f7f82323a56401e305ab88f310cbe640bb6a8f136ff2c,temporary,presentation/cache intermediate,current,false,true,false,hidden temporary/cache directory
2 暑假_两个月仿真任务/Week 5 0815之前/SAR假目标自由度与物理阵列/.ppt_update_delay_matrix/template-inspect/assets/ppt/media/image18.png,image18.png,.png,232483,2d629f7d81ec1a1d620154ff3ef195b1ceb6938ddbe5457660ce2c1c36037a3a,temporary,presentation/cache intermediate,current,false,true,false,hidden temporary/cache directory
2 暑假_两个月仿真任务/Week 5 0815之前/SAR假目标自由度与物理阵列/.ppt_update_delay_matrix/template-inspect/assets/ppt/media/image19.png,image19.png,.png,112931,dd4a438fb7718dbd92137dc43a17fb775174c6f1cd46e9810685c0a4ab1fe053,temporary,presentation/cache intermediate,current,false,true,false,hidden temporary/cache directory
2 暑假_两个月仿真任务/Week 5 0815之前/SAR假目标自由度与物理阵列/.ppt_update_delay_matrix/template-inspect/assets/ppt/media/image2.png,image2.png,.png,317000,1bc4e08160e86456ade3eac037370bb40806cd42bca6c4f129ad1e3ae2a51d23,temporary,presentation/cache intermediate,current,false,true,false,hidden temporary/cache directory
2 暑假_两个月仿真任务/Week 5 0815之前/SAR假目标自由度与物理阵列/.ppt_update_delay_matrix/template-inspect/assets/ppt/media/image3.png,image3.png,.png,186271,68e9912bdcbbb1f18c92bf7067ee545030f1fca8a47999361684afe3d723718d,temporary,presentation/cache intermediate,current,false,true,false,hidden temporary/cache directory
2 暑假_两个月仿真任务/Week 5 0815之前/SAR假目标自由度与物理阵列/.ppt_update_delay_matrix/template-inspect/assets/ppt/media/image4.png,image4.png,.png,193269,d6051b98eeccbca5ff039005800b67444984e1c52bb56eed25cc27f9fbaa6a22,temporary,presentation/cache intermediate,current,false,true,false,hidden temporary/cache directory
2 暑假_两个月仿真任务/Week 5 0815之前/SAR假目标自由度与物理阵列/.ppt_update_delay_matrix/template-inspect/assets/ppt/media/image5.png,image5.png,.png,212691,3d7b6abe971e4677f75d64798fa958f62b701590152e8b72d1fe9b30e5485644,temporary,presentation/cache intermediate,current,false,true,false,hidden temporary/cache directory
2 暑假_两个月仿真任务/Week 5 0815之前/SAR假目标自由度与物理阵列/.ppt_update_delay_matrix/template-inspect/assets/ppt/media/image6.png,image6.png,.png,215852,d3c91f2d49600811a51e2b0b6daad6eadad5c36d434463203a20d767e099d0df,temporary,presentation/cache intermediate,current,false,true,false,hidden temporary/cache directory
2 暑假_两个月仿真任务/Week 5 0815之前/SAR假目标自由度与物理阵列/.ppt_update_delay_matrix/template-inspect/assets/ppt/media/image7.png,image7.png,.png,240750,2e92e5c49360ee6d2a5eac5f3d8c368d5b6bdeea52e81994d1a8067b6bb4555d,temporary,presentation/cache intermediate,current,false,true,false,hidden temporary/cache directory
2 暑假_两个月仿真任务/Week 5 0815之前/SAR假目标自由度与物理阵列/.ppt_update_delay_matrix/template-inspect/assets/ppt/media/image8.png,image8.png,.png,104900,ab34bf01211392094944c8e001f1b043045f01f563e28f02f850f65f615240b4,temporary,presentation/cache intermediate,current,false,true,false,hidden temporary/cache directory
2 暑假_两个月仿真任务/Week 5 0815之前/SAR假目标自由度与物理阵列/.ppt_update_delay_matrix/template-inspect/assets/ppt/media/image9.png,image9.png,.png,99928,7a00dcece6fc015fb74f2d2177b063aafa21fb53b035614c6203e7eae86ef494,temporary,presentation/cache intermediate,current,false,true,false,hidden temporary/cache directory
2 暑假_两个月仿真任务/Week 5 0815之前/SAR假目标自由度与物理阵列/.ppt_update_delay_matrix/template-inspect/layouts/source-slide-01.layout.json,source-slide-01.layout.json,.json,23636,816e00d8f405df8138dbed7d355b877ede46a661b7206b407bd5d745addb47f8,temporary,presentation/cache intermediate,current,false,false,false,hidden temporary/cache directory
2 暑假_两个月仿真任务/Week 5 0815之前/SAR假目标自由度与物理阵列/.ppt_update_delay_matrix/template-inspect/layouts/source-slide-02.layout.json,source-slide-02.layout.json,.json,31699,e2d24d7ab0fc2f13eb3759579490632ce8d98c4abf66d16cf1a79868a2de62f5,temporary,presentation/cache intermediate,current,false,false,false,hidden temporary/cache directory
2 暑假_两个月仿真任务/Week 5 0815之前/SAR假目标自由度与物理阵列/.ppt_update_delay_matrix/template-inspect/layouts/source-slide-03.layout.json,source-slide-03.layout.json,.json,38356,550b890d64c0527daec7b3cbd83c9d440d49a79a22cb830b856db1da831550d4,temporary,presentation/cache intermediate,current,false,false,false,hidden temporary/cache directory
2 暑假_两个月仿真任务/Week 5 0815之前/SAR假目标自由度与物理阵列/.ppt_update_delay_matrix/template-inspect/layouts/source-slide-04.layout.json,source-slide-04.layout.json,.json,11771,78c0d0a2ae69c4fbb13d9d48f8503fd4ac09188c4d30eea0b435ff2722069456,temporary,presentation/cache intermediate,current,false,false,false,hidden temporary/cache directory
2 暑假_两个月仿真任务/Week 5 0815之前/SAR假目标自由度与物理阵列/.ppt_update_delay_matrix/template-inspect/layouts/source-slide-05.layout.json,source-slide-05.layout.json,.json,11751,d7c897d57eaa61b1f25a8fd19c833eaa429117f30d8bc7510172e18ebc28b81e,temporary,presentation/cache intermediate,current,false,false,false,hidden temporary/cache directory
2 暑假_两个月仿真任务/Week 5 0815之前/SAR假目标自由度与物理阵列/.ppt_update_delay_matrix/template-inspect/layouts/source-slide-06.layout.json,source-slide-06.layout.json,.json,11761,54b6c573362b78b0311fa48f17a7aa7440ae3f8b26e6400765eebac907bfaecb,temporary,presentation/cache intermediate,current,false,false,false,hidden temporary/cache directory
2 暑假_两个月仿真任务/Week 5 0815之前/SAR假目标自由度与物理阵列/.ppt_update_delay_matrix/template-inspect/layouts/source-slide-07.layout.json,source-slide-07.layout.json,.json,11796,96d8ae96d97c99c43f2dbba4ae6fc28b13246011680be538ce7840ed22149beb,temporary,presentation/cache intermediate,current,false,false,false,hidden temporary/cache directory
2 暑假_两个月仿真任务/Week 5 0815之前/SAR假目标自由度与物理阵列/.ppt_update_delay_matrix/template-inspect/layouts/source-slide-08.layout.json,source-slide-08.layout.json,.json,11936,b7c0910265fc961392dc7be3574539e1043208068c56a135d9fa2452df7ff94c,temporary,presentation/cache intermediate,current,false,false,false,hidden temporary/cache directory
2 暑假_两个月仿真任务/Week 5 0815之前/SAR假目标自由度与物理阵列/.ppt_update_delay_matrix/template-inspect/layouts/source-slide-09.layout.json,source-slide-09.layout.json,.json,14407,bf307ffacad029edbf0ea43c288da42ee4432d6ba4a8f8f44da17464518c11a5,temporary,presentation/cache intermediate,current,false,false,false,hidden temporary/cache directory
2 暑假_两个月仿真任务/Week 5 0815之前/SAR假目标自由度与物理阵列/.ppt_update_delay_matrix/template-inspect/layouts/source-slide-10.layout.json,source-slide-10.layout.json,.json,20052,1e57c5c5e2b8df1d756344a70eaa129e4e8964111d1e7ff116c72a8415fe2003,temporary,presentation/cache intermediate,current,false,false,false,hidden temporary/cache directory
2 暑假_两个月仿真任务/Week 5 0815之前/SAR假目标自由度与物理阵列/.ppt_update_delay_matrix/template-inspect/layouts/source-slide-11.layout.json,source-slide-11.layout.json,.json,13647,49ed5d54b772e32be6a5dead7bb1441f4629e21d8d5563298a1215a37906156d,temporary,presentation/cache intermediate,current,false,false,false,hidden temporary/cache directory
2 暑假_两个月仿真任务/Week 5 0815之前/SAR假目标自由度与物理阵列/.ppt_update_delay_matrix/template-inspect/layouts/source-slide-12.layout.json,source-slide-12.layout.json,.json,9727,126f3880dafbacc03c10f81e14e198a58ce4fe748d52672aa67290b6b754337b,temporary,presentation/cache intermediate,current,false,false,false,hidden temporary/cache directory
2 暑假_两个月仿真任务/Week 5 0815之前/SAR假目标自由度与物理阵列/.ppt_update_delay_matrix/template-inspect/layouts/source-slide-13.layout.json,source-slide-13.layout.json,.json,9706,8e74904b447a52aecb1409ecdb243fc03c0cb687c401c95ad3b9c72147bc2537,temporary,presentation/cache intermediate,current,false,false,false,hidden temporary/cache directory
2 暑假_两个月仿真任务/Week 5 0815之前/SAR假目标自由度与物理阵列/.ppt_update_delay_matrix/template-inspect/layouts/source-slide-14.layout.json,source-slide-14.layout.json,.json,9621,ae3c5ee26f1ea1b2a9620be6ab1761a4c155e5ef8e5bd737345ee4656742f997,temporary,presentation/cache intermediate,current,false,false,false,hidden temporary/cache directory
2 暑假_两个月仿真任务/Week 5 0815之前/SAR假目标自由度与物理阵列/.ppt_update_delay_matrix/template-inspect/layouts/source-slide-15.layout.json,source-slide-15.layout.json,.json,16230,577e5aedc119fdfd3547df5c3a7adc784fcf6337d15231275ec370bb2aa4c692,temporary,presentation/cache intermediate,current,false,false,false,hidden temporary/cache directory
2 暑假_两个月仿真任务/Week 5 0815之前/SAR假目标自由度与物理阵列/.ppt_update_delay_matrix/template-inspect/layouts/source-slide-16.layout.json,source-slide-16.layout.json,.json,9857,fe1db5e148877089734e4c9ffbd34cbd56cec60cd4f24da28d58447982152814,temporary,presentation/cache intermediate,current,false,false,false,hidden temporary/cache directory
2 暑假_两个月仿真任务/Week 5 0815之前/SAR假目标自由度与物理阵列/.ppt_update_delay_matrix/template-inspect/layouts/source-slide-17.layout.json,source-slide-17.layout.json,.json,9787,449f3d39baa96f53ca331da96f753d333e1638c9e4bea3cc9d140180763945b7,temporary,presentation/cache intermediate,current,false,false,false,hidden temporary/cache directory
2 暑假_两个月仿真任务/Week 5 0815之前/SAR假目标自由度与物理阵列/.ppt_update_delay_matrix/template-inspect/layouts/source-slide-18.layout.json,source-slide-18.layout.json,.json,18298,3654d3f1bc4bac1392b3d11f034946562b05391c261fe3fe5b1ed37e073c1d72,temporary,presentation/cache intermediate,current,false,false,false,hidden temporary/cache directory
2 暑假_两个月仿真任务/Week 5 0815之前/SAR假目标自由度与物理阵列/.ppt_update_delay_matrix/template-inspect/layouts/source-slide-19.layout.json,source-slide-19.layout.json,.json,20066,0b9ca76bc517357161843d2581ec6ca24632f637dbf2ac20a2a3e6df8f998929,temporary,presentation/cache intermediate,current,false,false,false,hidden temporary/cache directory
2 暑假_两个月仿真任务/Week 5 0815之前/SAR假目标自由度与物理阵列/.ppt_update_delay_matrix/template-inspect/layouts/source-slide-20.layout.json,source-slide-20.layout.json,.json,36847,7ca7b6b6a95e611dd1ba6f897dc7c74e9c565d4910b9b9c67c32391cccb96379,temporary,presentation/cache intermediate,current,false,false,false,hidden temporary/cache directory
2 暑假_两个月仿真任务/Week 5 0815之前/SAR假目标自由度与物理阵列/.ppt_update_delay_matrix/template-inspect/source-slides/source-slide-01.png,source-slide-01.png,.png,119088,a082c14c9b6ef032f1b66116d79b51e6a90e4455fc1e329b98875771716888d7,temporary,presentation/cache intermediate,current,false,true,false,hidden temporary/cache directory
2 暑假_两个月仿真任务/Week 5 0815之前/SAR假目标自由度与物理阵列/.ppt_update_delay_matrix/template-inspect/source-slides/source-slide-02.png,source-slide-02.png,.png,161327,a2f7cbce08cf879cce6163e459828d70e8afb20fe1ed4cce043b410de2cd3432,temporary,presentation/cache intermediate,current,false,true,false,hidden temporary/cache directory
2 暑假_两个月仿真任务/Week 5 0815之前/SAR假目标自由度与物理阵列/.ppt_update_delay_matrix/template-inspect/source-slides/source-slide-03.png,source-slide-03.png,.png,127302,a94ee3d6ca9f78f53c281844254ed8bd8335fbd52faef13aeb73e77ad290880a,temporary,presentation/cache intermediate,current,false,true,false,hidden temporary/cache directory
2 暑假_两个月仿真任务/Week 5 0815之前/SAR假目标自由度与物理阵列/.ppt_update_delay_matrix/template-inspect/source-slides/source-slide-04.png,source-slide-04.png,.png,89041,9935057f53d1a691195f2724795093083d2f0af315e56a869c05ec0592d87551,temporary,presentation/cache intermediate,current,false,true,false,hidden temporary/cache directory
2 暑假_两个月仿真任务/Week 5 0815之前/SAR假目标自由度与物理阵列/.ppt_update_delay_matrix/template-inspect/source-slides/source-slide-05.png,source-slide-05.png,.png,82898,f504ecaafb07d493dfd01589e46a5c05e1074900e55ea01637050dae42099315,temporary,presentation/cache intermediate,current,false,true,false,hidden temporary/cache directory
2 暑假_两个月仿真任务/Week 5 0815之前/SAR假目标自由度与物理阵列/.ppt_update_delay_matrix/template-inspect/source-slides/source-slide-06.png,source-slide-06.png,.png,88438,bbb41017da4a5ff6d3e5d5210744285905000664a479e1f5e96a21fb98254eb8,temporary,presentation/cache intermediate,current,false,true,false,hidden temporary/cache directory
2 暑假_两个月仿真任务/Week 5 0815之前/SAR假目标自由度与物理阵列/.ppt_update_delay_matrix/template-inspect/source-slides/source-slide-07.png,source-slide-07.png,.png,85614,e54d5402f460d0be22eb6e88435e2b3fa25f0bc94335059ada2178c7ba306efc,temporary,presentation/cache intermediate,current,false,true,false,hidden temporary/cache directory
2 暑假_两个月仿真任务/Week 5 0815之前/SAR假目标自由度与物理阵列/.ppt_update_delay_matrix/template-inspect/source-slides/source-slide-08.png,source-slide-08.png,.png,97056,c5fc99077ca225acbd63fb5ee68e35e3d98d5442b1f934265c192844f66d8fe1,temporary,presentation/cache intermediate,current,false,true,false,hidden temporary/cache directory
2 暑假_两个月仿真任务/Week 5 0815之前/SAR假目标自由度与物理阵列/.ppt_update_delay_matrix/template-inspect/source-slides/source-slide-09.png,source-slide-09.png,.png,92655,60a034e824e85558fb9599aa9f4c86e843da903d9472fcdc691963afa7c7810e,temporary,presentation/cache intermediate,current,false,true,false,hidden temporary/cache directory
2 暑假_两个月仿真任务/Week 5 0815之前/SAR假目标自由度与物理阵列/.ppt_update_delay_matrix/template-inspect/source-slides/source-slide-10.png,source-slide-10.png,.png,104563,c229d7a3bc94f705510c6161b3fa837c61d016e0de2183fd143b2cb49a2a15f0,temporary,presentation/cache intermediate,current,false,true,false,hidden temporary/cache directory
2 暑假_两个月仿真任务/Week 5 0815之前/SAR假目标自由度与物理阵列/.ppt_update_delay_matrix/template-inspect/source-slides/source-slide-11.png,source-slide-11.png,.png,141671,7bcf1c4944c14862c84b15fec4fdc9c9d6e0bf751db48c9fd12cd9e1ef334d99,temporary,presentation/cache intermediate,current,false,true,false,hidden temporary/cache directory
2 暑假_两个月仿真任务/Week 5 0815之前/SAR假目标自由度与物理阵列/.ppt_update_delay_matrix/template-inspect/source-slides/source-slide-12.png,source-slide-12.png,.png,119511,7283dbd95db5e2f5d0952a1fdc2d5514f604a0cb0ad5b41719de6d1ff982833a,temporary,presentation/cache intermediate,current,false,true,false,hidden temporary/cache directory
2 暑假_两个月仿真任务/Week 5 0815之前/SAR假目标自由度与物理阵列/.ppt_update_delay_matrix/template-inspect/source-slides/source-slide-13.png,source-slide-13.png,.png,87280,c311054d2a7a8d8c08a4f9e706aab413c8267684ff145703d1441d64ffb0ffc0,temporary,presentation/cache intermediate,current,false,true,false,hidden temporary/cache directory
2 暑假_两个月仿真任务/Week 5 0815之前/SAR假目标自由度与物理阵列/.ppt_update_delay_matrix/template-inspect/source-slides/source-slide-14.png,source-slide-14.png,.png,88478,770d0a8a7f707ec8d953c57d6a12056234870465161646384fad9b4c0c9dc3c7,temporary,presentation/cache intermediate,current,false,true,false,hidden temporary/cache directory
2 暑假_两个月仿真任务/Week 5 0815之前/SAR假目标自由度与物理阵列/.ppt_update_delay_matrix/template-inspect/source-slides/source-slide-15.png,source-slide-15.png,.png,117492,6f513e4c204ed4efc3d3a91d6ebf19d815b4b715bfcfca3139ed91b9d054eb86,temporary,presentation/cache intermediate,current,false,true,false,hidden temporary/cache directory
2 暑假_两个月仿真任务/Week 5 0815之前/SAR假目标自由度与物理阵列/.ppt_update_delay_matrix/template-inspect/source-slides/source-slide-16.png,source-slide-16.png,.png,103268,7629235a3f13df20312d9dea4c0ccf46ce563c17c28abf7886b3fdd1115343df,temporary,presentation/cache intermediate,current,false,true,false,hidden temporary/cache directory
2 暑假_两个月仿真任务/Week 5 0815之前/SAR假目标自由度与物理阵列/.ppt_update_delay_matrix/template-inspect/source-slides/source-slide-17.png,source-slide-17.png,.png,104369,345b14afc473e1d9d40e0d6b374074e27850abc2c7b4821cb0e3ce483e43ae54,temporary,presentation/cache intermediate,current,false,true,false,hidden temporary/cache directory
2 暑假_两个月仿真任务/Week 5 0815之前/SAR假目标自由度与物理阵列/.ppt_update_delay_matrix/template-inspect/source-slides/source-slide-18.png,source-slide-18.png,.png,140300,f6ac0367b0f795ccfcb99a7e634bb79c6937cd61bb7c31434d140af96066ca64,temporary,presentation/cache intermediate,current,false,true,false,hidden temporary/cache directory
2 暑假_两个月仿真任务/Week 5 0815之前/SAR假目标自由度与物理阵列/.ppt_update_delay_matrix/template-inspect/source-slides/source-slide-19.png,source-slide-19.png,.png,108024,f35e5de0da3cf314b864f9cf170d675c72b96a83f9196576093a337a6bd4268d,temporary,presentation/cache intermediate,current,false,true,false,hidden temporary/cache directory
2 暑假_两个月仿真任务/Week 5 0815之前/SAR假目标自由度与物理阵列/.ppt_update_delay_matrix/template-inspect/source-slides/source-slide-20.png,source-slide-20.png,.png,161305,40aee869288a0d484309dace97e0a64450e3585a24bfc6e2bee3857b17e84df3,temporary,presentation/cache intermediate,current,false,true,false,hidden temporary/cache directory
2 暑假_两个月仿真任务/Week 5 0815之前/SAR假目标自由度与物理阵列/.ppt_update_delay_matrix/template-inspect/template-inspect.ndjson,template-inspect.ndjson,.ndjson,12042,f760dd03c0d8bfe6fed8575c2355187910252ac7ea096e02e8b51485ce6d4ea2,temporary,presentation/cache intermediate,current,false,false,false,hidden temporary/cache directory
2 暑假_两个月仿真任务/Week 5 0815之前/SAR假目标自由度与物理阵列/.ppt_update_delay_matrix/template-inspect/template-manifest.json,template-manifest.json,.json,24969,eae6872a9bd1aedb040b717eb5c7da4d3beb0e872cd8f7019230d399a956564b,temporary,presentation/cache intermediate,current,false,false,false,hidden temporary/cache directory
2 暑假_两个月仿真任务/Week 5 0815之前/SAR假目标自由度与物理阵列/.ppt_update_delay_matrix/template-starter-layout/starter-slide-01.layout.json,starter-slide-01.layout.json,.json,23632,c8c6502ae25359729092b52f5fe27605a949bcc2c84665b619dbd7882a814f3b,temporary,presentation/cache intermediate,current,false,false,false,hidden temporary/cache directory
2 暑假_两个月仿真任务/Week 5 0815之前/SAR假目标自由度与物理阵列/.ppt_update_delay_matrix/template-starter-layout/starter-slide-02.layout.json,starter-slide-02.layout.json,.json,31695,c51918a4a9648197d238c97a4575fcf9f516aecacd254ac40fef6b2c01f499a4,temporary,presentation/cache intermediate,current,false,false,false,hidden temporary/cache directory
2 暑假_两个月仿真任务/Week 5 0815之前/SAR假目标自由度与物理阵列/.ppt_update_delay_matrix/template-starter-layout/starter-slide-03.layout.json,starter-slide-03.layout.json,.json,38352,58ec17c1b1100f1e3aefbc3b9def9af29b6e12a124fa3f0c86a2297adb78d7df,temporary,presentation/cache intermediate,current,false,false,false,hidden temporary/cache directory
2 暑假_两个月仿真任务/Week 5 0815之前/SAR假目标自由度与物理阵列/.ppt_update_delay_matrix/template-starter-layout/starter-slide-04.layout.json,starter-slide-04.layout.json,.json,11767,92f2ae4bf0ac22284e4b5f75a4d6de6a94bba70d9da32b84d1939179ddfb9613,temporary,presentation/cache intermediate,current,false,false,false,hidden temporary/cache directory
2 暑假_两个月仿真任务/Week 5 0815之前/SAR假目标自由度与物理阵列/.ppt_update_delay_matrix/template-starter-layout/starter-slide-05.layout.json,starter-slide-05.layout.json,.json,11747,bfa124450977a4135e7caec81c31236d0b7dd7a507d18d5fe706b531da34356f,temporary,presentation/cache intermediate,current,false,false,false,hidden temporary/cache directory
2 暑假_两个月仿真任务/Week 5 0815之前/SAR假目标自由度与物理阵列/.ppt_update_delay_matrix/template-starter-layout/starter-slide-06.layout.json,starter-slide-06.layout.json,.json,11757,72b03f5235dbaa96a909c8889af0a02cc884f18395c6d1ee8ab3e6bac3a8d1d4,temporary,presentation/cache intermediate,current,false,false,false,hidden temporary/cache directory
2 暑假_两个月仿真任务/Week 5 0815之前/SAR假目标自由度与物理阵列/.ppt_update_delay_matrix/template-starter-layout/starter-slide-07.layout.json,starter-slide-07.layout.json,.json,11792,45d48fd4f45348b808d06154cee384e95dbd70bb896eee5309d86e225d413886,temporary,presentation/cache intermediate,current,false,false,false,hidden temporary/cache directory
2 暑假_两个月仿真任务/Week 5 0815之前/SAR假目标自由度与物理阵列/.ppt_update_delay_matrix/template-starter-layout/starter-slide-08.layout.json,starter-slide-08.layout.json,.json,11932,6595b2536540ef651fc1e4c30a699f4465fe8d71b1300b22fd4085c3b1df0868,temporary,presentation/cache intermediate,current,false,false,false,hidden temporary/cache directory
2 暑假_两个月仿真任务/Week 5 0815之前/SAR假目标自由度与物理阵列/.ppt_update_delay_matrix/template-starter-layout/starter-slide-09.layout.json,starter-slide-09.layout.json,.json,14403,577d2f4392be8460ea8dc79e80b32ada1fe03bfcbfc0ebb46ccc631538be9404,temporary,presentation/cache intermediate,current,false,false,false,hidden temporary/cache directory
2 暑假_两个月仿真任务/Week 5 0815之前/SAR假目标自由度与物理阵列/.ppt_update_delay_matrix/template-starter-layout/starter-slide-10.layout.json,starter-slide-10.layout.json,.json,20048,f8061cb94c907cd5c9073cbe317b91b9158827663e12103762ed691502d2d0a9,temporary,presentation/cache intermediate,current,false,false,false,hidden temporary/cache directory
2 暑假_两个月仿真任务/Week 5 0815之前/SAR假目标自由度与物理阵列/.ppt_update_delay_matrix/template-starter-layout/starter-slide-11.layout.json,starter-slide-11.layout.json,.json,13643,b6daea9e91ea9c742f41c671b20ce7b2c6bd291e929dfc7b6531bceb357db473,temporary,presentation/cache intermediate,current,false,false,false,hidden temporary/cache directory
2 暑假_两个月仿真任务/Week 5 0815之前/SAR假目标自由度与物理阵列/.ppt_update_delay_matrix/template-starter-layout/starter-slide-12.layout.json,starter-slide-12.layout.json,.json,9723,96b5521701c1b5b02e4cfb81a10d59a5fef64a45d978880a87397297f55523d1,temporary,presentation/cache intermediate,current,false,false,false,hidden temporary/cache directory
2 暑假_两个月仿真任务/Week 5 0815之前/SAR假目标自由度与物理阵列/.ppt_update_delay_matrix/template-starter-layout/starter-slide-13.layout.json,starter-slide-13.layout.json,.json,9702,88aef2848d5890824c37ad4b14a366ea741727e82d9b6e2d7158eb614e32fbe0,temporary,presentation/cache intermediate,current,false,false,false,hidden temporary/cache directory
2 暑假_两个月仿真任务/Week 5 0815之前/SAR假目标自由度与物理阵列/.ppt_update_delay_matrix/template-starter-layout/starter-slide-14.layout.json,starter-slide-14.layout.json,.json,9617,ef1013bb235df476415156e5f0440204791adfd472d5e3f4dd1a7d3085c469b5,temporary,presentation/cache intermediate,current,false,false,false,hidden temporary/cache directory
2 暑假_两个月仿真任务/Week 5 0815之前/SAR假目标自由度与物理阵列/.ppt_update_delay_matrix/template-starter-layout/starter-slide-15.layout.json,starter-slide-15.layout.json,.json,16226,99adc68412d226111dec48a20bf3357acee743fe5ea4bccf7615e4fab6fd7000,temporary,presentation/cache intermediate,current,false,false,false,hidden temporary/cache directory
2 暑假_两个月仿真任务/Week 5 0815之前/SAR假目标自由度与物理阵列/.ppt_update_delay_matrix/template-starter-layout/starter-slide-16.layout.json,starter-slide-16.layout.json,.json,9853,bfb054e3bbe9b638796bdbdd448371052bca9d2b239b7a4afb2dea491fb03220,temporary,presentation/cache intermediate,current,false,false,false,hidden temporary/cache directory
2 暑假_两个月仿真任务/Week 5 0815之前/SAR假目标自由度与物理阵列/.ppt_update_delay_matrix/template-starter-layout/starter-slide-17.layout.json,starter-slide-17.layout.json,.json,9783,b12be57c61fbce6551e70decfd650fb7a9fa2a839efa8ed381768052b705aa67,temporary,presentation/cache intermediate,current,false,false,false,hidden temporary/cache directory
2 暑假_两个月仿真任务/Week 5 0815之前/SAR假目标自由度与物理阵列/.ppt_update_delay_matrix/template-starter-layout/starter-slide-18.layout.json,starter-slide-18.layout.json,.json,18294,42ab9c1ef3a85ad368eb2dab67f4c27c2b60f2c76f9f717a90b7d7afc7df0b16,temporary,presentation/cache intermediate,current,false,false,false,hidden temporary/cache directory
2 暑假_两个月仿真任务/Week 5 0815之前/SAR假目标自由度与物理阵列/.ppt_update_delay_matrix/template-starter-layout/starter-slide-19.layout.json,starter-slide-19.layout.json,.json,20062,660377ae280ee18c954cb663a058ea863a8437257b29d94db78d07149e8eb968,temporary,presentation/cache intermediate,current,false,false,false,hidden temporary/cache directory
2 暑假_两个月仿真任务/Week 5 0815之前/SAR假目标自由度与物理阵列/.ppt_update_delay_matrix/template-starter-layout/starter-slide-20.layout.json,starter-slide-20.layout.json,.json,36843,11024fb09b61da58e5d3c56c81450383688b9e0653f36582e87f4fef9e738922,temporary,presentation/cache intermediate,current,false,false,false,hidden temporary/cache directory
2 暑假_两个月仿真任务/Week 5 0815之前/SAR假目标自由度与物理阵列/.ppt_update_delay_matrix/template-starter-preview/starter-slide-01.png,starter-slide-01.png,.png,119088,a082c14c9b6ef032f1b66116d79b51e6a90e4455fc1e329b98875771716888d7,temporary,presentation/cache intermediate,current,false,true,false,hidden temporary/cache directory
2 暑假_两个月仿真任务/Week 5 0815之前/SAR假目标自由度与物理阵列/.ppt_update_delay_matrix/template-starter-preview/starter-slide-02.png,starter-slide-02.png,.png,161327,a2f7cbce08cf879cce6163e459828d70e8afb20fe1ed4cce043b410de2cd3432,temporary,presentation/cache intermediate,current,false,true,false,hidden temporary/cache directory
2 暑假_两个月仿真任务/Week 5 0815之前/SAR假目标自由度与物理阵列/.ppt_update_delay_matrix/template-starter-preview/starter-slide-03.png,starter-slide-03.png,.png,127367,30f63dddd11fb50b981ea9c53e254eaba1b441f795933da08a02259e55b70c19,temporary,presentation/cache intermediate,current,false,true,false,hidden temporary/cache directory
2 暑假_两个月仿真任务/Week 5 0815之前/SAR假目标自由度与物理阵列/.ppt_update_delay_matrix/template-starter-preview/starter-slide-04.png,starter-slide-04.png,.png,89041,9935057f53d1a691195f2724795093083d2f0af315e56a869c05ec0592d87551,temporary,presentation/cache intermediate,current,false,true,false,hidden temporary/cache directory
2 暑假_两个月仿真任务/Week 5 0815之前/SAR假目标自由度与物理阵列/.ppt_update_delay_matrix/template-starter-preview/starter-slide-05.png,starter-slide-05.png,.png,82898,f504ecaafb07d493dfd01589e46a5c05e1074900e55ea01637050dae42099315,temporary,presentation/cache intermediate,current,false,true,false,hidden temporary/cache directory
2 暑假_两个月仿真任务/Week 5 0815之前/SAR假目标自由度与物理阵列/.ppt_update_delay_matrix/template-starter-preview/starter-slide-06.png,starter-slide-06.png,.png,88438,bbb41017da4a5ff6d3e5d5210744285905000664a479e1f5e96a21fb98254eb8,temporary,presentation/cache intermediate,current,false,true,false,hidden temporary/cache directory
2 暑假_两个月仿真任务/Week 5 0815之前/SAR假目标自由度与物理阵列/.ppt_update_delay_matrix/template-starter-preview/starter-slide-07.png,starter-slide-07.png,.png,85614,e54d5402f460d0be22eb6e88435e2b3fa25f0bc94335059ada2178c7ba306efc,temporary,presentation/cache intermediate,current,false,true,false,hidden temporary/cache directory
2 暑假_两个月仿真任务/Week 5 0815之前/SAR假目标自由度与物理阵列/.ppt_update_delay_matrix/template-starter-preview/starter-slide-08.png,starter-slide-08.png,.png,97056,c5fc99077ca225acbd63fb5ee68e35e3d98d5442b1f934265c192844f66d8fe1,temporary,presentation/cache intermediate,current,false,true,false,hidden temporary/cache directory
2 暑假_两个月仿真任务/Week 5 0815之前/SAR假目标自由度与物理阵列/.ppt_update_delay_matrix/template-starter-preview/starter-slide-09.png,starter-slide-09.png,.png,92655,60a034e824e85558fb9599aa9f4c86e843da903d9472fcdc691963afa7c7810e,temporary,presentation/cache intermediate,current,false,true,false,hidden temporary/cache directory
2 暑假_两个月仿真任务/Week 5 0815之前/SAR假目标自由度与物理阵列/.ppt_update_delay_matrix/template-starter-preview/starter-slide-10.png,starter-slide-10.png,.png,104563,c229d7a3bc94f705510c6161b3fa837c61d016e0de2183fd143b2cb49a2a15f0,temporary,presentation/cache intermediate,current,false,true,false,hidden temporary/cache directory
2 暑假_两个月仿真任务/Week 5 0815之前/SAR假目标自由度与物理阵列/.ppt_update_delay_matrix/template-starter-preview/starter-slide-11.png,starter-slide-11.png,.png,141671,7bcf1c4944c14862c84b15fec4fdc9c9d6e0bf751db48c9fd12cd9e1ef334d99,temporary,presentation/cache intermediate,current,false,true,false,hidden temporary/cache directory
2 暑假_两个月仿真任务/Week 5 0815之前/SAR假目标自由度与物理阵列/.ppt_update_delay_matrix/template-starter-preview/starter-slide-12.png,starter-slide-12.png,.png,119511,7283dbd95db5e2f5d0952a1fdc2d5514f604a0cb0ad5b41719de6d1ff982833a,temporary,presentation/cache intermediate,current,false,true,false,hidden temporary/cache directory
2 暑假_两个月仿真任务/Week 5 0815之前/SAR假目标自由度与物理阵列/.ppt_update_delay_matrix/template-starter-preview/starter-slide-13.png,starter-slide-13.png,.png,87280,c311054d2a7a8d8c08a4f9e706aab413c8267684ff145703d1441d64ffb0ffc0,temporary,presentation/cache intermediate,current,false,true,false,hidden temporary/cache directory
2 暑假_两个月仿真任务/Week 5 0815之前/SAR假目标自由度与物理阵列/.ppt_update_delay_matrix/template-starter-preview/starter-slide-14.png,starter-slide-14.png,.png,88478,770d0a8a7f707ec8d953c57d6a12056234870465161646384fad9b4c0c9dc3c7,temporary,presentation/cache intermediate,current,false,true,false,hidden temporary/cache directory
2 暑假_两个月仿真任务/Week 5 0815之前/SAR假目标自由度与物理阵列/.ppt_update_delay_matrix/template-starter-preview/starter-slide-15.png,starter-slide-15.png,.png,117492,6f513e4c204ed4efc3d3a91d6ebf19d815b4b715bfcfca3139ed91b9d054eb86,temporary,presentation/cache intermediate,current,false,true,false,hidden temporary/cache directory
2 暑假_两个月仿真任务/Week 5 0815之前/SAR假目标自由度与物理阵列/.ppt_update_delay_matrix/template-starter-preview/starter-slide-16.png,starter-slide-16.png,.png,103268,7629235a3f13df20312d9dea4c0ccf46ce563c17c28abf7886b3fdd1115343df,temporary,presentation/cache intermediate,current,false,true,false,hidden temporary/cache directory
2 暑假_两个月仿真任务/Week 5 0815之前/SAR假目标自由度与物理阵列/.ppt_update_delay_matrix/template-starter-preview/starter-slide-17.png,starter-slide-17.png,.png,104369,345b14afc473e1d9d40e0d6b374074e27850abc2c7b4821cb0e3ce483e43ae54,temporary,presentation/cache intermediate,current,false,true,false,hidden temporary/cache directory
2 暑假_两个月仿真任务/Week 5 0815之前/SAR假目标自由度与物理阵列/.ppt_update_delay_matrix/template-starter-preview/starter-slide-18.png,starter-slide-18.png,.png,140300,f6ac0367b0f795ccfcb99a7e634bb79c6937cd61bb7c31434d140af96066ca64,temporary,presentation/cache intermediate,current,false,true,false,hidden temporary/cache directory
2 暑假_两个月仿真任务/Week 5 0815之前/SAR假目标自由度与物理阵列/.ppt_update_delay_matrix/template-starter-preview/starter-slide-19.png,starter-slide-19.png,.png,108024,f35e5de0da3cf314b864f9cf170d675c72b96a83f9196576093a337a6bd4268d,temporary,presentation/cache intermediate,current,false,true,false,hidden temporary/cache directory
2 暑假_两个月仿真任务/Week 5 0815之前/SAR假目标自由度与物理阵列/.ppt_update_delay_matrix/template-starter-preview/starter-slide-20.png,starter-slide-20.png,.png,161305,40aee869288a0d484309dace97e0a64450e3585a24bfc6e2bee3857b17e84df3,temporary,presentation/cache intermediate,current,false,true,false,hidden temporary/cache directory
2 暑假_两个月仿真任务/Week 5 0815之前/SAR假目标自由度与物理阵列/.ppt_update_delay_matrix/template-starter.manifest.json,template-starter.manifest.json,.json,19256,faba83c9ddf1b216bd9212c7ce7f4380edcabd00ef518a25be46294fc51fbfe0,temporary,presentation/cache intermediate,current,false,false,false,hidden temporary/cache directory
2 暑假_两个月仿真任务/Week 5 0815之前/SAR假目标自由度与物理阵列/.ppt_update_delay_matrix/template-starter.pptx,template-starter.pptx,.pptx,3481630,fc953f41a51aeb417b19a9a49e335a16fbb50d044fa4eeb64695ec24ae8bb21e,temporary,presentation/cache intermediate,current,false,false,false,hidden temporary/cache directory
2 暑假_两个月仿真任务/Week 5 0815之前/SAR假目标自由度与物理阵列/.ppt_update_delay_matrix/template-starter.pptx.inspect.ndjson,template-starter.pptx.inspect.ndjson,.ndjson,49989,42e4a61a9e4fbf21be301d119c7ecfb39c2b034bd57876c2319ae6cd91b487de,temporary,presentation/cache intermediate,current,false,false,false,hidden temporary/cache directory
2 暑假_两个月仿真任务/Week 5 0815之前/SAR假目标自由度与物理阵列/README.md,README.md,.md,1492,4a87e482b39095b4ee2e46ad65ccb3fef23da0ab2b1cddda336ab27e1b0a7c36,source,documentation or compact configuration/result table,current,false,false,true,
2 暑假_两个月仿真任务/Week 5 0815之前/SAR假目标自由度与物理阵列/SHIP_4x4_to_4x4_7x7_physical.m,SHIP_4x4_to_4x4_7x7_physical.m,.m,2039,d8e4dc62ccb9b7c13fce2a593d72d97c1e72230c714fc6d581b7492aec75350c,source,MATLAB/source text,current,true,false,true,
2 暑假_两个月仿真任务/Week 5 0815之前/SAR假目标自由度与物理阵列/build_freedom_presentation.mjs,build_freedom_presentation.mjs,.mjs,26117,56bb643c7cab609f53482bd0db6afff7648028295545063bd113781e6785d61e,source,MATLAB/source text,current,false,false,true,
2 暑假_两个月仿真任务/Week 5 0815之前/SAR假目标自由度与物理阵列/phone_sketch_input/compiled_phone_mask_7x7.csv,compiled_phone_mask_7x7.csv,.csv,98,9d672fff67c93e5d7ec77c61a4bb1f4a5cd9cd59b1f044c56b07e7fbd3647976,configuration,documentation or compact configuration/result table,current,false,false,true,
2 暑假_两个月仿真任务/Week 5 0815之前/SAR假目标自由度与物理阵列/phone_sketch_input/sample_Z_7x7.csv,sample_Z_7x7.csv,.csv,98,9d672fff67c93e5d7ec77c61a4bb1f4a5cd9cd59b1f044c56b07e7fbd3647976,configuration,documentation or compact configuration/result table,current,false,false,true,
2 暑假_两个月仿真任务/Week 5 0815之前/SAR假目标自由度与物理阵列/phone_sketch_input/sample_arrow_7x7.csv,sample_arrow_7x7.csv,.csv,98,770ca24cc3f55132944f0f84f948fb486fe88cf5f405ad31312fbc4fcb7a8f12,configuration,documentation or compact configuration/result table,current,false,false,true,
2 暑假_两个月仿真任务/Week 5 0815之前/SAR假目标自由度与物理阵列/phone_sketch_input/sample_heart_7x7.csv,sample_heart_7x7.csv,.csv,98,0829a8615d5df773ab4500834edaa4749beef649adecca3d01b232b8466d936b,configuration,documentation or compact configuration/result table,current,false,false,true,
2 暑假_两个月仿真任务/Week 5 0815之前/SAR假目标自由度与物理阵列/presentation_output/deck-montage.webp,deck-montage.webp,.webp,50530,51a135e60b7bad118ba63d79030703cc37d5c89da438f9bcc3476ef7a1384ebf,result_image,rendered simulation/result/reference image,current,false,false,true,
2 暑假_两个月仿真任务/Week 5 0815之前/SAR假目标自由度与物理阵列/presentation_output/montage_all.png,montage_all.png,.png,532729,5dfe6e1c1fb02889490e1d07dda5783a1430f2d322f809411514059242dc89a1,result_image,rendered simulation/result/reference image,current,false,true,true,
2 暑假_两个月仿真任务/Week 5 0815之前/SAR假目标自由度与物理阵列/presentation_output/pptx_rendered/slide-1.png,slide-1.png,.png,156964,5922a25164d6067b3d81f28a02657940a2e81ac6a614c0b61960e25e569b2a93,result_image,rendered simulation/result/reference image,current,false,true,true,
2 暑假_两个月仿真任务/Week 5 0815之前/SAR假目标自由度与物理阵列/presentation_output/pptx_rendered/slide-10.png,slide-10.png,.png,136199,f48fa0a766b39f3dd2ff054e195abffd81c4db6da387d774308693ffeeacb6a2,result_image,rendered simulation/result/reference image,current,false,true,true,
2 暑假_两个月仿真任务/Week 5 0815之前/SAR假目标自由度与物理阵列/presentation_output/pptx_rendered/slide-11.png,slide-11.png,.png,192521,acc5c6e38b9a0364882bb20674eeee3da043e874ffeef26e4c6ecc4db6b5b285,result_image,rendered simulation/result/reference image,current,false,true,true,
2 暑假_两个月仿真任务/Week 5 0815之前/SAR假目标自由度与物理阵列/presentation_output/pptx_rendered/slide-12.png,slide-12.png,.png,149459,cc1f10309ced8e55fdf709cbcf92702f713f59110e653af0269291a44a0c0112,result_image,rendered simulation/result/reference image,current,false,true,true,
2 暑假_两个月仿真任务/Week 5 0815之前/SAR假目标自由度与物理阵列/presentation_output/pptx_rendered/slide-13.png,slide-13.png,.png,113175,280c0c6998359c37eea7436a3c5fdf03f07a7ddd357e119a77648108ef537d6e,result_image,rendered simulation/result/reference image,current,false,true,true,
2 暑假_两个月仿真任务/Week 5 0815之前/SAR假目标自由度与物理阵列/presentation_output/pptx_rendered/slide-14.png,slide-14.png,.png,117429,befd7d86a3f1eba6b0cdefe54e75492358a65a3c42668521697504f16a012f19,result_image,rendered simulation/result/reference image,current,false,true,true,
2 暑假_两个月仿真任务/Week 5 0815之前/SAR假目标自由度与物理阵列/presentation_output/pptx_rendered/slide-15.png,slide-15.png,.png,157248,5a82f8ed64b52f7cab73a818de19b3d66b6446c18878f73e4140d88ff314caa2,result_image,rendered simulation/result/reference image,current,false,true,true,
2 暑假_两个月仿真任务/Week 5 0815之前/SAR假目标自由度与物理阵列/presentation_output/pptx_rendered/slide-16.png,slide-16.png,.png,134311,7595155ad2321d5813deeb7cfefc3af768cd4be8fbb97ad54c8d4c5fb6d68a30,result_image,rendered simulation/result/reference image,current,false,true,true,
2 暑假_两个月仿真任务/Week 5 0815之前/SAR假目标自由度与物理阵列/presentation_output/pptx_rendered/slide-17.png,slide-17.png,.png,133757,5885878539c6fc0fb8be499aa4359f3f4063c0b9d9003a875c6d8dcf4186af5a,result_image,rendered simulation/result/reference image,current,false,true,true,
2 暑假_两个月仿真任务/Week 5 0815之前/SAR假目标自由度与物理阵列/presentation_output/pptx_rendered/slide-18.png,slide-18.png,.png,184035,fd0a4649030d8f971bd059858fbf4dd56c35df8fdc93466925f3e0ad0b32769f,result_image,rendered simulation/result/reference image,current,false,true,true,
2 暑假_两个月仿真任务/Week 5 0815之前/SAR假目标自由度与物理阵列/presentation_output/pptx_rendered/slide-19.png,slide-19.png,.png,139348,ed10ffd9f907d9002abb21f36dcd8b2c4893c00e4c9d814ab1e9ede313a9a5a1,result_image,rendered simulation/result/reference image,current,false,true,true,
2 暑假_两个月仿真任务/Week 5 0815之前/SAR假目标自由度与物理阵列/presentation_output/pptx_rendered/slide-2.png,slide-2.png,.png,217570,42e3590640ab8f79e80cd806a5fe8e448d3cd962142517c934f0bf1f71f49f53,result_image,rendered simulation/result/reference image,current,false,true,true,
2 暑假_两个月仿真任务/Week 5 0815之前/SAR假目标自由度与物理阵列/presentation_output/pptx_rendered/slide-20.png,slide-20.png,.png,206903,cc32894ec225f1e383fd0d1deb35469efcce35e639c6eaff314ba781890067a7,result_image,rendered simulation/result/reference image,current,false,true,true,
2 暑假_两个月仿真任务/Week 5 0815之前/SAR假目标自由度与物理阵列/presentation_output/pptx_rendered/slide-3.png,slide-3.png,.png,163871,3a5d7a1becc12c2d84ef991385f7ca985d86cc844f165863390aa95245fef43c,result_image,rendered simulation/result/reference image,current,false,true,true,
2 暑假_两个月仿真任务/Week 5 0815之前/SAR假目标自由度与物理阵列/presentation_output/pptx_rendered/slide-4.png,slide-4.png,.png,115509,53db75536ce2597541d33c2e82292e6e426723749a249f44e315cb4c2933d33a,result_image,rendered simulation/result/reference image,current,false,true,true,
2 暑假_两个月仿真任务/Week 5 0815之前/SAR假目标自由度与物理阵列/presentation_output/pptx_rendered/slide-5.png,slide-5.png,.png,108087,df0fd9a320bd66e88b350a1c97e2e5939753b2e91c3e0d25e6972c195a0f2ac1,result_image,rendered simulation/result/reference image,current,false,true,true,
2 暑假_两个月仿真任务/Week 5 0815之前/SAR假目标自由度与物理阵列/presentation_output/pptx_rendered/slide-6.png,slide-6.png,.png,114563,46b99dedf4229dd162f7f07eb8ed9401f197124a8e6828469dfec9c6a1cbc8d4,result_image,rendered simulation/result/reference image,current,false,true,true,
2 暑假_两个月仿真任务/Week 5 0815之前/SAR假目标自由度与物理阵列/presentation_output/pptx_rendered/slide-7.png,slide-7.png,.png,114342,534a7cc8c40c3427ba1b90e88da8f4925a45c52cbf231b6546e4ae7cc13f5a45,result_image,rendered simulation/result/reference image,current,false,true,true,
2 暑假_两个月仿真任务/Week 5 0815之前/SAR假目标自由度与物理阵列/presentation_output/pptx_rendered/slide-8.png,slide-8.png,.png,128929,96e9ef8a62e3b670a67de4ac2c59a868e1468c95f59e93993e4e43b7d8363c11,result_image,rendered simulation/result/reference image,current,false,true,true,
2 暑假_两个月仿真任务/Week 5 0815之前/SAR假目标自由度与物理阵列/presentation_output/pptx_rendered/slide-9.png,slide-9.png,.png,125972,53950badaf57e8d6f09a893218c3452e453ddf0e4063923d8b3bca1450dd33d9,result_image,rendered simulation/result/reference image,current,false,true,true,
2 暑假_两个月仿真任务/Week 5 0815之前/SAR假目标自由度与物理阵列/presentation_output/pptx_rendered_montage.png,pptx_rendered_montage.png,.png,607621,ab7dd84a652b10ba55b63528107ca16d4a3656c1ca7f598677ead489998275e8,result_image,rendered simulation/result/reference image,current,false,true,true,
2 暑假_两个月仿真任务/Week 5 0815之前/SAR假目标自由度与物理阵列/presentation_output/slide-01.layout.json,slide-01.layout.json,.json,23532,434dd4fc139888c56e89c9448a62f33c68d893f608c75c06013e356e674e2838,configuration,documentation or compact configuration/result table,current,false,false,true,
2 暑假_两个月仿真任务/Week 5 0815之前/SAR假目标自由度与物理阵列/presentation_output/slide-01.png,slide-01.png,.png,119088,a082c14c9b6ef032f1b66116d79b51e6a90e4455fc1e329b98875771716888d7,result_image,rendered simulation/result/reference image,current,false,true,true,
2 暑假_两个月仿真任务/Week 5 0815之前/SAR假目标自由度与物理阵列/presentation_output/slide-02.layout.json,slide-02.layout.json,.json,31655,8459e207453e7190a35eb07994709a72f035b23cf69b39facc41dd0707602cce,configuration,documentation or compact configuration/result table,current,false,false,true,
2 暑假_两个月仿真任务/Week 5 0815之前/SAR假目标自由度与物理阵列/presentation_output/slide-02.png,slide-02.png,.png,161327,a2f7cbce08cf879cce6163e459828d70e8afb20fe1ed4cce043b410de2cd3432,result_image,rendered simulation/result/reference image,current,false,true,true,
2 暑假_两个月仿真任务/Week 5 0815之前/SAR假目标自由度与物理阵列/presentation_output/slide-03.layout.json,slide-03.layout.json,.json,38581,f6065c40c5a7036af981096ca8cd04bdbff70dee7b505fce1dbef7e69a048b7a,configuration,documentation or compact configuration/result table,current,false,false,true,
2 暑假_两个月仿真任务/Week 5 0815之前/SAR假目标自由度与物理阵列/presentation_output/slide-03.png,slide-03.png,.png,127367,30f63dddd11fb50b981ea9c53e254eaba1b441f795933da08a02259e55b70c19,result_image,rendered simulation/result/reference image,current,false,true,true,
2 暑假_两个月仿真任务/Week 5 0815之前/SAR假目标自由度与物理阵列/presentation_output/slide-04.layout.json,slide-04.layout.json,.json,11558,d3e9140a1ecfaf1a72e847d6c67db63b8ddaa8b431b75f1b0293a3bbc387a167,configuration,documentation or compact configuration/result table,current,false,false,true,
2 暑假_两个月仿真任务/Week 5 0815之前/SAR假目标自由度与物理阵列/presentation_output/slide-04.png,slide-04.png,.png,89041,9935057f53d1a691195f2724795093083d2f0af315e56a869c05ec0592d87551,result_image,rendered simulation/result/reference image,current,false,true,true,
2 暑假_两个月仿真任务/Week 5 0815之前/SAR假目标自由度与物理阵列/presentation_output/slide-05.layout.json,slide-05.layout.json,.json,11532,b35218dcb6140834879bf7a09cec5654beb6f12782c9d91074ab3c25e3511168,configuration,documentation or compact configuration/result table,current,false,false,true,
2 暑假_两个月仿真任务/Week 5 0815之前/SAR假目标自由度与物理阵列/presentation_output/slide-05.png,slide-05.png,.png,82898,f504ecaafb07d493dfd01589e46a5c05e1074900e55ea01637050dae42099315,result_image,rendered simulation/result/reference image,current,false,true,true,
2 暑假_两个月仿真任务/Week 5 0815之前/SAR假目标自由度与物理阵列/presentation_output/slide-06.layout.json,slide-06.layout.json,.json,11548,6688d07e122851a1d6d7433f6f03b5b45e7519f3df178a3a6faf63f73dff483a,configuration,documentation or compact configuration/result table,current,false,false,true,
2 暑假_两个月仿真任务/Week 5 0815之前/SAR假目标自由度与物理阵列/presentation_output/slide-06.png,slide-06.png,.png,88438,bbb41017da4a5ff6d3e5d5210744285905000664a479e1f5e96a21fb98254eb8,result_image,rendered simulation/result/reference image,current,false,true,true,
2 暑假_两个月仿真任务/Week 5 0815之前/SAR假目标自由度与物理阵列/presentation_output/slide-07.layout.json,slide-07.layout.json,.json,11578,a61748f8ef5831ae5337d9a758afdfe621280f4384d928771f2966412b9fdaea,configuration,documentation or compact configuration/result table,current,false,false,true,
2 暑假_两个月仿真任务/Week 5 0815之前/SAR假目标自由度与物理阵列/presentation_output/slide-07.png,slide-07.png,.png,85614,e54d5402f460d0be22eb6e88435e2b3fa25f0bc94335059ada2178c7ba306efc,result_image,rendered simulation/result/reference image,current,false,true,true,
2 暑假_两个月仿真任务/Week 5 0815之前/SAR假目标自由度与物理阵列/presentation_output/slide-08.layout.json,slide-08.layout.json,.json,11744,b31f9625ee969a9f1edd0333b2228e2e90d707e3a535d01ca83c8ef505ef2f66,configuration,documentation or compact configuration/result table,current,false,false,true,
2 暑假_两个月仿真任务/Week 5 0815之前/SAR假目标自由度与物理阵列/presentation_output/slide-08.png,slide-08.png,.png,97056,c5fc99077ca225acbd63fb5ee68e35e3d98d5442b1f934265c192844f66d8fe1,result_image,rendered simulation/result/reference image,current,false,true,true,
2 暑假_两个月仿真任务/Week 5 0815之前/SAR假目标自由度与物理阵列/presentation_output/slide-09.layout.json,slide-09.layout.json,.json,14139,f6a71215de5427236a91a1a0fd4448b54f7b22c2960a7f0ce3cb45d28acc4813,configuration,documentation or compact configuration/result table,current,false,false,true,
2 暑假_两个月仿真任务/Week 5 0815之前/SAR假目标自由度与物理阵列/presentation_output/slide-09.png,slide-09.png,.png,92655,60a034e824e85558fb9599aa9f4c86e843da903d9472fcdc691963afa7c7810e,result_image,rendered simulation/result/reference image,current,false,true,true,
2 暑假_两个月仿真任务/Week 5 0815之前/SAR假目标自由度与物理阵列/presentation_output/slide-10.layout.json,slide-10.layout.json,.json,19913,839f860309b18662f9aa01d2f149fcd69276e98d592ef65b9e70d8c11dfd8cc1,configuration,documentation or compact configuration/result table,current,false,false,true,
2 暑假_两个月仿真任务/Week 5 0815之前/SAR假目标自由度与物理阵列/presentation_output/slide-10.png,slide-10.png,.png,105351,cb4ead159861a6c8d8f9c2c9a30dee11687641e933aaa4e43bd3e97510649871,result_image,rendered simulation/result/reference image,current,false,true,true,
2 暑假_两个月仿真任务/Week 5 0815之前/SAR假目标自由度与物理阵列/presentation_output/slide-11.layout.json,slide-11.layout.json,.json,13475,9bea087add403dedbd986ac20bcb3b244d8259ab877f517f44c10033958217f3,configuration,documentation or compact configuration/result table,current,false,false,true,
2 暑假_两个月仿真任务/Week 5 0815之前/SAR假目标自由度与物理阵列/presentation_output/slide-11.png,slide-11.png,.png,141671,7bcf1c4944c14862c84b15fec4fdc9c9d6e0bf751db48c9fd12cd9e1ef334d99,result_image,rendered simulation/result/reference image,current,false,true,true,
2 暑假_两个月仿真任务/Week 5 0815之前/SAR假目标自由度与物理阵列/presentation_output/slide-12.layout.json,slide-12.layout.json,.json,9464,fdbb3cb91eccdbbe46f0855c096376ea250a6547ab6d2941334f11e890339883,configuration,documentation or compact configuration/result table,current,false,false,true,
2 暑假_两个月仿真任务/Week 5 0815之前/SAR假目标自由度与物理阵列/presentation_output/slide-12.png,slide-12.png,.png,119511,7283dbd95db5e2f5d0952a1fdc2d5514f604a0cb0ad5b41719de6d1ff982833a,result_image,rendered simulation/result/reference image,current,false,true,true,
2 暑假_两个月仿真任务/Week 5 0815之前/SAR假目标自由度与物理阵列/presentation_output/slide-13.layout.json,slide-13.layout.json,.json,9443,86453b2bdbc2ff71ccf7202ac4c59c7b695f446151b70a160f0fe9ece00f324d,configuration,documentation or compact configuration/result table,current,false,false,true,
2 暑假_两个月仿真任务/Week 5 0815之前/SAR假目标自由度与物理阵列/presentation_output/slide-13.png,slide-13.png,.png,87280,c311054d2a7a8d8c08a4f9e706aab413c8267684ff145703d1441d64ffb0ffc0,result_image,rendered simulation/result/reference image,current,false,true,true,
2 暑假_两个月仿真任务/Week 5 0815之前/SAR假目标自由度与物理阵列/presentation_output/slide-14.layout.json,slide-14.layout.json,.json,9358,a0c0d263763eb11148fd21b8c8253daa470537791eefddb8e6155b3376ee5a56,configuration,documentation or compact configuration/result table,current,false,false,true,
2 暑假_两个月仿真任务/Week 5 0815之前/SAR假目标自由度与物理阵列/presentation_output/slide-14.png,slide-14.png,.png,88478,770d0a8a7f707ec8d953c57d6a12056234870465161646384fad9b4c0c9dc3c7,result_image,rendered simulation/result/reference image,current,false,true,true,
2 暑假_两个月仿真任务/Week 5 0815之前/SAR假目标自由度与物理阵列/presentation_output/slide-15.layout.json,slide-15.layout.json,.json,16052,d2d430ab2ed4168ad4e89031efd5c6e1e11719fcaca023f5d197f82f2e911634,configuration,documentation or compact configuration/result table,current,false,false,true,
2 暑假_两个月仿真任务/Week 5 0815之前/SAR假目标自由度与物理阵列/presentation_output/slide-15.png,slide-15.png,.png,117492,6f513e4c204ed4efc3d3a91d6ebf19d815b4b715bfcfca3139ed91b9d054eb86,result_image,rendered simulation/result/reference image,current,false,true,true,
2 暑假_两个月仿真任务/Week 5 0815之前/SAR假目标自由度与物理阵列/presentation_output/slide-16.layout.json,slide-16.layout.json,.json,9600,692c99c486663135dc18516d4f2d0ad21b26f383e059c50cb4202f077f93dda6,configuration,documentation or compact configuration/result table,current,false,false,true,
2 暑假_两个月仿真任务/Week 5 0815之前/SAR假目标自由度与物理阵列/presentation_output/slide-16.png,slide-16.png,.png,103268,7629235a3f13df20312d9dea4c0ccf46ce563c17c28abf7886b3fdd1115343df,result_image,rendered simulation/result/reference image,current,false,true,true,
2 暑假_两个月仿真任务/Week 5 0815之前/SAR假目标自由度与物理阵列/presentation_output/slide-17.layout.json,slide-17.layout.json,.json,9530,d8afbdae0c6a9b7f2c7a5ab684476e40f9357045252b9ff149198bba0a4fdbeb,configuration,documentation or compact configuration/result table,current,false,false,true,
2 暑假_两个月仿真任务/Week 5 0815之前/SAR假目标自由度与物理阵列/presentation_output/slide-17.png,slide-17.png,.png,104369,345b14afc473e1d9d40e0d6b374074e27850abc2c7b4821cb0e3ce483e43ae54,result_image,rendered simulation/result/reference image,current,false,true,true,
2 暑假_两个月仿真任务/Week 5 0815之前/SAR假目标自由度与物理阵列/presentation_output/slide-18.layout.json,slide-18.layout.json,.json,18101,47e2d990b801d1647f709c1bd5f996eea306a8cfc217a9383933f30e63a67780,configuration,documentation or compact configuration/result table,current,false,false,true,
2 暑假_两个月仿真任务/Week 5 0815之前/SAR假目标自由度与物理阵列/presentation_output/slide-18.png,slide-18.png,.png,140333,bef60a25b2330e2a85119e9c6a568139931eb7be3c286df2be775cc5baa05eff,result_image,rendered simulation/result/reference image,current,false,true,true,
2 暑假_两个月仿真任务/Week 5 0815之前/SAR假目标自由度与物理阵列/presentation_output/slide-19.layout.json,slide-19.layout.json,.json,19914,9236963ec23c9913f2657ff33e960ffed31a060d37affef23a5e9b7d122bd2d9,configuration,documentation or compact configuration/result table,current,false,false,true,
2 暑假_两个月仿真任务/Week 5 0815之前/SAR假目标自由度与物理阵列/presentation_output/slide-19.png,slide-19.png,.png,108303,f27425753d2a8a519999e29e3e664d92d852cee335f5a3fedf32e4334a53810a,result_image,rendered simulation/result/reference image,current,false,true,true,
2 暑假_两个月仿真任务/Week 5 0815之前/SAR假目标自由度与物理阵列/presentation_output/slide-20.layout.json,slide-20.layout.json,.json,36982,dc5b63d55bb0d8c1698c39ef6c96d50a565a96093868859535cdf3b0672c847c,configuration,documentation or compact configuration/result table,current,false,false,true,
2 暑假_两个月仿真任务/Week 5 0815之前/SAR假目标自由度与物理阵列/presentation_output/slide-20.png,slide-20.png,.png,161305,40aee869288a0d484309dace97e0a64450e3585a24bfc6e2bee3857b17e84df3,result_image,rendered simulation/result/reference image,current,false,true,true,
2 暑假_两个月仿真任务/Week 5 0815之前/SAR假目标自由度与物理阵列/redesign_single_aircraft_figures.py,redesign_single_aircraft_figures.py,.py,12847,32b150edea34060b4439573f2fe248bc82051bfa472cfbc6e2551f453ca6a205,source,MATLAB/source text,current,false,false,true,
2 暑假_两个月仿真任务/Week 5 0815之前/SAR假目标自由度与物理阵列/redraw_single_1to1_high_contrast.py,redraw_single_1to1_high_contrast.py,.py,3665,26511c6d2d8c5574d4ccaff03b1ff8653339ee5a2d915b75928ae0774f5770db,source,MATLAB/source text,current,false,false,true,
2 暑假_两个月仿真任务/Week 5 0815之前/SAR假目标自由度与物理阵列/results_clear_low_channel_shapes/clear_low_channel_shapes_results.mat,clear_low_channel_shapes_results.mat,.mat,15928,e3ea196ca27013d2f68cc9e7865567511e03f10ada0a5d676a4ef5556607d820,sample_data,compact MATLAB input or result snapshot,current,false,true,true,
2 暑假_两个月仿真任务/Week 5 0815之前/SAR假目标自由度与物理阵列/results_clear_low_channel_shapes/control_tables/grid6_inward_4x4_channels.csv,grid6_inward_4x4_channels.csv,.csv,990,d32f838932419b835b348a5daacfa24fc3e35eb95154fc121204e5bccee05dd3,configuration,documentation or compact configuration/result table,current,false,true,true,
2 暑假_两个月仿真任务/Week 5 0815之前/SAR假目标自由度与物理阵列/results_clear_low_channel_shapes/control_tables/grid6_inward_4x4_source1_outer7x7_tiles.csv,grid6_inward_4x4_source1_outer7x7_tiles.csv,.csv,1671,32eb8c9486c52a3f215f264659bee4fdc4f67a69f79c27a01febb526ea501a73,configuration,documentation or compact configuration/result table,current,false,true,true,
2 暑假_两个月仿真任务/Week 5 0815之前/SAR假目标自由度与物理阵列/results_clear_low_channel_shapes/control_tables/grid6_inward_4x4_source2_outer7x7_tiles.csv,grid6_inward_4x4_source2_outer7x7_tiles.csv,.csv,1695,64bbc5d7faa5cde9b5d71f36c53aaa71d58c68a450909689f8f3edf0be9c57a8,configuration,documentation or compact configuration/result table,current,false,true,true,
2 暑假_两个月仿真任务/Week 5 0815之前/SAR假目标自由度与物理阵列/results_clear_low_channel_shapes/control_tables/grid6_inward_4x4_source3_outer7x7_tiles.csv,grid6_inward_4x4_source3_outer7x7_tiles.csv,.csv,1647,a73e8a63902fa66198f81dd232fc60c7186672b0567b546cb087432acfa2658e,configuration,documentation or compact configuration/result table,current,false,true,true,
2 暑假_两个月仿真任务/Week 5 0815之前/SAR假目标自由度与物理阵列/results_clear_low_channel_shapes/control_tables/grid6_inward_4x4_source4_outer7x7_tiles.csv,grid6_inward_4x4_source4_outer7x7_tiles.csv,.csv,1671,7735fd20926fcbb7f379f03e3fe177f797602a9eb86d7253733f8fe04f272311,configuration,documentation or compact configuration/result table,current,false,true,true,
2 暑假_两个月仿真任务/Week 5 0815之前/SAR假目标自由度与物理阵列/results_clear_low_channel_shapes/control_tables/grid6_outward_blocks_channels.csv,grid6_outward_blocks_channels.csv,.csv,1006,ff7585989904b3d853c266e3a66d0b7e70a9b8b2a79550ef37681ea9a2ff4143,configuration,documentation or compact configuration/result table,current,false,true,true,
2 暑假_两个月仿真任务/Week 5 0815之前/SAR假目标自由度与物理阵列/results_clear_low_channel_shapes/control_tables/grid6_outward_blocks_source1_outer7x7_tiles.csv,grid6_outward_blocks_source1_outer7x7_tiles.csv,.csv,1671,7735fd20926fcbb7f379f03e3fe177f797602a9eb86d7253733f8fe04f272311,configuration,documentation or compact configuration/result table,current,false,true,true,
2 暑假_两个月仿真任务/Week 5 0815之前/SAR假目标自由度与物理阵列/results_clear_low_channel_shapes/control_tables/grid6_outward_blocks_source2_outer7x7_tiles.csv,grid6_outward_blocks_source2_outer7x7_tiles.csv,.csv,1647,a73e8a63902fa66198f81dd232fc60c7186672b0567b546cb087432acfa2658e,configuration,documentation or compact configuration/result table,current,false,true,true,
2 暑假_两个月仿真任务/Week 5 0815之前/SAR假目标自由度与物理阵列/results_clear_low_channel_shapes/control_tables/grid6_outward_blocks_source3_outer7x7_tiles.csv,grid6_outward_blocks_source3_outer7x7_tiles.csv,.csv,1695,64bbc5d7faa5cde9b5d71f36c53aaa71d58c68a450909689f8f3edf0be9c57a8,configuration,documentation or compact configuration/result table,current,false,true,true,
2 暑假_两个月仿真任务/Week 5 0815之前/SAR假目标自由度与物理阵列/results_clear_low_channel_shapes/control_tables/grid6_outward_blocks_source4_outer7x7_tiles.csv,grid6_outward_blocks_source4_outer7x7_tiles.csv,.csv,1671,32eb8c9486c52a3f215f264659bee4fdc4f67a69f79c27a01febb526ea501a73,configuration,documentation or compact configuration/result table,current,false,true,true,
2 暑假_两个月仿真任务/Week 5 0815之前/SAR假目标自由度与物理阵列/results_clear_low_channel_shapes/control_tables/grid6_pinwheel_channels.csv,grid6_pinwheel_channels.csv,.csv,998,776de2747508cbf63fa1050c377cb460217824b90399f893ef7db6fc56fef3dd,configuration,documentation or compact configuration/result table,current,false,true,true,
2 暑假_两个月仿真任务/Week 5 0815之前/SAR假目标自由度与物理阵列/results_clear_low_channel_shapes/control_tables/grid6_pinwheel_source1_outer7x7_tiles.csv,grid6_pinwheel_source1_outer7x7_tiles.csv,.csv,1647,a73e8a63902fa66198f81dd232fc60c7186672b0567b546cb087432acfa2658e,configuration,documentation or compact configuration/result table,current,false,true,true,
2 暑假_两个月仿真任务/Week 5 0815之前/SAR假目标自由度与物理阵列/results_clear_low_channel_shapes/control_tables/grid6_pinwheel_source2_outer7x7_tiles.csv,grid6_pinwheel_source2_outer7x7_tiles.csv,.csv,1671,32eb8c9486c52a3f215f264659bee4fdc4f67a69f79c27a01febb526ea501a73,configuration,documentation or compact configuration/result table,current,false,true,true,
2 暑假_两个月仿真任务/Week 5 0815之前/SAR假目标自由度与物理阵列/results_clear_low_channel_shapes/control_tables/grid6_pinwheel_source3_outer7x7_tiles.csv,grid6_pinwheel_source3_outer7x7_tiles.csv,.csv,1671,7735fd20926fcbb7f379f03e3fe177f797602a9eb86d7253733f8fe04f272311,configuration,documentation or compact configuration/result table,current,false,true,true,
2 暑假_两个月仿真任务/Week 5 0815之前/SAR假目标自由度与物理阵列/results_clear_low_channel_shapes/control_tables/grid6_pinwheel_source4_outer7x7_tiles.csv,grid6_pinwheel_source4_outer7x7_tiles.csv,.csv,1695,64bbc5d7faa5cde9b5d71f36c53aaa71d58c68a450909689f8f3edf0be9c57a8,configuration,documentation or compact configuration/result table,current,false,true,true,
2 暑假_两个月仿真任务/Week 5 0815之前/SAR假目标自由度与物理阵列/results_clear_low_channel_shapes/control_tables/v_formation_channels.csv,v_formation_channels.csv,.csv,479,6ef96100592826aeeaec8ee9500f39a3df5c85f0b3314713d4b4a54e90aee3dd,configuration,documentation or compact configuration/result table,current,false,true,true,
2 暑假_两个月仿真任务/Week 5 0815之前/SAR假目标自由度与物理阵列/results_clear_low_channel_shapes/control_tables/v_formation_source1_outer7x7_tiles.csv,v_formation_source1_outer7x7_tiles.csv,.csv,1713,4c2f88bbf3f66b8dc3fb09778fca31d31d755fa813f734a06e45d77098fb4473,configuration,documentation or compact configuration/result table,current,false,true,true,
2 暑假_两个月仿真任务/Week 5 0815之前/SAR假目标自由度与物理阵列/results_clear_low_channel_shapes/control_tables/v_formation_source2_outer7x7_tiles.csv,v_formation_source2_outer7x7_tiles.csv,.csv,1696,98cc069078acc3abdb91db4c6397c39d7da8ce2ee6883737666e5fe225c03d9d,configuration,documentation or compact configuration/result table,current,false,true,true,
2 暑假_两个月仿真任务/Week 5 0815之前/SAR假目标自由度与物理阵列/results_clear_low_channel_shapes/control_tables/zigzag_channels.csv,zigzag_channels.csv,.csv,523,5ee94697014316dc81974767b397b32dd6e7963f1afbaf886d883bffe0a06cd8,configuration,documentation or compact configuration/result table,current,false,true,true,
2 暑假_两个月仿真任务/Week 5 0815之前/SAR假目标自由度与物理阵列/results_clear_low_channel_shapes/control_tables/zigzag_source1_outer7x7_tiles.csv,zigzag_source1_outer7x7_tiles.csv,.csv,1729,a217d92789d2d1fd5630dae0dea8a0baf7bd8f5a5f83405e810abf3de7ecfa10,configuration,documentation or compact configuration/result table,current,false,true,true,
2 暑假_两个月仿真任务/Week 5 0815之前/SAR假目标自由度与物理阵列/results_clear_low_channel_shapes/control_tables/zigzag_source2_outer7x7_tiles.csv,zigzag_source2_outer7x7_tiles.csv,.csv,1696,44ce99630c1da1f6980cd5a43cac0163b95970878fe2c92547cb54ad240c72cc,configuration,documentation or compact configuration/result table,current,false,true,true,
2 暑假_两个月仿真任务/Week 5 0815之前/SAR假目标自由度与物理阵列/results_clear_low_channel_shapes/grid6_inward_4x4_sar.png,grid6_inward_4x4_sar.png,.png,267654,c0255f7e6b7ff6512a6110590f85fbed883d6b79678c1384c57fd37752e5e286,result_image,rendered simulation/result/reference image,current,false,true,true,
2 暑假_两个月仿真任务/Week 5 0815之前/SAR假目标自由度与物理阵列/results_clear_low_channel_shapes/grid6_outward_blocks_sar.png,grid6_outward_blocks_sar.png,.png,281822,ff4f20436c1b21a0ef1eebb83ebf5d55854027142545e0aa237d39358955f8b9,result_image,rendered simulation/result/reference image,current,false,true,true,
2 暑假_两个月仿真任务/Week 5 0815之前/SAR假目标自由度与物理阵列/results_clear_low_channel_shapes/grid6_pinwheel_sar.png,grid6_pinwheel_sar.png,.png,294737,78a59a316c193422fdd43d10b0b7399353bef1a29beb8d830f591f23d07b4788,result_image,rendered simulation/result/reference image,current,false,true,true,
2 暑假_两个月仿真任务/Week 5 0815之前/SAR假目标自由度与物理阵列/results_clear_low_channel_shapes/v_formation_sar.png,v_formation_sar.png,.png,201210,7633165a67409ff76fad237006fe56e6331e8aee8bdd9feeff6c43fb8d5a525d,result_image,rendered simulation/result/reference image,current,false,true,true,
2 暑假_两个月仿真任务/Week 5 0815之前/SAR假目标自由度与物理阵列/results_clear_low_channel_shapes/zigzag_sar.png,zigzag_sar.png,.png,214901,ed98a8dead80956502f468c4b1c6e675a1f24a366e495d83ca6657989ad388df,result_image,rendered simulation/result/reference image,current,false,true,true,
2 暑假_两个月仿真任务/Week 5 0815之前/SAR假目标自由度与物理阵列/results_four_aircraft_ppt_style_shapes/cache/center_echo_scatter700_Na288_Nr2048.mat,center_echo_scatter700_Na288_Nr2048.mat,.mat,3876088,c5201b95a9a1fe5c429b765ac3957a63ec5496750476d6815081d5b313bd82e1,generated_large,MATLAB raw/result matrix,current,false,true,false,large raw/result MAT excluded; compact data and PNG/CSV retained
2 暑假_两个月仿真任务/Week 5 0815之前/SAR假目标自由度与物理阵列/results_four_aircraft_ppt_style_shapes/control_tables/infinity_16_K1_outer4x4_tiles.csv,infinity_16_K1_outer4x4_tiles.csv,.csv,1067,d43d65590783601207e2c6772b3130706ba81e2960672c4e1ecf9b5c469b93b5,configuration,documentation or compact configuration/result table,current,false,true,true,
2 暑假_两个月仿真任务/Week 5 0815之前/SAR假目标自由度与物理阵列/results_four_aircraft_ppt_style_shapes/control_tables/infinity_16_K2_outer4x4_tiles.csv,infinity_16_K2_outer4x4_tiles.csv,.csv,1083,58bb0da17be1841f9f58cc308859dd21679abe80691975cb6acf1fcd7ae50329,configuration,documentation or compact configuration/result table,current,false,true,true,
2 暑假_两个月仿真任务/Week 5 0815之前/SAR假目标自由度与物理阵列/results_four_aircraft_ppt_style_shapes/control_tables/infinity_16_K3_outer4x4_tiles.csv,infinity_16_K3_outer4x4_tiles.csv,.csv,1107,36c348c45516cca2b32802f1862cf9ec15b229ec0809ba757bc26c09b2c19488,configuration,documentation or compact configuration/result table,current,false,true,true,
2 暑假_两个月仿真任务/Week 5 0815之前/SAR假目标自由度与物理阵列/results_four_aircraft_ppt_style_shapes/control_tables/infinity_16_K4_outer4x4_tiles.csv,infinity_16_K4_outer4x4_tiles.csv,.csv,1099,289dafc70b395b01edd1687a90413a7bba3698c7441faee408ea6ce28854f636,configuration,documentation or compact configuration/result table,current,false,true,true,
2 暑假_两个月仿真任务/Week 5 0815之前/SAR假目标自由度与物理阵列/results_four_aircraft_ppt_style_shapes/control_tables/infinity_16_channels.csv,infinity_16_channels.csv,.csv,2027,5fdb7bed6c6e628c0f4ed63e92af37bb1fa4d78c7e4576b372dfe39b6b4722bc,configuration,documentation or compact configuration/result table,current,false,true,true,
2 暑假_两个月仿真任务/Week 5 0815之前/SAR假目标自由度与物理阵列/results_four_aircraft_ppt_style_shapes/control_tables/pinwheel_16_K1_outer4x4_tiles.csv,pinwheel_16_K1_outer4x4_tiles.csv,.csv,959,bd14838fdc4b380ae2df7906f211bf107771a901c99d71514cf24f03d0ccc4b2,configuration,documentation or compact configuration/result table,current,false,true,true,
2 暑假_两个月仿真任务/Week 5 0815之前/SAR假目标自由度与物理阵列/results_four_aircraft_ppt_style_shapes/control_tables/pinwheel_16_K2_outer4x4_tiles.csv,pinwheel_16_K2_outer4x4_tiles.csv,.csv,975,fce69d731afe6a409fc99221d998181b21bc51d84092a9eee01361cbf55ee89d,configuration,documentation or compact configuration/result table,current,false,true,true,
2 暑假_两个月仿真任务/Week 5 0815之前/SAR假目标自由度与物理阵列/results_four_aircraft_ppt_style_shapes/control_tables/pinwheel_16_K3_outer4x4_tiles.csv,pinwheel_16_K3_outer4x4_tiles.csv,.csv,987,53780474855fea6ef529f3f5bdddaad825bccd19de545bc2b423900baed1d012,configuration,documentation or compact configuration/result table,current,false,true,true,
2 暑假_两个月仿真任务/Week 5 0815之前/SAR假目标自由度与物理阵列/results_four_aircraft_ppt_style_shapes/control_tables/pinwheel_16_K4_outer4x4_tiles.csv,pinwheel_16_K4_outer4x4_tiles.csv,.csv,979,c697461c8ee0b9ee5e3fe42032c19dc7bb4bf15f2c21f180856208ff588469c4,configuration,documentation or compact configuration/result table,current,false,true,true,
2 暑假_两个月仿真任务/Week 5 0815之前/SAR假目标自由度与物理阵列/results_four_aircraft_ppt_style_shapes/control_tables/pinwheel_16_channels.csv,pinwheel_16_channels.csv,.csv,1783,93a382dd97237c53d11cc9209fef5d857b1227bdc2c03fcdbe2b311839d46cec,configuration,documentation or compact configuration/result table,current,false,true,true,
2 暑假_两个月仿真任务/Week 5 0815之前/SAR假目标自由度与物理阵列/results_four_aircraft_ppt_style_shapes/control_tables/regular_4x4_K1_outer4x4_tiles.csv,regular_4x4_K1_outer4x4_tiles.csv,.csv,591,4fc5060a6ef5254bedf0dc403c1be092bd29c8dfdb30501dd9a8abbb0be8109b,configuration,documentation or compact configuration/result table,current,false,true,true,
2 暑假_两个月仿真任务/Week 5 0815之前/SAR假目标自由度与物理阵列/results_four_aircraft_ppt_style_shapes/control_tables/regular_4x4_K2_outer4x4_tiles.csv,regular_4x4_K2_outer4x4_tiles.csv,.csv,599,9ebf7f88995c827b02b11f2da6f2abbf11f390a465e51fd236fca2884ccd8bfb,configuration,documentation or compact configuration/result table,current,false,true,true,
2 暑假_两个月仿真任务/Week 5 0815之前/SAR假目标自由度与物理阵列/results_four_aircraft_ppt_style_shapes/control_tables/regular_4x4_K3_outer4x4_tiles.csv,regular_4x4_K3_outer4x4_tiles.csv,.csv,599,5e536dc48294d3edb183d1faa5399ca75e889e64153dfbed2ed1251450d9c37b,configuration,documentation or compact configuration/result table,current,false,true,true,
2 暑假_两个月仿真任务/Week 5 0815之前/SAR假目标自由度与物理阵列/results_four_aircraft_ppt_style_shapes/control_tables/regular_4x4_K4_outer4x4_tiles.csv,regular_4x4_K4_outer4x4_tiles.csv,.csv,607,78f26eda2ff1cfe43875904786c47584ecd28b7fa0816656060c847012ee1fc1,configuration,documentation or compact configuration/result table,current,false,true,true,
2 暑假_两个月仿真任务/Week 5 0815之前/SAR假目标自由度与物理阵列/results_four_aircraft_ppt_style_shapes/control_tables/regular_4x4_channels.csv,regular_4x4_channels.csv,.csv,770,ee5f31da1e680c6f0f0a2ec020970bd0f1869460327712ec3bfe9a9eddcc2ab9,configuration,documentation or compact configuration/result table,current,false,true,true,
2 暑假_两个月仿真任务/Week 5 0815之前/SAR假目标自由度与物理阵列/results_four_aircraft_ppt_style_shapes/control_tables/star_16_K1_outer4x4_tiles.csv,star_16_K1_outer4x4_tiles.csv,.csv,959,2839f4df95598425d5549f8219130257617d876cb7922d67d8ab81b8379aa908,configuration,documentation or compact configuration/result table,current,false,true,true,
2 暑假_两个月仿真任务/Week 5 0815之前/SAR假目标自由度与物理阵列/results_four_aircraft_ppt_style_shapes/control_tables/star_16_K2_outer4x4_tiles.csv,star_16_K2_outer4x4_tiles.csv,.csv,1091,f2969babca6729d8d2ad29e62e9a143f3af44c24e214bdcc64dcba7be1102a1a,configuration,documentation or compact configuration/result table,current,false,true,true,
2 暑假_两个月仿真任务/Week 5 0815之前/SAR假目标自由度与物理阵列/results_four_aircraft_ppt_style_shapes/control_tables/star_16_K3_outer4x4_tiles.csv,star_16_K3_outer4x4_tiles.csv,.csv,975,da52c7a51718ed0da24ec3503d744bbcdcc230db4cea51d05df30e710af220d0,configuration,documentation or compact configuration/result table,current,false,true,true,
2 暑假_两个月仿真任务/Week 5 0815之前/SAR假目标自由度与物理阵列/results_four_aircraft_ppt_style_shapes/control_tables/star_16_K4_outer4x4_tiles.csv,star_16_K4_outer4x4_tiles.csv,.csv,1079,205d818e20ace0199bc19aa2572b287a19f87de14fd6502511095713b4522352,configuration,documentation or compact configuration/result table,current,false,true,true,
2 暑假_两个月仿真任务/Week 5 0815之前/SAR假目标自由度与物理阵列/results_four_aircraft_ppt_style_shapes/control_tables/star_16_channels.csv,star_16_channels.csv,.csv,1907,52839cddc2bea37caa88fde24b0f5e6a3e69b854a6755276f9bb85ae0c79999c,configuration,documentation or compact configuration/result table,current,false,true,true,
2 暑假_两个月仿真任务/Week 5 0815之前/SAR假目标自由度与物理阵列/results_four_aircraft_ppt_style_shapes/four_aircraft_ppt_style_results.mat,four_aircraft_ppt_style_results.mat,.mat,36524588,83a576db87924449e8d42d649cee0f8b552c2770fe7eec8e9262b46571cc6ab4,generated_large,MATLAB raw/result matrix,current,false,true,false,large raw/result MAT excluded; compact data and PNG/CSV retained
2 暑假_两个月仿真任务/Week 5 0815之前/SAR假目标自由度与物理阵列/results_four_aircraft_ppt_style_shapes/infinity_16_sar.png,infinity_16_sar.png,.png,189181,0c15e95f6f52351e38f82b5c1c80231114e460031c65303e7f10e7ca669f7eb5,result_image,rendered simulation/result/reference image,current,false,true,true,
2 暑假_两个月仿真任务/Week 5 0815之前/SAR假目标自由度与物理阵列/results_four_aircraft_ppt_style_shapes/pinwheel_16_sar.png,pinwheel_16_sar.png,.png,198590,b0bed02601edd8e128d7a1135ee0a2af65ce2146633013dd0472bff2a1120306,result_image,rendered simulation/result/reference image,current,false,true,true,
2 暑假_两个月仿真任务/Week 5 0815之前/SAR假目标自由度与物理阵列/results_four_aircraft_ppt_style_shapes/regular_4x4_sar.png,regular_4x4_sar.png,.png,188456,bdc5af974109c72a8e28bd6533f9aad379d3390e0aeca95f8e747456aa57c4ff,result_image,rendered simulation/result/reference image,current,false,true,true,
2 暑假_两个月仿真任务/Week 5 0815之前/SAR假目标自由度与物理阵列/results_four_aircraft_ppt_style_shapes/star_16_sar.png,star_16_sar.png,.png,197217,61dc00c7b9c458c93ebf45abb401f408cda5ce887e5d5c21fbc198a834c36772,result_image,rendered simulation/result/reference image,current,false,true,true,
2 暑假_两个月仿真任务/Week 5 0815之前/SAR假目标自由度与物理阵列/results_freedom_study/four_aircraft_7x7_to16_pair.png,four_aircraft_7x7_to16_pair.png,.png,278474,14dbd631221da183a4aff9b9bce18b2468dd0de83d95a91fa4a9775c7767bbae,result_image,rendered simulation/result/reference image,current,false,true,true,
2 暑假_两个月仿真任务/Week 5 0815之前/SAR假目标自由度与物理阵列/results_freedom_study/freedom_study_results.mat,freedom_study_results.mat,.mat,71424,dd6ccbf6cd2f60a305d0da01e36c9f264ba57d30866b87569035f132aa13491a,sample_data,compact MATLAB input or result snapshot,current,false,true,true,
2 暑假_两个月仿真任务/Week 5 0815之前/SAR假目标自由度与物理阵列/results_freedom_study/freedom_summary.csv,freedom_summary.csv,.csv,306,dfa78709849222cbfe359955be5d140258fc88ddf496ce0e5ac8133864b439a7,configuration,documentation or compact configuration/result table,current,false,true,true,
2 暑假_两个月仿真任务/Week 5 0815之前/SAR假目标自由度与物理阵列/results_freedom_study/harmonic_suppression_compare.png,harmonic_suppression_compare.png,.png,128353,0432a400232d8d7e97634fa16f91c1a311f743712ea2cb0f0a038ac56070809f,result_image,rendered simulation/result/reference image,current,false,true,true,
2 暑假_两个月仿真任务/Week 5 0815之前/SAR假目标自由度与物理阵列/results_freedom_study/physical_array_comparison.csv,physical_array_comparison.csv,.csv,311,6245212dc5f589e865621b3757067144f6cdd9e7bc81063c14c70d8cd4651179,configuration,documentation or compact configuration/result table,current,false,true,true,
2 暑假_两个月仿真任务/Week 5 0815之前/SAR假目标自由度与物理阵列/results_freedom_study/physical_supercell_4x4.png,physical_supercell_4x4.png,.png,162979,597401f42688649bea1bff28236e5a5cc2eed8f9e80b10cf2c75ab0f39cc60ad,result_image,rendered simulation/result/reference image,current,false,true,true,
2 暑假_两个月仿真任务/Week 5 0815之前/SAR假目标自由度与物理阵列/results_freedom_study/physical_supercell_5x5.png,physical_supercell_5x5.png,.png,201891,cb6d34b7a4ce263406b9ea8ad830b17924fd8df7e015e2d39220b5a6b0e49a6a,result_image,rendered simulation/result/reference image,current,false,true,true,
2 暑假_两个月仿真任务/Week 5 0815之前/SAR假目标自由度与物理阵列/results_freedom_study/physical_supercell_7x7.png,physical_supercell_7x7.png,.png,188507,4da939bc2b8fe2a90d824aedf314e62f185cac9adb3b27da18cc265547ed9faf,result_image,rendered simulation/result/reference image,current,false,true,true,
2 暑假_两个月仿真任务/Week 5 0815之前/SAR假目标自由度与物理阵列/results_freedom_study/physical_supercells_compare.png,physical_supercells_compare.png,.png,207923,854545c23af2f9fa2b002ea0b1ea9469666646d1f848532bef8ec57b0e0f0466,result_image,rendered simulation/result/reference image,current,false,true,true,
2 暑假_两个月仿真任务/Week 5 0815之前/SAR假目标自由度与物理阵列/results_freedom_study/single_1to1_pair.png,single_1to1_pair.png,.png,147593,0e2cf997f40b5f5fded1cada4a485205865afd1f08c9d0f89bb3c7a9f99e10a7,result_image,rendered simulation/result/reference image,current,false,true,true,
2 暑假_两个月仿真任务/Week 5 0815之前/SAR假目标自由度与物理阵列/results_freedom_study/single_1to2_pair.png,single_1to2_pair.png,.png,154567,14438b42819543873b220f34f79e445215597cd69886bbb17f99104b052cf922,result_image,rendered simulation/result/reference image,current,false,true,true,
2 暑假_两个月仿真任务/Week 5 0815之前/SAR假目标自由度与物理阵列/results_freedom_study/single_1to3_pair.png,single_1to3_pair.png,.png,158775,cb4eb543f257e5c010940ffcddf3caf0267baada8728cb6f215b18e16c117a66,result_image,rendered simulation/result/reference image,current,false,true,true,
2 暑假_两个月仿真任务/Week 5 0815之前/SAR假目标自由度与物理阵列/results_freedom_study/single_1to4_pair.png,single_1to4_pair.png,.png,162517,d0c2b54d3a6ea823a5ec25207d274b7d0bbbd24cb0e713554b5adecf3b47b1b6,result_image,rendered simulation/result/reference image,current,false,true,true,
2 暑假_两个月仿真任务/Week 5 0815之前/SAR假目标自由度与物理阵列/results_freedom_study/single_1to5_pair.png,single_1to5_pair.png,.png,160025,a9ccfa4c9e8c7993f57074ec818efbaeacbc9367fe1c1229f93bbde9dffe4829,result_image,rendered simulation/result/reference image,current,false,true,true,
2 暑假_两个月仿真任务/Week 5 0815之前/SAR假目标自由度与物理阵列/results_freedom_study/single_1to9_pair.png,single_1to9_pair.png,.png,152552,6bbb3253547c8db0dc4f102c040c9f0b7aa3e928254ab24e98ff0ae422660757,result_image,rendered simulation/result/reference image,current,false,true,true,
2 暑假_两个月仿真任务/Week 5 0815之前/SAR假目标自由度与物理阵列/results_freedom_study/single_1toN_budget.csv,single_1toN_budget.csv,.csv,444,15e0295a3cc8406ff91147d688d51a59a591337d19ae07e140d7ad4da66b28e9,configuration,documentation or compact configuration/result table,current,false,true,true,
2 暑假_两个月仿真任务/Week 5 0815之前/SAR假目标自由度与物理阵列/results_freedom_study/single_1toN_overview.png,single_1toN_overview.png,.png,263640,2b7cda2618cf139fe0f57d4b0a4181be24bb83754f9c16beb0e4e6316f4656b2,result_image,rendered simulation/result/reference image,current,false,true,true,
2 暑假_两个月仿真任务/Week 5 0815之前/SAR假目标自由度与物理阵列/results_freedom_study/two_aircraft_line_freedom.png,two_aircraft_line_freedom.png,.png,185831,49f9f2449f3de43e65d74aeba316aa2e722c6dccc34e2feb08ffb6c5a3eb4cf7,result_image,rendered simulation/result/reference image,current,false,true,true,
2 暑假_两个月仿真任务/Week 5 0815之前/SAR假目标自由度与物理阵列/results_full_array_exact/arbitrary_arrow_pair.png,arbitrary_arrow_pair.png,.png,234824,87bdb8778128b512b66f7f82323a56401e305ab88f310cbe640bb6a8f136ff2c,result_image,rendered simulation/result/reference image,current,false,true,true,
2 暑假_两个月仿真任务/Week 5 0815之前/SAR假目标自由度与物理阵列/results_full_array_exact/arbitrary_heart_pair.png,arbitrary_heart_pair.png,.png,230397,2083ed7eccb48271d9e846eb9885ba3f9ce6228b5e48f99c4370cfaafe395963,result_image,rendered simulation/result/reference image,current,false,true,true,
2 暑假_两个月仿真任务/Week 5 0815之前/SAR假目标自由度与物理阵列/results_full_array_exact/arbitrary_phone_pair.png,arbitrary_phone_pair.png,.png,232483,2d629f7d81ec1a1d620154ff3ef195b1ceb6938ddbe5457660ce2c1c36037a3a,result_image,rendered simulation/result/reference image,current,false,true,true,
2 暑假_两个月仿真任务/Week 5 0815之前/SAR假目标自由度与物理阵列/results_full_array_exact/control_tables/shape_arrow_7x7_tiles.csv,shape_arrow_7x7_tiles.csv,.csv,1847,6fadfc6f39d0f4a2916d1672f0568daae12d4e146f7f116ed16418bf40cd2ea1,configuration,documentation or compact configuration/result table,current,false,true,true,
2 暑假_两个月仿真任务/Week 5 0815之前/SAR假目标自由度与物理阵列/results_full_array_exact/control_tables/shape_arrow_channels.csv,shape_arrow_channels.csv,.csv,1176,bb82fd1cdbfdd04c5eb21033af1f7890ed5aacdfd5ce56cd330b682f917a9a37,configuration,documentation or compact configuration/result table,current,false,true,true,
2 暑假_两个月仿真任务/Week 5 0815之前/SAR假目标自由度与物理阵列/results_full_array_exact/control_tables/shape_heart_7x7_tiles.csv,shape_heart_7x7_tiles.csv,.csv,1853,c9626883640c96a33334b7990895a04a447f80637d1f02de5c2adc300454d1a5,configuration,documentation or compact configuration/result table,current,false,true,true,
2 暑假_两个月仿真任务/Week 5 0815之前/SAR假目标自由度与物理阵列/results_full_array_exact/control_tables/shape_heart_channels.csv,shape_heart_channels.csv,.csv,1278,76be28a1d0052fae483b3a85d0511f2e929ff07ddf71db4e275903c8b9355878,configuration,documentation or compact configuration/result table,current,false,true,true,
2 暑假_两个月仿真任务/Week 5 0815之前/SAR假目标自由度与物理阵列/results_full_array_exact/control_tables/shape_phone_7x7_tiles.csv,shape_phone_7x7_tiles.csv,.csv,1908,47fee69d4d3af559c583692cb28808deda30de45862ef46811dc88b8d3153450,configuration,documentation or compact configuration/result table,current,false,true,true,
2 暑假_两个月仿真任务/Week 5 0815之前/SAR假目标自由度与物理阵列/results_full_array_exact/control_tables/shape_phone_channels.csv,shape_phone_channels.csv,.csv,1201,ab2017698fd0fe71150459b40e7aab7d2fca4e4696b7673316625f9ad7c9fca5,configuration,documentation or compact configuration/result table,current,false,true,true,
2 暑假_两个月仿真任务/Week 5 0815之前/SAR假目标自由度与物理阵列/results_full_array_exact/control_tables/single_1to16_channels.csv,single_1to16_channels.csv,.csv,727,13f1bc6213649ae037f147ea9442b2d3d09e84bf71c0df7e729b2fbf987f9325,configuration,documentation or compact configuration/result table,current,false,true,true,
2 暑假_两个月仿真任务/Week 5 0815之前/SAR假目标自由度与物理阵列/results_full_array_exact/control_tables/single_1to16_outer_4x4_tiles.csv,single_1to16_outer_4x4_tiles.csv,.csv,630,3ad663b1c3a2b66c66462b70001a590c8fb9d4d92d9311553ecc1e2c3e92052b,configuration,documentation or compact configuration/result table,current,false,true,true,
2 暑假_两个月仿真任务/Week 5 0815之前/SAR假目标自由度与物理阵列/results_full_array_exact/control_tables/single_1to1_channels.csv,single_1to1_channels.csv,.csv,166,450cc4ef20086efd7a0b8bd0d46db884ae33f1888291125596560dbd2a79d57f,configuration,documentation or compact configuration/result table,current,false,true,true,
2 暑假_两个月仿真任务/Week 5 0815之前/SAR假目标自由度与物理阵列/results_full_array_exact/control_tables/single_1to1_outer_4x4_tiles.csv,single_1to1_outer_4x4_tiles.csv,.csv,591,62e1d945be709b71a989aaa33190d5c715e07cf565fbede4739f1cfa469459be,configuration,documentation or compact configuration/result table,current,false,true,true,
2 暑假_两个月仿真任务/Week 5 0815之前/SAR假目标自由度与物理阵列/results_full_array_exact/control_tables/single_1to2_channels.csv,single_1to2_channels.csv,.csv,206,9dad196077a8bae44c02faa8a4ff6660d472bf4d0cff4c12cbd7a3a909092dae,configuration,documentation or compact configuration/result table,current,false,true,true,
2 暑假_两个月仿真任务/Week 5 0815之前/SAR假目标自由度与物理阵列/results_full_array_exact/control_tables/single_1to2_outer_4x4_tiles.csv,single_1to2_outer_4x4_tiles.csv,.csv,599,7a499ec22f1d093fdbc7b7dd17c52e77c71413d802f0df409b4b4ae0ea24a9b4,configuration,documentation or compact configuration/result table,current,false,true,true,
2 暑假_两个月仿真任务/Week 5 0815之前/SAR假目标自由度与物理阵列/results_full_array_exact/control_tables/single_1to3_channels.csv,single_1to3_channels.csv,.csv,241,ea5bce057bf4b95e86a359a144424b511a31a4edbe4fd5c5a0a675f4ef3d8980,configuration,documentation or compact configuration/result table,current,false,true,true,
2 暑假_两个月仿真任务/Week 5 0815之前/SAR假目标自由度与物理阵列/results_full_array_exact/control_tables/single_1to3_outer_5x5_tiles.csv,single_1to3_outer_5x5_tiles.csv,.csv,888,7cec417c4c415eabdc56342e0e8dbbefd3bddf262076731d2192096fb5fb50eb,configuration,documentation or compact configuration/result table,current,false,true,true,
2 暑假_两个月仿真任务/Week 5 0815之前/SAR假目标自由度与物理阵列/results_full_array_exact/control_tables/single_1to4_channels.csv,single_1to4_channels.csv,.csv,292,084e7fdfa9a95efb6ce2e863549b41185d5c0de7bb2c9dc471251bb7a8ac7c87,configuration,documentation or compact configuration/result table,current,false,true,true,
2 暑假_两个月仿真任务/Week 5 0815之前/SAR假目标自由度与物理阵列/results_full_array_exact/control_tables/single_1to4_outer_4x4_tiles.csv,single_1to4_outer_4x4_tiles.csv,.csv,607,bbc113a7fea561b18eb796dc9db908369fd2d4166e86c0c9fb654efe69246ae6,configuration,documentation or compact configuration/result table,current,false,true,true,
2 暑假_两个月仿真任务/Week 5 0815之前/SAR假目标自由度与物理阵列/results_full_array_exact/control_tables/single_1to5_channels.csv,single_1to5_channels.csv,.csv,259,290d71be8923b2b2c86d6911c6915c9aaf36b12d767aca0c28a2cee1f2d00924,configuration,documentation or compact configuration/result table,current,false,true,true,
2 暑假_两个月仿真任务/Week 5 0815之前/SAR假目标自由度与物理阵列/results_full_array_exact/control_tables/single_1to5_outer_5x5_tiles.csv,single_1to5_outer_5x5_tiles.csv,.csv,889,ca4171f981d924980afc2cda5dbd08efc41bb2b2b92dfe3c10daf5bef988e093,configuration,documentation or compact configuration/result table,current,false,true,true,
2 暑假_两个月仿真任务/Week 5 0815之前/SAR假目标自由度与物理阵列/results_full_array_exact/control_tables/single_1to9_channels.csv,single_1to9_channels.csv,.csv,545,d308207b99bb5d683376e9c73b0d23e3d537e0dba7808f212933c0b9c9ab1953,configuration,documentation or compact configuration/result table,current,false,true,true,
2 暑假_两个月仿真任务/Week 5 0815之前/SAR假目标自由度与物理阵列/results_full_array_exact/control_tables/single_1to9_outer_7x7_tiles.csv,single_1to9_outer_7x7_tiles.csv,.csv,1682,f99012eee7c6d8e7c08c30b1772ae5240bba0d6c4e6d0fb282a74182fb9eb256,configuration,documentation or compact configuration/result table,current,false,true,true,
2 暑假_两个月仿真任务/Week 5 0815之前/SAR假目标自由度与物理阵列/results_full_array_exact/four_aircraft_7x7_to16_pair.png,four_aircraft_7x7_to16_pair.png,.png,266146,cd5179af4a56ceadb2cfa80b4ba221be2796214d94fde0cbc834008c59eac845,result_image,rendered simulation/result/reference image,current,false,true,true,
2 暑假_两个月仿真任务/Week 5 0815之前/SAR假目标自由度与物理阵列/results_full_array_exact/full_array_freedom_results.mat,full_array_freedom_results.mat,.mat,175128,b19ba13bf4e83e9a772b6a1baef7b87d3f9b25f37f9a4f942fdeb01cab3734b9,sample_data,compact MATLAB input or result snapshot,current,false,true,true,
2 暑假_两个月仿真任务/Week 5 0815之前/SAR假目标自由度与物理阵列/results_full_array_exact/harmonic_suppression_compare.png,harmonic_suppression_compare.png,.png,112931,dd4a438fb7718dbd92137dc43a17fb775174c6f1cd46e9810685c0a4ab1fe053,result_image,rendered simulation/result/reference image,current,false,true,true,
2 暑假_两个月仿真任务/Week 5 0815之前/SAR假目标自由度与物理阵列/results_full_array_exact/physical_4x4_system_pair.png,physical_4x4_system_pair.png,.png,218003,e4b258f357be6215da40c1a363f82d6e263e12e2ca2e6c91bde1e53d08c11ea3,result_image,rendered simulation/result/reference image,current,false,true,true,
2 暑假_两个月仿真任务/Week 5 0815之前/SAR假目标自由度与物理阵列/results_full_array_exact/physical_5x5_system_pair.png,physical_5x5_system_pair.png,.png,243263,88c45fc826d0aaf0e396729b2333b3784420d9ac7ef41561f2de885e4e731b44,result_image,rendered simulation/result/reference image,current,false,true,true,
2 暑假_两个月仿真任务/Week 5 0815之前/SAR假目标自由度与物理阵列/results_full_array_exact/physical_7x7_system_pair.png,physical_7x7_system_pair.png,.png,208031,260c5ec1dab48d8d8f1ff870840c2953e9a443eefc4494a46f7ad3cdba26c598,result_image,rendered simulation/result/reference image,current,false,true,true,
2 暑假_两个月仿真任务/Week 5 0815之前/SAR假目标自由度与物理阵列/results_full_array_exact/physical_supercells_compare.png,physical_supercells_compare.png,.png,237645,f6461b04ab774442d10de16b58072720ce03824901587bdbd714965ee231386a,result_image,rendered simulation/result/reference image,current,false,true,true,
2 暑假_两个月仿真任务/Week 5 0815之前/SAR假目标自由度与物理阵列/results_full_array_exact/single_1to16_pair.png,single_1to16_pair.png,.png,218095,cd3db116c40255f349c6bd50e346fa734c48796be93d885df9b176eb45f1e2a7,result_image,rendered simulation/result/reference image,current,false,true,true,
2 暑假_两个月仿真任务/Week 5 0815之前/SAR假目标自由度与物理阵列/results_full_array_exact/single_1to16_sar.png,single_1to16_sar.png,.png,99928,7a00dcece6fc015fb74f2d2177b063aafa21fb53b035614c6203e7eae86ef494,result_image,rendered simulation/result/reference image,current,false,true,true,
2 暑假_两个月仿真任务/Week 5 0815之前/SAR假目标自由度与物理阵列/results_full_array_exact/single_1to1_high_contrast.png,single_1to1_high_contrast.png,.png,194632,4e3e236297c6e5deb5638499aae65f5dce90ea59527b64783b9b64e06c07a528,result_image,rendered simulation/result/reference image,current,false,true,true,
2 暑假_两个月仿真任务/Week 5 0815之前/SAR假目标自由度与物理阵列/results_full_array_exact/single_1to1_pair.png,single_1to1_pair.png,.png,186271,68e9912bdcbbb1f18c92bf7067ee545030f1fca8a47999361684afe3d723718d,result_image,rendered simulation/result/reference image,current,false,true,true,
2 暑假_两个月仿真任务/Week 5 0815之前/SAR假目标自由度与物理阵列/results_full_array_exact/single_1to1_sar.png,single_1to1_sar.png,.png,98859,9215588f3c2dd5f25823a19ec2523a587512d88d25e8f09397625503df534c0e,result_image,rendered simulation/result/reference image,current,false,true,true,
2 暑假_两个月仿真任务/Week 5 0815之前/SAR假目标自由度与物理阵列/results_full_array_exact/single_1to2_pair.png,single_1to2_pair.png,.png,193269,d6051b98eeccbca5ff039005800b67444984e1c52bb56eed25cc27f9fbaa6a22,result_image,rendered simulation/result/reference image,current,false,true,true,
2 暑假_两个月仿真任务/Week 5 0815之前/SAR假目标自由度与物理阵列/results_full_array_exact/single_1to2_sar.png,single_1to2_sar.png,.png,96900,01e71d5af484e6f2cc13652537a8f2182df299ae791ddbfa0a01425b0c8842eb,result_image,rendered simulation/result/reference image,current,false,true,true,
2 暑假_两个月仿真任务/Week 5 0815之前/SAR假目标自由度与物理阵列/results_full_array_exact/single_1to3_pair.png,single_1to3_pair.png,.png,212691,3d7b6abe971e4677f75d64798fa958f62b701590152e8b72d1fe9b30e5485644,result_image,rendered simulation/result/reference image,current,false,true,true,
2 暑假_两个月仿真任务/Week 5 0815之前/SAR假目标自由度与物理阵列/results_full_array_exact/single_1to3_sar.png,single_1to3_sar.png,.png,95421,01d0ec3639f3cf8222b48f6f7a0256a8e35d40b41f0e318325393a3d07becc2c,result_image,rendered simulation/result/reference image,current,false,true,true,
2 暑假_两个月仿真任务/Week 5 0815之前/SAR假目标自由度与物理阵列/results_full_array_exact/single_1to4_pair.png,single_1to4_pair.png,.png,215852,d3c91f2d49600811a51e2b0b6daad6eadad5c36d434463203a20d767e099d0df,result_image,rendered simulation/result/reference image,current,false,true,true,
2 暑假_两个月仿真任务/Week 5 0815之前/SAR假目标自由度与物理阵列/results_full_array_exact/single_1to4_sar.png,single_1to4_sar.png,.png,97357,1d077cb85c061362f0d6744a71dca250203c68d92880aea6aa2823f77a03f18c,result_image,rendered simulation/result/reference image,current,false,true,true,
2 暑假_两个月仿真任务/Week 5 0815之前/SAR假目标自由度与物理阵列/results_full_array_exact/single_1to5_pair.png,single_1to5_pair.png,.png,240750,2e92e5c49360ee6d2a5eac5f3d8c368d5b6bdeea52e81994d1a8067b6bb4555d,result_image,rendered simulation/result/reference image,current,false,true,true,
2 暑假_两个月仿真任务/Week 5 0815之前/SAR假目标自由度与物理阵列/results_full_array_exact/single_1to5_sar.png,single_1to5_sar.png,.png,97835,42d7c2fd38042c23547d2497edca0924ccdef3063e44d9909f2a9a931bd9d11e,result_image,rendered simulation/result/reference image,current,false,true,true,
2 暑假_两个月仿真任务/Week 5 0815之前/SAR假目标自由度与物理阵列/results_full_array_exact/single_1to9_pair.png,single_1to9_pair.png,.png,204228,7bd3e3eef93ce71fa3f485b933227cd04af2dc884aec43f02e3d1660bd056329,result_image,rendered simulation/result/reference image,current,false,true,true,
2 暑假_两个月仿真任务/Week 5 0815之前/SAR假目标自由度与物理阵列/results_full_array_exact/single_1to9_sar.png,single_1to9_sar.png,.png,104900,ab34bf01211392094944c8e001f1b043045f01f563e28f02f850f65f615240b4,result_image,rendered simulation/result/reference image,current,false,true,true,
2 暑假_两个月仿真任务/Week 5 0815之前/SAR假目标自由度与物理阵列/results_full_array_exact/single_1toN_overview.png,single_1toN_overview.png,.png,317000,1bc4e08160e86456ade3eac037370bb40806cd42bca6c4f129ad1e3ae2a51d23,result_image,rendered simulation/result/reference image,current,false,true,true,
2 暑假_两个月仿真任务/Week 5 0815之前/SAR假目标自由度与物理阵列/results_full_array_exact/two_aircraft_line_freedom.png,two_aircraft_line_freedom.png,.png,201586,0986989dc47e13ebf67b116b9a440447d87e908b5a9e8350d6ffeddad923b6eb,result_image,rendered simulation/result/reference image,current,false,true,true,
2 暑假_两个月仿真任务/Week 5 0815之前/SAR假目标自由度与物理阵列/results_full_rd_7x7_physical/20260816_204644_uav/2bit_7x7_physical_4x4_group_cancel_wide100_harmonic_amplitudes.csv,2bit_7x7_physical_4x4_group_cancel_wide100_harmonic_amplitudes.csv,.csv,4599,5edb27924b1755bdc4dffcbe9cf695fbd32f9657eecefef92ad2b2521876ead6,configuration,documentation or compact configuration/result table,current,false,true,true,
2 暑假_两个月仿真任务/Week 5 0815之前/SAR假目标自由度与物理阵列/results_full_rd_7x7_physical/20260816_204644_uav/2bit_7x7_physical_4x4_group_cancel_wide100_harmonic_amplitudes.fig,2bit_7x7_physical_4x4_group_cancel_wide100_harmonic_amplitudes.fig,.fig,30708,fd7226ffb2792c41314fd2a4e3b8d4071267b88fdc8052098138d5772d8d6f5e,generated_large,MATLAB editable figure,current,false,true,false,large reproducible FIG intermediate; PNG retained when available
2 暑假_两个月仿真任务/Week 5 0815之前/SAR假目标自由度与物理阵列/results_full_rd_7x7_physical/20260816_204644_uav/2bit_7x7_physical_4x4_group_cancel_wide100_harmonic_amplitudes.png,2bit_7x7_physical_4x4_group_cancel_wide100_harmonic_amplitudes.png,.png,135356,bf2980d439a75c08e2c4b2b97118316a107814a713497513c831ed26947e5673,result_image,rendered simulation/result/reference image,current,false,true,true,
2 暑假_两个月仿真任务/Week 5 0815之前/SAR假目标自由度与物理阵列/results_full_rd_7x7_physical/20260816_204644_uav/2bit_7x7_physical_4x4_group_cancel_wide100_harmonic_matrix.fig,2bit_7x7_physical_4x4_group_cancel_wide100_harmonic_matrix.fig,.fig,20941,84d5604cd4fa0292aa970fa9087e63b7b2d85d4c4c8393dd7fbda196dfe3519e,generated_large,MATLAB editable figure,current,false,true,false,large reproducible FIG intermediate; PNG retained when available
2 暑假_两个月仿真任务/Week 5 0815之前/SAR假目标自由度与物理阵列/results_full_rd_7x7_physical/20260816_204644_uav/2bit_7x7_physical_4x4_group_cancel_wide100_harmonic_matrix.png,2bit_7x7_physical_4x4_group_cancel_wide100_harmonic_matrix.png,.png,58057,dbc2a2597c69e1be0199192c92405c4da811368ee8545b293d97700e1fdf8c90,result_image,rendered simulation/result/reference image,current,false,true,true,
2 暑假_两个月仿真任务/Week 5 0815之前/SAR假目标自由度与物理阵列/results_full_rd_7x7_physical/20260816_204644_uav/array_layout_4x4.fig,array_layout_4x4.fig,.fig,12190,b8e59f09b4f0528ac834da83d0d2c4e4cee4882bba4f47b72d18e9d141c0f698,generated_large,MATLAB editable figure,current,false,true,false,large reproducible FIG intermediate; PNG retained when available
2 暑假_两个月仿真任务/Week 5 0815之前/SAR假目标自由度与物理阵列/results_full_rd_7x7_physical/20260816_204644_uav/array_layout_4x4.png,array_layout_4x4.png,.png,56382,d79b16145842ff16ccae2772b91e96397ee68b911aeba4fd664ae161bce3cfa1,result_image,rendered simulation/result/reference image,current,false,true,true,
2 暑假_两个月仿真任务/Week 5 0815之前/SAR假目标自由度与物理阵列/results_full_rd_7x7_physical/20260816_204644_uav/expected_positions_2bit_7x7_physical_4x4_group_cancel_wide100.csv,expected_positions_2bit_7x7_physical_4x4_group_cancel_wide100.csv,.csv,439,ca3b7247c4ac8775f4b659155cf513f0edd6a9259c16c0514b9f107f6f0e2e23,configuration,documentation or compact configuration/result table,current,false,true,true,
2 暑假_两个月仿真任务/Week 5 0815之前/SAR假目标自由度与物理阵列/results_full_rd_7x7_physical/20260816_204644_uav/sar_4x4_2bit_7x7_physical_4x4_group_cancel_wide100.fig,sar_4x4_2bit_7x7_physical_4x4_group_cancel_wide100.fig,.fig,48884315,ec2ca3b0b9dffc2fe13d8ee41487cc19e1083553dbdd2e73d2ceb544fa219c31,generated_large,MATLAB editable figure,current,false,true,false,large reproducible FIG intermediate; PNG retained when available
2 暑假_两个月仿真任务/Week 5 0815之前/SAR假目标自由度与物理阵列/results_full_rd_7x7_physical/20260816_204644_uav/sar_4x4_2bit_7x7_physical_4x4_group_cancel_wide100.png,sar_4x4_2bit_7x7_physical_4x4_group_cancel_wide100.png,.png,154889,bec5e78e9ba5cac2bfe2bd7e70b4d75d6cfe3c726b55112af920ba400d895419,result_image,rendered simulation/result/reference image,current,false,true,true,
2 暑假_两个月仿真任务/Week 5 0815之前/SAR假目标自由度与物理阵列/results_full_rd_7x7_physical/20260816_204644_uav/sar_4x4_2bit_7x7_physical_4x4_group_cancel_wide100_full_field.fig,sar_4x4_2bit_7x7_physical_4x4_group_cancel_wide100_full_field.fig,.fig,48884779,a572b72d61836bea422a69b4523d077f70ce65a6cde45cb5329fe5ab53cfdd53,generated_large,MATLAB editable figure,current,false,true,false,large reproducible FIG intermediate; PNG retained when available
2 暑假_两个月仿真任务/Week 5 0815之前/SAR假目标自由度与物理阵列/results_full_rd_7x7_physical/20260816_204644_uav/sar_4x4_2bit_7x7_physical_4x4_group_cancel_wide100_full_field.png,sar_4x4_2bit_7x7_physical_4x4_group_cancel_wide100_full_field.png,.png,71526,8c40adf781746af52137194405ce96400d4d154ede0438e8cd09c1ecba43dbe4,result_image,rendered simulation/result/reference image,current,false,true,true,
2 暑假_两个月仿真任务/Week 5 0815之前/SAR假目标自由度与物理阵列/results_full_rd_7x7_physical/20260816_204644_uav/sar_4x4_2bit_7x7_physical_4x4_group_cancel_wide100_target_grid_4x4.fig,sar_4x4_2bit_7x7_physical_4x4_group_cancel_wide100_target_grid_4x4.fig,.fig,48791535,d11bade9bcc36c57709c5dc334f0b49b4c6308621ed94bdcbadbfe6d8cf532cd,generated_large,MATLAB editable figure,current,false,true,false,large reproducible FIG intermediate; PNG retained when available
2 暑假_两个月仿真任务/Week 5 0815之前/SAR假目标自由度与物理阵列/results_full_rd_7x7_physical/20260816_204644_uav/sar_4x4_2bit_7x7_physical_4x4_group_cancel_wide100_target_grid_4x4.png,sar_4x4_2bit_7x7_physical_4x4_group_cancel_wide100_target_grid_4x4.png,.png,63760,33231aea8c1a335b35442add3cc11585343f166cdb981fb00564722edbaf8e24,result_image,rendered simulation/result/reference image,current,false,true,true,
2 暑假_两个月仿真任务/Week 5 0815之前/SAR假目标自由度与物理阵列/results_full_rd_7x7_physical/20260816_204644_uav/sar_four_real_corners.fig,sar_four_real_corners.fig,.fig,48784800,048435a2bdec30a596e6a90c566db27804ef97ce2a42462fbec41563e9113c3a,generated_large,MATLAB editable figure,current,false,true,false,large reproducible FIG intermediate; PNG retained when available
2 暑假_两个月仿真任务/Week 5 0815之前/SAR假目标自由度与物理阵列/results_full_rd_7x7_physical/20260816_204644_uav/sar_four_real_corners.png,sar_four_real_corners.png,.png,107296,919f823b855635a1082d726bea6e709b7d792bb86d970eb933e6abb94a525920,result_image,rendered simulation/result/reference image,current,false,true,true,
2 暑假_两个月仿真任务/Week 5 0815之前/SAR假目标自由度与物理阵列/results_full_rd_7x7_physical/20260816_204644_uav/sar_results_4x4_2bit_7x7_physical_4x4_group_cancel_wide100.mat,sar_results_4x4_2bit_7x7_physical_4x4_group_cancel_wide100.mat,.mat,303765258,92b66ab644378fbe42426796c7bdb9e37e3c481f6ec3a5b69face75df80599ce,generated_large,MATLAB raw/result matrix,current,false,true,false,large raw/result MAT excluded; compact data and PNG/CSV retained
2 暑假_两个月仿真任务/Week 5 0815之前/SAR假目标自由度与物理阵列/results_two_aircraft_independent_special/cache/center_echo_scatter420_Na288_Nr2048.mat,center_echo_scatter420_Na288_Nr2048.mat,.mat,3880458,4619417a18ce12cc3fdaabf8f17d3d6249f8a6ad1134995d7946397c27cdeb41,generated_large,MATLAB raw/result matrix,current,false,true,false,large raw/result MAT excluded; compact data and PNG/CSV retained
2 暑假_两个月仿真任务/Week 5 0815之前/SAR假目标自由度与物理阵列/results_two_aircraft_independent_special/control_tables/dna_independent_channel_table.csv,dna_independent_channel_table.csv,.csv,2470,58c94e15d74cd690d35d8c5d5de21d7c8f5441b38c5266d912e1d68fb61a3cc3,configuration,documentation or compact configuration/result table,current,false,true,true,
2 暑假_两个月仿真任务/Week 5 0815之前/SAR假目标自由度与物理阵列/results_two_aircraft_independent_special/control_tables/dna_source1_outer7x7_tiles.csv,dna_source1_outer7x7_tiles.csv,.csv,2885,0d69795f7710b3f98e978ee3ff335c4df5c4bdead24d99a052adfb9aff6728b0,configuration,documentation or compact configuration/result table,current,false,true,true,
2 暑假_两个月仿真任务/Week 5 0815之前/SAR假目标自由度与物理阵列/results_two_aircraft_independent_special/control_tables/dna_source2_outer7x7_tiles.csv,dna_source2_outer7x7_tiles.csv,.csv,2914,a0ee8d9051ed657bbe7039d22bac7e3fbbbe1d4723253908660944ec8afe8680,configuration,documentation or compact configuration/result table,current,false,true,true,
2 暑假_两个月仿真任务/Week 5 0815之前/SAR假目标自由度与物理阵列/results_two_aircraft_independent_special/control_tables/infinity_independent_channel_table.csv,infinity_independent_channel_table.csv,.csv,3289,c56dfd3f5577afe036fc913ff063e93eff77a03ea974110c2065998e5f9b5862,configuration,documentation or compact configuration/result table,current,false,true,true,
2 暑假_两个月仿真任务/Week 5 0815之前/SAR假目标自由度与物理阵列/results_two_aircraft_independent_special/control_tables/infinity_source1_outer7x7_tiles.csv,infinity_source1_outer7x7_tiles.csv,.csv,3193,d312e60134302e8152bbe2fc4e5f0a1a52382ccf110148b8f28aefda8a4701bb,configuration,documentation or compact configuration/result table,current,false,true,true,
2 暑假_两个月仿真任务/Week 5 0815之前/SAR假目标自由度与物理阵列/results_two_aircraft_independent_special/control_tables/infinity_source2_outer7x7_tiles.csv,infinity_source2_outer7x7_tiles.csv,.csv,3162,fc006bb565b57e7a03aa1c919d860267242095e1f73b65ea0bc245402ffbbd9a,configuration,documentation or compact configuration/result table,current,false,true,true,
2 暑假_两个月仿真任务/Week 5 0815之前/SAR假目标自由度与物理阵列/results_two_aircraft_independent_special/control_tables/smile_independent_channel_table.csv,smile_independent_channel_table.csv,.csv,3267,747ab9c23c00a95c99ada520d49b90bf10ba10a1128dc8a89e279ea94dc624a4,configuration,documentation or compact configuration/result table,current,false,true,true,
2 暑假_两个月仿真任务/Week 5 0815之前/SAR假目标自由度与物理阵列/results_two_aircraft_independent_special/control_tables/smile_source1_outer7x7_tiles.csv,smile_source1_outer7x7_tiles.csv,.csv,2955,a4c83c18019c8ab5e4e3185177a5531b7bfb818d1d3d9b1e95ce0c5c9d73bb88,configuration,documentation or compact configuration/result table,current,false,true,true,
2 暑假_两个月仿真任务/Week 5 0815之前/SAR假目标自由度与物理阵列/results_two_aircraft_independent_special/control_tables/smile_source2_outer7x7_tiles.csv,smile_source2_outer7x7_tiles.csv,.csv,2798,2c37c0dcde76ecc086b4eae65b767b2d01f35dcd146337540d8eae0889c91394,configuration,documentation or compact configuration/result table,current,false,true,true,
2 暑假_两个月仿真任务/Week 5 0815之前/SAR假目标自由度与物理阵列/results_two_aircraft_independent_special/control_tables/star_independent_channel_table.csv,star_independent_channel_table.csv,.csv,2639,035ef9dd6ef66de57f7319ad9a14a3f3f6d16a6513401aaead8a8aa01d6ca1e6,configuration,documentation or compact configuration/result table,current,false,true,true,
2 暑假_两个月仿真任务/Week 5 0815之前/SAR假目标自由度与物理阵列/results_two_aircraft_independent_special/control_tables/star_source1_outer7x7_tiles.csv,star_source1_outer7x7_tiles.csv,.csv,2887,e1b6ea10c8a6a317f049ba9cf7be64995d3bba630507411e188229c0147221b1,configuration,documentation or compact configuration/result table,current,false,true,true,
2 暑假_两个月仿真任务/Week 5 0815之前/SAR假目标自由度与物理阵列/results_two_aircraft_independent_special/control_tables/star_source2_outer7x7_tiles.csv,star_source2_outer7x7_tiles.csv,.csv,3170,ac77c9bcea8b1eac2e18b4f0c3b1c9f3db407a5b5b4ab04a2c99860993a1004b,configuration,documentation or compact configuration/result table,current,false,true,true,
2 暑假_两个月仿真任务/Week 5 0815之前/SAR假目标自由度与物理阵列/results_two_aircraft_independent_special/two_aircraft_independent_dna_sar.png,two_aircraft_independent_dna_sar.png,.png,209572,c097a2fbd3eba592fd7552fb24c3a33b5a27a0fcafd513861f0eaffa1a3aecda,result_image,rendered simulation/result/reference image,current,false,true,true,
2 暑假_两个月仿真任务/Week 5 0815之前/SAR假目标自由度与物理阵列/results_two_aircraft_independent_special/two_aircraft_independent_infinity_sar.png,two_aircraft_independent_infinity_sar.png,.png,196094,da148022301fcdcc8a02e7f7c5f4d35768716cb38a642ac27d6030c098bbf8ea,result_image,rendered simulation/result/reference image,current,false,true,true,
2 暑假_两个月仿真任务/Week 5 0815之前/SAR假目标自由度与物理阵列/results_two_aircraft_independent_special/two_aircraft_independent_smile_sar.png,two_aircraft_independent_smile_sar.png,.png,212589,5566dcc7c4e016a8aedcd20ea1894a0ed0143c0c5ea73db5f14410726945edc7,result_image,rendered simulation/result/reference image,current,false,true,true,
2 暑假_两个月仿真任务/Week 5 0815之前/SAR假目标自由度与物理阵列/results_two_aircraft_independent_special/two_aircraft_independent_special_overview.png,two_aircraft_independent_special_overview.png,.png,504164,e981e1f88ff3fc2dc54f1ca0f82b2a1528afa3124548c4c70cf6f646558a801c,result_image,rendered simulation/result/reference image,current,false,true,true,
2 暑假_两个月仿真任务/Week 5 0815之前/SAR假目标自由度与物理阵列/results_two_aircraft_independent_special/two_aircraft_independent_special_results.mat,two_aircraft_independent_special_results.mat,.mat,36624587,10d3e16e26512e75ea0c84c28ed3962865bd08cc84e847b96e4559f5d8fac981,generated_large,MATLAB raw/result matrix,current,false,true,false,large raw/result MAT excluded; compact data and PNG/CSV retained
2 暑假_两个月仿真任务/Week 5 0815之前/SAR假目标自由度与物理阵列/results_two_aircraft_independent_special/two_aircraft_independent_star_sar.png,two_aircraft_independent_star_sar.png,.png,197380,a276ff2ea85554be8ae7a467f636c2aa2dd66d075a9def870291dc62af5d1878,result_image,rendered simulation/result/reference image,current,false,true,true,
2 暑假_两个月仿真任务/Week 5 0815之前/SAR假目标自由度与物理阵列/run_clear_low_channel_shapes.m,run_clear_low_channel_shapes.m,.m,15461,b045c863e4a683d054a291080e74886fcb54c29b768bec95c2dad09d82eea1fa,source,MATLAB/source text,current,false,false,true,
2 暑假_两个月仿真任务/Week 5 0815之前/SAR假目标自由度与物理阵列/run_four_aircraft_ppt_style_shapes.m,run_four_aircraft_ppt_style_shapes.m,.m,13439,6e2a29ea02dabef41f9c9bd04663ff70257b570cdd36918651dedb879b5c507a,source,MATLAB/source text,current,true,false,true,
2 暑假_两个月仿真任务/Week 5 0815之前/SAR假目标自由度与物理阵列/run_full_array_freedom_study.m,run_full_array_freedom_study.m,.m,24205,4bdcff5c9ac24f2cc03312694cc16467294c552b4d1a8b4662031fc169d2cdc9,source,MATLAB/source text,current,true,false,true,
2 暑假_两个月仿真任务/Week 5 0815之前/SAR假目标自由度与物理阵列/run_target_freedom_study.m,run_target_freedom_study.m,.m,21412,c01af5817e01e5474a70db2011955bc226e7e740d6f0acc2b883a890f1408a79,source,MATLAB/source text,current,false,false,true,
2 暑假_两个月仿真任务/Week 5 0815之前/SAR假目标自由度与物理阵列/run_two_aircraft_independent_special_shapes.m,run_two_aircraft_independent_special_shapes.m,.m,15235,f2ac6d945b8163a1f9086ca64525015f0a2d91ef40008bc5b0e32d7427cd427d,source,MATLAB/source text,current,false,false,true,
2 暑假_两个月仿真任务/Week 5 0815之前/SAR假目标自由度与物理阵列/single_aircraft_redesign_figures/00_Hk_structure.png,00_Hk_structure.png,.png,277519,c17ce62ced4e86f11d97189187d1d1e28a619ba32cad595159c1d65bbac22abb,result_image,rendered simulation/result/reference image,current,false,true,true,
2 暑假_两个月仿真任务/Week 5 0815之前/SAR假目标自由度与物理阵列/single_aircraft_redesign_figures/1to16_high_contrast.png,1to16_high_contrast.png,.png,238512,f8fc5ec3d1db9702f5f6e79460efbec3fdc565119c917ba5e916b72007dfffd1,result_image,rendered simulation/result/reference image,current,false,true,true,
2 暑假_两个月仿真任务/Week 5 0815之前/SAR假目标自由度与物理阵列/single_aircraft_redesign_figures/1to1_high_contrast.png,1to1_high_contrast.png,.png,208685,3194dd1e92a9952b6b65f607987a55811bb38393f3b931a0e10431eba440037f,result_image,rendered simulation/result/reference image,current,false,true,true,
2 暑假_两个月仿真任务/Week 5 0815之前/SAR假目标自由度与物理阵列/single_aircraft_redesign_figures/1to2_high_contrast.png,1to2_high_contrast.png,.png,207717,f224fb7cfe39a0a2f786c5bfb4a95eca256fa7de138215c359ff70a7ca26ca26,result_image,rendered simulation/result/reference image,current,false,true,true,
2 暑假_两个月仿真任务/Week 5 0815之前/SAR假目标自由度与物理阵列/single_aircraft_redesign_figures/1to3_high_contrast.png,1to3_high_contrast.png,.png,218063,f72c59d2c0af43b071bad3443cbfd49cd6e200a1c9f4069baaf6a49133f6f629,result_image,rendered simulation/result/reference image,current,false,true,true,
2 暑假_两个月仿真任务/Week 5 0815之前/SAR假目标自由度与物理阵列/single_aircraft_redesign_figures/1to4_high_contrast.png,1to4_high_contrast.png,.png,230991,cad963044bf976306d4fb4bebacab69aa23ee6d8a343173b72ab627a465438e0,result_image,rendered simulation/result/reference image,current,false,true,true,
2 暑假_两个月仿真任务/Week 5 0815之前/SAR假目标自由度与物理阵列/single_aircraft_redesign_figures/1to5_high_contrast.png,1to5_high_contrast.png,.png,255028,0cc51c3282adafa4c927f84314db4d50aa93e9f64de7cf445d78b5813d0e2a79,result_image,rendered simulation/result/reference image,current,false,true,true,
2 暑假_两个月仿真任务/Week 5 0815之前/SAR假目标自由度与物理阵列/single_aircraft_redesign_figures/1to9_high_contrast.png,1to9_high_contrast.png,.png,246461,3d366889a23af87d8f09d533cdbcb84e99ce0e3c7016db2edf18913b75c9403e,result_image,rendered simulation/result/reference image,current,false,true,true,
2 暑假_两个月仿真任务/Week 5 0815之前/SAR假目标自由度与物理阵列/single_aircraft_redesign_figures/montage.png,montage.png,.png,207151,266c72db8bc9b74a5c851b5f5639c4a6e566dfd1a300cefa1cdbc8726055ff20,result_image,rendered simulation/result/reference image,current,false,true,true,
2 暑假_两个月仿真任务/Week 5 0815之前/SAR假目标自由度与物理阵列/单架_双机_四机_假目标自由度与2bit计算.pptx,单架_双机_四机_假目标自由度与2bit计算.pptx,.pptx,2940734,5101b7c07420f266c0f8b43d8024a8e3726f6612784a55b5e0f04dd1e5122351,source_materials,selected report/reference used by current research,current,false,false,true,
2 暑假_两个月仿真任务/Week 5 0815之前/SAR假目标自由度与物理阵列/单架_双机_四机_假目标自由度与2bit计算.pptx.inspect.ndjson,单架_双机_四机_假目标自由度与2bit计算.pptx.inspect.ndjson,.ndjson,54739,dd959d6debe1ccb161871329fee70b6739c8f7935359f2c05752457ed1aa8c9c,other,unclassified project artifact,current,false,false,false,nonessential or unsupported artifact type
2 暑假_两个月仿真任务/Week 5 0815之前/SAR假目标自由度与物理阵列/单架飞机_1到N_Hk结构与2bit计算.pptx,单架飞机_1到N_Hk结构与2bit计算.pptx,.pptx,1571317,ca2a4ab7bac5a52921fb6b9f5b42ea0394fe9640be9886d7a122cdc2e4f944d7,source_materials,selected report/reference used by current research,current,false,false,true,
2 暑假_两个月仿真任务/Week 5 0815之前/SAR假目标自由度与物理阵列/单架飞机_1到N_Hk结构与2bit计算.pptx.inspect.ndjson,单架飞机_1到N_Hk结构与2bit计算.pptx.inspect.ndjson,.ndjson,24003,a16c9738ec48ddbdcf92dc682bcafa62533090e2d1817959352ba6bde54bd185,other,unclassified project artifact,current,false,false,false,nonessential or unsupported artifact type
2 暑假_两个月仿真任务/Week 5 0815之前/SAR假目标自由度与物理阵列/时变2-bit超表面_SAR假目标自由度与物理阵列.pptx,时变2-bit超表面_SAR假目标自由度与物理阵列.pptx,.pptx,3481460,ca186ae3aa71340f1169099c5021d6fc12f44fa21009efcb8a6e2c29c2e08794,document,historical report/reference,current,false,false,false,non-selected or superseded report/reference
2 暑假_两个月仿真任务/Week 5 0815之前/SAR假目标自由度与物理阵列/时变2-bit超表面_SAR假目标自由度与物理阵列.pptx.inspect.ndjson,时变2-bit超表面_SAR假目标自由度与物理阵列.pptx.inspect.ndjson,.ndjson,50912,8dddbf1de7b1ae94f71748791886dbd519dc3aad900bd500ed4e40b700c031c6,other,unclassified project artifact,current,false,false,false,nonessential or unsupported artifact type
2 暑假_两个月仿真任务/Week 5 0815之前/SAR假目标自由度与物理阵列/时变2-bit超表面_SAR假目标自由度与物理阵列_时延矩阵版.pptx,时变2-bit超表面_SAR假目标自由度与物理阵列_时延矩阵版.pptx,.pptx,2855486,4be54593ff62bc56595391349c16644f291b97f2667f8e4ed4e14fb03719b742,source_materials,selected report/reference used by current research,current,false,false,true,
2 暑假_两个月仿真任务/Week 5 0815之前/SAR假目标自由度与物理阵列/时变2-bit超表面_SAR假目标自由度与物理阵列_时延矩阵版.pptx.inspect.ndjson,时变2-bit超表面_SAR假目标自由度与物理阵列_时延矩阵版.pptx.inspect.ndjson,.ndjson,171648,595f24c6968936a49e553562612cd994985d6de190d2fe349456540a2d027449,other,unclassified project artifact,current,false,false,false,nonessential or unsupported artifact type
2 暑假_两个月仿真任务/Week 5 0815之前/歼36_4x4机群_2bit_4x4目标群_谐波相消/README.md,README.md,.md,1363,6e86cab89f45766cae00e50c5c988094f57d50973a210c7af92c31f844c7412c,source,documentation or compact configuration/result table,active_baseline,false,false,true,
2 暑假_两个月仿真任务/Week 5 0815之前/歼36_4x4机群_2bit_4x4目标群_谐波相消/SHIP_4x4_to_4x4_partition_cancel_wide100.m,SHIP_4x4_to_4x4_partition_cancel_wide100.m,.m,2269,3fd6177457c1514005bea033dddd2ae4a45fe066bbdb2de0a47f00245d6b4b88,source,MATLAB/source text,active_baseline,false,false,true,
2 暑假_两个月仿真任务/Week 5 0815之前/歼36_4x4机群_2bit_4x4目标群_谐波相消/results_4x4_target_group_partition_cancel_wide100/20260815_202454_uav/2bit_4x4_target_group_partition_cancel_wide100_harmonic_amplitudes.csv,2bit_4x4_target_group_partition_cancel_wide100_harmonic_amplitudes.csv,.csv,4602,eeb35c2adff9c3451bd5e168252a12c7f6291002effd1426fc1b0197dd2d6b05,configuration,documentation or compact configuration/result table,active_baseline,false,true,true,
2 暑假_两个月仿真任务/Week 5 0815之前/歼36_4x4机群_2bit_4x4目标群_谐波相消/results_4x4_target_group_partition_cancel_wide100/20260815_202454_uav/2bit_4x4_target_group_partition_cancel_wide100_harmonic_amplitudes.fig,2bit_4x4_target_group_partition_cancel_wide100_harmonic_amplitudes.fig,.fig,30682,07d9e19b60346b3c4a79e5bec1742e64adb12f59c450c34ad61912f9e4926de4,generated_large,MATLAB editable figure,active_baseline,false,true,false,large reproducible FIG intermediate; PNG retained when available
2 暑假_两个月仿真任务/Week 5 0815之前/歼36_4x4机群_2bit_4x4目标群_谐波相消/results_4x4_target_group_partition_cancel_wide100/20260815_202454_uav/2bit_4x4_target_group_partition_cancel_wide100_harmonic_amplitudes.png,2bit_4x4_target_group_partition_cancel_wide100_harmonic_amplitudes.png,.png,132122,97ef8d9256fdd2d61fcea49235dd3f205890c87e1701ea386c54ef1d4f1aebb7,result_image,rendered simulation/result/reference image,active_baseline,false,true,true,
2 暑假_两个月仿真任务/Week 5 0815之前/歼36_4x4机群_2bit_4x4目标群_谐波相消/results_4x4_target_group_partition_cancel_wide100/20260815_202454_uav/2bit_4x4_target_group_partition_cancel_wide100_harmonic_matrix.fig,2bit_4x4_target_group_partition_cancel_wide100_harmonic_matrix.fig,.fig,20694,7bf2e9723581498ef4554ca41d18158322a07eaa3912f2bc8a496f3c8bef85bd,generated_large,MATLAB editable figure,active_baseline,false,true,false,large reproducible FIG intermediate; PNG retained when available
2 暑假_两个月仿真任务/Week 5 0815之前/歼36_4x4机群_2bit_4x4目标群_谐波相消/results_4x4_target_group_partition_cancel_wide100/20260815_202454_uav/2bit_4x4_target_group_partition_cancel_wide100_harmonic_matrix.png,2bit_4x4_target_group_partition_cancel_wide100_harmonic_matrix.png,.png,58033,0e1d5db5ca03da6e7148f1bc34c22e177463b3c60f9677a2ce9ce10472186de4,result_image,rendered simulation/result/reference image,active_baseline,false,true,true,
2 暑假_两个月仿真任务/Week 5 0815之前/歼36_4x4机群_2bit_4x4目标群_谐波相消/results_4x4_target_group_partition_cancel_wide100/20260815_202454_uav/array_layout_4x4.fig,array_layout_4x4.fig,.fig,12143,52f730c79e9c4699b6f3095e8fb25e0fb41c468bab7603d69d8491f921438bff,generated_large,MATLAB editable figure,active_baseline,false,true,false,large reproducible FIG intermediate; PNG retained when available
2 暑假_两个月仿真任务/Week 5 0815之前/歼36_4x4机群_2bit_4x4目标群_谐波相消/results_4x4_target_group_partition_cancel_wide100/20260815_202454_uav/array_layout_4x4.png,array_layout_4x4.png,.png,56253,565248d96372dd983dfd19282b68375ae4ffa1425c71887b7bb85d30dd6ba147,result_image,rendered simulation/result/reference image,active_baseline,false,true,true,
2 暑假_两个月仿真任务/Week 5 0815之前/歼36_4x4机群_2bit_4x4目标群_谐波相消/results_4x4_target_group_partition_cancel_wide100/20260815_202454_uav/expected_positions_2bit_4x4_target_group_partition_cancel_wide100.csv,expected_positions_2bit_4x4_target_group_partition_cancel_wide100.csv,.csv,439,ca3b7247c4ac8775f4b659155cf513f0edd6a9259c16c0514b9f107f6f0e2e23,configuration,documentation or compact configuration/result table,active_baseline,false,true,true,
2 暑假_两个月仿真任务/Week 5 0815之前/歼36_4x4机群_2bit_4x4目标群_谐波相消/results_4x4_target_group_partition_cancel_wide100/20260815_202454_uav/sar_4x4_2bit_4x4_target_group_partition_cancel_wide100.fig,sar_4x4_2bit_4x4_target_group_partition_cancel_wide100.fig,.fig,48884200,349b7e29233c5fcc21f3205be58461462f7fe30852d2c93a74f0171ca49cf527,generated_large,MATLAB editable figure,active_baseline,false,true,false,large reproducible FIG intermediate; PNG retained when available
2 暑假_两个月仿真任务/Week 5 0815之前/歼36_4x4机群_2bit_4x4目标群_谐波相消/results_4x4_target_group_partition_cancel_wide100/20260815_202454_uav/sar_4x4_2bit_4x4_target_group_partition_cancel_wide100.png,sar_4x4_2bit_4x4_target_group_partition_cancel_wide100.png,.png,151459,23d4eea33486dd166d482766ffbc3ec63689aefcfee0db91578942d9fd85759c,result_image,rendered simulation/result/reference image,active_baseline,false,true,true,
2 暑假_两个月仿真任务/Week 5 0815之前/歼36_4x4机群_2bit_4x4目标群_谐波相消/results_4x4_target_group_partition_cancel_wide100/20260815_202454_uav/sar_4x4_2bit_4x4_target_group_partition_cancel_wide100_full_field.fig,sar_4x4_2bit_4x4_target_group_partition_cancel_wide100_full_field.fig,.fig,48884658,4c084a0cd5309adfade703c0fafae461833f226caea44021cc69d7b721a0072a,generated_large,MATLAB editable figure,active_baseline,false,true,false,large reproducible FIG intermediate; PNG retained when available
2 暑假_两个月仿真任务/Week 5 0815之前/歼36_4x4机群_2bit_4x4目标群_谐波相消/results_4x4_target_group_partition_cancel_wide100/20260815_202454_uav/sar_4x4_2bit_4x4_target_group_partition_cancel_wide100_full_field.png,sar_4x4_2bit_4x4_target_group_partition_cancel_wide100_full_field.png,.png,69201,e630531ff37112fe543af940fb3a9ecce7c9e4dfe9826219ecc109be1faba84b,result_image,rendered simulation/result/reference image,active_baseline,false,true,true,
2 暑假_两个月仿真任务/Week 5 0815之前/歼36_4x4机群_2bit_4x4目标群_谐波相消/results_4x4_target_group_partition_cancel_wide100/20260815_202454_uav/sar_4x4_2bit_4x4_target_group_partition_cancel_wide100_target_grid_4x4.fig,sar_4x4_2bit_4x4_target_group_partition_cancel_wide100_target_grid_4x4.fig,.fig,48791707,d0f683ed7969625b91076dbf80667d50acad28ca2cc33d312c2d144a99f75bfe,generated_large,MATLAB editable figure,active_baseline,false,true,false,large reproducible FIG intermediate; PNG retained when available
2 暑假_两个月仿真任务/Week 5 0815之前/歼36_4x4机群_2bit_4x4目标群_谐波相消/results_4x4_target_group_partition_cancel_wide100/20260815_202454_uav/sar_4x4_2bit_4x4_target_group_partition_cancel_wide100_target_grid_4x4.png,sar_4x4_2bit_4x4_target_group_partition_cancel_wide100_target_grid_4x4.png,.png,60737,dbc585f036b8e11825c4eb86618ea55ca7cd56225e3355e90eb6d88a3a4f59a8,result_image,rendered simulation/result/reference image,active_baseline,false,true,true,
2 暑假_两个月仿真任务/Week 5 0815之前/歼36_4x4机群_2bit_4x4目标群_谐波相消/results_4x4_target_group_partition_cancel_wide100/20260815_202454_uav/sar_four_real_corners.fig,sar_four_real_corners.fig,.fig,48784804,df76f8dda3e1c3409e6344cc8218d148c27375e081eb22b83f72d89959473243,generated_large,MATLAB editable figure,active_baseline,false,true,false,large reproducible FIG intermediate; PNG retained when available
2 暑假_两个月仿真任务/Week 5 0815之前/歼36_4x4机群_2bit_4x4目标群_谐波相消/results_4x4_target_group_partition_cancel_wide100/20260815_202454_uav/sar_four_real_corners.png,sar_four_real_corners.png,.png,107296,e5f483ea32f63334cc2627bbf54dc233b3a782bc2855b1d4c2c71eec00400de7,result_image,rendered simulation/result/reference image,active_baseline,false,true,true,
2 暑假_两个月仿真任务/Week 5 0815之前/歼36_4x4机群_2bit_4x4目标群_谐波相消/results_4x4_target_group_partition_cancel_wide100/20260815_202454_uav/sar_results_4x4_2bit_4x4_target_group_partition_cancel_wide100.mat,sar_results_4x4_2bit_4x4_target_group_partition_cancel_wide100.mat,.mat,303763954,6cb25d2b08aa6c6ee807131e8df4efe5dfb8ae3f21eba681ebd85f6b756eac06,generated_large,MATLAB raw/result matrix,active_baseline,false,true,false,large raw/result MAT excluded; compact data and PNG/CSV retained
2 暑假_两个月仿真任务/Week 5 0815之前/歼36_4x4机群_2bit分区相消/.DS_Store,.DS_Store,,6148,7c064480380ea9319727fce892d6affa2e358cb65e3c87e2724c7fbecd6b277f,temporary,presentation/cache intermediate,active_baseline,false,false,false,hidden temporary/cache directory
2 暑假_两个月仿真任务/Week 5 0815之前/歼36_4x4机群_2bit分区相消/README.txt,README.txt,.txt,970,02436e95c46430667b65bead83aace7cadf3316a39ab6a321f4d4606e84473c8,source,documentation or compact configuration/result table,active_baseline,false,false,true,
2 暑假_两个月仿真任务/Week 5 0815之前/歼36_4x4机群_2bit分区相消/SHIP_4x4_2bit_partition_cancel_wide100.m,SHIP_4x4_2bit_partition_cancel_wide100.m,.m,1355,4a0e421a39551e28c968a164a7bbf6c6a822a458475a025442d054d67e6d7131,source,MATLAB/source text,active_baseline,true,false,true,
2 暑假_两个月仿真任务/Week 5 0815之前/歼36_4x4机群_2bit分区相消/analyze_partition_cancel_result.m,analyze_partition_cancel_result.m,.m,3652,df2954f41d8a60d73c17ff4efcd60fe299142ea93fd77ff0326e4bfed02c789d,source,MATLAB/source text,active_baseline,false,false,true,
2 暑假_两个月仿真任务/Week 5 0815之前/歼36_4x4机群_2bit分区相消/plot_4x4_supercell_explanation.m,plot_4x4_supercell_explanation.m,.m,9936,2c416b8a88abc274d48f2b94e0aeb3e83fe215a49d3f26275bb0da93edcbb574,source,MATLAB/source text,active_baseline,false,false,true,
2 暑假_两个月仿真任务/Week 5 0815之前/歼36_4x4机群_2bit分区相消/results_4x4_2bit_partition_cancel_wide100/20260814_212232_uav/2bit_partition_cancel_wide100_harmonic_amplitudes.csv,2bit_partition_cancel_wide100_harmonic_amplitudes.csv,.csv,4614,225bb8072c11acef070bc32a551b3e364d94abe0c61eaab1f2f790c0af2422a6,configuration,documentation or compact configuration/result table,active_baseline,false,true,true,
2 暑假_两个月仿真任务/Week 5 0815之前/歼36_4x4机群_2bit分区相消/results_4x4_2bit_partition_cancel_wide100/20260814_212232_uav/2bit_partition_cancel_wide100_harmonic_amplitudes.fig,2bit_partition_cancel_wide100_harmonic_amplitudes.fig,.fig,30655,5a673d16feedf2bc837d54f1ae07fbf0d1f20a25758ebe8a974ce4745ccea919,generated_large,MATLAB editable figure,active_baseline,false,true,false,large reproducible FIG intermediate; PNG retained when available
2 暑假_两个月仿真任务/Week 5 0815之前/歼36_4x4机群_2bit分区相消/results_4x4_2bit_partition_cancel_wide100/20260814_212232_uav/2bit_partition_cancel_wide100_harmonic_amplitudes.png,2bit_partition_cancel_wide100_harmonic_amplitudes.png,.png,130157,495f7e5f6e36bd25c02b561b1db29f03deda6acd3b997737a13cd64ab0d07840,result_image,rendered simulation/result/reference image,active_baseline,false,true,true,
2 暑假_两个月仿真任务/Week 5 0815之前/歼36_4x4机群_2bit分区相消/results_4x4_2bit_partition_cancel_wide100/20260814_212232_uav/2bit_partition_cancel_wide100_harmonic_matrix.fig,2bit_partition_cancel_wide100_harmonic_matrix.fig,.fig,20705,7faf4fcd32bd9b0f420c86031985ba82ca83aace8090bb17901a7902b7cd1c8f,generated_large,MATLAB editable figure,active_baseline,false,true,false,large reproducible FIG intermediate; PNG retained when available
2 暑假_两个月仿真任务/Week 5 0815之前/歼36_4x4机群_2bit分区相消/results_4x4_2bit_partition_cancel_wide100/20260814_212232_uav/2bit_partition_cancel_wide100_harmonic_matrix.png,2bit_partition_cancel_wide100_harmonic_matrix.png,.png,58042,7f45b237b049c8886ca9d5a3a7d7bca4eaa5a703c06390c447a7b5b6727d77b5,result_image,rendered simulation/result/reference image,active_baseline,false,true,true,
2 暑假_两个月仿真任务/Week 5 0815之前/歼36_4x4机群_2bit分区相消/results_4x4_2bit_partition_cancel_wide100/20260814_212232_uav/array_layout_4x4.fig,array_layout_4x4.fig,.fig,10861,bcaa9bd57c676f56bb55ee602dabfe3f4fa0a2ac69a0d17f86acab9c7730a639,generated_large,MATLAB editable figure,active_baseline,false,true,false,large reproducible FIG intermediate; PNG retained when available
2 暑假_两个月仿真任务/Week 5 0815之前/歼36_4x4机群_2bit分区相消/results_4x4_2bit_partition_cancel_wide100/20260814_212232_uav/array_layout_4x4.png,array_layout_4x4.png,.png,51866,f49d5259210c09802bde8d45ea868d005d5795c9e884185f3ed856763269f34a,result_image,rendered simulation/result/reference image,active_baseline,false,true,true,
2 暑假_两个月仿真任务/Week 5 0815之前/歼36_4x4机群_2bit分区相消/results_4x4_2bit_partition_cancel_wide100/20260814_212232_uav/expected_positions_2bit_partition_cancel_wide100.csv,expected_positions_2bit_partition_cancel_wide100.csv,.csv,116,5589f53681b2f102b453a64cf95e0420d77b51fbdeddc0f83123eb4530930237,configuration,documentation or compact configuration/result table,active_baseline,false,true,true,
2 暑假_两个月仿真任务/Week 5 0815之前/歼36_4x4机群_2bit分区相消/results_4x4_2bit_partition_cancel_wide100/20260814_212232_uav/harmonic_roi_peak_detail.csv,harmonic_roi_peak_detail.csv,.csv,1436,a3c7998017a4b6bc8e3cbb0181d386fa01ccdbe8d5c7676b3ae63fea2eede780,configuration,documentation or compact configuration/result table,active_baseline,false,true,true,
2 暑假_两个月仿真任务/Week 5 0815之前/歼36_4x4机群_2bit分区相消/results_4x4_2bit_partition_cancel_wide100/20260814_212232_uav/harmonic_roi_peak_summary.csv,harmonic_roi_peak_summary.csv,.csv,510,08bf7c64a3e98647565c23aad8637b0d25f0ea410906bba556e25cbfe9f7219b,configuration,documentation or compact configuration/result table,active_baseline,false,true,true,
2 暑假_两个月仿真任务/Week 5 0815之前/歼36_4x4机群_2bit分区相消/results_4x4_2bit_partition_cancel_wide100/20260814_212232_uav/sar_4x4_2bit_partition_cancel_wide100.fig,sar_4x4_2bit_partition_cancel_wide100.fig,.fig,48803523,87f06a6e4d9193f7769f3c2ad394a0169086ff5207237ca79cd779e2d0061a56,generated_large,MATLAB editable figure,active_baseline,false,true,false,large reproducible FIG intermediate; PNG retained when available
2 暑假_两个月仿真任务/Week 5 0815之前/歼36_4x4机群_2bit分区相消/results_4x4_2bit_partition_cancel_wide100/20260814_212232_uav/sar_4x4_2bit_partition_cancel_wide100.png,sar_4x4_2bit_partition_cancel_wide100.png,.png,83548,7937052697b9a689525319720584e292cb59e9957fac7592bf497295515a72b7,result_image,rendered simulation/result/reference image,active_baseline,false,true,true,
2 暑假_两个月仿真任务/Week 5 0815之前/歼36_4x4机群_2bit分区相消/results_4x4_2bit_partition_cancel_wide100/20260814_212232_uav/sar_4x4_2bit_partition_cancel_wide100_central_2x2.fig,sar_4x4_2bit_partition_cancel_wide100_central_2x2.fig,.fig,48785572,18697eb3d3de14b21db2a50635cfe070c4da35a5509c1d9bfad4dad4ea919ea2,generated_large,MATLAB editable figure,active_baseline,false,true,false,large reproducible FIG intermediate; PNG retained when available
2 暑假_两个月仿真任务/Week 5 0815之前/歼36_4x4机群_2bit分区相消/results_4x4_2bit_partition_cancel_wide100/20260814_212232_uav/sar_4x4_2bit_partition_cancel_wide100_central_2x2.png,sar_4x4_2bit_partition_cancel_wide100_central_2x2.png,.png,76443,24e13d64068e37951eaf3a7a26b378cd2affaa377be6a928d724be918e4908bc,result_image,rendered simulation/result/reference image,active_baseline,false,true,true,
2 暑假_两个月仿真任务/Week 5 0815之前/歼36_4x4机群_2bit分区相消/results_4x4_2bit_partition_cancel_wide100/20260814_212232_uav/sar_4x4_2bit_partition_cancel_wide100_full_field.fig,sar_4x4_2bit_partition_cancel_wide100_full_field.fig,.fig,48803933,8aafb1bbd2db4b6345d255450f9e3a95cfae59307088414837b60a653eff3668,generated_large,MATLAB editable figure,active_baseline,false,true,false,large reproducible FIG intermediate; PNG retained when available
2 暑假_两个月仿真任务/Week 5 0815之前/歼36_4x4机群_2bit分区相消/results_4x4_2bit_partition_cancel_wide100/20260814_212232_uav/sar_4x4_2bit_partition_cancel_wide100_full_field.png,sar_4x4_2bit_partition_cancel_wide100_full_field.png,.png,54755,589fa42a42ca5dec59bb503e79c6a38b7b3f81d64311a33d03fc68d3ef2bcc96,result_image,rendered simulation/result/reference image,active_baseline,false,true,true,
2 暑假_两个月仿真任务/Week 5 0815之前/歼36_4x4机群_2bit分区相消/results_4x4_2bit_partition_cancel_wide100/20260814_212232_uav/sar_four_real_corners.fig,sar_four_real_corners.fig,.fig,48784805,6202651b92137a47d0c8768c8a45949536232d915460cb50f4f22f7c6bc652e2,generated_large,MATLAB editable figure,active_baseline,false,true,false,large reproducible FIG intermediate; PNG retained when available
2 暑假_两个月仿真任务/Week 5 0815之前/歼36_4x4机群_2bit分区相消/results_4x4_2bit_partition_cancel_wide100/20260814_212232_uav/sar_four_real_corners.png,sar_four_real_corners.png,.png,107296,34e1cc09738a86852e1d733c5f7afd114bd12b2407c5c718df9c72bcd2172e1f,result_image,rendered simulation/result/reference image,active_baseline,false,true,true,
2 暑假_两个月仿真任务/Week 5 0815之前/歼36_4x4机群_2bit分区相消/results_4x4_2bit_partition_cancel_wide100/20260814_212232_uav/sar_results_4x4_2bit_partition_cancel_wide100.mat,sar_results_4x4_2bit_partition_cancel_wide100.mat,.mat,303565916,6e121f194faa76c1205af7b89cca5d5aab95e7b8a55b93ed2e192433576f8a0a,generated_large,MATLAB raw/result matrix,active_baseline,false,true,false,large raw/result MAT excluded; compact data and PNG/CSV retained
2 暑假_两个月仿真任务/Week 5 0815之前/歼36_4x4机群_2bit分区相消/supercell_explanation/01_supercell_array_and_cell_operation.fig,01_supercell_array_and_cell_operation.fig,.fig,31219,efa3c46c80e00a0084bab8fa36f779f408fcd991382bd330c70225f6fc191ec4,generated_large,MATLAB editable figure,active_baseline,false,true,false,large reproducible FIG intermediate; PNG retained when available
2 暑假_两个月仿真任务/Week 5 0815之前/歼36_4x4机群_2bit分区相消/supercell_explanation/01_supercell_array_and_cell_operation.png,01_supercell_array_and_cell_operation.png,.png,162749,29cd114b4da831ccfd74b0b3a2ef9483381181aba5bfee5ff7e3fde3dad56019,result_image,rendered simulation/result/reference image,active_baseline,false,true,true,
2 暑假_两个月仿真任务/Week 5 0815之前/歼36_4x4机群_2bit分区相消/supercell_explanation/02_four_delayed_2bit_sequences.fig,02_four_delayed_2bit_sequences.fig,.fig,75161,abab7a29b42e036e17041efc6fb2d73949fb039b6f8e80c1a4819bec75e4564c,generated_large,MATLAB editable figure,active_baseline,false,true,false,large reproducible FIG intermediate; PNG retained when available
2 暑假_两个月仿真任务/Week 5 0815之前/歼36_4x4机群_2bit分区相消/supercell_explanation/02_four_delayed_2bit_sequences.png,02_four_delayed_2bit_sequences.png,.png,131351,8a6d1c4b6c3c18f54963f4a38034f1506864443fd2fbd0b51fee29b8b1d3d94d,result_image,rendered simulation/result/reference image,active_baseline,false,true,true,
2 暑假_两个月仿真任务/Week 5 0815之前/歼36_4x4机群_2bit分区相消/supercell_explanation/03_harmonic_phasor_coherent_sum.fig,03_harmonic_phasor_coherent_sum.fig,.fig,27436,155e3dcac6315a5e7ade7eb2a54904f97135edc3b4520028ea25f2a066dc7194,generated_large,MATLAB editable figure,active_baseline,false,true,false,large reproducible FIG intermediate; PNG retained when available
2 暑假_两个月仿真任务/Week 5 0815之前/歼36_4x4机群_2bit分区相消/supercell_explanation/03_harmonic_phasor_coherent_sum.png,03_harmonic_phasor_coherent_sum.png,.png,111501,82f5004ee0e9652dfe526f520c5b431bedfc8fd08d201dee3827d78641f4f9b6,result_image,rendered simulation/result/reference image,active_baseline,false,true,true,
2 暑假_两个月仿真任务/Week 5 0815之前/歼36_4x4机群_2bit分区相消/supercell_explanation/04_two_dimensional_partition_factor.fig,04_two_dimensional_partition_factor.fig,.fig,19117,baaeb17af4112c3d68216162a5f3b03e437a320070e4106e06aa3298f9a57a45,generated_large,MATLAB editable figure,active_baseline,false,true,false,large reproducible FIG intermediate; PNG retained when available
2 暑假_两个月仿真任务/Week 5 0815之前/歼36_4x4机群_2bit分区相消/supercell_explanation/04_two_dimensional_partition_factor.png,04_two_dimensional_partition_factor.png,.png,60103,dd3704529c2fe640b3137339afb659d80ad3804ebc9547813c2cad590c7c6d7c,result_image,rendered simulation/result/reference image,active_baseline,false,true,true,
2 暑假_两个月仿真任务/Week 5 0815之前/歼36_4x4机群_2bit分区相消/supercell_explanation/supercell_16_control_combinations.csv,supercell_16_control_combinations.csv,.csv,1617,184b28bf7cb1842a8313eb676bcfe4e4a9bf9fe2a1d95cef3a4f9819a46f4a9a,configuration,documentation or compact configuration/result table,active_baseline,false,false,true,
2 暑假_两个月仿真任务/Week 5 0815之前/相关工作1-提高bit数.pdf,相关工作1-提高bit数.pdf,.pdf,8698582,dca992122bd0c55df555a077e04763ac2d70b7ec652fe8790f6f8d6999d36198,references,selected report/reference used by current research,active_baseline,false,false,true,
2 暑假_两个月仿真任务/Week 5 0815之前/相关工作2-向量叠加.pdf,相关工作2-向量叠加.pdf,.pdf,12328457,d998c539b0cd476ef36b16baedfbc1e52f21bc7003d5f22fb2373dd65f3dc44f,references,selected report/reference used by current research,active_baseline,false,false,true,
2 暑假_两个月仿真任务/Week 5 0815之前/相关工作2-时延控制.pdf,相关工作2-时延控制.pdf,.pdf,2880183,b92e5328b3c1c4526c1a1cf9218c629919d7f7559632ea61ca48a7b1ad3b4e54,references,selected report/reference used by current research,active_baseline,false,false,true,
2 暑假_两个月仿真任务/Week 5 0826之前/0818.pdf,0818.pdf,.pdf,11884243,81a1b25d39dcdbff91d23393d7a8de95ea72a1839be59fbed27749b9c6336922,source_materials,selected report/reference used by current research,current,false,false,true,
2 暑假_两个月仿真任务/Week 5 0826之前/0818.pptx,0818.pptx,.pptx,6144202,014693776dd3ac98e2b2d5cc72dbd3d1d7804db4ffede10772def45e6ef730dd,source_materials,selected report/reference used by current research,current,false,false,true,
2 暑假_两个月仿真任务/documents/PIER-1.pdf,PIER-1.pdf,.pdf,90272233,a3b8f78cc188f6daa7573e4aad99290fb87e64dd5cf070122b36f6313c68a0bd,document,historical report/reference,legacy_or_reference,false,false,false,non-selected or superseded report/reference
2 暑假_两个月仿真任务/documents/nwag263.pdf,nwag263.pdf,.pdf,7230310,50d89451b476ed5a1255d518f1a1a10bf0eae6c13752fe0107065b2f2de44453,document,historical report/reference,legacy_or_reference,false,false,false,non-selected or superseded report/reference
2 暑假_两个月仿真任务/documents/基于分布式时间调制超表面的复杂目标电磁拟像方法研究(2)(1).pptx,基于分布式时间调制超表面的复杂目标电磁拟像方法研究(2)(1).pptx,.pptx,25356993,b4d0bf5813e2463723e6cf52505f725325b0482a87cfd913d2bc6a2c46a818a6,document,historical report/reference,legacy_or_reference,false,false,false,non-selected or superseded report/reference
2 暑假_两个月仿真任务/documents/时域超表面理论研究与应用_戴俊彦.pdf,时域超表面理论研究与应用_戴俊彦.pdf,.pdf,8452672,541e8c21d00b0ab679d68dd4e6dbacc24a7030b3230acc6e6956ca5048f29723,document,historical report/reference,legacy_or_reference,false,false,false,non-selected or superseded report/reference
