Cx_val,Cy_val,frequency_GHz,real,imag,reference_impedance_ohm,magnitude_linear,magnitude_dB,phase_deg_wrapped,phase_deg_unwrapped
0.7,0.7,3,0.427228968033,0.903425584646,376.730313667,0.999350978445,-0.00563915976354,64.6905843679,64.6905843679
0.7,0.7,3.006,0.431151192497,0.901552413271,376.730313667,0.999343837058,-0.005701229571,64.4413821265,64.4413821265
0.7,0.7,3.012,0.435067644697,0.899660949608,376.730313667,0.999336619819,-0.00576395909821,64.1920223902,64.1920223902
0.7,0.7,3.018,0.4389782488,0.897751189757,376.730313667,0.999329325913,-0.0058273554534,63.9425041966,63.9425041966
0.7,0.7,3.024,0.442882928814,0.895823129939,376.730313667,0.999321954511,-0.00589142583974,63.6928265758,63.6928265758
0.7,0.7,3.03,0.446781608588,0.893876766498,376.730313667,0.999314504776,-0.0059561775578,63.44298855,63.44298855
0.7,0.7,3.036,0.45067421181,0.891912095899,376.730313667,0.999306975859,-0.00602161800773,63.1929891341,63.1929891341
0.7,0.7,3.042,0.454560662006,0.889929114727,376.730313667,0.999299366898,-0.00608775469214,62.9428273347,62.9428273347
0.7,0.7,3.048,0.458440882539,0.887927819688,376.730313667,0.999291677019,-0.00615459521923,62.6925021507,62.6925021507
0.7,0.7,3.054,0.462314796606,0.885908207606,376.730313667,0.999283905337,-0.0062221473059,62.4420125731,62.4420125731
0.7,0.7,3.06,0.466182327237,0.883870275424,376.730313667,0.999276050952,-0.00629041878209,62.1913575846,62.1913575846
0.7,0.7,3.066,0.470043397294,0.881814020201,376.730313667,0.999268112952,-0.00635941759507,61.9405361598,61.9405361598
0.7,0.7,3.072,0.473897929469,0.879739439115,376.730313667,0.999260090412,-0.00642915181489,61.6895472651,61.6895472651
0.7,0.7,3.078,0.477745846281,0.877646529458,376.730313667,0.999251982389,-0.00649962964057,61.4383898585,61.4383898585
0.7,0.7,3.084,0.481587070075,0.875535288636,376.730313667,0.999243787927,-0.0065708594079,61.1870628895,61.1870628895
0.7,0.7,3.09,0.485421523023,0.873405714167,376.730313667,0.999235506052,-0.00664284959825,60.935565299,60.935565299
0.7,0.7,3.096,0.489249127116,0.871257803683,376.730313667,0.999227135772,-0.00671560884999,60.6838960196,60.6838960196
0.7,0.7,3.102,0.493069804168,0.869091554923,376.730313667,0.999218676077,-0.00678914597245,60.4320539745,60.4320539745
0.7,0.7,3.108,0.496883475809,0.866906965733,376.730313667,0.999210125934,-0.00686346996338,60.1800380785,60.1800380785
0.7,0.7,3.114,0.500690063487,0.864704034062,376.730313667,0.999201484285,-0.00693859003087,59.9278472371,59.9278472371
0.7,0.7,3.12,0.504489488462,0.862482757959,376.730313667,0.999192750046,-0.00701451562195,59.6754803464,59.6754803464
0.7,0.7,3.126,0.508281671808,0.860243135568,376.730313667,0.999183922102,-0.00709125645928,59.4229362933,59.4229362933
0.7,0.7,3.132,0.51206653441,0.857985165118,376.730313667,0.999174999299,-0.00716882258903,59.1702139544,59.1702139544
0.7,0.7,3.138,0.51584399696,0.855708844916,376.730313667,0.999165980439,-0.00724722444353,58.9173121964,58.9173121964
0.7,0.7,3.144,0.519613979963,0.853414173335,376.730313667,0.999156864272,-0.00732647292374,58.6642298747,58.6642298747
0.7,0.7,3.15,0.523376403739,0.851101148789,376.730313667,0.999147649479,-0.00740657950663,58.4109658331,58.4109658331
0.7,0.7,3.156,0.527131188428,0.848769769712,376.730313667,0.999138334662,-0.00748755638239,58.1575189017,58.1575189017
0.7,0.7,3.162,0.53087825402,0.846420034515,376.730313667,0.999128918318,-0.00756941662101,57.9038878945,57.9038878945
0.7,0.7,3.168,0.534617520387,0.844051941535,376.730313667,0.999119398828,-0.00765217434929,57.6500716059,57.6500716059
0.7,0.7,3.174,0.538348907377,0.841665488952,376.730313667,0.999109774433,-0.00773584486524,57.396068803,57.396068803
0.7,0.7,3.18,0.542072334981,0.839260674697,376.730313667,0.999100043261,-0.00782044446866,57.1418782149,57.1418782149
0.7,0.7,3.186,0.545787723673,0.836837496362,376.730313667,0.99909020345,-0.00790598939337,56.8874985123,56.8874985123
0.7,0.7,3.192,0.549494995067,0.834395951233,376.730313667,0.999080253552,-0.00799249223783,56.6329282781,56.6329282781
0.7,0.7,3.198,0.553194073073,0.831936036849,376.730313667,0.999070193676,-0.00807995209204,56.378165969,56.378165969
0.7,0.7,3.204,0.556884885442,0.829457753129,376.730313667,0.999060028156,-0.00816833130063,56.1232099127,56.1232099127
0.7,0.7,3.21,0.560567363706,0.826961107882,376.730313667,0.999049770132,-0.00825751565238,55.8680584927,55.8680584927
0.7,0.7,3.216,0.564241434766,0.824446124541,376.730313667,0.999039443154,-0.00834730042694,55.612710808,55.612710808
0.7,0.7,3.222,0.567906999863,0.821912836301,376.730313667,0.999029064127,-0.00843753865716,55.3571674875,55.3571674875
0.7,0.7,3.228,0.571563930882,0.819361250704,376.730313667,0.999018611558,-0.00852841722714,55.1014296927,55.1014296927
0.7,0.7,3.234,0.575212113861,0.816791333507,376.730313667,0.999008037218,-0.00862035549561,54.8454964966,54.8454964966
0.7,0.7,3.24,0.578851473832,0.814203048184,376.730313667,0.998997313525,-0.00871359329521,54.5893650005,54.5893650005
0.7,0.7,3.246,0.582481949843,0.811596382103,376.730313667,0.998986441017,-0.00880812600206,54.3330323999,54.3330323999
0.7,0.7,3.252,0.586103474299,0.808971337961,376.730313667,0.998975429241,-0.00890387063885,54.0764966913,54.0764966913
0.7,0.7,3.258,0.589715971146,0.806327922171,376.730313667,0.998964285997,-0.00900075943964,53.8197563741,53.8197563741
0.7,0.7,3.264,0.593319359402,0.8036661404,376.730313667,0.998953015645,-0.00909875451821,53.5628101332,53.5628101332
0.7,0.7,3.27,0.596913555777,0.800985996886,376.730313667,0.998941620054,-0.00919783966653,53.30565669,53.30565669
0.7,0.7,3.276,0.600498475956,0.798287494758,376.730313667,0.998930099613,-0.00929801154762,53.048294752,53.048294752
0.7,0.7,3.282,0.60407403514,0.795570636443,376.730313667,0.998918453879,-0.0093992740358,52.7907229994,52.7907229994
0.7,0.7,3.288,0.607640148249,0.792835423957,376.730313667,0.99890668195,-0.00950163502051,52.5329400852,52.5329400852
0.7,0.7,3.294,0.611196729995,0.790081859096,376.730313667,0.998894782662,-0.00960510466735,52.2749446375,52.2749446375
0.7,0.7,3.3,0.614743694892,0.787309943554,376.730313667,0.998882754696,-0.00970969447657,52.0167352627,52.0167352627
0.7,0.7,3.306,0.618280957257,0.784519678992,376.730313667,0.99887059664,-0.00981541676864,51.7583105477,51.7583105477
0.7,0.7,3.312,0.621808431195,0.781711067082,376.730313667,0.998858307021,-0.00992228439995,51.4996690614,51.4996690614
0.7,0.7,3.318,0.62532603059,0.778884109538,376.730313667,0.998845884321,-0.0100303106037,51.2408093565,51.2408093565
0.7,0.7,3.324,0.62883366909,0.776038808131,376.730313667,0.99883332699,-0.0101395089012,50.9817299697,50.9817299697
0.7,0.7,3.33,0.632331260103,0.773175164699,376.730313667,0.998820633453,-0.010249893051,50.7224294223,50.7224294223
0.7,0.7,3.336,0.635818716784,0.770293181157,376.730313667,0.998807802107,-0.0103614770214,50.4629062213,50.4629062213
0.7,0.7,3.342,0.639295952027,0.7673928595,376.730313667,0.998794831329,-0.0104742749759,50.2031588586,50.2031588586
0.7,0.7,3.348,0.642762878462,0.764474201806,376.730313667,0.998781719474,-0.010588301266,49.9431858118,49.9431858118
0.7,0.7,3.354,0.646219408447,0.761537210239,376.730313667,0.998768464877,-0.0107035704287,49.6829855441,49.6829855441
0.7,0.7,3.36,0.649665454062,0.758581887049,376.730313667,0.99875506585,-0.0108200971865,49.422556504,49.422556504
0.7,0.7,3.366,0.653100927104,0.755608234573,376.730313667,0.998741520684,-0.0109378964496,49.1618971259,49.1618971259
0.7,0.7,3.3675,0.653958133036,0.754861957786,376.730313667,0.998738111357,-0.0109675468597,49.0966961061,49.0966961061
0.7,0.7,3.372,0.656525739082,0.752616255236,376.730313667,0.99872782765,-0.0110569833181,48.9010058292,48.9010058292
0.7,0.7,3.378,0.659939801214,0.749605951549,376.730313667,0.998713984995,-0.0111773730854,48.639881019,48.639881019
0.7,0.7,3.384,0.663343024418,0.746577326113,376.730313667,0.998699990943,-0.0112990812426,48.3785210853,48.3785210853
0.7,0.7,3.39,0.666735319313,0.743530381614,376.730313667,0.998685843698,-0.0114221234811,48.1169244036,48.1169244036
0.7,0.7,3.396,0.670116596211,0.740465120826,376.730313667,0.998671541437,-0.0115465156978,47.855089334,47.855089334
0.7,0.7,3.402,0.673486765111,0.73738154661,376.730313667,0.998657082317,-0.0116722739987,47.5930142216,47.5930142216
0.7,0.7,3.408,0.6768457357,0.734279661913,376.730313667,0.998642464466,-0.0117994147029,47.3306973962,47.3306973962
0.7,0.7,3.414,0.680193417343,0.731159469769,376.730313667,0.998627685992,-0.0119279543477,47.0681371721,47.0681371721
0.7,0.7,3.42,0.68352971908,0.728020973295,376.730313667,0.998612744974,-0.0120579096925,46.8053318479,46.8053318479
0.7,0.7,3.426,0.686854549624,0.724864175696,376.730313667,0.998597639466,-0.0121892977239,46.5422797064,46.5422797064
0.7,0.7,3.43125,0.689754294367,0.722086967739,376.730313667,0.998584285665,-0.0123054510324,46.3119052533,46.3119052533
0.7,0.7,3.432,0.690167817352,0.721689080261,376.730313667,0.998582367497,-0.0123221356606,46.2789790146,46.2789790146
0.7,0.7,3.438,0.693469430301,0.718495690364,376.730313667,0.998566927068,-0.0124564409594,46.0154280232,46.0154280232
0.7,0.7,3.444,0.696759296166,0.715284009462,376.730313667,0.998551316151,-0.0125922313208,45.7516249669,45.7516249669
0.7,0.7,3.45,0.700037322289,0.7120540411,376.730313667,0.99853553269,-0.0127295246968,45.4875680639,45.4875680639
0.7,0.7,3.456,0.703303415657,0.708805788905,376.730313667,0.9985195746,-0.012868339299,45.2232555158,45.2232555158
0.7,0.7,3.462,0.70655748289,0.705539256594,376.730313667,0.998503439766,-0.0130086936081,44.9586855081,44.9586855081
0.7,0.7,3.468,0.709799430235,0.702254447975,376.730313667,0.998487126038,-0.0131506063853,44.69385621,44.69385621
0.7,0.7,3.474,0.71302916355,0.698951366956,376.730313667,0.998470631236,-0.0132940966772,44.4287657748,44.4287657748
0.7,0.7,3.48,0.716246588278,0.695630017567,376.730313667,0.99845395315,-0.0134391837975,44.1634123417,44.1634123417
0.7,0.7,3.486,0.719451609418,0.692290404023,376.730313667,0.998437089554,-0.0135858871794,43.8977940394,43.8977940394
0.7,0.7,3.492,0.722644131462,0.688932530905,376.730313667,0.998420038298,-0.0137342256092,43.6319089951,43.6319089951
0.7,0.7,3.495,0.724235675339,0.687246748675,376.730313667,0.99841144174,-0.0138090128467,43.4988658647,43.4988658647
0.7,0.7,3.498,0.725824058456,0.685556403822,376.730313667,0.9984027978,-0.0138842129442,43.3657553599,43.3657553599
0.7,0.7,3.504,0.728991296078,0.682162031658,376.730313667,0.998385370082,-0.0140358316635,43.0993313218,43.0993313218
0.7,0.7,3.51,0.73214576637,0.67874941845,376.730313667,0.998367766036,-0.014188987103,42.8326341936,42.8326341936
0.7,0.7,3.516,0.735287358028,0.675318529959,376.730313667,0.998349946553,-0.0143440195941,42.565660941,42.565660941
0.7,0.7,3.522,0.738415947029,0.671869404941,376.730313667,0.998331912804,-0.0145009190583,42.2984120419,42.2984120419
0.7,0.7,3.528,0.741531456457,0.668402053682,376.730313667,0.998313681306,-0.0146595418786,42.0308849155,42.0308849155
0.7,0.7,3.534,0.744633791033,0.664916475621,376.730313667,0.998295248061,-0.0148199229414,41.7630772001,41.7630772001
0.7,0.7,3.54,0.747722852006,0.661412673815,376.730313667,0.998276609209,-0.0149820959269,41.4949867806,41.4949867806
0.7,0.7,3.546,0.75079854017,0.657890652524,376.730313667,0.998257761603,-0.0151460883237,41.22661157,41.22661157
0.7,0.7,3.552,0.753860756004,0.654350416427,376.730313667,0.998238702376,-0.0153119251747,40.9579494703,40.9579494703
0.7,0.7,3.558,0.756909399616,0.650791970393,376.730313667,0.998219428761,-0.015479630663,40.688998365,40.688998365
0.7,0.7,3.55875,0.75728952078,0.6503458845,376.730313667,0.998217004348,-0.0155007264309,40.6553590499,40.6553590499
0.7,0.7,3.564,0.759944370705,0.647215319419,376.730313667,0.998199938017,-0.0156492287454,40.4197561172,40.4197561172
0.7,0.7,3.57,0.762965568536,0.643620468598,376.730313667,0.998180227399,-0.015820743429,40.150220569,40.150220569
0.7,0.7,3.576,0.765972891921,0.640007423111,376.730313667,0.998160294139,-0.0159941989025,39.8803895409,39.8803895409
0.7,0.7,3.582,0.768966239213,0.636376188219,376.730313667,0.998140135442,-0.016169619606,39.6102608321,39.6102608321
0.7,0.7,3.588,0.771945508288,0.632726769263,376.730313667,0.998119748481,-0.0163470302709,39.3398322195,39.3398322195
0.7,0.7,3.594,0.774910596542,0.629059171662,376.730313667,0.99809913039,-0.0165264559453,39.0691014581,39.0691014581
0.7,0.7,3.6,0.777861400883,0.625373400911,376.730313667,0.998078278268,-0.0167079220111,38.7980662803,38.7980662803
0.7,0.7,3.606,0.780797817718,0.621669462582,376.730313667,0.998057189173,-0.0168914541977,38.5267243958,38.5267243958
0.7,0.7,3.612,0.78371974295,0.617947362322,376.730313667,0.998035860122,-0.0170770785919,38.2550734916,38.2550734916
0.7,0.7,3.618,0.786627071968,0.614207105855,376.730313667,0.998014288092,-0.0172648216476,37.983111231,37.983111231
0.7,0.7,3.6225,0.788797926743,0.611390001979,376.730313667,0.99799794777,-0.0174070354359,37.7789337892,37.7789337892
0.7,0.7,3.624,0.78951969964,0.610448698979,376.730313667,0.997992470015,-0.0174547101937,37.7108352541,37.7108352541
0.7,0.7,3.63,0.792397520306,0.606672147572,376.730313667,0.99797040278,-0.0176467714423,37.438243177,37.438243177
0.7,0.7,3.636,0.795260427766,0.602877457582,376.730313667,0.997948083234,-0.0178410329965,37.1653325918,37.1653325918
0.7,0.7,3.642,0.798108315279,0.599064635037,376.730313667,0.997925508176,-0.0180375228574,36.8921010659,36.8921010659
0.7,0.7,3.648,0.800941075547,0.59523368604,376.730313667,0.99790267436,-0.0182362694325,36.6185461422,36.6185461422
0.7,0.7,3.654,0.803758600712,0.591384616771,376.730313667,0.997879578492,-0.0184373015438,36.3446653384,36.3446653384
0.7,0.7,3.66,0.806560782346,0.587517433484,376.730313667,0.997856217231,-0.0186406484361,36.0704561469,36.0704561469
0.7,0.7,3.666,0.809347511441,0.583632142513,376.730313667,0.997832587186,-0.0188463397859,35.7959160343,35.7959160343
0.7,0.7,3.672,0.812118678401,0.579728750268,376.730313667,0.997808684917,-0.0190544057127,35.5210424414,35.5210424414
0.7,0.7,3.678,0.814874173032,0.575807263235,376.730313667,0.99778450693,-0.0192648767901,35.2458327825,35.2458327825
0.7,0.7,3.684,0.817613884533,0.571867687981,376.730313667,0.99776004968,-0.0194777840607,34.9702844454,34.9702844454
0.7,0.7,3.68625,0.818637184536,0.570385685245,376.730313667,0.997750805481,-0.0195582587875,34.8668659657,34.8668659657
0.7,0.7,3.69,0.820337701483,0.56791003115,376.730313667,0.997735309566,-0.0196931590547,34.6943947909,34.6943947909
0.7,0.7,3.696,0.823045511831,0.563934299467,376.730313667,0.997710282928,-0.0199110338157,34.4181611528,34.4181611528
0.7,0.7,3.702,0.825737202882,0.559940499738,376.730313667,0.997684966044,-0.0201314409394,34.1415808375,34.1415808375
0.7,0.7,3.708,0.828412661276,0.555928638854,376.730313667,0.997659355121,-0.0203544136356,33.8646511243,33.8646511243
0.7,0.7,3.714,0.831071772966,0.551898723792,376.730313667,0.997633446284,-0.0205799858388,33.5873692652,33.5873692652
0.7,0.7,3.72,0.833714423171,0.547850761631,376.730313667,0.997607235551,-0.0208081924261,33.3097324864,33.3097324864
0.7,0.7,3.726,0.836340496293,0.543784759566,376.730313667,0.997580718777,-0.0210390696945,33.0317379913,33.0317379913
0.7,0.7,3.732,0.838949875698,0.539700724978,376.730313667,0.997553891515,-0.0212726565775,32.7533829691,32.7533829691
0.7,0.7,3.738,0.841542443057,0.535598665676,376.730313667,0.997526748584,-0.0215089984018,32.4746646261,32.4746646261
0.7,0.7,3.744,0.844118075352,0.531478591307,376.730313667,0.997499282282,-0.0217481624678,32.195580344,32.195580344
0.7,0.7,3.75,0.846676618703,0.527340535704,376.730313667,0.997471471901,-0.0219903293318,31.9161295604,31.9161295604
0.7,0.7,3.756,0.849218320022,0.523184450646,376.730313667,0.997443594625,-0.0222330854708,31.6362955484,31.6362955484
0.7,0.7,3.762,0.85174237322,0.519010310482,376.730313667,0.997415045367,-0.0224817002866,31.3560944214,31.3560944214
0.7,0.7,3.768,0.854249107772,0.514818231719,376.730313667,0.997386259099,-0.0227323862525,31.0755148818,31.0755148818
0.7,0.7,3.774,0.856738330738,0.510608174738,376.730313667,0.997357145392,-0.0229859310873,30.7945537274,30.7945537274
0.7,0.7,3.78,0.85920991197,0.506380145816,376.730313667,0.997327691837,-0.0232424431177,30.5132080394,30.5132080394
0.7,0.7,3.786,0.861663726684,0.502134152729,376.730313667,0.997297891916,-0.0235019793722,30.2314747485,30.2314747485
0.7,0.7,3.792,0.864099650673,0.497870203517,376.730313667,0.9972677403,-0.0237645865305,29.9493507184,29.9493507184
0.7,0.7,3.798,0.866517559375,0.493588306346,376.730313667,0.99723723199,-0.024030308419,29.6668327666,29.6668327666
0.7,0.7,3.804,0.86891732759,0.489288469489,376.730313667,0.997206362074,-0.0242991881096,29.3839176704,29.3839176704
0.7,0.7,3.81,0.871298829369,0.484970701315,376.730313667,0.997175125639,-0.0245712686731,29.1006021695,29.1006021695
0.7,0.7,3.816,0.873661937966,0.480635010296,376.730313667,0.997143517741,-0.0248465935011,28.8168829665,28.8168829665
0.7,0.7,3.822,0.876006525799,0.476281405003,376.730313667,0.997111533377,-0.025125206463,28.5327567267,28.5327567267
0.7,0.7,3.828,0.87833246443,0.47190989411,376.730313667,0.997079167484,-0.0254071519935,28.2482200786,28.2482200786
0.7,0.7,3.834,0.880639624543,0.467520486399,376.730313667,0.997046414927,-0.0256924751459,27.9632696127,27.9632696127
0.7,0.7,3.84,0.88292787593,0.463113190756,376.730313667,0.997013270497,-0.0259812216292,27.6779018817,27.6779018817
0.7,0.7,3.84375,0.884348372736,0.460349551257,376.730313667,0.996992353885,-0.0261634471764,27.4993336103,27.4993336103
0.7,0.7,3.846,0.885197087471,0.458688016179,376.730313667,0.996979728908,-0.0262734378363,27.3921134,27.3921134
0.7,0.7,3.852,0.887447127122,0.454244971776,376.730313667,0.996945784795,-0.0265691708663,27.1059006429,27.1059006429
0.7,0.7,3.858,0.889677861896,0.449784066771,376.730313667,0.99691143271,-0.0268684685456,26.8192600462,26.8192600462
0.7,0.7,3.864,0.891889157849,0.445305310502,376.730313667,0.996876667121,-0.0271713794458,26.5321880058,26.5321880058
0.7,0.7,3.87,0.894080880064,0.44080871243,376.730313667,0.996841482408,-0.0274779529012,26.244680877,26.244680877
0.7,0.7,3.876,0.896252892635,0.436294282134,376.730313667,0.996805872866,-0.0277882390261,25.9567349741,25.9567349741
0.7,0.7,3.882,0.898405058652,0.431762029321,376.730313667,0.996769832697,-0.0281022887309,25.6683465697,25.6683465697
0.7,0.7,3.888,0.900537240182,0.427211963822,376.730313667,0.996733356012,-0.0284201537387,25.3795118939,25.3795118939
0.7,0.7,3.894,0.902649298258,0.422644095601,376.730313667,0.996696436831,-0.0287418866012,25.0902271342,25.0902271342
0.7,0.7,3.9,0.904741092854,0.418058434755,376.730313667,0.996659069074,-0.0290675407153,24.8004884345,24.8004884345
0.7,0.7,3.906,0.906812482875,0.413454991518,376.730313667,0.996621246567,-0.0293971703387,24.5102918945,24.5102918945
0.7,0.7,3.912,0.908863326138,0.408833776265,376.730313667,0.996582963036,-0.0297308306064,24.2196335693,24.2196335693
0.7,0.7,3.918,0.910893479354,0.404194799513,376.730313667,0.996544212106,-0.0300685775461,23.9285094684,23.9285094684
0.7,0.7,3.924,0.912902798108,0.399538071928,376.730313667,0.9965049873,-0.0304104680953,23.6369155555,23.6369155555
0.7,0.7,3.93,0.914891136844,0.394863604328,376.730313667,0.996465282034,-0.0307565601167,23.3448477473,23.3448477473
0.7,0.7,3.936,0.916858348848,0.390171407685,376.730313667,0.996425089621,-0.0311069124149,23.0523019133,23.0523019133
0.7,0.7,3.9375,0.917346833491,0.388995589663,376.730313667,0.996414964607,-0.0311951731399,22.9790902746,22.9790902746
0.7,0.7,3.942,0.918804286222,0.385461493134,376.730313667,0.996384403265,-0.0314615847527,22.7592738747,22.7592738747
0.7,0.7,3.948,0.920728799875,0.380733871971,376.730313667,0.996343216059,-0.0318206378679,22.4657594041,22.4657594041
0.7,0.7,3.954,0.922631739496,0.375988555663,376.730313667,0.996301520984,-0.0321841334901,22.1717542244,22.1717542244
0.7,0.7,3.96,0.924512953535,0.371225555852,376.730313667,0.996259310908,-0.0325521343579,21.8772540084,21.8772540084
0.7,0.7,3.966,0.926372289188,0.366444884356,376.730313667,0.996216578584,-0.0329247042366,21.5822543779,21.5822543779
0.7,0.7,3.972,0.928209592372,0.36164655318,376.730313667,0.996173316646,-0.0333019079359,21.2867509029,21.2867509029
0.7,0.7,3.978,0.930024707704,0.356830574519,376.730313667,0.996129517609,-0.0336838113288,20.990739101,20.990739101
0.7,0.7,3.984,0.931817478483,0.351996960763,376.730313667,0.996085173864,-0.0340704813697,20.6942144366,20.6942144366
0.7,0.7,3.99,0.933587746666,0.347145724503,376.730313667,0.996040277682,-0.0344619861144,20.39717232,20.39717232
0.7,0.7,3.996,0.935335352847,0.342276878538,376.730313667,0.995994821205,-0.0348583947396,20.0996081067,20.0996081067
0.7,0.7,4.002,0.937060136232,0.337390435884,376.730313667,0.995948796446,-0.0352597775639,19.8015170965,19.8015170965
0.7,0.7,4.008,0.938761934622,0.332486409775,376.730313667,0.995902195288,-0.0356662060685,19.502894533,19.502894533
0.7,0.7,4.014,0.940440584383,0.327564813673,376.730313667,0.995855009483,-0.0360777529191,19.2037356022,19.2037356022
0.7,0.7,4.02,0.942095920427,0.322625661277,376.730313667,0.995807230642,-0.0364944919881,18.9040354323,18.9040354323
0.7,0.7,4.026,0.943727776185,0.317668966528,376.730313667,0.995758850243,-0.0369164983781,18.6037890922,18.6037890922
0.7,0.7,4.03125,0.945136256712,0.313317479559,376.730313667,0.99571601712,-0.0372901348134,18.3406215924,18.3406215924
0.7,0.7,4.032,0.945335983585,0.312694743615,376.730313667,0.99570985962,-0.0373438484451,18.3029915911,18.3029915911
0.7,0.7,4.038,0.946920373025,0.307703006988,376.730313667,0.995660249965,-0.0377766198236,18.0016378774,18.0016378774
0.7,0.7,4.044,0.948480773349,0.302693771363,376.730313667,0.995610012321,-0.0382148914516,17.6997228378,17.6997228378
0.7,0.7,4.05,0.950017011818,0.297667051728,376.730313667,0.995559137584,-0.0386587435971,17.3972412963,17.3972412963
0.7,0.7,4.056,0.951528914087,0.292622863358,376.730313667,0.995507616497,-0.0391082578856,17.0941880136,17.0941880136
0.7,0.7,4.062,0.953016304177,0.287561221819,376.730313667,0.995455439646,-0.0395635173295,16.7905576857,16.7905576857
0.7,0.7,4.068,0.954479004446,0.282482142979,376.730313667,0.99540259746,-0.0400246063592,16.4863449429,16.4863449429
0.7,0.7,4.074,0.95591683556,0.277385643017,376.730313667,0.995349080202,-0.0404916108585,16.1815443493,16.1815443493
0.7,0.7,4.08,0.957329616466,0.272271738434,376.730313667,0.995294877969,-0.0409646182067,15.8761504013,15.8761504013
0.7,0.7,4.086,0.958717164357,0.267140446059,376.730313667,0.995239980685,-0.0414437173325,15.5701575268,15.5701575268
0.7,0.7,4.092,0.96007929464,0.261991783062,376.730313667,0.995184378087,-0.0419289987995,15.2635600836,15.2635600836
0.7,0.7,4.098,0.961415820891,0.256825766955,376.730313667,0.995128059714,-0.0424205549611,14.9563523591,14.9563523591
0.7,0.7,4.104,0.962726554786,0.251642415591,376.730313667,0.99507101486,-0.0429184803375,14.6485285678,14.6485285678
0.7,0.7,4.11,0.964011305948,0.246441747124,376.730313667,0.995013232435,-0.0434228728182,14.3400828499,14.3400828499
0.7,0.7,4.116,0.965269881277,0.241223779785,376.730313667,0.994954700293,-0.0439338395731,14.0310092648,14.0310092648
0.7,0.7,4.122,0.96650207648,0.235988529404,376.730313667,0.994895396437,-0.0444515737991,13.7213017651,13.7213017651
0.7,0.7,4.125,0.967108132044,0.233364710298,376.730313667,0.994865431643,-0.0447131840261,13.5662253297,13.5662253297
0.7,0.7,4.128,0.967707765765,0.230736044666,376.730313667,0.994835384488,-0.0449755212279,13.4109549559,13.4109549559
0.7,0.7,4.134,0.968886636764,0.225466291893,376.730313667,0.994774529067,-0.0455068650537,13.0999612233,13.0999612233
0.7,0.7,4.14,0.970038556832,0.220179326542,376.730313667,0.994712892033,-0.0460450664691,12.7883153842,12.7883153842
0.7,0.7,4.146,0.97116331489,0.214875163551,376.730313667,0.994650451214,-0.0465903203755,12.4760109133,12.4760109133
0.7,0.7,4.152,0.972260705823,0.209553823645,376.730313667,0.994587193308,-0.0471427442519,12.1630413922,12.1630413922
0.7,0.7,4.158,0.973330523151,0.204215328467,376.730313667,0.994523105653,-0.0477024500632,11.8494003338,11.8494003338
0.7,0.7,4.164,0.974372558401,0.198859700261,376.730313667,0.994458175567,-0.0482695499853,11.5350811696,11.5350811696
0.7,0.7,4.17,0.975386600951,0.19348696183,376.730313667,0.994392390212,-0.0488441575898,11.2200772472,11.2200772472
0.7,0.7,4.176,0.97637243796,0.188097136528,376.730313667,0.994325736556,-0.0494263882223,10.9043818277,10.9043818277
0.7,0.7,4.182,0.977329854312,0.182690248277,376.730313667,0.994258201347,-0.0500163591677,10.5879880846,10.5879880846
0.7,0.7,4.188,0.978258632576,0.177266321579,376.730313667,0.994189771108,-0.0506141897475,10.270889102,10.270889102
0.7,0.7,4.194,0.979158552959,0.171825381537,376.730313667,0.994120432127,-0.0512200013876,9.95307787323,9.95307787323
0.7,0.7,4.2,0.980029393267,0.16636745387,376.730313667,0.994050170452,-0.0518339176777,9.63454729949,9.63454729949
0.7,0.7,4.206,0.980870928863,0.160892564941,376.730313667,0.993978971881,-0.052456064424,9.31529018807,9.31529018807
0.7,0.7,4.212,0.981682932621,0.155400741767,376.730313667,0.993906821961,-0.0530865697014,8.99529925103,8.99529925103
0.7,0.7,4.218,0.982465174887,0.149892012051,376.730313667,0.99383370598,-0.0537255639051,8.6745671036,8.6745671036
0.7,0.7,4.21875,0.982560851028,0.149202233503,376.730313667,0.993824497814,-0.0538060416445,8.6344230972,8.6344230972
0.7,0.7,4.224,0.983217423434,0.144366404202,376.730313667,0.993759608963,-0.0543731798035,8.35308626258,8.35308626258
0.7,0.7,4.23,0.983939443415,0.138823947354,376.730313667,0.993684515662,-0.0550295525922,8.0308491448,8.0308491448
0.7,0.7,4.236,0.98463099732,0.133264671399,376.730313667,0.993608410556,-0.0556948199504,7.70784806543,7.70784806543
0.7,0.7,4.242,0.985291844928,0.127688607004,376.730313667,0.993531277837,-0.0563691221011,7.38407523639,7.38407523639
0.7,0.7,4.248,0.985921743258,0.122095785644,376.730313667,0.99345310141,-0.0570526018742,7.05952276469,7.05952276469
0.7,0.7,4.254,0.986520446522,0.11648623963,376.730313667,0.993373864881,-0.0577454047772,6.73418265075,6.73418265075
0.7,0.7,4.26,0.987087706072,0.110860002134,376.730313667,0.99329355155,-0.0584476790739,6.40804678676,6.40804678676
0.7,0.7,4.266,0.987623270346,0.105217107226,376.730313667,0.993212144399,-0.0591595758773,6.08110695509,6.08110695509
0.7,0.7,4.272,0.988126884815,0.0995575899067,376.730313667,0.993129626082,-0.0598812492644,5.75335482678,5.75335482678
0.7,0.7,4.278,0.988598291915,0.0938814861488,376.730313667,0.993045978905,-0.060612856428,5.4247819603,5.4247819603
0.7,0.7,4.284,0.989037230982,0.0881888329483,376.730313667,0.992961184803,-0.0613545578952,5.09537980072,5.09537980072
0.7,0.7,4.29,0.98944343816,0.0824796683941,376.730313667,0.992875225301,-0.0621065178665,4.76513968003,4.76513968003
0.7,0.7,4.296,0.98981664629,0.0767540317839,376.730313667,0.99278808145,-0.0628689047969,4.43405282005,4.43405282005
0.7,0.7,4.302,0.990156584728,0.0710119638564,376.730313667,0.992699733701,-0.0636418924623,4.10211034197,4.10211034197
0.7,0.7,4.308,0.990462979038,0.0652535073754,376.730313667,0.99261016168,-0.0644256619851,3.76930329644,3.76930329644
0.7,0.7,4.3125,0.990670593952,0.0609239378113,376.730313667,0.992542166318,-0.0650206795062,3.5191252675,3.5191252675
0.7,0.7,4.314,0.99073555052,0.0594787089974,376.730313667,0.992519343836,-0.0652204048619,3.43562276758,3.43562276758
0.7,0.7,4.32,0.990974017076,0.0536876270577,376.730313667,0.992427258704,-0.0660263119787,3.10106031332,3.10106031332
0.7,0.7,4.326,0.991178131474,0.0478803635664,376.730313667,0.992333924407,-0.0668432277985,2.7656097004,2.7656097004
0.7,0.7,4.332,0.991347824109,0.0420567692262,376.730313667,0.992239527636,-0.0676695211578,2.42924960109,2.42924960109
0.7,0.7,4.338,0.991482283064,0.0362168346404,376.730313667,0.992143526281,-0.06850994073,2.09196838734,2.09196838734
0.7,0.7,4.344,0.991581462208,0.0303609162176,376.730313667,0.99204615892,-0.069362401719,1.75377326127,1.75377326127
0.7,0.7,4.35,0.991645115124,0.0244889541331,376.730313667,0.99194744983,-0.0702266950926,1.41464780757,1.41464780757
0.7,0.7,4.356,0.991672927464,0.0186009795647,376.730313667,0.991847363008,-0.0711031396552,1.07458077326,1.07458077326
0.7,0.7,4.362,0.991664588218,0.0126970415223,376.730313667,0.991745869862,-0.0719919894963,0.733561680246,0.733561680246
0.7,0.7,4.368,0.991619785707,0.00677719348822,376.730313667,0.991642944692,-0.0728934735234,0.391580062932,0.391580062932
0.7,0.7,4.374,0.991538205571,0.000841491257753,376.730313667,0.991538562647,-0.0738078133599,0.0486253436531,0.0486253436531
0.7,0.7,4.38,0.991419529987,-0.00511000750566,376.730313667,0.991432698985,-0.0747352298121,-0.295313196732,-0.295313196732
0.7,0.7,4.386,0.991263437313,-0.0110772433565,376.730313667,0.991325328776,-0.0756759454886,-0.640246428891,-0.640246428891
0.7,0.7,4.392,0.991069601896,-0.0170601550575,376.730313667,0.991216426767,-0.0766301860099,-0.986185380131,-0.986185380131
0.7,0.7,4.398,0.990837693934,-0.0230586795386,376.730313667,0.991105967302,-0.0775981806428,-1.33314123805,-1.33314123805
0.7,0.7,4.404,0.990567379374,-0.0290727518445,376.730313667,0.99099392429,-0.0785801626764,-1.68112535375,-1.68112535375
0.7,0.7,4.40625,0.990456040786,-0.0313320237918,376.730313667,0.990951494496,-0.0789520604121,-1.81188684025,-1.81188684025
0.7,0.7,4.41,0.990258319818,-0.0351023050757,376.730313667,0.990880271168,-0.0795763696733,-2.03014924492,-2.03014924492
0.7,0.7,4.416,0.98991017244,-0.0411472703276,376.730313667,0.990764980888,-0.080587043655,-2.38022459896,-2.38022459896
0.7,0.7,4.422,0.989522589899,-0.0472075766262,376.730313667,0.990648025896,-0.0816124312514,-2.73136327616,-2.73136327616
0.7,0.7,4.428,0.989095220263,-0.0532831508644,376.730313667,0.990529378117,-0.0826527838291,-3.08357731301,-3.08357731301
0.7,0.7,4.434,0.988627706926,-0.0593739177372,376.730313667,0.99040900895,-0.0837083576073,-3.43687892577,-3.43687892577
0.7,0.7,4.44,0.988119688523,-0.0654797996793,376.730313667,0.990286889246,-0.0847794137671,-3.79128051427,-3.79128051427
0.7,0.7,4.446,0.98757079885,-0.0716007168081,376.730313667,0.990162989305,-0.0858662185673,-4.1467946663,-4.1467946663
0.7,0.7,4.452,0.986980666771,-0.0777365868779,376.730313667,0.990037278853,-0.0869690434975,-4.50343416282,-4.50343416282
0.7,0.7,4.458,0.986348916105,-0.0838873252558,376.730313667,0.989909727015,-0.088088165557,-4.86121198485,-4.86121198485
0.7,0.7,4.464,0.985675165467,-0.0900528449367,376.730313667,0.989780302239,-0.0892238679261,-5.22014132302,-5.22014132302
0.7,0.7,4.47,0.984959027959,-0.0962330566076,376.730313667,0.989648972081,-0.0903764418209,-5.58023559124,-5.58023559124
0.7,0.7,4.476,0.984200110467,-0.102427868668,376.730313667,0.989515702615,-0.0915461917573,-5.94150844086,-5.94150844086
0.7,0.7,4.482,0.983398012123,-0.108637186516,376.730313667,0.989380456923,-0.092733448759,-6.30397373935,-6.30397373935
0.7,0.7,4.488,0.982552322809,-0.114860908501,376.730313667,0.989243193234,-0.093938586742,-6.66764536076,-6.66764536076
0.7,0.7,4.494,0.98166263055,-0.121098918365,376.730313667,0.989103871314,-0.0951619664432,-7.03253671509,-7.03253671509
0.7,0.7,4.5,0.980728538848,-0.127351098211,376.730313667,0.98896247104,-0.0964037722907,-7.39866136871,-7.39866136871
0.7,0.7,4.506,0.97974964555,-0.133617353321,376.730313667,0.98881897487,-0.0976641662553,-7.76603460522,-7.76603460522
0.7,0.7,4.512,0.978725520038,-0.139897587086,376.730313667,0.98867334264,-0.0989435092632,-8.13467217783,-8.13467217783
0.7,0.7,4.518,0.977655722172,-0.146191686174,376.730313667,0.988525528351,-0.100242213827,-8.50458934795,-8.50458934795
0.7,0.7,4.524,0.976539810621,-0.152499529365,376.730313667,0.98837548947,-0.101560662403,-8.87580133618,-8.87580133618
0.7,0.7,4.53,0.975377340675,-0.158820991976,376.730313667,0.988223185416,-0.102899220627,-9.24832359809,-9.24832359809
0.7,0.7,4.536,0.974167862322,-0.165155946223,376.730313667,0.988068575836,-0.104258252508,-9.62217186936,-9.62217186936
0.7,0.7,4.542,0.972910919462,-0.171504260843,376.730313667,0.987911619881,-0.105638126764,-9.99736216068,-9.99736216068
0.7,0.7,4.548,0.971606049584,-0.177865800736,376.730313667,0.987752275958,-0.107039219068,-10.3739107514,-10.3739107514
0.7,0.7,4.554,0.970252783596,-0.184240426702,376.730313667,0.987590501628,-0.10846191288,-10.7518341872,-10.7518341872
0.7,0.7,4.56,0.968850645707,-0.190627995228,376.730313667,0.987426253576,-0.109906599819,-11.1311492817,-11.1311492817
0.7,0.7,4.566,0.967399153319,-0.197028358304,376.730313667,0.98725948758,-0.11137367988,-11.5118731187,-11.5118731187
0.7,0.7,4.572,0.965897816912,-0.203441363256,376.730313667,0.987090158496,-0.112863561621,-11.8940230564,-11.8940230564
0.7,0.7,4.575,0.96512830231,-0.206652557408,376.730313667,0.987004518431,-0.113617183182,-12.0856383135,-12.0856383135
0.7,0.7,4.578,0.964346139944,-0.209866852575,376.730313667,0.986918220236,-0.114376662344,-12.2776167319,-12.2776167319
0.7,0.7,4.584,0.962743618731,-0.216304663749,376.730313667,0.986743625754,-0.115913408279,-12.662672066,-12.662672066
0.7,0.7,4.59,0.961089742338,-0.222754629094,376.730313667,0.986566327021,-0.11747423478,-13.0492072686,-13.0492072686
0.7,0.7,4.596,0.959383992466,-0.229216575582,376.730313667,0.986386275007,-0.119059586527,-13.4372408439,-13.4372408439
0.7,0.7,4.602,0.957625843327,-0.235690324658,376.730313667,0.986203419658,-0.120669917741,-13.826791596,-13.826791596
0.7,0.7,4.608,0.955814761534,-0.242175692057,376.730313667,0.986017709876,-0.122305692403,-14.2178786346,-14.2178786346
0.7,0.7,4.614,0.953950205975,-0.248672487614,376.730313667,0.985829093492,-0.123967384479,-14.6105213809,-14.6105213809
0.7,0.7,4.62,0.952031627691,-0.25518051507,376.730313667,0.985637517243,-0.12565547816,-15.0047395737,-15.0047395737
0.7,0.7,4.626,0.95005846976,-0.261699571867,376.730313667,0.985442926748,-0.127370468102,-15.4005532757,-15.4005532757
0.7,0.7,4.632,0.948030167162,-0.268229448939,376.730313667,0.985245266483,-0.129112859676,-15.7979828792,-15.7979828792
0.7,0.7,4.638,0.945946146664,-0.274769930497,376.730313667,0.985044479754,-0.130883169223,-16.1970491132,-16.1970491132
0.7,0.7,4.644,0.943805826687,-0.281320793809,376.730313667,0.98484050867,-0.132681924318,-16.5977730498,-16.5977730498
0.7,0.7,4.65,0.941608617182,-0.287881808962,376.730313667,0.984633294116,-0.134509664044,-17.0001761107,-17.0001761107
0.7,0.7,4.656,0.939353919499,-0.294452738632,376.730313667,0.984422775725,-0.136366939262,-17.4042800743,-17.4042800743
0.7,0.7,4.662,0.937041126261,-0.301033337833,376.730313667,0.984208891848,-0.138254312905,-17.8101070828,-17.8101070828
0.7,0.7,4.668,0.934669621233,-0.307623353667,376.730313667,0.983991579525,-0.140172360262,-18.2176796492,-18.2176796492
0.7,0.7,4.674,0.932238779189,-0.314222525058,376.730313667,0.983770774458,-0.142121669286,-18.6270206647,-18.6270206647
0.7,0.7,4.68,0.929747965785,-0.320830582482,376.730313667,0.983546410973,-0.144102840894,-19.0381534064,-19.0381534064
0.7,0.7,4.686,0.927196537427,-0.327447247689,376.730313667,0.983318421996,-0.146116489287,-19.4511015445,-19.4511015445
0.7,0.7,4.692,0.924583841136,-0.334072233411,376.730313667,0.983086739014,-0.148163242272,-19.8658891509,-19.8658891509
0.7,0.7,4.698,0.921909214419,-0.340705243064,376.730313667,0.982851292049,-0.150243741592,-20.2825407064,-20.2825407064
0.7,0.7,4.704,0.919171985136,-0.347345970441,376.730313667,0.982612009616,-0.152358643269,-20.7010811096,-20.7010811096
0.7,0.7,4.71,0.916371471371,-0.353994099388,376.730313667,0.982368818695,-0.154508617945,-21.1215356845,-21.1215356845
0.7,0.7,4.716,0.913506981294,-0.360649303481,376.730313667,0.982121644693,-0.156694351243,-21.54393019,-21.54393019
0.7,0.7,4.722,0.910577813038,-0.367311245681,376.730313667,0.98187041141,-0.158916544128,-21.9682908276,-21.9682908276
0.7,0.7,4.725,0.909088752482,-0.370644635258,376.730313667,0.981743248275,-0.160041536253,-22.1812167573,-22.1812167573
0.7,0.7,4.728,0.907583254564,-0.373979577983,376.730313667,0.981615040998,-0.161175913276,-22.3946442511,-22.3946442511
0.7,0.7,4.734,0.904522583531,-0.380653941054,376.730313667,0.98135545393,-0.163473191452,-22.8230175755,-22.8230175755
0.7,0.7,4.74,0.901395067173,-0.387333963856,376.730313667,0.981091568958,-0.165809127889,-23.2534383861,-23.2534383861
0.7,0.7,4.746,0.898199962171,-0.394019263261,376.730313667,0.98082330308,-0.168184488673,-23.685934748,-23.685934748
0.7,0.7,4.752,0.894936514529,-0.400709443649,376.730313667,0.980550571499,-0.170600057126,-24.1205352162,-24.1205352162
0.7,0.7,4.758,0.891603959458,-0.407404096498,376.730313667,0.980273287591,-0.173056634172,-24.5572688447,-24.5572688447
0.7,0.7,4.764,0.888201521259,-0.41410279996,376.730313667,0.97999136287,-0.175555038687,-24.9961651975,-24.9961651975
0.7,0.7,4.77,0.884728413221,-0.420805118422,376.730313667,0.979704706966,-0.178096107792,-25.4372543581,-25.4372543581
0.7,0.7,4.776,0.881183837528,-0.427510602072,376.730313667,0.979413227604,-0.180680697055,-25.8805669404,-25.8805669404
0.7,0.7,4.782,0.877566985189,-0.434218786449,376.730313667,0.979116830618,-0.183309680479,-26.3261340998,-26.3261340998
0.7,0.7,4.788,0.873877036,-0.440929192031,376.730313667,0.978815420002,-0.185983950096,-26.773987545,-26.773987545
0.7,0.7,4.794,0.870113158582,-0.447641323887,376.730313667,0.978508898063,-0.188704414691,-27.224159554,-27.224159554
0.7,0.7,4.8,0.866274510498,-0.45435467159,376.730313667,0.978197165777,-0.191471996708,-27.6766830001,-27.6766830001
0.7,0.7,4.806,0.862360238404,-0.461068709882,376.730313667,0.977880123539,-0.194287625645,-28.1315914172,-28.1315914172
0.7,0.7,4.812,0.858369477106,-0.467782901665,376.730313667,0.977557672118,-0.197152229662,-28.588919214,-28.588919214
0.7,0.7,4.818,0.854301339311,-0.474496705045,376.730313667,0.977229707616,-0.200066780396,-29.0487023604,-29.0487023604
0.7,0.7,4.824,0.850154873521,-0.481209550312,376.730313667,0.976896074454,-0.203032711131,-29.510978476,-29.510978476
0.7,0.7,4.83,0.845929140895,-0.487920718666,376.730313667,0.976556572411,-0.206051855015,-29.9757785747,-29.9757785747
0.7,0.7,4.836,0.841623369745,-0.494629567603,376.730313667,0.976211199305,-0.209124286626,-30.4431340098,-30.4431340098
0.7,0.7,4.842,0.837236638686,-0.501335553505,376.730313667,0.975859890745,-0.212250635274,-30.9130867293,-30.9130867293
0.7,0.7,4.848,0.832767968092,-0.508038027731,376.730313667,0.975502499382,-0.215432270825,-31.385676453,-31.385676453
0.7,0.7,4.854,0.828216391863,-0.514736299061,376.730313667,0.975138887196,-0.218670483015,-31.8609418032,-31.8609418032
0.7,0.7,4.86,0.823580941621,-0.521429656018,376.730313667,0.974768923169,-0.221966502169,-32.3389219279,-32.3389219279
0.7,0.7,4.866,0.818860639208,-0.528117366437,376.730313667,0.97439247697,-0.225321555452,-32.8196567451,-32.8196567451
0.7,0.7,4.872,0.814054494688,-0.534798675552,376.730313667,0.974009416635,-0.228736887623,-33.3031869557,-33.3031869557
0.7,0.7,4.875,0.811618918923,-0.538136687219,376.730313667,0.973815364269,-0.230467554019,-33.5460132661,-33.5460132661
0.7,0.7,4.878,0.809161505822,-0.541472804572,376.730313667,0.973619607749,-0.232213768452,-33.7895540418,-33.7895540418
0.7,0.7,4.884,0.804180657928,-0.548138949553,376.730313667,0.97322291311,-0.235753495849,-34.27880027,-34.27880027
0.7,0.7,4.89,0.799110923866,-0.55479628042,376.730313667,0.972819192558,-0.23935739753,-34.7709687012,-34.7709687012
0.7,0.7,4.896,0.793951264051,-0.56144394003,376.730313667,0.972408302867,-0.243026832156,-35.2661032028,-35.2661032028
0.7,0.7,4.902,0.788700626505,-0.568081043241,376.730313667,0.971990097655,-0.246763190274,-35.7642484632,-35.7642484632
0.7,0.7,4.908,0.783357946915,-0.574706675979,376.730313667,0.971564427308,-0.250567895178,-36.2654500076,-36.2654500076
0.7,0.7,4.914,0.777922148712,-0.581319894288,376.730313667,0.971131138905,-0.254442403749,-36.7697542147,-36.7697542147
0.7,0.7,4.92,0.772392143169,-0.587919723347,376.730313667,0.970690076146,-0.258388207288,-37.2772083338,-37.2772083338
0.7,0.7,4.926,0.766766829517,-0.594505156474,376.730313667,0.970241079279,-0.262406832363,-37.7878605028,-37.7878605028
0.7,0.7,4.932,0.761045095081,-0.601075154091,376.730313667,0.969783985026,-0.266499841663,-38.3017597659,-38.3017597659
0.7,0.7,4.938,0.75522581544,-0.607628642666,376.730313667,0.969318626508,-0.270668834867,-38.8189560931,-38.8189560931
0.7,0.7,4.944,0.749307854606,-0.614164513624,376.730313667,0.968844833175,-0.274915449531,-39.3395003986,-39.3395003986
0.7,0.7,4.95,0.743290065235,-0.620681622221,376.730313667,0.968362430725,-0.279241361996,-39.8634445611,-39.8634445611
0.7,0.7,4.956,0.73717128886,-0.627178786391,376.730313667,0.967871241033,-0.2836482883,-40.3908414428,-40.3908414428
0.7,0.7,4.962,0.730950356154,-0.633654785559,376.730313667,0.967371082069,-0.288137985125,-40.9217449108,-40.9217449108
0.7,0.7,4.968,0.724626087222,-0.64010835942,376.730313667,0.966861767826,-0.292712250747,-41.4562098571,-41.4562098571
0.7,0.7,4.974,0.718197291931,-0.64653820668,376.730313667,0.966343108235,-0.297372926007,-41.9942922201,-41.9942922201
0.7,0.7,4.98,0.711662770265,-0.652942983765,376.730313667,0.965814909095,-0.302121895309,-42.5360490061,-42.5360490061
0.7,0.7,4.986,0.705021312727,-0.659321303497,376.730313667,0.965276971985,-0.306961087621,-43.0815383115,-43.0815383115
0.7,0.7,4.992,0.698271700769,-0.665671733725,376.730313667,0.964729094189,-0.311892477506,-43.6308193449,-43.6308193449
0.7,0.7,4.998,0.691412707272,-0.671992795927,376.730313667,0.964171068615,-0.316918086166,-44.1839524503,-44.1839524503
0.7,0.7,5.004,0.684443097063,-0.678282963773,376.730313667,0.963602683714,-0.322039982508,-44.7409991305,-44.7409991305
0.7,0.7,5.01,0.677361627477,-0.684540661645,376.730313667,0.963023723396,-0.327260284233,-45.3020220704,-45.3020220704
0.7,0.7,5.016,0.67016704897,-0.690764263127,376.730313667,0.96243396695,-0.332581158949,-45.867085162,-45.867085162
0.7,0.7,5.022,0.662858105775,-0.696952089446,376.730313667,0.961833188955,-0.338004825318,-46.4362535287,-46.4362535287
0.7,0.7,5.025,0.659160353465,-0.700032047597,376.730313667,0.961528595125,-0.340755912955,-46.7223978845,-46.7223978845
0.7,0.7,5.028,0.655433536612,-0.703102407886,376.730313667,0.961221159198,-0.343533554243,-47.0095935515,-47.0095935515
0.7,0.7,5.034,0.647892075444,-0.709213430151,376.730313667,0.96059764258,-0.349169670118,-47.587172895,-47.587172895
0.7,0.7,5.04,0.640232452277,-0.715283310699,376.730313667,0.95996239901,-0.354915552173,-48.169060535,-48.169060535
0.7,0.7,5.046,0.632453394004,-0.721310145026,376.730313667,0.959315183297,-0.360773635982,-48.7553267881,-48.7553267881
0.7,0.7,5.052,0.624553625256,-0.72729196792,376.730313667,0.958655745,-0.366746415252,-49.346043344,-49.346043344
0.7,0.7,5.058,0.616531869225,-0.733226751669,376.730313667,0.957983828221,-0.37283644418,-49.9412833027,-49.9412833027
0.7,0.7,5.064,0.60838684835,-0.739112404228,376.730313667,0.957299171278,-0.379046341,-50.5411212237,-50.5411212237
0.7,0.7,5.07,0.600117284553,-0.744946767349,376.730313667,0.956601506063,-0.3853787943,-51.1456332,-51.1456332
0.7,0.7,5.076,0.591721898176,-0.75072761467,376.730313667,0.955890556606,-0.391836576712,-51.7548970011,-51.7548970011
0.7,0.7,5.082,0.583199402569,-0.756452649809,376.730313667,0.955166035075,-0.398422581954,-52.368992434,-52.368992434
0.7,0.7,5.088,0.574548480028,-0.762119504809,376.730313667,0.954427627174,-0.405139958519,-52.9880026348,-52.9880026348
0.7,0.7,5.094,0.565767627955,-0.767725744643,376.730313667,0.953674906784,-0.411992888538,-53.6120219236,-53.6120219236
0.7,0.7,5.1,0.556850005093,-0.773270101888,376.730313667,0.952905335616,-0.419004825881,-54.2414512268,-54.2414512268
0.7,0.7,5.106,0.547816215217,-0.77874634367,376.730313667,0.952128391256,-0.426089690835,-54.8751805482,-54.8751805482
0.7,0.7,5.112,0.538638801452,-0.784155192013,376.730313667,0.951331237577,-0.433364853572,-55.5146983266,-55.5146983266
0.7,0.7,5.118,0.529327558709,-0.789492943228,376.730313667,0.950519211703,-0.440782016742,-56.1595219849,-56.1595219849
0.7,0.7,5.124,0.519880776689,-0.794756689477,376.730313667,0.949691643345,-0.448347669639,-56.8097647779,-56.8097647779
0.7,0.7,5.13,0.510297194694,-0.799943492738,376.730313667,0.948848153545,-0.456065664075,-57.4655226187,-57.4655226187
0.7,0.7,5.136,0.500575634548,-0.805050331788,376.730313667,0.947988397932,-0.463939555873,-58.1268903907,-58.1268903907
0.7,0.7,5.142,0.490714958365,-0.810074095562,376.730313667,0.947112037018,-0.47197287652,-58.7939640128,-58.7939640128
0.7,0.7,5.148,0.480714060805,-0.81501158005,376.730313667,0.946218729402,-0.48016919602,-59.4668409497,-59.4668409497
0.7,0.7,5.154,0.470571868581,-0.81985948579,376.730313667,0.945308129628,-0.488532143359,-60.145620398,-60.145620398
0.7,0.7,5.16,0.460287342175,-0.824614415526,376.730313667,0.944379887365,-0.49706541491,-60.8304033771,-60.8304033771
0.7,0.7,5.166,0.449859478443,-0.829272871899,376.730313667,0.943433647064,-0.5057727786,-61.5212927871,-61.5212927871
0.7,0.7,5.172,0.439287313687,-0.833831255163,376.730313667,0.942469047795,-0.514658076393,-62.2183934533,-62.2183934533
0.7,0.7,5.178,0.428569927047,-0.838285860891,376.730313667,0.941485723174,-0.52372522604,-62.9218121625,-62.9218121625
0.7,0.7,5.184,0.417706444157,-0.842632877696,376.730313667,0.940483301321,-0.532978222545,-63.6316576974,-63.6316576974
0.7,0.7,5.19,0.406696041042,-0.846868384926,376.730313667,0.939461404842,-0.542421139554,-64.3480408664,-64.3480408664
0.7,0.7,5.196,0.39553794828,-0.850988350368,376.730313667,0.938419650792,-0.552058130786,-65.0710745305,-65.0710745305
0.7,0.7,5.202,0.384231455444,-0.854988627934,376.730313667,0.937357650659,-0.561893431522,-65.8008736251,-65.8008736251
0.7,0.7,5.208,0.372775915877,-0.858864955359,376.730313667,0.936275010348,-0.571931359979,-66.5375551751,-66.5375551751
0.7,0.7,5.214,0.361170751871,-0.862612951962,376.730313667,0.935171330238,-0.582176318153,-67.2812383008,-67.2812383008
0.7,0.7,5.22,0.349415460293,-0.86622811655,376.730313667,0.934046205385,-0.592632791301,-68.0320442123,-68.0320442123
0.7,0.7,5.226,0.337509618704,-0.869705825658,376.730313667,0.932899226016,-0.603305344771,-68.7900961957,-68.7900961957
0.7,0.7,5.2305,0.328481233923,-0.872221051399,376.730313667,0.932024400723,-0.611454350336,-69.3634657453,-69.3634657453
0.7,0.7,5.232,0.325452891843,-0.873041332327,376.730313667,0.931729978459,-0.614198616786,-69.5555195991,-69.5555195991
0.7,0.7,5.238,0.313245038212,-0.876229765615,376.730313667,0.93053804657,-0.625317306599,-70.3284418359,-70.3284418359
0.7,0.7,5.244,0.300885916268,-0.879266130779,376.730313667,0.929323013459,-0.636666159736,-71.1089924299,-71.1089924299
0.7,0.7,5.25,0.288375489819,-0.882145309653,376.730313667,0.928084463005,-0.648249955193,-71.8973031164,-71.8973031164
0.7,0.7,5.256,0.275713832639,-0.884862060422,376.730313667,0.92682198047,-0.660073501014,-72.6935079826,-72.6935079826
0.7,0.7,5.262,0.262901133039,-0.887411016121,376.730313667,0.925535151837,-0.672141641755,-73.4977436015,-73.4977436015
0.7,0.7,5.268,0.249937699476,-0.889786681952,376.730313667,0.924223562239,-0.684459274665,-74.3101491012,-74.3101491012
0.7,0.7,5.274,0.236823967944,-0.891983432275,376.730313667,0.922886794383,-0.697031366048,-75.1308661469,-75.1308661469
0.7,0.7,5.28,0.223560511016,-0.893995508365,376.730313667,0.921524427816,-0.709862959844,-75.9600388595,-75.9600388595
0.7,0.7,5.286,0.210148047805,-0.895817017496,376.730313667,0.920136039307,-0.722959175857,-76.7978137159,-76.7978137159
0.7,0.7,5.292,0.196587454144,-0.897441933301,376.730313667,0.918721204051,-0.736325200173,-77.6443394676,-77.6443394676
0.7,0.7,5.29575,0.18803731661,-0.898354942019,376.730313667,0.917823313219,-0.744818303636,-78.1779288684,-78.1779288684
0.7,0.7,5.298,0.182879772579,-0.898864096969,376.730313667,0.91727949723,-0.749966272208,-78.4997670895,-78.4997670895
0.7,0.7,5.304,0.169026222227,-0.90007721888,376.730313667,0.915810495543,-0.763887671934,-79.3642497497,-79.3642497497
0.7,0.7,5.31,0.155028208645,-0.901074880385,376.730313667,0.91431377849,-0.778094709374,-80.2379427864,-80.2379427864
0.7,0.7,5.316,0.140887333913,-0.901850535584,376.730313667,0.912788929266,-0.792592717717,-81.1210036805,-81.1210036805
0.7,0.7,5.322,0.126605406915,-0.902397512954,376.730313667,0.911235535109,-0.807387051606,-82.0135920246,-82.0135920246
0.7,0.7,5.328,0.11218445353,-0.902709016734,376.730313667,0.909653186939,-0.822483092206,-82.9158695096,-82.9158695096
0.7,0.7,5.334,0.0976267259807,-0.902778128329,376.730313667,0.908041478466,-0.837886257389,-83.8279999811,-83.8279999811
0.7,0.7,5.34,0.0829347105636,-0.902597808994,376.730313667,0.906400006077,-0.853602004656,-84.7501496289,-84.7501496289
0.7,0.7,5.346,0.0681111344932,-0.902160906299,376.730313667,0.904728372218,-0.869635800504,-85.6824872679,-85.6824872679
0.7,0.7,5.352,0.0531589758051,-0.901460165464,376.730313667,0.903026193766,-0.885993041505,-86.625184444,-86.625184444
0.7,0.7,5.358,0.0380814802535,-0.900488241273,376.730313667,0.90129311093,-0.902678969362,-87.5784150626,-87.5784150626
0.7,0.7,5.361,0.0304968238452,-0.899898266886,376.730313667,0.900414874938,-0.911146780535,-88.059035234,-88.059035234
0.7,0.7,5.364,0.022882182156,-0.899237703876,376.730313667,0.899528789052,-0.919698653569,-88.5423547133,-88.5423547133
0.7,0.7,5.37,0.00756492121667,-0.897701038881,376.730313667,0.897732913088,-0.937057044499,-89.5171802419,-89.5171802419
0.7,0.7,5.376,-0.00786614706081,-0.895870648699,376.730313667,0.895905182187,-0.954759026219,-90.5030697751,-90.5030697751
0.7,0.7,5.382,-0.0234065431705,-0.893738859057,376.730313667,0.894045308947,-0.972809424367,-91.5002029231,-91.5002029231
0.7,0.7,5.388,-0.0390514539358,-0.8912979294,376.730313667,0.892153022192,-0.991212979876,-92.5087608951,-92.5087608951
0.7,0.7,5.394,-0.0547957208485,-0.888540064868,376.730313667,0.890228070721,-1.0099743128,-93.5289264747,-93.5289264747
0.7,0.7,5.4,-0.0706338272815,-0.885457428788,376.730313667,0.888270226762,-1.02909788851,-94.5608839035,-94.5608839035
0.7,0.7,5.406,-0.0865598853585,-0.8820421556,376.730313667,0.886279288943,-1.04858798814,-95.6048187242,-95.6048187242
0.7,0.7,5.412,-0.102567622882,-0.878286364449,376.730313667,0.884255084939,-1.06844868161,-96.6609176068,-96.6609176068
0.7,0.7,5.418,-0.118650370483,-0.874182173662,376.730313667,0.882197474018,-1.08868380129,-97.7293681652,-97.7293681652
0.7,0.7,5.424,-0.134801049065,-0.869721716251,376.730313667,0.880106349566,-1.1092969152,-98.8103587652,-98.8103587652
0.7,0.7,5.42625,-0.140873549728,-0.867955594085,376.730313667,0.879313522196,-1.11712496309,-99.2190017644,-99.2190017644
0.7,0.7,5.43,-0.151012157587,-0.864897156549,376.730313667,0.877981641691,-1.13029129909,-99.9040783207,-99.9040783207
0.7,0.7,5.436,-0.167275761257,-0.859700708036,376.730313667,0.875823319912,-1.15166990692,-101.010716077,-101.010716077
0.7,0.7,5.442,-0.183583480174,-0.854124652379,376.730313667,0.873631395953,-1.17343533976,-102.130461378,-102.130461378
0.7,0.7,5.448,-0.199926478529,-0.848161359756,376.730313667,0.871405926649,-1.1955898129,-103.26350342,-103.26350342
0.7,0.7,5.454,-0.216295454428,-0.841803310436,376.730313667,0.869147016947,-1.21813512124,-104.410030979,-104.410030979
0.7,0.7,5.46,-0.232680630452,-0.835043117683,376.730313667,0.866854823011,-1.24107260283,-105.570232127,-105.570232127
0.7,0.7,5.466,-0.249071745046,-0.827873551954,376.730313667,0.864529555426,-1.26440310069,-106.744293925,-106.744293925
0.7,0.7,5.472,-0.265458044853,-0.820287566416,376.730313667,0.862171482475,-1.28812692281,-107.93240209,-107.93240209
0.7,0.7,5.478,-0.28182827812,-0.812278323778,376.730313667,0.85978093351,-1.31224380041,-109.134740642,-109.134740642
0.7,0.7,5.484,-0.298170689284,-0.803839224414,376.730313667,0.857358302377,-1.3367528445,-110.351491531,-110.351491531
0.7,0.7,5.49,-0.314473014876,-0.794963935765,376.730313667,0.854904050904,-1.36165250078,-111.58283423,-111.58283423
0.7,0.7,5.4915,-0.318540847189,-0.792676244827,376.730313667,0.854285608237,-1.36793819875,-111.892970636,-111.892970636
0.7,0.7,5.496,-0.330722480885,-0.785646422987,376.730313667,0.852418712438,-1.38694050296,-112.828945308,-112.828945308
0.7,0.7,5.502,-0.346905801697,-0.775880980797,376.730313667,0.849902895403,-1.41261382453,-114.089997979,-114.089997979
0.7,0.7,5.508,-0.363009180775,-0.76566226647,376.730313667,0.847357286877,-1.43866862925,-115.366161613,-115.366161613
0.7,0.7,5.514,-0.379018313203,-0.754985333909,376.730313667,0.844782656167,-1.46510022026,-116.65760123,-116.65760123
0.7,0.7,5.52,-0.394918390258,-0.743845668715,376.730313667,0.842179858362,-1.49190298823,-117.964476955,-117.964476955
0.7,0.7,5.526,-0.410694106128,-0.732239224159,376.730313667,0.839549837833,-1.51907035851,-119.286943448,-119.286943448
0.7,0.7,5.532,-0.426329666951,-0.720162457936,376.730313667,0.836893631677,-1.54659473765,-120.625149304,-120.625149304
0.7,0.7,5.538,-0.441808802289,-0.707612369581,376.730313667,0.834212373059,-1.57446745952,-121.979236418,-121.979236418
0.7,0.7,5.544,-0.457114779193,-0.694586538408,376.730313667,0.831507294432,-1.60267873123,-123.349339321,-123.349339321
0.7,0.7,5.55,-0.472230418968,-0.681083161791,376.730313667,0.828779730613,-1.63121757936,-124.735584482,-124.735584482
0.7,0.7,5.556,-0.487138116795,-0.667101093629,376.730313667,0.826031121663,-1.66007179665,-126.138089584,-126.138089584
0.7,0.7,5.562,-0.501819864283,-0.652639882783,376.730313667,0.82326301556,-1.68922788973,-127.556962763,-127.556962763
0.7,0.7,5.568,-0.516257275082,-0.637699811284,376.730313667,0.820477070604,-1.71867102834,-128.992301815,-128.992301815
0.7,0.7,5.574,-0.530431613634,-0.622281932063,376.730313667,0.817675057535,-1.74838499641,-130.444193381,-130.444193381
0.7,0.7,5.58,-0.54432382712,-0.606388105974,376.730313667,0.814858861299,-1.77835214587,-131.912712092,-131.912712092
0.7,0.7,5.586,-0.557914580658,-0.590021037823,376.730313667,0.812030482424,-1.8085533536,-133.397919696,-133.397919696
0.7,0.7,5.592,-0.571184295743,-0.573184311113,376.730313667,0.809192037906,-1.83896798294,-134.89986415,-134.89986415
0.7,0.7,5.598,-0.584113191836,-0.555882421168,376.730313667,0.80634576147,-1.86957385127,-136.418578694,-136.418578694
0.7,0.7,5.604,-0.596681330727,-0.5381208061,376.730313667,0.803494002713,-1.90034720933,-137.954080889,-137.954080889
0.7,0.7,5.61,-0.608868661782,-0.519905874256,376.730313667,0.800639222987,-1.93126275602,-139.506371625,-139.506371625
0.7,0.7,5.616,-0.620655051964,-0.501245017447,376.730313667,0.797783968906,-1.96229389764,-141.075433966,-141.075433966
0.7,0.7,5.622,-0.632021800935,-0.482143377892,376.730313667,0.794930055855,-1.99342164555,-142.661482962,-142.661482962
0.7,0.7,5.628,-0.642945201839,-0.462620606044,376.730313667,0.792083554749,-2.0245800689,-144.26372001,-144.26372001
0.7,0.7,5.634,-0.653408568805,-0.442676868011,376.730313667,0.789243667862,-2.05577787572,-145.882806961,-145.882806961
0.7,0.7,5.64,-0.663391260102,-0.422327324631,376.730313667,0.786414860687,-2.08696576686,-147.518404487,-147.518404487
0.7,0.7,5.646,-0.672873733984,-0.401584664546,376.730313667,0.783600219936,-2.11810901564,-149.170392243,-149.170392243
0.7,0.7,5.652,-0.681836790485,-0.380462678129,376.730313667,0.780802957415,-2.14917100759,-150.838627021,-150.838627021
0.7,0.7,5.658,-0.690261616083,-0.358976249121,376.730313667,0.778026378776,-2.18011356245,-152.522941261,-152.522941261
0.7,0.7,5.664,-0.698129850974,-0.33714134903,376.730313667,0.775273872929,-2.21089703398,-154.223142082,-154.223142082
0.7,0.7,5.67,-0.705423659994,-0.314975027458,376.730313667,0.772548903308,-2.24148039303,-155.93901042,-155.93901042
0.7,0.7,5.676,-0.712125804805,-0.292495397356,376.730313667,0.769854998908,-2.27182131744,-157.670300219,-157.670300219
0.7,0.7,5.682,-0.718219716466,-0.269721614877,376.730313667,0.767195744678,-2.3018762937,-159.416737702,-159.416737702
0.7,0.7,5.688,-0.72368956786,-0.24667385364,376.730313667,0.764574771163,-2.33160073177,-161.178020706,-161.178020706
0.7,0.7,5.694,-0.728520345428,-0.223373273304,376.730313667,0.76199574338,-2.36094909372,-162.953818113,-162.953818113
0.7,0.7,5.7,-0.732697919721,-0.199841982416,376.730313667,0.759462348968,-2.38987503617,-164.743769369,-164.743769369
0.7,0.7,5.706,-0.736209114226,-0.176102995522,376.730313667,0.756978285621,-2.41833156641,-166.547484114,-166.547484114
0.7,0.7,5.712,-0.739041771961,-0.152180184608,376.730313667,0.754547247885,-2.44627121178,-168.364541927,-168.364541927
0.7,0.7,5.7165,-0.740714271571,-0.134132257093,376.730313667,0.752760980991,-2.46685800893,-169.735821742,-169.735821742
0.7,0.7,5.718,-0.741184819304,-0.12809822498,376.730313667,0.752172913371,-2.47364620171,-170.194492202,-170.194492202
0.7,0.7,5.724,-0.742628326527,-0.103882535742,376.730313667,0.749858928461,-2.5004086616,-172.036854157,-172.036854157
0.7,0.7,5.73,-0.743363564536,-0.0795592151018,376.730313667,0.747608893598,-2.52651081741,-173.891116997,-173.891116997
0.7,0.7,5.736,-0.743383057301,-0.0551549707655,376.730313667,0.745426348261,-2.55190520985,-175.756740218,-175.756740218
0.7,0.7,5.742,-0.742680629517,-0.0306970457609,376.730313667,0.743314755724,-2.57654491649,-177.633154093,-177.633154093
0.7,0.7,5.748,-0.741251449031,-0.00621314005887,376.730313667,0.74127748772,-2.60038378031,-179.51976031,-179.51976031
0.7,0.7,5.754,-0.73909206364,0.0182686715742,376.730313667,0.73931780913,-2.62337664262,178.584067211,-181.415932789
0.7,0.7,5.76,-0.736200431859,0.0427200250234,376.730313667,0.737438862827,-2.64547957853,176.67898132,-183.32101868
0.7,0.7,5.766,-0.732575947361,0.0671123550553,376.730313667,0.735643654804,-2.66665013251,174.765660471,-185.234339529
0.7,0.7,5.772,-0.728219456786,0.0914169857816,376.730313667,0.733935039721,-2.68684755206,172.844807374,-187.155192626
0.7,0.7,5.778,-0.723133270704,0.115605222775,376.730313667,0.732315707009,-2.70603301673,170.917147475,-189.082852525
0.7,0.7,5.784,-0.717321167571,0.139648446233,376.730313667,0.730788167653,-2.72416986034,168.983427264,-191.016572736
0.7,0.7,5.79,-0.710788390568,0.163518204562,376.730313667,0.729354741802,-2.74122378385,167.044412433,-192.955587567
0.7,0.7,5.796,-0.70354163728,0.187186307751,376.730313667,0.728017547313,-2.75716305634,165.100885868,-194.899114132
0.7,0.7,5.802,-0.69558904225,0.210624919899,376.730313667,0.726778489349,-2.771958702,163.153645512,-196.846354488
0.7,0.7,5.808,-0.68694015249,0.233806650254,376.730313667,0.725639251147,-2.78558467068,161.203502098,-198.796497902
0.7,0.7,5.811,-0.682357959163,0.245292768809,376.730313667,0.725107527794,-2.79195172334,160.227598012,-199.772401988
0.7,0.7,5.814,-0.677605896097,0.256704642148,376.730313667,0.724601286036,-2.79801799013,159.251276772,-200.748723228
0.7,0.7,5.82,-0.667598544204,0.279292659222,376.730313667,0.723665810799,-2.80923889796,157.297798622,-202.702201378
0.7,0.7,5.826,-0.656931666534,0.301545168357,376.730313667,0.722833800437,-2.81923095177,155.343902137,-204.656097863
0.7,0.7,5.832,-0.64562008088,0.323437418774,376.730313667,0.722105984395,-2.8279811162,153.390424611,-206.609575389
0.7,0.7,5.838,-0.633679796925,0.344945516785,376.730313667,0.721482844274,-2.83547982574,151.438203509,-208.561796491
0.7,0.7,5.844,-0.621127954804,0.366046495734,376.730313667,0.720964613055,-2.84172102272,149.488073832,-210.511926168
0.7,0.7,5.85,-0.607982758896,0.386718380722,376.730313667,0.720551275832,-2.84670217018,147.540865487,-212.459134513
0.7,0.7,5.856,-0.594263407371,0.406940247728,376.730313667,0.720242572028,-2.8504242394,145.597400691,-214.402599309
0.7,0.7,5.862,-0.579990018004,0.426692276849,376.730313667,0.720037999071,-2.85289167272,143.658491435,-216.341508565
0.7,0.7,5.868,-0.565183550847,0.445955799392,376.730313667,0.719936817478,-2.85411232207,141.724937015,-218.275062985
0.7,0.7,5.874,-0.549865728331,0.464713338634,376.730313667,0.719938057264,-2.85409736431,139.79752167,-220.20247833
0.7,0.7,5.88,-0.534058953381,0.482948644124,376.730313667,0.720040525628,-2.85286119467,137.877012322,-222.122987678
0.7,0.7,5.886,-0.517786226154,0.500646719471,376.730313667,0.7202428158,-2.85042129958,135.964156457,-224.035843543
0.7,0.7,5.892,-0.501071059986,0.517793843611,376.730313667,0.720543316975,-2.84679811081,134.059680145,-225.940319855
0.7,0.7,5.898,-0.483937397113,0.53437758563,376.730313667,0.720940225225,-2.84201484239,132.164286219,-227.835713781
0.7,0.7,5.904,-0.466409524744,0.550386813277,376.730313667,0.721431555313,-2.83609731247,130.278652623,-229.721347377
0.7,0.7,5.9055,-0.461968833685,0.554298171666,376.730313667,0.721568892351,-2.83444395976,129.808846231,-230.191153769
0.7,0.7,5.91,-0.448511991962,0.565811695388,376.730313667,0.722015153284,-2.8290737517,128.403430928,-231.596569072
0.7,0.7,5.916,-0.430269527872,0.580643698461,376.730313667,0.722688709734,-2.82097460063,126.53924502,-233.46075498
0.7,0.7,5.922,-0.41170696129,0.594875577644,376.730313667,0.723449773551,-2.81183229924,124.686689946,-235.313310054
0.7,0.7,5.928,-0.392849142139,0.608501362213,376.730313667,0.724295765758,-2.80168107366,122.846330928,-237.153669072
0.7,0.7,5.934,-0.373720864875,0.621516335356,376.730313667,0.725223992955,-2.79055672706,121.018702525,-238.981297475
0.7,0.7,5.94,-0.354346794728,0.633917007937,376.730313667,0.726231659931,-2.7784964405,119.204308019,-240.795691981
0.7,0.7,5.946,-0.334751398288,0.645701086514,376.730313667,0.727315881706,-2.76553858098,117.40361906,-242.59638094
0.7,0.7,5.952,-0.31495887967,0.656867437202,376.730313667,0.728473696121,-2.75172250412,115.617075601,-244.382924399
0.7,0.7,5.958,-0.29499312198,0.66741604755,376.730313667,0.729702077935,-2.73708834055,113.845086025,-246.154913975
0.7,0.7,5.964,-0.274877632313,0.67734798733,376.730313667,0.730997953954,-2.7216767724,112.088027335,-247.911972665
0.7,0.7,5.97,-0.254635489107,0.686665367347,376.730313667,0.732358217696,-2.70552881831,110.346245357,-249.653754643
0.7,0.7,5.976,-0.234289292281,0.695371295128,376.730313667,0.733779742542,-2.68868563965,108.620055016,-251.379944984
0.7,0.7,5.982,-0.213861117295,0.703469827437,376.730313667,0.735259393415,-2.67118836784,106.909740755,-253.090259245
0.7,0.7,5.988,-0.193372473892,0.710965920371,376.730313667,0.736794037427,-2.65307794729,105.215557095,-254.784442905
0.7,0.7,5.994,-0.172844269662,0.717865377928,376.730313667,0.738380553903,-2.63439498947,103.537729335,-256.462270665
0.7,0.7,6,-0.152296778258,0.724174799688,376.730313667,0.740015843864,-2.61517963702,101.876454359,-258.123545641
0.7,0.7,6.006,-0.131749612042,0.729901528032,376.730313667,0.741696838942,-2.59547143832,100.231901533,-259.768098467
0.7,0.7,6.012,-0.111221698927,0.735053595206,376.730313667,0.743420509629,-2.5753092335,98.6042136528,-261.395786347
0.7,0.7,6.018,-0.0907312632325,0.739639670447,376.730313667,0.745183872763,-2.55473105313,96.9935079648,-263.006492035
0.7,0.7,6.024,-0.070295810299,0.743669007426,376.730313667,0.746983998189,-2.53377402989,95.3998772025,-264.600122797
0.7,0.7,6.03,-0.0499321145944,0.747151392273,376.730313667,0.748818014636,-2.51247432271,93.8233906466,-266.176609353
0.7,0.7,6.036,-0.0296562110666,0.750097092572,376.730313667,0.750683114996,-2.49086705091,92.2640951817,-267.735904818
0.7,0.7,6.042,-0.00948338963625,0.75251680773,376.730313667,0.752576561284,-2.4689862349,90.7220163511,-269.277983649
0.7,0.7,6.048,0.0105718070905,0.754421621025,376.730313667,0.754495689435,-2.44686474162,89.1971594292,-270.802840571
0.7,0.7,6.054,0.0304955828022,0.755822953301,376.730313667,0.756437913716,-2.42453423681,87.6895105306,-272.310489469
0.7,0.7,6.06,0.0502748833383,0.756732518087,376.730313667,0.758400730369,-2.40202514855,86.1990377522,-273.800962248
0.7,0.7,6.066,0.0698973898888,0.757162278054,376.730313667,0.760381720204,-2.37936664491,84.7256923177,-275.274307682
0.7,0.7,6.072,0.089351510044,0.757124402955,376.730313667,0.76237855026,-2.35658662396,83.2694096924,-276.730590308
0.7,0.7,6.078,0.108626367012,0.756631229337,376.730313667,0.764388974814,-2.33371171261,81.8301106518,-278.169889348
0.7,0.7,6.084,0.127711787159,0.755695222257,376.730313667,0.766410835989,-2.31076727126,80.4077023076,-279.592297692
0.7,0.7,6.09,0.146598285956,0.754328939098,376.730313667,0.768442064053,-2.28777740286,79.002079096,-280.997920904
0.7,0.7,6.096,0.165277052469,0.752544995488,376.730313667,0.770480677439,-2.26476496595,77.613123734,-282.386876266
0.7,0.7,6.102,0.183739932519,0.750356033313,376.730313667,0.772524782471,-2.24175159165,76.2407081449,-283.759291855
0.7,0.7,6.108,0.201979410713,0.747774690771,376.730313667,0.774572572784,-2.21875770443,74.8846943505,-285.115305649
0.7,0.7,6.114,0.219988591499,0.744813574453,376.730313667,0.776622328471,-2.19580254641,73.5449353302,-286.45506467
0.7,0.7,6.12,0.237761179428,0.741485233403,376.730313667,0.778672414946,-2.17290420478,72.2212758436,-287.778724156
0.7,0.7,6.126,0.255291458782,0.737802135118,376.730313667,0.780721281579,-2.15007964195,70.9135532168,-289.086446783
0.7,0.7,6.132,0.272574272697,0.733776643455,376.730313667,0.782767460116,-2.12734472788,69.6215980907,-290.378401909
0.7,0.7,6.138,0.289605001944,0.729420998378,376.730313667,0.784809562904,-2.10471427436,68.3452351323,-291.654764868
0.7,0.7,6.144,0.306379543468,0.724747297498,376.730313667,0.786846280976,-2.0822020706,67.0842837081,-292.915716292
0.7,0.7,6.15,0.322894288806,0.719767479339,376.730313667,0.788876381988,-2.05982092001,65.8385585206,-294.161441479
0.7,0.7,6.156,0.339146102496,0.714493308269,376.730313667,0.790898708053,-2.03758267772,64.6078702084,-295.392129792
0.7,0.7,6.162,0.355132300558,0.708936361011,376.730313667,0.792912173487,-2.01549828851,63.3920259113,-296.607974089
0.7,0.7,6.168,0.370850629138,0.703108014685,376.730313667,0.794915762484,-1.99357782503,62.1908297997,-297.8091702
0.7,0.7,6.174,0.386299243388,0.69701943628,376.730313667,0.796908526743,-1.97183052593,61.004083572,-298.995916428
0.7,0.7,6.18,0.40147668666,0.690681573508,376.730313667,0.798889583056,-1.95026483383,59.8315869185,-300.168413081
0.7,0.7,6.186,0.416381870049,0.684105146935,376.730313667,0.800858110884,-1.92888843284,58.6731379547,-301.326862045
0.7,0.7,6.192,0.431014052371,0.677300643344,376.730313667,0.802813349924,-1.90770828547,57.5285336247,-302.471466375
0.7,0.7,6.198,0.44537282059,0.670278310236,376.730313667,0.804754597683,-1.88673066892,56.3975700763,-303.602429924
0.7,0.7,6.204,0.459458070753,0.663048151399,376.730313667,0.806681207078,-1.8659612104,55.2800430082,-304.719956992
0.7,0.7,6.21,0.473269989468,0.655619923491,376.730313667,0.808592584068,-1.84540492152,54.1757479919,-305.824252008
0.7,0.7,6.216,0.486809035945,0.648003133557,376.730313667,0.810488185341,-1.82506623145,53.0844807684,-306.915519232
0.7,0.7,6.222,0.500075924657,0.640207037423,376.730313667,0.812367516084,-1.80494901868,52.0060375214,-307.993962479
0.7,0.7,6.228,0.513071608662,0.632240638925,376.730313667,0.814230127866,-1.78505664086,50.9402151262,-309.059784874
0.7,0.7,6.234,0.525797263695,0.624112689918,376.730313667,0.816075616733,-1.76539196197,49.886811373,-310.113188627
0.7,0.7,6.24,0.538254273288,0.615831690983,376.730313667,0.817903621664,-1.74595737512,48.8456251528,-311.154374847
0.7,0.7,6.246,0.550444215538,0.607405892517,376.730313667,0.819713823651,-1.72675481823,47.8164565643,-312.183543436
0.7,0.7,6.252,0.562368853006,0.598843294465,376.730313667,0.821505945296,-1.70778578396,46.7991067956,-313.200893204
0.7,0.7,6.258,0.574030126248,0.590151636212,376.730313667,0.823279745629,-1.68905137984,45.7933773512,-314.206622649
0.7,0.7,6.264,0.585430121818,0.581338355572,376.730313667,0.825034975738,-1.67055279996,44.799068984,-315.200931016
0.7,0.7,6.27,0.596570919987,0.572410623715,376.730313667,0.826771301337,-1.65229213792,43.8159898988,-316.184010101
0.7,0.7,6.276,0.607454705259,0.563375632027,376.730313667,0.828488576688,-1.63426950628,42.843963723,-317.156036277
0.7,0.7,6.282,0.618084059354,0.554240296194,376.730313667,0.830186852674,-1.61648297291,41.8828009857,-318.117199014
0.7,0.7,6.288,0.628461607464,0.545011117363,376.730313667,0.831866040962,-1.59893208849,40.9323084217,-319.067691578
0.7,0.7,6.294,0.638589984398,0.535694389654,376.730313667,0.833526032755,-1.58161663405,39.9922999052,-320.007700095
0.7,0.7,6.3,0.648471900105,0.526296214613,376.730313667,0.835166756248,-1.56453602116,39.0625934752,-320.937406525
0.7,0.7,6.306,0.658110143255,0.516822486657,376.730313667,0.836788171145,-1.54768935258,38.1430098796,-321.85699012
0.7,0.7,6.312,0.667507571579,0.507278890679,376.730313667,0.838390261777,-1.53107549654,37.2333723291,-322.766627671
0.7,0.7,6.315,0.672116889711,0.502482612058,376.730313667,0.839184061369,-1.52285546591,36.782228749,-323.217771251
0.7,0.7,6.318,0.676667102231,0.497670904803,376.730313667,0.839973033335,-1.51469312786,36.3335065071,-323.666493493
0.7,0.7,6.324,0.68559170325,0.48800380472,376.730313667,0.841536509598,-1.49854075305,35.4432406141,-324.556759386
0.7,0.7,6.33,0.694284385884,0.478282668527,376.730313667,0.843080731304,-1.48261672859,34.5624054065,-325.437594593
0.7,0.7,6.336,0.702748197573,0.468512381741,376.730313667,0.844605754798,-1.46691927593,33.6908342258,-326.309165774
0.7,0.7,6.342,0.710986215445,0.458697642388,376.730313667,0.846111650839,-1.45144649469,32.8283630184,-327.171636982
0.7,0.7,6.348,0.719001540278,0.448842966118,376.730313667,0.847598503512,-1.43619637469,31.9748303489,-328.025169651
0.7,0.7,6.354,0.726797290883,0.438952691312,376.730313667,0.849066409208,-1.42116680702,31.1300774063,-328.869922594
0.7,0.7,6.36,0.734376598864,0.429030984185,376.730313667,0.850515475667,-1.40635559433,30.2939480056,-329.706051994
0.7,0.7,6.366,0.741742603747,0.419081843844,376.730313667,0.851945821079,-1.39176046041,29.4662885843,-330.533711416
0.7,0.7,6.372,0.748898448455,0.40910910732,376.730313667,0.853357573231,-1.37737905915,28.6469481955,-331.353051805
0.7,0.7,6.378,0.755847275101,0.399116454535,376.730313667,0.854750868709,-1.3632089829,27.8357784961,-332.164221504
0.7,0.7,6.384,0.762592221095,0.389107413219,376.730313667,0.856125852137,-1.34924777022,27.0326337336,-332.967366266
0.7,0.7,6.39,0.769136415541,0.379085363749,376.730313667,0.857482675464,-1.3354929132,26.237370728,-333.762629272
0.7,0.7,6.396,0.775482975909,0.369053543925,376.730313667,0.85882149729,-1.32194186418,25.4498488527,-334.550151147
0.7,0.7,6.402,0.781635004971,0.359015053652,376.730313667,0.860142482234,-1.30859204204,24.6699300121,-335.330069988
0.7,0.7,6.408,0.787595587987,0.348972859543,376.730313667,0.861445800335,-1.29544083805,23.8974786175,-336.102521383
0.7,0.7,6.414,0.793367790124,0.338929799434,376.730313667,0.862731626492,-1.28248562127,23.1323615609,-336.867638439
0.7,0.7,6.42,0.798954654092,0.328888586793,376.730313667,0.864000139941,-1.26972374358,22.3744481877,-337.625551812
0.7,0.7,6.426,0.804359198003,0.318851815046,376.730313667,0.86525152376,-1.25715254429,21.6236102668,-338.376389733
0.7,0.7,6.432,0.809584413418,0.308821961788,376.730313667,0.866485964417,-1.24476935434,20.8797219607,-339.120278039
0.7,0.7,6.438,0.814633263591,0.298801392901,376.730313667,0.86770365134,-1.23257150023,20.1426597927,-339.857340207
0.7,0.7,6.441,0.817092469598,0.293795299876,376.730313667,0.868306272062,-1.22654123828,19.7766505616,-340.223349438
0.7,0.7,6.444,0.819508681895,0.288792366559,376.730313667,0.868904776534,-1.22055630743,19.4123026145,-340.587697385
0.7,0.7,6.45,0.824213570421,0.278797037129,376.730313667,0.870089534231,-1.20872110345,18.6885315714,-341.311468429
0.7,0.7,6.456,0.828750798777,0.26881745895,376.730313667,0.871258120599,-1.19706322029,17.9712300654,-342.028769935
0.7,0.7,6.462,0.83312320307,0.258855589995,376.730313667,0.872410733522,-1.18557999619,17.2602837168,-342.739716283
0.7,0.7,6.468,0.837333585167,0.248913295373,376.730313667,0.873547572524,-1.17426877591,16.5555803194,-343.444419681
0.7,0.7,6.474,0.84138471238,0.238992350624,376.730313667,0.874668838981,-1.16312690815,15.8570097848,-344.142990215
0.7,0.7,6.48,0.845279318076,0.229094444606,376.730313667,0.875774737085,-1.15215173558,15.1644640562,-344.835535944
0.7,0.7,6.486,0.849020105013,0.219221181307,376.730313667,0.876865477168,-1.14134056152,14.4778369226,-345.522163077
0.7,0.7,6.492,0.852609759847,0.209374077264,376.730313667,0.877941288935,-1.13069051888,13.7970234075,-346.202976593
0.7,0.7,6.498,0.856051045592,0.199554526781,376.730313667,0.879002503875,-1.12019775637,13.121916032,-346.878083968
0.7,0.7,6.504,0.859350223265,0.189761585893,376.730313667,0.880052422135,-1.10982914868,12.4522160807,-347.547783919
0.7,0.7,6.51,0.862495858265,0.180004552845,376.730313667,0.881079306629,-1.09969997293,11.7885281455,-348.211471855
0.7,0.7,6.516,0.865506925845,0.170275876256,376.730313667,0.882097564174,-1.08966754365,11.129968019,-348.870031981
0.7,0.7,6.522,0.868379127309,0.160580037948,376.730313667,0.883101498885,-1.07978756214,10.4767458922,-349.523254108
0.7,0.7,6.528,0.871115169462,0.15091807824,376.730313667,0.884091570374,-1.07005500633,9.82876090401,-350.171239096
0.7,0.7,6.534,0.873717483816,0.141291037638,376.730313667,0.885068019331,-1.06046703158,9.18592109164,-350.814078908
0.7,0.7,6.54,0.876188428638,0.131699909121,376.730313667,0.886031053937,-1.05102113072,8.54813735607,-351.451862644
0.7,0.7,6.546,0.878530313967,0.122145633511,376.730313667,0.886980872593,-1.04171490927,7.91532263683,-352.084677363
0.7,0.7,6.552,0.880745407624,0.112629100023,376.730313667,0.887917669169,-1.03254603315,7.28739168756,-352.712608312
0.7,0.7,6.558,0.882835937278,0.103151147891,376.730313667,0.888841634635,-1.02351221211,6.66426098045,-353.33573902
0.7,0.7,6.564,0.884804091412,0.0937125682524,376.730313667,0.889752957639,-1.01461119356,6.04584864875,-353.954151351
0.7,0.7,6.57,0.886652019914,0.0843141060792,376.730313667,0.890651824734,-1.00584075986,5.43207444318,-354.567925557
0.7,0.7,6.576,0.888381834538,0.0749564620875,376.730313667,0.891538420454,-0.997198727134,4.82285969437,-355.177140306
0.7,0.7,6.582,0.889995609313,0.0656402945975,376.730313667,0.892412927334,-0.988682944613,4.2181272783,-355.781872722
0.7,0.7,6.588,0.89149538095,0.0563662213355,376.730313667,0.893275525895,-0.98029129435,3.61780158344,-356.382198417
0.7,0.7,6.594,0.892883149243,0.047134821174,376.730313667,0.894126394627,-0.972021690992,3.02180847907,-356.978191521
0.7,0.7,6.6,0.89416087749,0.0379466358093,376.730313667,0.89496570996,-0.963872081629,2.43007528443,-357.569924716
0.7,0.7,6.606,0.895330492924,0.0288021713774,376.730313667,0.895793646235,-0.95584044566,1.84253073858,-358.157469261
0.7,0.7,6.612,0.896393887152,0.0197019000103,376.730313667,0.896610375686,-0.947924794637,1.25910497095,-358.740895029
0.7,0.7,6.618,0.897352916617,0.010646261332,376.730313667,0.89741606841,-0.940123172115,0.679729472392,-359.320270528
0.7,0.7,6.624,0.89820940306,0.00163566389866,376.730313667,0.898210892353,-0.932433653461,0.104337066817,-359.895662933
0.7,0.7,6.6285,0.898785550615,-0.00509249686594,376.730313667,0.898799977481,-0.926738942684,-0.324633006297,-360.324633006
0.7,0.7,6.63,0.898965134006,-0.00732951341774,376.730313667,0.898995013293,-0.924854345658,-0.467138116571,-360.467138117
0.7,0.7,6.636,0.899621863243,-0.0162489200987,376.730313667,0.899768594822,-0.917383387075,-1.03476067057,-361.034760671
0.7,0.7,6.642,0.900181311325,-0.0251222327005,376.730313667,0.900531798347,-0.910018947222,-1.59859393674,-361.598593937
0.7,0.7,6.648,0.90064516607,-0.0339491536257,376.730313667,0.901284783072,-0.902759226484,-2.15870003155,-362.158700032
0.7,0.7,6.654,0.901015083072,-0.0427294099424,376.730313667,0.902027706003,-0.895602455825,-2.71513987215,-362.715139872
0.7,0.7,6.66,0.901292686211,-0.05146275225,376.730313667,0.902760721945,-0.888546896486,-3.26797320145,-363.267973201
0.7,0.7,6.666,0.901479568171,-0.0601489535901,376.730313667,0.903483983504,-0.88159083965,-3.81725861273,-363.817258613
0.7,0.7,6.672,0.901577290961,-0.0687878083985,376.730313667,0.904197641094,-0.874732606091,-4.36305357369,-364.363053574
0.7,0.7,6.678,0.901587386436,-0.0773791314986,376.730313667,0.904901842948,-0.867970545792,-4.90541444984,-364.90541445
0.7,0.7,6.684,0.901511356827,-0.0859227571319,376.730313667,0.905596735132,-0.861303037532,-5.44439652721,-365.444396527
0.7,0.7,6.69,0.901350675274,-0.0944185380227,376.730313667,0.906282461564,-0.854728488404,-5.98005403422,-365.980054034
0.7,0.7,6.69075,0.901324710244,-0.0954771399055,376.730313667,0.906367539987,-0.853913127701,-6.04678012409,-366.046780124
0.7,0.7,6.696,0.901106786365,-0.102866344472,376.730313667,0.906959164053,-0.848245333239,-6.51244016242,-366.512440162
0.7,0.7,6.702,0.900781106711,-0.111266063471,376.730313667,0.907626982349,-0.841852033816,-7.04160708552,-367.041607086
0.7,0.7,6.708,0.900375025557,-0.119617597821,376.730313667,0.908286054255,-0.835547077598,-7.56760597542,-367.567605975
0.7,0.7,6.714,0.899889905545,-0.127920865224,376.730313667,0.908936515858,-0.829328975279,-8.09048701258,-368.090487013
0.7,0.7,6.72,0.89932708386,-0.136175797293,376.730313667,0.909578502127,-0.82319625484,-8.61029938436,-368.610299384
0.7,0.7,6.726,0.898687874715,-0.144382338457,376.730313667,0.910212148797,-0.817147443382,-9.12709125904,-369.127091259
0.7,0.7,6.732,0.897973577478,-0.152540445992,376.730313667,0.910837599966,-0.81118099459,-9.64090976211,-369.640909762
0.7,0.7,6.738,0.897185511191,-0.160650116253,376.730313667,0.911455046255,-0.805294925145,-10.1518022536,-370.151802254
0.7,0.7,6.744,0.896324829224,-0.168711659055,376.730313667,0.912064593866,-0.79948806312,-10.6598353453,-370.659835345
0.7,0.7,6.75,0.895392258349,-0.176724448668,376.730313667,0.912665780595,-0.793764651225,-11.1650213682,-371.165021368
0.7,0.7,6.753,0.894899684599,-0.18071257993,376.730313667,0.912963571037,-0.790931025725,-11.4165581643,-371.416558164
0.7,0.7,6.756,0.894389731474,-0.184688612941,376.730313667,0.913259478744,-0.788116230776,-11.6674032581,-371.667403258
0.7,0.7,6.762,0.893318199218,-0.192604375934,376.730313667,0.913845638324,-0.78254313315,-12.1670394368,-372.167039437
0.7,0.7,6.768,0.892178753351,-0.2004717332,376.730313667,0.914424323683,-0.777044604552,-12.6639710522,-372.663971052
0.7,0.7,6.774,0.890972504468,-0.208290706257,376.730313667,0.914995640444,-0.771619503058,-13.1582390412,-373.158239041
0.7,0.7,6.78,0.88970054725,-0.216061332613,376.730313667,0.915559699434,-0.766266641892,-13.6498839679,-373.649883968
0.7,0.7,6.786,0.888363956218,-0.223783660499,376.730313667,0.916116611253,-0.760984841043,-14.1389458,-374.1389458
0.7,0.7,6.792,0.886963785289,-0.231457746831,376.730313667,0.916666485142,-0.755772937829,-14.6254638366,-374.625463837
0.7,0.7,6.798,0.885501067999,-0.239083656196,376.730313667,0.917209428696,-0.750629789495,-15.1094766899,-375.10947669
0.7,0.7,6.804,0.883976817875,-0.246661460185,376.730313667,0.917745547786,-0.745554273805,-15.5910222856,-375.591022286
0.7,0.7,6.81,0.882392028833,-0.25419123689,376.730313667,0.918274946549,-0.740545289022,-16.0701378703,-376.07013787
0.7,0.7,6.816,0.880747675587,-0.261673070474,376.730313667,0.918797727394,-0.735601753686,-16.5468600229,-376.546860023
0.7,0.7,6.822,0.879044714053,-0.269107050778,376.730313667,0.919313991019,-0.730722606299,-17.021224666,-377.021224666
0.7,0.7,6.828,0.87728408175,-0.276493272959,376.730313667,0.91982383644,-0.725906804996,-17.4932670791,-377.493267079
0.7,0.7,6.834,0.875466698186,-0.283831837162,376.730313667,0.920327361008,-0.721153327193,-17.9630219111,-377.963021911
0.7,0.7,6.84,0.87359346525,-0.291122848193,376.730313667,0.920824660436,-0.716461169235,-18.4305231934,-378.430523193
0.7,0.7,6.846,0.871665267583,-0.298366415221,376.730313667,0.921315828824,-0.711829346051,-18.8958043517,-378.895804352
0.7,0.7,6.852,0.869682972953,-0.30556265149,376.730313667,0.921800958683,-0.707256890803,-19.3588982195,-379.358898219
0.7,0.7,6.858,0.867647432617,-0.312711674045,376.730313667,0.922280140961,-0.702742854546,-19.8198370493,-379.819837049
0.7,0.7,6.864,0.865559481678,-0.319813603472,376.730313667,0.922753465065,-0.698286305889,-20.278652525,-380.278652525
0.7,0.7,6.87,0.863419939435,-0.326868563651,376.730313667,0.923221018888,-0.693886330663,-20.7353757737,-380.735375774
0.7,0.7,6.876,0.861229609725,-0.333876681513,376.730313667,0.923682888834,-0.689542031595,-21.1900373768,-381.190037377
0.7,0.7,6.8775,0.860674184511,-0.335621407015,376.730313667,0.9237974782,-0.688464552661,-21.3033841782,-381.303384178
0.7,0.7,6.882,0.85898928126,-0.340838086824,376.730313667,0.92413915984,-0.685252527981,-21.6426673815,-381.642667381
0.7,0.7,6.888,0.856699727957,-0.347752911959,376.730313667,0.924589915398,-0.681016955374,-22.0932953116,-382.093295312
0.7,0.7,6.894,0.854361709258,-0.354621291703,376.730313667,0.925035237586,-0.676834465271,-22.5419501782,-382.541950178
0.7,0.7,6.9,0.851975970453,-0.361443363053,376.730313667,0.925475207082,-0.672704224806,-22.9886604904,-382.98866049
0.7,0.7,6.906,0.84954324298,-0.368219265031,376.730313667,0.925909903194,-0.668625416454,-23.4334542652,-383.433454265
0.7,0.7,6.912,0.847064244738,-0.374949138505,376.730313667,0.926339403879,-0.66459723774,-23.8763590377,-383.876359038
0.7,0.7,6.918,0.844539680377,-0.38163312602,376.730313667,0.926763785766,-0.660618900947,-24.3174018709,-384.317401871
0.7,0.7,6.924,0.841970241593,-0.388271371635,376.730313667,0.927183124178,-0.656689632849,-24.7566093654,-384.756609365
0.7,0.7,6.93,0.839356607408,-0.394864020768,376.730313667,0.927597493149,-0.652808674438,-25.1940076682,-385.194007668
0.7,0.7,6.936,0.836699444452,-0.401411220046,376.730313667,0.928006965451,-0.648975280675,-25.6296224825,-385.629622483
0.7,0.7,6.93975,0.835016904468,-0.405480205176,376.730313667,0.92826043088,-0.646603237986,-25.9009873089,-385.900987309
0.7,0.7,6.942,0.83399940723,-0.407913117164,376.730313667,0.928411612602,-0.645188720258,-26.063479076,-386.063479076
0.7,0.7,6.948,0.831257138384,-0.414369860747,376.730313667,0.928811504887,-0.641448275422,-26.4956022898,-386.49560229
0.7,0.7,6.954,0.828473268953,-0.420781600211,376.730313667,0.929206711364,-0.637753241792,-26.9260165464,-386.926016546
0.7,0.7,6.96,0.825648418604,-0.427148485622,376.730313667,0.929597299863,-0.634102928341,-27.3547458577,-387.354745858
0.7,0.7,6.966,0.822783195865,-0.433470667546,376.730313667,0.929983336958,-0.630496657563,-27.7818138319,-387.781813832
0.7,0.7,6.972,0.819878198297,-0.439748296847,376.730313667,0.930364887892,-0.62693376616,-28.2072436784,-388.207243678
0.7,0.7,6.978,0.81693401259,-0.445981524353,376.730313667,0.930742016345,-0.623413607096,-28.6310582084,-388.631058208
0.7,0.7,6.984,0.813951214373,-0.452170500036,376.730313667,0.931114783731,-0.619935556139,-29.0532798171,-389.053279817
0.7,0.7,6.99,0.810930366949,-0.458315369925,376.730313667,0.931483246414,-0.616499037696,-29.4739303788,-389.473930379
0.7,0.7,6.996,0.807872014643,-0.464416253506,376.730313667,0.93184743846,-0.613103685508,-29.8930302739,-389.893030274
0.7,0.7,7.002,0.804777405489,-0.470473097133,376.730313667,0.932207920751,-0.609744225794,-30.3105682621,-390.310568262
0.7,0.7,7.008,0.801645275463,-0.476487113362,376.730313667,0.93256373341,-0.606429557729,-30.7266773504,-390.72667735
0.7,0.7,7.014,0.798477686219,-0.482457107482,376.730313667,0.932915578147,-0.603153097287,-31.1412593744,-391.141259374
0.7,0.7,7.02,0.795274781555,-0.488383785177,376.730313667,0.933263467517,-0.599914684857,-31.5543756622,-391.554375662
0.7,0.7,7.026,0.792037043077,-0.494267285012,376.730313667,0.933607426406,-0.596714046833,-31.966046439,-391.966046439
0.7,0.7,7.032,0.788764967128,-0.500107754639,376.730313667,0.933947503674,-0.593550687507,-32.3762913831,-392.376291383
0.7,0.7,7.038,0.785459045337,-0.505905343528,376.730313667,0.934283751605,-0.59042408052,-32.7851298583,-392.785129858
0.7,0.7,7.044,0.782119762096,-0.511660201408,376.730313667,0.934616222824,-0.587333697525,-33.192580924,-393.192580924
0.7,0.7,7.05,0.778747594083,-0.517372477781,376.730313667,0.934944969533,-0.584279015307,-33.5986633391,-393.598663339
0.7,0.7,7.056,0.775343010229,-0.523042321723,376.730313667,0.935270043262,-0.581259518034,-34.0033955664,-394.003395566
0.7,0.7,7.062,0.771906471806,-0.52866988177,376.730313667,0.935591494781,-0.578274698062,-34.4067957774,-394.406795777
0.7,0.7,7.068,0.768438432562,-0.534255305846,376.730313667,0.935909374065,-0.575324056196,-34.8088818575,-394.808881857
0.7,0.7,7.074,0.764939338871,-0.539798741204,376.730313667,0.93622373029,-0.572407101745,-35.2096714115,-395.209671411
0.7,0.7,7.08,0.761409629882,-0.54530033438,376.730313667,0.936534611828,-0.569523352466,-35.6091817685,-395.609181769
0.7,0.7,7.086,0.75784973768,-0.550760231152,376.730313667,0.936842066263,-0.566672334469,-36.0074299875,-396.007429987
0.7,0.7,7.092,0.754260087431,-0.556178576502,376.730313667,0.937146140392,-0.563853582096,-36.4044328619,-396.404432862
0.7,0.7,7.0965,0.751548572974,-0.560215154144,376.730313667,0.937372005381,-0.561760416578,-36.7013777159,-396.701377716
0.7,0.7,7.098,0.750641097541,-0.561555514584,376.730313667,0.937446880243,-0.561066637783,-36.8002069252,-396.800206925
0.7,0.7,7.104,0.746993179799,-0.566891188688,376.730313667,0.937744331083,-0.558311051927,-37.1947684552,-397.194768455
0.7,0.7,7.11,0.743316739523,-0.572185741217,376.730313667,0.938038537431,-0.555586382739,-37.5881334794,-397.588133479
0.7,0.7,7.116,0.739612175701,-0.577439313658,376.730313667,0.938329543072,-0.552892196105,-37.9803177792,-397.980317779
0.7,0.7,7.122,0.735879881134,-0.582652046556,376.730313667,0.938617391067,-0.550228065447,-38.3713368949,-398.371336895
0.7,0.7,7.128,0.732120242568,-0.587824079496,376.730313667,0.938902123766,-0.547593571585,-38.7612061299,-398.76120613
0.7,0.7,7.134,0.728333640829,-0.592955551075,376.730313667,0.939183782821,-0.5449883026,-39.1499405554,-399.149940555
0.7,0.7,7.14,0.724520450951,-0.59804659889,376.730313667,0.939462409195,-0.542411853699,-39.5375550143,-399.537555014
0.7,0.7,7.146,0.720681042309,-0.603097359516,376.730313667,0.939738043179,-0.539863827089,-39.9240641261,-399.924064126
0.7,0.7,7.152,0.716815778733,-0.608107968489,376.730313667,0.940010724396,-0.537343831847,-40.3094822901,-400.30948229
0.7,0.7,7.158,0.712925018639,-0.613078560294,376.730313667,0.940280491818,-0.534851483797,-40.6938236903,-400.69382369
0.7,0.7,7.164,0.709009115146,-0.618009268349,376.730313667,0.940547383775,-0.532386405387,-41.0771022988,-401.077102299
0.7,0.7,7.17,0.705068416185,-0.622900224995,376.730313667,0.940811437963,-0.529948225575,-41.4593318799,-401.45933188
0.7,0.7,7.176,0.701103264624,-0.62775156148,376.730313667,0.941072691458,-0.527536579709,-41.8405259939,-401.840525994
0.7,0.7,7.182,0.69711399837,-0.632563407952,376.730313667,0.941331180724,-0.525151109423,-42.2206980006,-402.220698001
0.7,0.7,7.188,0.69310095048,-0.637335893449,376.730313667,0.941586941622,-0.522791462524,-42.5998610631,-402.599861063
0.7,0.7,7.191,0.691085611203,-0.63970741585,376.730313667,0.941713809978,-0.521621214448,-42.7890683008,-402.789068301
0.7,0.7,7.194,0.68906444927,-0.642069145888,376.730313667,0.941840009423,-0.520457292893,-42.9780281512,-402.978028151
0.7,0.7,7.2,0.685004818415,-0.646763292062,376.730313667,0.942090418809,-0.518148260381,-43.3552120447,-403.355212045
0.7,0.7,7.206,0.680922377055,-0.651418457625,376.730313667,0.942338203889,-0.515864030721,-43.7314253371,-403.731425337
0.7,0.7,7.212,0.676817439889,-0.656034767092,376.730313667,0.942583398205,-0.513604275432,-44.1066804384,-404.106680438
0.7,0.7,7.218,0.672690317278,-0.660612343828,376.730313667,0.942826034737,-0.511368671738,-44.4809895788,-404.480989579
0.7,0.7,7.224,0.668541315334,-0.665151310043,376.730313667,0.94306614591,-0.509156902494,-44.8543648111,-404.854364811
0.7,0.7,7.23,0.664370736021,-0.669651786786,376.730313667,0.943303763602,-0.506968656111,-45.2268180142,-405.226818014
0.7,0.7,7.236,0.660178877238,-0.674113893936,376.730313667,0.943538919149,-0.504803626503,-45.5983608958,-405.598360896
0.7,0.7,7.242,0.655966032914,-0.678537750198,376.730313667,0.943771643344,-0.502661513037,-45.969004995,-405.969004995
0.7,0.7,7.248,0.65173249309,-0.682923473092,376.730313667,0.944001966444,-0.500542020502,-46.3387616851,-406.338761685
0.7,0.7,7.254,0.647478544009,-0.687271178946,376.730313667,0.944229918166,-0.4984448591,-46.7076421763,-406.707642176
0.7,0.7,7.26,0.643204468188,-0.69158098288,376.730313667,0.944455527687,-0.496369744462,-47.0756575181,-407.075657518
0.7,0.7,7.266,0.638910544505,-0.695852998803,376.730313667,0.944678823634,-0.49431639769,-47.4428186015,-407.442818601
0.7,0.7,7.272,0.634597048266,-0.700087339387,376.730313667,0.944899834077,-0.492284545444,-47.8091361618,-407.809136162
0.7,0.7,7.278,0.630264251269,-0.704284116061,376.730313667,0.945118586508,-0.490273920077,-48.1746207812,-408.174620781
0.7,0.7,7.284,0.625912421868,-0.708443438987,376.730313667,0.945335107828,-0.488284259815,-48.5392828913,-408.539282891
0.7,0.7,7.2855,0.624821521827,-0.709477430359,376.730313667,0.94538889264,-0.487790090448,-48.6303211102,-408.63032111
0.7,0.7,7.29,0.621541825014,-0.71256541705,376.730313667,0.945549424312,-0.486315308987,-48.9031327769,-408.903132777
0.7,0.7,7.296,0.617152722292,-0.716650157843,376.730313667,0.945761561584,-0.484366818278,-49.2661805795,-409.266180579
0.7,0.7,7.302,0.612745371943,-0.72069776768,376.730313667,0.945971544591,-0.482438544961,-49.6284363028,-409.628436303
0.7,0.7,7.308,0.608320028869,-0.724708351614,376.730313667,0.946179397589,-0.48053025301,-49.9899098191,-409.989909819
0.7,0.7,7.314,0.603876944644,-0.728682013506,376.730313667,0.946385144156,-0.478641712944,-50.3506108773,-410.350610877
0.7,0.7,7.32,0.599416367541,-0.732618856128,376.730313667,0.946588807261,-0.476772701219,-50.7105491111,-410.710549111
0.7,0.7,7.326,0.594938542607,-0.736518981317,376.730313667,0.946790409394,-0.474922998985,-51.0697340465,-411.069734047
0.7,0.7,7.332,0.590443711821,-0.740382490143,376.730313667,0.946989972777,-0.473092390172,-51.4281751065,-411.428175106
0.7,0.7,7.338,0.585932114368,-0.744209483055,376.730313667,0.947187519616,-0.471280659162,-51.7858816073,-411.785881607
0.7,0.7,7.344,0.581403987001,-0.748000059916,376.730313667,0.947383072329,-0.469487588699,-52.1428627469,-412.142862747
0.7,0.7,7.35,0.576859564436,-0.751754319883,376.730313667,0.94757665365,-0.467712958896,-52.499127585,-412.499127585
0.7,0.7,7.356,0.572299079667,-0.755472361111,376.730313667,0.947768286551,-0.465956548024,-52.8546850206,-412.854685021
0.7,0.7,7.362,0.567722764109,-0.759154280377,376.730313667,0.947957993955,-0.464218135051,-53.2095437746,-413.209543775
0.7,0.7,7.368,0.563130847537,-0.762800172727,376.730313667,0.948145798366,-0.462497503083,-53.5637123839,-413.563712384
0.7,0.7,7.374,0.558523557911,-0.766410131274,376.730313667,0.94833172153,-0.460794442466,-53.917199208,-413.917199208
0.7,0.7,7.38,0.553901121168,-0.769984247182,376.730313667,0.948515784233,-0.45910875258,-54.2700124423,-414.270012442
0.7,0.7,7.386,0.549263761109,-0.77352260979,376.730313667,0.948698006282,-0.457440242031,-54.6221601345,-414.622160134
0.7,0.7,7.392,0.544611699401,-0.777025306816,376.730313667,0.948878406624,-0.455788727549,-54.973650196,-414.973650196
0.7,0.7,7.398,0.539945155702,-0.780492424573,376.730313667,0.949057003547,-0.454154032118,-55.3244904081,-415.324490408
0.7,0.7,7.404,0.535264347866,-0.783924048166,376.730313667,0.949233814921,-0.452535982801,-55.6746884231,-415.674688423
0.7,0.7,7.41,0.5305694922,-0.787320261663,376.730313667,0.949408858437,-0.450934408485,-56.0242517608,-416.024251761
0.7,0.7,7.416,0.525860803743,-0.790681148265,376.730313667,0.949582151862,-0.449349137615,-56.3731878036,-416.373187804
0.7,0.7,7.422,0.521138496547,-0.79400679048,376.730313667,0.949753713292,-0.447779995811,-56.7215037909,-416.721503791
0.7,0.7,7.428,0.516402783962,-0.797297270343,376.730313667,0.949923561441,-0.446226803277,-57.0692068142,-417.069206814
0.7,0.7,7.434,0.511653878909,-0.800552669678,376.730313667,0.950091715958,-0.444689371869,-57.4163038134,-417.416303813
0.7,0.7,7.44,0.506891994131,-0.803773070434,376.730313667,0.950258197791,-0.443167501797,-57.7628015757,-417.762801576
0.7,0.7,7.446,0.502117342412,-0.806958555078,376.730313667,0.950423029585,-0.441660977971,-58.1087067376,-418.108706738
0.7,0.7,7.452,0.497330136739,-0.810109207058,376.730313667,0.950586236103,-0.440169566192,-58.4540257904,-418.45402579
0.7,0.7,7.458,0.492530590351,-0.813225111283,376.730313667,0.950747844622,-0.438693009515,-58.7987650915,-418.798765091
0.7,0.7,7.464,0.48771891665,-0.816306354609,376.730313667,0.950907885252,-0.437231025385,-59.1429308818,-419.142930882
0.7,0.7,7.47,0.482895328861,-0.81935302624,376.730313667,0.951066391081,-0.435783304287,-59.486529313,-419.486529313
0.7,0.7,7.476,0.478060039375,-0.822365218004,376.730313667,0.951223398067,-0.434349510795,-59.8295664875,-419.829566487
0.7,0.7,7.482,0.473213258677,-0.825343024455,376.730313667,0.951378944588,-0.432929287681,-60.1720485138,-420.172048514
0.7,0.7,7.488,0.468355193812,-0.828286542779,376.730313667,0.951533070639,-0.431522263224,-60.5139815826,-420.513981583
0.7,0.7,7.494,0.463486046481,-0.831195872559,376.730313667,0.95168581677,-0.430128060959,-60.8553720594,-420.855372059
0.7,0.7,7.5,0.458606010989,-0.834071115431,376.730313667,0.951837222907,-0.428746310413,-61.1962265832,-421.196226583
0.7,0.7,7.506,0.453715272445,-0.836912374604,376.730313667,0.951987327234,-0.427376657287,-61.5365521517,-421.536552152
0.7,0.7,7.512,0.448814005636,-0.839719754113,376.730313667,0.95213616521,-0.42601877242,-61.876356165,-421.876356165
0.7,0.7,7.518,0.44390237484,-0.842493357647,376.730313667,0.952283768667,-0.424672359986,-62.2156464095,-422.21564641
0.7,0.7,7.524,0.438980534632,-0.845233286873,376.730313667,0.952430164906,-0.423337165704,-62.5544309773,-422.554430977
0.7,0.7,7.53,0.434048631483,-0.847939639416,376.730313667,0.952575375802,-0.422012984966,-62.8927181357,-422.892718136
0.7,0.7,7.536,0.429106805875,-0.850612506857,376.730313667,0.952719417074,-0.420699669464,-63.2305161717,-423.230516172
0.7,0.7,7.542,0.424155194649,-0.853251973158,376.730313667,0.952862297946,-0.419397130219,-63.5678332371,-423.567833237
0.7,0.7,7.548,0.419193933353,-0.855858113819,376.730313667,0.953004021371,-0.418105335492,-63.9046772136,-423.904677214
0.7,0.7,7.554,0.414223158366,-0.858430995886,376.730313667,0.953144584847,-0.41682430332,-64.2410556127,-424.241055613
0.7,0.7,7.56,0.409243008636,-0.860970678735,376.730313667,0.953283981696,-0.41555408982,-64.576975513,-424.576975513
0.7,0.7,7.566,0.404253626919,-0.863477215409,376.730313667,0.953422202598,-0.414294775186,-64.9124435378,-424.912443538
0.7,0.7,7.572,0.399255160458,-0.865950654247,376.730313667,0.953559237145,-0.413046449509,-65.2474658658,-425.247465866
0.7,0.7,7.578,0.394247761147,-0.868391040571,376.730313667,0.953695075228,-0.411809200134,-65.5820482684,-425.582048268
0.7,0.7,7.584,0.389231585261,-0.870798418212,376.730313667,0.953829708137,-0.410583101685,-65.9161961634,-425.916196163
0.7,0.7,7.59,0.384206792875,-0.873172830771,376.730313667,0.953963129312,-0.409368209182,-66.2499146772,-426.249914677
0.7,0.7,7.59375,0.381061994446,-0.874640118181,376.730313667,0.954045900333,-0.408614606929,-66.458272887,-426.458272887
0.7,0.7,7.596,0.379173547109,-0.875514322566,376.730313667,0.954095334778,-0.408164554151,-66.5832087071,-426.583208707
0.7,0.7,7.602,0.374132013297,-0.877822939253,376.730313667,0.954226323286,-0.406972143298,-66.9160829783,-426.916082978
0.7,0.7,7.608,0.369082358185,-0.880098728174,376.730313667,0.954356096254,-0.405790959122,-67.2485420941,-427.248542094
0.7,0.7,7.614,0.364024749207,-0.882341738479,376.730313667,0.95448465755,-0.404620961857,-67.5805905749,-427.580590575
0.7,0.7,7.62,0.358959353865,-0.884552021091,376.730313667,0.954612013199,-0.403462092184,-67.9122328893,-427.912232889
0.7,0.7,7.626,0.35388633924,-0.886729628555,376.730313667,0.954738171049,-0.402314274279,-68.2434734755,-428.243473476
0.7,0.7,7.632,0.34880587161,-0.88887461483,376.730313667,0.954863140433,-0.401177418879,-68.5743167562,-428.574316756
0.7,0.7,7.638,0.343718116182,-0.890987035047,376.730313667,0.954986931855,-0.400051426169,-68.9047671471,-428.904767147
0.7,0.7,7.644,0.338623236904,-0.893066945273,376.730313667,0.955109556705,-0.398936188353,-69.2348290616,-429.234829062
0.7,0.7,7.65,0.333521396351,-0.895114402271,376.730313667,0.955231027017,-0.39783159189,-69.5645069117,-429.564506912
0.7,0.7,7.656,0.328412755672,-0.897129463296,376.730313667,0.955351355263,-0.39673751935,-69.8938051073,-429.893805107
0.7,0.7,7.662,0.323297474568,-0.899112185908,376.730313667,0.955470554183,-0.395653850945,-70.2227280538,-430.222728054
0.7,0.7,7.668,0.318175711309,-0.901062627811,376.730313667,0.955588636655,-0.394580465743,-70.5512801489,-430.551280149
0.7,0.7,7.674,0.313047622764,-0.902980846725,376.730313667,0.95570561559,-0.393517242625,-70.8794657792,-430.879465779
0.7,0.7,7.68,0.307913364448,-0.904866900273,376.730313667,0.955821503847,-0.392464061008,-71.2072893166,-431.207289317
0.7,0.7,7.686,0.302773090578,-0.906720845897,376.730313667,0.955936314177,-0.3914208014,-71.5347551149,-431.534755115
0.7,0.7,7.6875,0.301487100133,-0.907179322148,376.730313667,0.955964849813,-0.391161522945,-71.616566176,-431.616566176
0.7,0.7,7.692,0.297626954126,-0.908542740784,376.730313667,0.956050059177,-0.390387345789,-71.8618675065,-431.861867507
0.7,0.7,7.698,0.292475106883,-0.910332641815,376.730313667,0.956162751262,-0.389363577927,-72.1886307998,-432.1886308
0.7,0.7,7.704,0.287317699513,-0.912090605526,376.730313667,0.956274402639,-0.388349383514,-72.5150492763,-432.515049276
0.7,0.7,7.71,0.282154881612,-0.913816688071,376.730313667,0.956385025299,-0.387344650312,-72.8411271887,-432.841127189
0.7,0.7,7.716,0.276986801759,-0.915510945209,376.730313667,0.956494631007,-0.386349268205,-73.1668687588,-433.166868759
0.7,0.7,7.722,0.271813607566,-0.917173432282,376.730313667,0.956603231304,-0.385363129216,-73.4922781759,-433.492278176
0.7,0.7,7.728,0.266635445727,-0.918804204212,376.730313667,0.956710837503,-0.3843861275,-73.8173595958,-433.817359596
0.7,0.7,7.734,0.261452462064,-0.920403315492,376.730313667,0.956817460693,-0.383418159304,-74.142117139,-434.142117139
0.7,0.7,7.74,0.256264801562,-0.921970820189,376.730313667,0.956923111749,-0.382459122928,-74.4665548906,-434.466554891
0.7,0.7,7.746,0.251072608412,-0.923506771943,376.730313667,0.957027801331,-0.381508918669,-74.790676899,-434.790676899
0.7,0.7,7.752,0.245876026048,-0.925011223972,376.730313667,0.957131539893,-0.380567448766,-75.1144871757,-435.114487176
0.7,0.7,7.758,0.240675197174,-0.926484229072,376.730313667,0.957234337691,-0.379634617343,-75.4379896943,-435.437989694
0.7,0.7,7.764,0.235470263801,-0.927925839629,376.730313667,0.957336204782,-0.378710330363,-75.761188391,-435.761188391
0.7,0.7,7.77,0.230261367274,-0.929336107618,376.730313667,0.957437151035,-0.377794495585,-76.0840871635,-436.084087164
0.7,0.7,7.776,0.225048648295,-0.930715084612,376.730313667,0.957537186131,-0.376887022534,-76.4066898716,-436.406689872
0.7,0.7,7.78125,0.220484493725,-0.931896061324,376.730313667,0.957623976874,-0.37609977305,-76.688727381,-436.688727381
0.7,0.7,7.782,0.219832246951,-0.932062821782,376.730313667,0.957636319563,-0.375987822484,-76.7290003368,-436.729000337
0.7,0.7,7.788,0.214612302728,-0.933379369907,376.730313667,0.957734560643,-0.375096808443,-77.0510223425,-437.051022343
0.7,0.7,7.794,0.209388954536,-0.934664779375,376.730313667,0.957831918494,-0.374213895154,-77.3727596347,-437.372759635
0.7,0.7,7.8,0.204162340717,-0.93591910019,376.730313667,0.957928402057,-0.373338999091,-77.6942159219,-437.694215922
0.7,0.7,7.806,0.198932599059,-0.937142381977,376.730313667,0.958024020088,-0.372472038448,-78.0153948763,-438.015394876
0.7,0.7,7.812,0.193699866803,-0.938334673995,376.730313667,0.958118781165,-0.371612933115,-78.3363001345,-438.336300134
0.7,0.7,7.818,0.188464280653,-0.939496025142,376.730313667,0.958212693685,-0.370761604627,-78.656935298,-438.656935298
0.7,0.7,7.824,0.18322597678,-0.940626483975,376.730313667,0.958305765882,-0.369917976088,-78.9773039349,-438.977303935
0.7,0.7,7.83,0.177985090834,-0.941726098728,376.730313667,0.958398005833,-0.369081972063,-79.2974095799,-439.29740958
0.7,0.7,7.836,0.17274175795,-0.942794917326,376.730313667,0.958489421473,-0.368253518445,-79.6172557359,-439.617255736
0.7,0.7,7.842,0.167496112761,-0.943832987412,376.730313667,0.958580020612,-0.367432542315,-79.9368458736,-439.936845874
0.7,0.7,7.848,0.162248289421,-0.944840356361,376.730313667,0.958669810951,-0.366618971792,-80.2561834328,-440.256183433
0.7,0.7,7.854,0.156998421616,-0.945817071304,376.730313667,0.958758800095,-0.365812735902,-80.5752718215,-440.575271822
0.7,0.7,7.86,0.151746642587,-0.946763179138,376.730313667,0.958846995567,-0.36501376446,-80.8941144165,-440.894114416
0.7,0.7,7.866,0.146493085157,-0.947678726543,376.730313667,0.958934404817,-0.364221987984,-81.2127145625,-441.212714563
0.7,0.7,7.872,0.141237881744,-0.948563759995,376.730313667,0.959021035231,-0.363437337619,-81.5310755727,-441.531075573
0.7,0.7,7.875,0.138609704072,-0.948994848458,376.730313667,0.959064060667,-0.363047663368,-81.6901674284,-441.690167428
0.7,0.7,7.878,0.135981164391,-0.949418325772,376.730313667,0.959106894137,-0.362659745078,-81.8492007276,-441.849200728
0.7,0.7,7.884,0.130723064786,-0.950242469971,376.730313667,0.959191988813,-0.361889142571,-82.1670932751,-442.167093275
0.7,0.7,7.89,0.125463714286,-0.951036238517,376.730313667,0.959276326496,-0.361125462713,-82.4847564293,-442.484756429
0.7,0.7,7.896,0.12020324396,-0.95179967719,376.730313667,0.9593599144,-0.360368638369,-82.8021933703,-442.80219337
0.7,0.7,7.902,0.114941784635,-0.95253283165,376.730313667,0.959442759744,-0.359618602388,-83.119407241,-443.119407241
0.7,0.7,7.908,0.109679466998,-0.953235747491,376.730313667,0.959524869806,-0.35887528716,-83.4364011429,-443.436401143
0.7,0.7,7.914,0.104416421795,-0.953908470308,376.730313667,0.959606251994,-0.358138623891,-83.7531781251,-443.753178125
0.7,0.7,7.92,0.0991527802864,-0.95455104578,376.730313667,0.959686913966,-0.357408541581,-84.0697411584,-444.069741158
0.7,0.7,7.926,0.0938886753946,-0.955163519622,376.730313667,0.959766863662,-0.356684966737,-84.3860930669,-444.386093067
0.7,0.7,7.932,0.0886242448992,-0.955745936321,376.730313667,0.959846108279,-0.355967832597,-84.7022363313,-444.702236331
0.7,0.7,7.938,0.0833596392079,-0.956298329105,376.730313667,0.959924644801,-0.355257164864,-85.0181725772,-445.018172577
0.7,0.7,7.944,0.0780950037259,-0.956820664789,376.730313667,0.960002403213,-0.354553595441,-85.3339033734,-445.333903373
0.7,0.7,7.95,0.0728302615622,-0.957312929669,376.730313667,0.960079315635,-0.353857736717,-85.6494436614,-445.649443661
0.7,0.7,7.956,0.0675655567755,-0.957775481666,376.730313667,0.960155704947,-0.353166665957,-85.9647968401,-445.96479684
0.7,0.7,7.962,0.062301232967,-0.95820827261,376.730313667,0.960231501944,-0.352481008032,-86.2799523976,-446.279952398
0.7,0.7,7.968,0.0570373786756,-0.958611260671,376.730313667,0.960306623767,-0.35180151112,-86.5949150997,-446.5949151
0.7,0.7,7.96875,0.0563794345336,-0.958659540406,376.730313667,0.960315966258,-0.351717009517,-86.6342721177,-446.634272118
0.7,0.7,7.974,0.0517740925106,-0.958984484232,376.730313667,0.960381068979,-0.351128186777,-86.9096894439,-446.909689444
0.7,0.7,7.98,0.0465114915908,-0.959327989991,376.730313667,0.960454846013,-0.350460957292,-87.2242788171,-447.224278817
0.7,0.7,7.986,0.0412496988949,-0.959641823743,376.730313667,0.960527962912,-0.349799748544,-87.5386862111,-447.538686211
0.7,0.7,7.992,0.0359888391892,-0.959926030179,376.730313667,0.960600426796,-0.349144494786,-87.8529144662,-447.852914466
0.7,0.7,7.998,0.0307290377621,-0.960180653279,376.730313667,0.960672244157,-0.348495135976,-88.1669663501,-448.16696635
0.7,0.7,8.004,0.0254704199862,-0.960405736586,376.730313667,0.960743421087,-0.347851615707,-88.4808445855,-448.480844586
0.7,0.7,8.01,0.0202131111514,-0.960601323357,376.730313667,0.960813963417,-0.347213879986,-88.7945518619,-448.794551862
0.7,0.7,8.016,0.0149572363948,-0.960767456647,376.730313667,0.960883876788,-0.34658187654,-89.1080908405,-449.10809084
0.7,0.7,8.022,0.00970292067228,-0.960904179366,376.730313667,0.960953166701,-0.345955554408,-89.4214641569,-449.421464157
0.7,0.7,8.028,0.00445028874613,-0.961011534313,376.730313667,0.961021838541,-0.345334863693,-89.7346744227,-449.734674423
0.7,0.7,8.034,-0.000800534818864,-0.961089564194,376.730313667,0.961089897595,-0.344719755402,-90.0477242263,-450.047724226
0.7,0.7,8.04,-0.00604942565528,-0.961138311644,376.730313667,0.961157349065,-0.344110181349,-90.3606161335,-450.360616134
0.7,0.7,8.046,-0.0112962595909,-0.961157819237,376.730313667,0.961224198073,-0.343506094077,-90.6733526882,-450.673352688
0.7,0.7,8.052,-0.0165409126458,-0.961148129498,376.730313667,0.961290449671,-0.342907446813,-90.9859364124,-450.985936412
0.7,0.7,8.058,-0.0217832610282,-0.961109284911,376.730313667,0.96135610884,-0.342314193426,-91.2983698072,-451.298369807
0.7,0.7,8.0625,-0.0257134355093,-0.96106104414,376.730313667,0.961404967394,-0.341872765715,-91.5325976922,-451.532597692
0.7,0.7,8.064,-0.0270231811308,-0.961041327928,376.730313667,0.961421180495,-0.341726288401,-91.6106553525,-451.610655353
0.7,0.7,8.07,-0.0322605495265,-0.960944300976,376.730313667,0.96148566949,-0.341143686813,-91.9227955077,-451.922795508
0.7,0.7,8.076,-0.0374952429645,-0.960818246464,376.730313667,0.961549580616,-0.340566344312,-92.2347927117,-452.234792712
0.7,0.7,8.082,-0.0427271383658,-0.960663206789,376.730313667,0.961612918607,-0.3399942171,-92.5466493836,-452.546649384
0.7,0.7,8.088,-0.0479561128193,-0.960479224345,376.730313667,0.961675688137,-0.339427261926,-92.8583679226,-452.858367923
0.7,0.7,8.094,-0.0531820435778,-0.960266341523,376.730313667,0.961737893826,-0.338865436066,-93.1699507082,-453.169950708
0.7,0.7,8.1,-0.058404808054,-0.960024600724,376.730313667,0.961799540236,-0.338308697313,-93.481400101,-453.481400101
0.7,0.7,8.106,-0.0636242838166,-0.95975404436,376.730313667,0.961860631877,-0.337757003971,-93.7927184423,-453.792718442
0.7,0.7,8.112,-0.0688403485868,-0.959454714861,376.730313667,0.961921173207,-0.337210314838,-94.1039080548,-454.103908055
0.7,0.7,8.118,-0.0740528802345,-0.959126654683,376.730313667,0.961981168628,-0.336668589203,-94.4149712427,-454.414971243
0.7,0.7,8.124,-0.0792617567746,-0.958769906309,376.730313667,0.962040622495,-0.336131786834,-94.725910292,-454.725910292
0.7,0.7,8.13,-0.0844668563641,-0.958384512257,376.730313667,0.962099539111,-0.335599867967,-95.0367274706,-455.036727471
0.7,0.7,8.136,-0.0896680572986,-0.957970515086,376.730313667,0.962157922731,-0.335072793302,-95.3474250288,-455.347425029
0.7,0.7,8.142,-0.0948652380091,-0.957527957401,376.730313667,0.96221577756,-0.334550523991,-95.6580051993,-455.658005199
0.7,0.7,8.148,-0.10005827706,-0.957056881855,376.730313667,0.962273107758,-0.334033021629,-95.9684701976,-455.968470198
0.7,0.7,8.154,-0.105247053144,-0.956557331162,376.730313667,0.962329917437,-0.333520248246,-96.2788222223,-456.278822222
0.7,0.7,8.15625,-0.107191720394,-0.95636266713,376.730313667,0.962351087702,-0.33332916974,-96.3951755514,-456.395175551
0.7,0.7,8.16,-0.110431445086,-0.956029348093,376.730313667,0.962386210665,-0.333012166294,-96.5890634552,-456.589063455
0.7,0.7,8.166,-0.115611331832,-0.955472975488,376.730313667,0.962441991465,-0.332508738639,-96.8991960617,-456.899196062
0.7,0.7,8.172,-0.120786592457,-0.95488825626,376.730313667,0.962497263819,-0.332009928542,-97.2092221912,-457.209222191
0.7,0.7,8.178,-0.125957106161,-0.954275233398,376.730313667,0.962552031669,-0.331515699644,-97.5191439773,-457.519143977
0.7,0.7,8.184,-0.131122752271,-0.953633949978,376.730313667,0.962606298917,-0.331026015942,-97.8289635386,-457.828963539
0.7,0.7,8.19,-0.136283410246,-0.952964449166,376.730313667,0.962660069434,-0.330540841754,-98.1386829789,-458.138682979
0.7,0.7,8.196,-0.141438959688,-0.952266774224,376.730313667,0.962713347061,-0.330060141663,-98.4483043885,-458.448304388
0.7,0.7,8.202,-0.146589280361,-0.951540968525,376.730313667,0.962766135621,-0.329583880435,-98.7578298452,-458.757829845
0.7,0.7,8.208,-0.151734252232,-0.950787075564,376.730313667,0.962818438938,-0.329112022855,-99.0672614174,-459.067261417
0.7,0.7,8.214,-0.156873755546,-0.950005138976,376.730313667,0.962870260866,-0.328644533434,-99.3766011685,-459.376601169
0.7,0.7,8.22,-0.162007671011,-0.949195202585,376.730313667,0.962921605364,-0.328181375754,-99.6858511674,-459.685851167
0.7,0.7,8.226,-0.167135880254,-0.948357310487,376.730313667,0.962972476669,-0.32772251092,-99.9950135145,-459.995013515
0.7,0.7,8.232,-0.172258267179,-0.947491507285,376.730313667,0.963022879785,-0.327267893103,-100.304090419,-460.304090419
0.7,0.7,8.238,-0.177374723431,-0.946597838866,376.730313667,0.963072822302,-0.326817453183,-100.613084508,-460.613084508
0.7,0.7,8.244,-0.182485186271,-0.945676355294,376.730313667,0.963122324614,-0.326371006603,-100.922001003,-460.922001003
0.7,0.7,8.25,-0.187590501739,-0.944724255686,376.730313667,0.963168788751,-0.325951981297,-101.230931141,-461.230931141
0.7,0.7,8.256,-0.192686738765,-0.943749935982,376.730313667,0.96321966392,-0.325493199367,-101.539557805,-461.539557805
0.7,0.7,8.262,-0.197778273702,-0.942745272065,376.730313667,0.96326782026,-0.325058957607,-101.848239769,-461.848239769
0.7,0.7,8.268,-0.202863185993,-0.941712930093,376.730313667,0.963315480482,-0.324629210889,-102.156843524,-462.156843524
0.7,0.7,8.274,-0.207941412229,-0.940652979616,376.730313667,0.963362682992,-0.324203612263,-102.465373945,-462.465373945
0.7,0.7,8.28,-0.213012844499,-0.939565469835,376.730313667,0.963409437378,-0.323782074675,-102.773833528,-462.773833528
0.7,0.7,8.286,-0.218077367411,-0.938450447202,376.730313667,0.96345574887,-0.323364550382,-103.082224352,-463.082224352
0.7,0.7,8.292,-0.223134863476,-0.937307957564,376.730313667,0.963501621489,-0.322951002568,-103.390548364,-463.390548364
0.7,0.7,8.298,-0.228185214463,-0.936138046661,376.730313667,0.963547058791,-0.322541398598,-103.698807454,-463.698807454
0.7,0.7,8.304,-0.233228301843,-0.934940760286,376.730313667,0.963592064115,-0.32213570783,-104.007003481,-464.007003481
0.7,0.7,8.31,-0.238264006977,-0.933716144353,376.730313667,0.963636640673,-0.32173390076,-104.315138281,-464.315138281
0.7,0.7,8.316,-0.24329221119,-0.932464244924,376.730313667,0.963680791594,-0.321335948638,-104.623213671,-464.623213671
0.7,0.7,8.322,-0.248312795814,-0.931185108227,376.730313667,0.963724519948,-0.320941823276,-104.931231456,-464.931231456
0.7,0.7,8.328,-0.253325642212,-0.92987878067,376.730313667,0.963767828754,-0.320551496941,-105.239193424,-465.239193424
0.7,0.7,8.334,-0.258330631782,-0.928545308845,376.730313667,0.96381072099,-0.320164942295,-105.547101352,-465.547101352
0.7,0.7,8.34,-0.263327645969,-0.927184739538,376.730313667,0.963853199592,-0.319782132358,-105.854957004,-465.854957004
0.7,0.7,8.34375,-0.266446677178,-0.926320644149,376.730313667,0.963879539961,-0.319544765905,-106.047341019,-466.047341019
0.7,0.7,8.346,-0.268316566267,-0.925797119732,376.730313667,0.963895267463,-0.319403040485,-106.162762132,-466.162762132
0.7,0.7,8.352,-0.273297274222,-0.924382496614,376.730313667,0.963936927472,-0.319027640346,-106.470518476,-466.470518476
0.7,0.7,8.358,-0.278269651431,-0.922940917577,376.730313667,0.963978182453,-0.318655905912,-106.778227765,-466.778227765
0.7,0.7,8.364,-0.283233579542,-0.921472430228,376.730313667,0.964019035212,-0.318287811451,-107.085891716,-467.085891716
0.7,0.7,8.37,-0.288188940257,-0.919977082387,376.730313667,0.96405948852,-0.317923331515,-107.393512037,-467.393512037
0.7,0.7,8.376,-0.29313561533,-0.918454922098,376.730313667,0.964099545121,-0.317562440935,-107.701090422,-467.701090422
0.7,0.7,8.382,-0.298073486565,-0.916905997628,376.730313667,0.964139207728,-0.317205114817,-108.008628558,-468.008628558
0.7,0.7,8.388,-0.303002435817,-0.915330357472,376.730313667,0.964178479028,-0.316851328534,-108.316128117,-468.316128117
0.7,0.7,8.394,-0.307922344994,-0.913728050357,376.730313667,0.964217361675,-0.316501057725,-108.623590765,-468.623590765
0.7,0.7,8.4,-0.312833096051,-0.912099125249,376.730313667,0.9642558583,-0.316154278287,-108.931018155,-468.931018155
0.7,0.7,8.406,-0.317734570995,-0.910443631352,376.730313667,0.964293971502,-0.315810966375,-109.238411931,-469.238411931
0.7,0.7,8.412,-0.322626651879,-0.908761618114,376.730313667,0.964331703855,-0.315471098394,-109.545773726,-469.545773726
0.7,0.7,8.418,-0.327509220805,-0.907053135233,376.730313667,0.964369057907,-0.315134651001,-109.853105163,-469.853105163
0.7,0.7,8.424,-0.332382159925,-0.905318232656,376.730313667,0.964406036178,-0.314801601096,-110.160407858,-470.160407858
0.7,0.7,8.43,-0.337245351435,-0.903556960589,376.730313667,0.964442641162,-0.314471925823,-110.467683415,-470.467683415
0.7,0.7,8.436,-0.342098677579,-0.901769369493,376.730313667,0.96447887533,-0.314145602562,-110.774933427,-470.774933427
0.7,0.7,8.4375,-0.343310453857,-0.90131836531,376.730313667,0.964487876218,-0.314064542871,-110.851742125,-470.851742125
0.7,0.7,8.442,-0.346942020648,-0.899955510096,376.730313667,0.964514741123,-0.313822608933,-111.082159481,-471.082159481
0.7,0.7,8.448,-0.351775262979,-0.898115433391,376.730313667,0.964550240961,-0.313502922786,-111.389363153,-471.389363153
0.7,0.7,8.454,-0.356598286951,-0.896249190641,376.730313667,0.964585377238,-0.313186522203,-111.69654601,-471.69654601
0.7,0.7,8.46,-0.361410974994,-0.894356833382,376.730313667,0.964620152321,-0.312873385492,-112.003709609,-472.003709609
0.7,0.7,8.466,-0.366213209578,-0.892438413432,376.730313667,0.964654568557,-0.312563491186,-112.3108555,-472.3108555
0.7,0.7,8.472,-0.371004873219,-0.890493982884,376.730313667,0.964688628266,-0.312256818039,-112.617985224,-472.617985224
0.7,0.7,8.478,-0.375785848479,-0.888523594122,376.730313667,0.964722333746,-0.311953345026,-112.92510031,-472.92510031
0.7,0.7,8.484,-0.380556017962,-0.886527299813,376.730313667,0.964755687271,-0.311653051339,-113.232202284,-473.232202284
0.7,0.7,8.49,-0.385315264318,-0.88450515292,376.730313667,0.964788691091,-0.311355916381,-113.539292658,-473.539292658
0.7,0.7,8.496,-0.390063470239,-0.882457206698,376.730313667,0.964821347436,-0.311061919772,-113.846372939,-473.846372939
0.7,0.7,8.502,-0.394800518464,-0.880383514702,376.730313667,0.964853658509,-0.310771041339,-114.153444625,-474.153444625
0.7,0.7,8.508,-0.399526291773,-0.878284130791,376.730313667,0.964885626496,-0.310483261117,-114.460509205,-474.460509205
0.7,0.7,8.514,-0.404240672992,-0.876159109127,376.730313667,0.964917253555,-0.31019855935,-114.767568161,-474.767568161
0.7,0.7,8.52,-0.408943544991,-0.874008504181,376.730313667,0.964948541825,-0.309916916486,-115.074622966,-475.074622966
0.7,0.7,8.526,-0.413634790684,-0.871832370737,376.730313667,0.964979493424,-0.309638313176,-115.381675086,-475.381675086
0.7,0.7,8.53125,-0.417730001451,-0.869907355933,376.730313667,0.965006301543,-0.30939701361,-115.650344635,-475.650344635
0.7,0.7,8.532,-0.418314293031,-0.869630763891,376.730313667,0.965010110445,-0.309362730277,-115.68872598,-475.68872598
0.7,0.7,8.538,-0.422981935038,-0.867403739061,376.730313667,0.96504039496,-0.309090148849,-115.995777097,-475.995777097
0.7,0.7,8.544,-0.427637599755,-0.865151351982,376.730313667,0.965070349021,-0.308820550159,-116.302829881,-476.302829881
0.7,0.7,8.55,-0.432281170282,-0.862873658711,376.730313667,0.965099974654,-0.308553915682,-116.609885768,-476.609885768
0.7,0.7,8.556,-0.436912529768,-0.86057071563,376.730313667,0.965129273863,-0.30829022711,-116.916946186,-476.916946186
0.7,0.7,8.562,-0.441531561413,-0.858242579444,376.730313667,0.965158248628,-0.308029466361,-117.224012558,-477.224012558
0.7,0.7,8.568,-0.446138148474,-0.855889307182,376.730313667,0.965186900902,-0.307771615596,-117.531086299,-477.531086299
0.7,0.7,8.574,-0.450732174271,-0.853510956189,376.730313667,0.965215232607,-0.307516657248,-117.838168821,-477.838168821
0.7,0.7,8.58,-0.455313522199,-0.851107584118,376.730313667,0.965243245633,-0.307264574072,-118.145261528,-478.145261528
0.7,0.7,8.586,-0.459882075755,-0.848679248908,376.730313667,0.965270941823,-0.307015349232,-118.452365825,-478.452365825
0.7,0.7,8.592,-0.464437718585,-0.846226008735,376.730313667,0.965298322957,-0.306768966452,-118.759483116,-478.759483116
0.7,0.7,8.598,-0.468980334608,-0.843747921911,376.730313667,0.965325390725,-0.306525410298,-119.066614819,-479.066614819
0.7,0.7,8.604,-0.473509808342,-0.841245046633,376.730313667,0.96535214667,-0.306284666642,-119.373762385,-479.373762385
0.7,0.7,8.61,-0.478026026017,-0.8387174403,376.730313667,0.965378592167,-0.306046722881,-119.68092738,-479.68092738
0.7,0.7,8.616,-0.482528880818,-0.836165157515,376.730313667,0.965404729357,-0.305811559512,-119.988111812,-479.988111812
0.7,0.7,8.622,-0.487018316518,-0.8335882541,376.730313667,0.965430586836,-0.305578919057,-120.295320249,-480.295320249
0.7,0.7,8.625,-0.489258059311,-0.832290695998,376.730313667,0.965443551558,-0.305462277435,-120.448935432,-480.448935432
0.7,0.7,8.628,-0.491494067087,-0.830987222611,376.730313667,0.965456463091,-0.3053461159,-120.602533311,-480.602533311
0.7,0.7,8.634,-0.495955867507,-0.828361171619,376.730313667,0.965481461842,-0.305121213397,-120.909773493,-480.909773493
0.7,0.7,8.64,-0.500404021889,-0.825710795273,376.730313667,0.965506345165,-0.304897355122,-121.217044542,-481.217044542
0.7,0.7,8.646,-0.504838224035,-0.823036090033,376.730313667,0.96553096167,-0.304675902902,-121.52434002,-481.52434002
0.7,0.7,8.652,-0.509258351093,-0.820337095596,376.730313667,0.96555529027,-0.304457046253,-121.831661578,-481.831661578
0.7,0.7,8.658,-0.513664286775,-0.817613868616,376.730313667,0.965579327482,-0.304240816303,-122.139010695,-482.139010695
0.7,0.7,8.664,-0.518055915262,-0.814866469868,376.730313667,0.965603073241,-0.304027213447,-122.446388751,-482.446388751
0.7,0.7,8.67,-0.522433120765,-0.812094961702,376.730313667,0.965626528474,-0.303816229138,-122.753797083,-482.753797083
0.7,0.7,8.676,-0.526795787506,-0.809299407332,376.730313667,0.965649694476,-0.303607851558,-123.061237008,-483.061237008
0.7,0.7,8.682,-0.531143799731,-0.806479870583,376.730313667,0.965672572691,-0.303402067517,-123.368709828,-483.368709828
0.7,0.7,8.688,-0.535477041721,-0.80363641579,376.730313667,0.965695164633,-0.303198863218,-123.676216832,-483.676216832
0.7,0.7,8.694,-0.539795397806,-0.800769107756,376.730313667,0.965717471846,-0.302998224592,-123.983759304,-483.983759304
0.7,0.7,8.7,-0.544098752362,-0.797878011722,376.730313667,0.965739495885,-0.302800137472,-124.291338521,-484.291338521
0.7,0.7,8.706,-0.548386989826,-0.794963193366,376.730313667,0.965761238308,-0.302604587679,-124.598955752,-484.598955752
0.7,0.7,8.712,-0.552659994689,-0.792024718793,376.730313667,0.965782700667,-0.302411561071,-124.90661226,-484.90661226
0.7,0.7,8.718,-0.556917651505,-0.789062654532,376.730313667,0.96580388451,-0.302221043574,-125.214309303,-485.214309303
0.7,0.7,8.71875,-0.557448773701,-0.788690741179,376.730313667,0.965806512984,-0.302197404611,-125.252774346,-485.252774346
0.7,0.7,8.724,-0.561159844891,-0.78607706754,376.730313667,0.965824791373,-0.302033021198,-125.522048134,-485.522048134
0.7,0.7,8.73,-0.565386459528,-0.783068025203,376.730313667,0.965845422784,-0.301847480046,-125.829829997,-485.829829997
0.7,0.7,8.736,-0.569597380163,-0.780035595334,376.730313667,0.96586578026,-0.301664406317,-126.137656136,-486.137656136
0.7,0.7,8.742,-0.573792491613,-0.776979846177,376.730313667,0.965885865306,-0.301483786315,-126.445527785,-486.445527785
0.7,0.7,8.748,-0.577971678764,-0.773900846412,376.730313667,0.965905679417,-0.301305606445,-126.753446175,-486.753446175
0.7,0.7,8.754,-0.582134826572,-0.770798665152,376.730313667,0.965925224077,-0.301129853215,-127.061412533,-487.061412533
0.7,0.7,8.76,-0.58628182007,-0.767673371951,376.730313667,0.965944500759,-0.300956513235,-127.369428079,-487.369428079
0.7,0.7,8.766,-0.590412544362,-0.764525036802,376.730313667,0.965963510924,-0.300785573214,-127.677494029,-487.677494029
0.7,0.7,8.772,-0.594526884631,-0.761353730144,376.730313667,0.965982256024,-0.300617019961,-127.985611594,-487.985611594
0.7,0.7,8.778,-0.59862472614,-0.758159522861,376.730313667,0.966000737501,-0.30045084038,-128.293781981,-488.293781981
0.7,0.7,8.784,-0.602705954231,-0.754942486285,376.730313667,0.966018956783,-0.300287021471,-128.602006392,-488.602006392
0.7,0.7,8.79,-0.606770454329,-0.751702692201,376.730313667,0.966036915293,-0.300125550328,-128.910286025,-488.910286025
0.7,0.7,8.796,-0.610818111944,-0.748440212845,376.730313667,0.966054614441,-0.299966414135,-129.218622071,-489.218622071
0.7,0.7,8.802,-0.614848812675,-0.745155120909,376.730313667,0.966072055627,-0.299809600172,-129.527015721,-489.527015721
0.7,0.7,8.808,-0.618862442207,-0.741847489541,376.730313667,0.966089240243,-0.299655095811,-129.835468159,-489.835468159
0.7,0.7,8.8125,-0.621861392667,-0.739352018776,376.730313667,0.96610196116,-0.299540725677,-130.066846777,-490.066846777
0.7,0.7,8.814,-0.622858886319,-0.738517392349,376.730313667,0.966106169667,-0.299502888525,-130.143980565,-490.143980565
0.7,0.7,8.82,-0.626838030883,-0.735164903398,376.730313667,0.966122845268,-0.299352965891,-130.452554117,-490.452554117
0.7,0.7,8.826,-0.630799761866,-0.731790097213,376.730313667,0.966139268402,-0.299205315604,-130.761189987,-490.761189987
0.7,0.7,8.832,-0.634743965331,-0.728393048778,376.730313667,0.966155440409,-0.299059925492,-131.069889345,-491.069889345
0.7,0.7,8.838,-0.638670527441,-0.724973833538,376.730313667,0.966171362614,-0.298916783542,-131.378653357,-491.378653357
0.7,0.7,8.844,-0.642579334452,-0.721532527394,376.730313667,0.966187036319,-0.298775877928,-131.687483186,-491.687483186
0.7,0.7,8.85,-0.64647027272,-0.718069206704,376.730313667,0.966202462803,-0.298637197052,-131.996379992,-491.996379992
0.7,0.7,8.856,-0.650343228691,-0.714583948282,376.730313667,0.966217643312,-0.298500729598,-132.305344931,-492.305344931
0.7,0.7,8.862,-0.654198088902,-0.711076829398,376.730313667,0.966232579057,-0.298366464584,-132.614379156,-492.614379156
0.7,0.7,8.868,-0.658034739968,-0.707547927776,376.730313667,0.966247271202,-0.29823439143,-132.923483817,-492.923483817
0.7,0.7,8.874,-0.661853068579,-0.703997321598,376.730313667,0.966261720863,-0.29810450002,-133.23266006,-493.23266006
0.7,0.7,8.88,-0.665652961482,-0.700425089515,376.730313667,0.966275929097,-0.297976780749,-133.541909027,-493.541909027
0.7,0.7,8.886,-0.669434305479,-0.69683131065,376.730313667,0.966289896901,-0.297851224548,-133.851231852,-493.851231852
0.7,0.7,8.892,-0.673196987409,-0.693216064624,376.730313667,0.966303625218,-0.297727822868,-134.160629668,-494.160629668
0.7,0.7,8.898,-0.676940894149,-0.689579431575,376.730313667,0.966317114938,-0.297606567605,-134.470103595,-494.470103595
0.7,0.7,8.904,-0.680665912614,-0.685921492181,376.730313667,0.966330366919,-0.297487450953,-134.77965475,-494.77965475
0.7,0.7,8.91,-0.684371929767,-0.682242327698,376.730313667,0.96634338201,-0.297370465204,-135.089284237,-495.089284237
0.7,0.7,8.916,-0.688058832643,-0.678542019975,376.730313667,0.966356161076,-0.297255602492,-135.398993155,-495.398993155
0.7,0.7,8.922,-0.69172650838,-0.67482065148,376.730313667,0.966368705029,-0.297142854536,-135.708782592,-495.708782592
0.7,0.7,8.928,-0.695374844256,-0.671078305297,376.730313667,0.966381014851,-0.297032212424,-136.018653631,-496.018653631
0.7,0.7,8.934,-0.699003727721,-0.667315065127,376.730313667,0.966393091611,-0.296923666467,-136.328607347,-496.328607347
0.7,0.7,8.94,-0.702613046431,-0.663531015262,376.730313667,0.966404936468,-0.296817206177,-136.638644815,-496.638644815
0.7,0.7,8.946,-0.706202688263,-0.659726240558,376.730313667,0.966416550661,-0.296712820341,-136.948767107,-496.948767107
0.7,0.7,8.952,-0.709772541322,-0.655900826405,376.730313667,0.966427935489,-0.296610497197,-137.258975294,-497.258975294
0.7,0.7,8.958,-0.713322493933,-0.652054858701,376.730313667,0.96643909229,-0.296510224652,-137.56927045,-497.56927045
0.7,0.7,8.964,-0.716852434629,-0.648188423834,376.730313667,0.966450022415,-0.296411990507,-137.879653649,-497.879653649
0.7,0.7,8.97,-0.720362252127,-0.644301608667,376.730313667,0.966460727201,-0.296315782663,-138.190125966,-498.190125966
0.7,0.7,8.976,-0.723851835317,-0.64039450054,376.730313667,0.966471207959,-0.296221589269,-138.500688476,-498.500688476
0.7,0.7,8.982,-0.727321073238,-0.636467187271,376.730313667,0.966481465963,-0.296129398821,-138.811342253,-498.811342253
0.7,0.7,8.988,-0.73076985507,-0.632519757169,376.730313667,0.96649150244,-0.296039200214,-139.122088371,-499.122088371
0.7,0.7,8.994,-0.734198070125,-0.628552299043,376.730313667,0.966501318575,-0.295950982743,-139.432927903,-499.432927903
0.7,0.7,9,-0.737605607844,-0.624564902214,376.730313667,0.96651091551,-0.29586473609,-139.743861915,-499.743861915
0.7,2.5,3,0.444626872354,0.894003527032,376.730313667,0.998466505179,-0.0133299901266,63.5568416541,63.5568416541
0.7,2.5,3.006,0.448674607494,0.891957476621,376.730313667,0.998447316341,-0.0134969198392,63.296578897,63.296578897
0.7,2.5,3.012,0.452717211069,0.88989064012,376.730313667,0.998427876499,-0.0136660363892,63.0360331147,63.0360331147
0.7,2.5,3.018,0.456754599094,0.887802981761,376.730313667,0.998408182167,-0.0138373702336,62.7752020789,62.7752020789
0.7,2.5,3.024,0.460786687221,0.885694465538,376.730313667,0.998388229801,-0.014010952323,62.5140835344,62.5140835344
0.7,2.5,3.03,0.464813390737,0.883565055199,376.730313667,0.998368015802,-0.0141868141109,62.2526751985,62.2526751985
0.7,2.5,3.036,0.468834624553,0.881414714241,376.730313667,0.998347536513,-0.0143649875627,61.9909747609,61.9909747609
0.7,2.5,3.042,0.472850303203,0.879243405905,376.730313667,0.998326788214,-0.0145455051658,61.728979883,61.728979883
0.7,2.5,3.048,0.476860340832,0.877051093166,376.730313667,0.998305767128,-0.014728399939,61.4666881974,61.4666881974
0.7,2.5,3.054,0.480864651195,0.874837738731,376.730313667,0.998284469416,-0.0149137054423,61.2040973082,61.2040973082
0.7,2.5,3.06,0.484863147645,0.872603305031,376.730313667,0.998262891174,-0.0151014557875,60.9412047896,60.9412047896
0.7,2.5,3.066,0.488855743129,0.870347754213,376.730313667,0.998241028436,-0.0152916856482,60.6780081862,60.6780081862
0.7,2.5,3.072,0.49284235018,0.868071048133,376.730313667,0.99821887717,-0.0154844302707,60.4145050126,60.4145050126
0.7,2.5,3.078,0.496822880912,0.865773148353,376.730313667,0.998196433277,-0.0156797254846,60.1506927522,60.1506927522
0.7,2.5,3.084,0.500797247006,0.86345401613,376.730313667,0.998173692591,-0.0158776077145,59.8865688579,59.8865688579
0.7,2.5,3.09,0.504765359712,0.861113612413,376.730313667,0.998150650877,-0.01607811399,59.6221307504,59.6221307504
0.7,2.5,3.096,0.508727129831,0.85875189783,376.730313667,0.998127303831,-0.0162812819589,59.3573758189,59.3573758189
0.7,2.5,3.102,0.512682467716,0.856368832688,376.730313667,0.998103647075,-0.0164871498977,59.0923014199,59.0923014199
0.7,2.5,3.108,0.516631283259,0.853964376961,376.730313667,0.998079676158,-0.0166957567242,58.826904877,58.826904877
0.7,2.5,3.114,0.520573485881,0.851538490284,376.730313667,0.998055386558,-0.0169071420103,58.5611834802,58.5611834802
0.7,2.5,3.12,0.524508984528,0.849091131945,376.730313667,0.998030773673,-0.0171213459934,58.2951344859,58.2951344859
0.7,2.5,3.126,0.52843768766,0.846622260878,376.730313667,0.998005832826,-0.0173384095906,58.0287551158,58.0287551158
0.7,2.5,3.132,0.532359503242,0.844131835658,376.730313667,0.997980559261,-0.0175583744109,57.7620425567,57.7620425567
0.7,2.5,3.138,0.536274338735,0.841619814486,376.730313667,0.997954948142,-0.017781282769,57.4949939602,57.4949939602
0.7,2.5,3.144,0.540182101085,0.83908615519,376.730313667,0.99792899455,-0.0180071776995,57.2276064415,57.2276064415
0.7,2.5,3.15,0.544082696719,0.83653081521,376.730313667,0.997902693485,-0.01823610297,56.9598770798,56.9598770798
0.7,2.5,3.156,0.547976031526,0.833953751593,376.730313667,0.997876039858,-0.0184681030963,56.6918029169,56.6918029169
0.7,2.5,3.162,0.551862010855,0.831354920986,376.730313667,0.997849028497,-0.0187032233566,56.423380957,56.423380957
0.7,2.5,3.168,0.555740539503,0.828734279625,376.730313667,0.997821654141,-0.018941509807,56.1546081663,56.1546081663
0.7,2.5,3.174,0.559611521699,0.826091783327,376.730313667,0.997793911436,-0.0191830092964,55.8854814722,55.8854814722
0.7,2.5,3.18,0.563474861103,0.823427387483,376.730313667,0.99776579494,-0.0194277694823,55.6159977627,55.6159977627
0.7,2.5,3.186,0.567330460784,0.820741047049,376.730313667,0.997737299115,-0.0196758388471,55.346153886,55.346153886
0.7,2.5,3.192,0.571178223217,0.818032716537,376.730313667,0.997708418327,-0.0199272667142,55.0759466495,55.0759466495
0.7,2.5,3.198,0.575018050269,0.815302350003,376.730313667,0.997679146848,-0.0201821032651,54.8053728199,54.8053728199
0.7,2.5,3.204,0.578849843185,0.812549901043,376.730313667,0.997649478846,-0.0204403995561,54.5344291216,54.5344291216
0.7,2.5,3.21,0.582673502579,0.809775322783,376.730313667,0.99761940839,-0.0207022075369,54.263112237,54.263112237
0.7,2.5,3.216,0.58648892842,0.806978567866,376.730313667,0.997588929446,-0.020967580067,53.9914188052,53.9914188052
0.7,2.5,3.222,0.590296020018,0.804159588445,376.730313667,0.997558035874,-0.0212365709356,53.7193454215,53.7193454215
0.7,2.5,3.228,0.594094676016,0.801318336174,376.730313667,0.997526721426,-0.0215092348793,53.4468886369,53.4468886369
0.7,2.5,3.234,0.597884794369,0.7984547622,376.730313667,0.997494979745,-0.0217856276022,53.1740449574,53.1740449574
0.7,2.5,3.24,0.601666272338,0.795568817146,376.730313667,0.997462804361,-0.0220658057948,52.9008108428,52.9008108428
0.7,2.5,3.246,0.605439006471,0.792660451111,376.730313667,0.997430188691,-0.0223498271549,52.6271827068,52.6271827068
0.7,2.5,3.252,0.609202892593,0.789729613652,376.730313667,0.997397126035,-0.0226377504073,52.3531569155,52.3531569155
0.7,2.5,3.258,0.612957825786,0.786776253778,376.730313667,0.997363609573,-0.0229296353259,52.0787297871,52.0787297871
0.7,2.5,3.264,0.616703700379,0.783800319937,376.730313667,0.997329632366,-0.0232255427546,51.8038975911,51.8038975911
0.7,2.5,3.27,0.620440409929,0.78080176001,376.730313667,0.997295187348,-0.0235255346295,51.5286565473,51.5286565473
0.7,2.5,3.276,0.62416784721,0.777780521294,376.730313667,0.99726026733,-0.0238296740018,51.2530028253,51.2530028253
0.7,2.5,3.282,0.627885904192,0.774736550496,376.730313667,0.997224864992,-0.0241380250604,50.9769325434,50.9769325434
0.7,2.5,3.288,0.631594472028,0.771669793722,376.730313667,0.997188972883,-0.0244506531563,50.700441768,50.700441768
0.7,2.5,3.294,0.635293441034,0.768580196462,376.730313667,0.997152583417,-0.0247676248263,50.4235265128,50.4235265128
0.7,2.5,3.3,0.638982700677,0.765467703583,376.730313667,0.997115688871,-0.025089007818,50.1461827376,50.1461827376
0.7,2.5,3.306,0.642662139551,0.762332259316,376.730313667,0.997078281383,-0.0254148711151,49.868406348,49.868406348
0.7,2.5,3.312,0.646331645365,0.759173807244,376.730313667,0.997040352948,-0.0257452849638,49.590193194,49.590193194
0.7,2.5,3.318,0.64999110492,0.755992290292,376.730313667,0.997001895413,-0.026080320899,49.3115390691,49.3115390691
0.7,2.5,3.324,0.653640404094,0.752787650713,376.730313667,0.996962900478,-0.0264200517718,49.0324397099,49.0324397099
0.7,2.5,3.33,0.657279427818,0.749559830076,376.730313667,0.996923359691,-0.0267645517777,48.7528907947,48.7528907947
0.7,2.5,3.336,0.660908060061,0.746308769259,376.730313667,0.996883264443,-0.0271138964847,48.4728879426,48.4728879426
0.7,2.5,3.342,0.664526183807,0.743034408428,376.730313667,0.996842605969,-0.0274681628631,48.1924267126,48.1924267126
0.7,2.5,3.348,0.668133681036,0.739736687033,376.730313667,0.996801375339,-0.0278274293152,47.9115026026,47.9115026026
0.7,2.5,3.354,0.671730432699,0.73641554379,376.730313667,0.99675956346,-0.0281917757063,47.6301110485,47.6301110485
0.7,2.5,3.36,0.675316318701,0.733070916669,376.730313667,0.996717161069,-0.0285612833962,47.3482474227,47.3482474227
0.7,2.5,3.366,0.678891217876,0.729702742883,376.730313667,0.99667415873,-0.0289360352713,47.0659070338,47.0659070338
0.7,2.5,3.372,0.682455007965,0.726310958875,376.730313667,0.996630546832,-0.029316115778,46.7830851247,46.7830851247
0.7,2.5,3.378,0.686007565593,0.722895500303,376.730313667,0.996586315584,-0.0297016109566,46.4997768723,46.4997768723
0.7,2.5,3.384,0.689548766243,0.719456302025,376.730313667,0.996541455008,-0.0300926084756,46.2159773855,46.2159773855
0.7,2.5,3.39,0.693078484234,0.71599329809,376.730313667,0.996495954943,-0.0304891976677,45.9316817049,45.9316817049
0.7,2.5,3.396,0.696596592694,0.712506421721,376.730313667,0.996449805031,-0.0308914695666,45.6468848011,45.6468848011
0.7,2.5,3.402,0.700102963537,0.708995605302,376.730313667,0.996402994722,-0.0312995169436,45.3615815736,45.3615815736
0.7,2.5,3.408,0.703597467433,0.705460780364,376.730313667,0.996355513263,-0.0317134343468,45.0757668498,45.0757668498
0.7,2.5,3.414,0.707079973782,0.70190187757,376.730313667,0.996307349697,-0.0321333181399,44.7894353835,44.7894353835
0.7,2.5,3.42,0.71055035069,0.698318826701,376.730313667,0.996258492857,-0.0325592665427,44.5025818536,44.5025818536
0.7,2.5,3.426,0.714008464934,0.694711556641,376.730313667,0.996208931363,-0.0329913796724,44.2152008632,44.2152008632
0.7,2.5,3.432,0.717454181939,0.691079995363,376.730313667,0.996158653616,-0.0334297595863,43.9272869377,43.9272869377
0.7,2.5,3.438,0.720887365746,0.687424069915,376.730313667,0.996107647792,-0.0338745103243,43.638834524,43.638834524
0.7,2.5,3.444,0.724307878979,0.6837437064,376.730313667,0.996055901841,-0.0343257379548,43.3498379887,43.3498379887
0.7,2.5,3.45,0.727715582819,0.680038829966,376.730313667,0.996003403478,-0.0347835506196,43.0602916169,43.0602916169
0.7,2.5,3.456,0.731110336966,0.67630936479,376.730313667,0.995950140179,-0.0352480585807,42.7701896109,42.7701896109
0.7,2.5,3.462,0.734491999612,0.672555234057,376.730313667,0.995896099175,-0.035719374269,42.4795260883,42.4795260883
0.7,2.5,3.468,0.737860427402,0.668776359952,376.730313667,0.99584126745,-0.0361976123333,42.1882950808,42.1882950808
0.7,2.5,3.474,0.741215475404,0.664972663637,376.730313667,0.995785631731,-0.0366828896905,41.8964905328,41.8964905328
0.7,2.5,3.48,0.744556997068,0.661144065237,376.730313667,0.995729178483,-0.0371753255786,41.6041062994,41.6041062994
0.7,2.5,3.486,0.747884844198,0.657290483828,376.730313667,0.995671893905,-0.037675041609,41.3111361453,41.3111361453
0.7,2.5,3.492,0.751198866907,0.653411837413,376.730313667,0.995613763924,-0.0381821618217,41.0175737428,41.0175737428
0.7,2.5,3.498,0.754498913583,0.64950804291,376.730313667,0.995554774185,-0.0386968127412,40.7234126703,40.7234126703
0.7,2.5,3.504,0.757784830848,0.645579016134,376.730313667,0.99549491005,-0.0392191234342,40.4286464105,40.4286464105
0.7,2.5,3.51,0.761056463519,0.64162467178,376.730313667,0.995434156587,-0.0397492255692,40.1332683486,40.1332683486
0.7,2.5,3.516,0.764313654567,0.637644923404,376.730313667,0.995372498566,-0.0402872534761,39.837271771,39.837271771
0.7,2.5,3.522,0.767556245075,0.63363968341,376.730313667,0.99530992045,-0.0408333442094,39.5406498628,39.5406498628
0.7,2.5,3.528,0.770784074194,0.629608863026,376.730313667,0.995246406389,-0.0413876376121,39.2433957064,39.2433957064
0.7,2.5,3.534,0.773996979097,0.625552372291,376.730313667,0.995181940215,-0.041950276381,38.9455022792,38.9455022792
0.7,2.5,3.54,0.777194794938,0.621470120036,376.730313667,0.995116505429,-0.0425214061345,38.6469624524,38.6469624524
0.7,2.5,3.546,0.780377354803,0.617362013865,376.730313667,0.995050085198,-0.0431011754817,38.347768988,38.347768988
0.7,2.5,3.552,0.783544489659,0.613227960138,376.730313667,0.994982662347,-0.0436897360934,38.0479145377,38.0479145377
0.7,2.5,3.558,0.786696028312,0.609067863951,376.730313667,0.994914219347,-0.0442872427754,37.7473916403,37.7473916403
0.7,2.5,3.564,0.789831797348,0.604881629118,376.730313667,0.994844738312,-0.0448938535437,37.4461927196,37.4461927196
0.7,2.5,3.57,0.79295162109,0.600669158153,376.730313667,0.994774200986,-0.045509729701,37.1443100825,37.1443100825
0.7,2.5,3.576,0.79605532154,0.59643035225,376.730313667,0.994702588735,-0.0461350359165,36.8417359165,36.8417359165
0.7,2.5,3.582,0.799142718323,0.592165111266,376.730313667,0.994629882543,-0.046769940307,36.5384622878,36.5384622878
0.7,2.5,3.588,0.802213628636,0.587873333697,376.730313667,0.994556062996,-0.0474146145205,36.2344811384,36.2344811384
0.7,2.5,3.594,0.805267867189,0.583554916667,376.730313667,0.994481110275,-0.048069233822,35.9297842844,35.9297842844
0.7,2.5,3.6,0.808305246145,0.5792097559,376.730313667,0.994405004148,-0.0487339771825,35.6243634131,35.6243634131
0.7,2.5,3.606,0.81132557506,0.574837745704,376.730313667,0.994327723958,-0.0494090273687,35.3182100805,35.3182100805
0.7,2.5,3.612,0.814328660821,0.570438778956,376.730313667,0.994249248615,-0.0500945710372,35.0113157093,35.0113157093
0.7,2.5,3.618,0.817314307585,0.566012747072,376.730313667,0.99416955658,-0.0507907988298,34.7036715857,34.7036715857
0.7,2.5,3.624,0.82028231671,0.561559539997,376.730313667,0.994088625862,-0.0514979054726,34.3952688571,34.3952688571
0.7,2.5,3.63,0.82323248669,0.557079046181,376.730313667,0.994006434001,-0.0522160898769,34.0860985291,34.0860985291
0.7,2.5,3.636,0.826164613089,0.552571152556,376.730313667,0.993922958059,-0.0529455552435,33.776151463,33.776151463
0.7,2.5,3.642,0.829078488463,0.548035744523,376.730313667,0.993838174607,-0.0536865091705,33.4654183729,33.4654183729
0.7,2.5,3.648,0.831973902294,0.543472705926,376.730313667,0.993752059714,-0.0544391637626,33.1538898227,33.1538898227
0.7,2.5,3.654,0.834850640916,0.538881919035,376.730313667,0.993664588934,-0.0552037357451,32.841556223,32.841556223
0.7,2.5,3.66,0.837708487433,0.534263264524,376.730313667,0.993575737293,-0.0559804465806,32.5284078284,32.5284078284
0.7,2.5,3.666,0.840547221646,0.529616621451,376.730313667,0.993485479277,-0.0567695225883,32.2144347341,32.2144347341
0.7,2.5,3.672,0.843366619968,0.524941867242,376.730313667,0.993393788817,-0.0575711950682,31.8996268728,31.8996268728
0.7,2.5,3.678,0.846166455347,0.520238877664,376.730313667,0.993300639277,-0.0583857004277,31.5839740113,31.5839740113
0.7,2.5,3.684,0.848946497174,0.51550752681,376.730313667,0.993206003436,-0.0592132803123,31.2674657475,31.2674657475
0.7,2.5,3.69,0.851706511201,0.510747687076,376.730313667,0.993109853478,-0.0600541817402,30.9500915064,30.9500915064
0.7,2.5,3.696,0.85444625945,0.505959229145,376.730313667,0.993012160975,-0.0609086572407,30.6318405371,30.6318405371
0.7,2.5,3.702,0.857165500119,0.501142021962,376.730313667,0.99291289687,-0.0617769649965,30.3127019091,30.3127019091
0.7,2.5,3.708,0.85986398749,0.496295932718,376.730313667,0.992812031462,-0.0626593689907,29.9926645084,29.9926645084
0.7,2.5,3.714,0.86254147183,0.49142082683,376.730313667,0.99270953439,-0.0635561391573,29.6717170337,29.6717170337
0.7,2.5,3.72,0.865197699291,0.48651656792,376.730313667,0.992605374617,-0.0644675515369,29.349847993,29.349847993
0.7,2.5,3.726,0.867832411809,0.481583017796,376.730313667,0.992499520411,-0.0653938884371,29.0270456991,29.0270456991
0.7,2.5,3.732,0.870445346996,0.476620036435,376.730313667,0.992391939325,-0.0663354385965,28.7032982659,28.7032982659
0.7,2.5,3.738,0.873036238033,0.471627481962,376.730313667,0.992282598185,-0.0672924973554,28.3785936038,28.3785936038
0.7,2.5,3.744,0.87560481356,0.466605210634,376.730313667,0.992171463065,-0.06826536683,28.0529194161,28.0529194161
0.7,2.5,3.75,0.878150797558,0.461553076819,376.730313667,0.99205849927,-0.0692543560924,27.7262631939,27.7262631939
0.7,2.5,3.756,0.880673909233,0.456470932979,376.730313667,0.991943671314,-0.0702597813568,27.3986122124,27.3986122124
0.7,2.5,3.762,0.883173862896,0.451358629655,376.730313667,0.991826942903,-0.0712819661702,27.0699535255,27.0699535255
0.7,2.5,3.768,0.885650367837,0.446216015447,376.730313667,0.99170827691,-0.0723212416091,26.7402739616,26.7402739616
0.7,2.5,3.774,0.888103128197,0.441042936998,376.730313667,0.991587635355,-0.0733779464834,26.4095601187,26.4095601187
0.7,2.5,3.78,0.890531842838,0.43583923898,376.730313667,0.991464979383,-0.0744524275445,26.0777983595,26.0777983595
0.7,2.5,3.786,0.892936205205,0.430604764078,376.730313667,0.991340269238,-0.0755450397015,25.7449748061,25.7449748061
0.7,2.5,3.792,0.89531590319,0.425339352972,376.730313667,0.991213464241,-0.0766561462435,25.4110753348,25.4110753348
0.7,2.5,3.798,0.897670618987,0.420042844329,376.730313667,0.991084522765,-0.0777861190684,25.0760855712,25.0760855712
0.7,2.5,3.804,0.900000028945,0.414715074784,376.730313667,0.990953402211,-0.0789353389191,24.7399908843,24.7399908843
0.7,2.5,3.81,0.902303803417,0.409355878928,376.730313667,0.990820058979,-0.0801041956276,24.4027763809,24.4027763809
0.7,2.5,3.816,0.904581606606,0.403965089302,376.730313667,0.990684448442,-0.0812930883655,24.0644269001,24.0644269001
0.7,2.5,3.822,0.9068330964,0.398542536379,376.730313667,0.99054652492,-0.0825024259034,23.7249270072,23.7249270072
0.7,2.5,3.828,0.909057924215,0.393088048558,376.730313667,0.990406241649,-0.0837326268779,23.3842609876,23.3842609876
0.7,2.5,3.834,0.911255734817,0.387601452156,376.730313667,0.990263550753,-0.0849841200676,23.0424128409,23.0424128409
0.7,2.5,3.84,0.913426166154,0.382082571395,376.730313667,0.990118403212,-0.0862573446768,22.6993662741,22.6993662741
0.7,2.5,3.846,0.915568849176,0.376531228405,376.730313667,0.989970748834,-0.0875527506293,22.3551046953,22.3551046953
0.7,2.5,3.852,0.917683407648,0.370947243211,376.730313667,0.989820536217,-0.0888707988711,22.0096112069,22.0096112069
0.7,2.5,3.858,0.91976945796,0.365330433731,376.730313667,0.989667712723,-0.0902119616823,21.6628685987,21.6628685987
0.7,2.5,3.864,0.921826608935,0.359680615776,376.730313667,0.989512224435,-0.0915767230004,21.3148593408,21.3148593408
0.7,2.5,3.87,0.923854461626,0.353997603051,376.730313667,0.98935401613,-0.092965578752,20.9655655766,20.9655655766
0.7,2.5,3.876,0.925852609109,0.348281207151,376.730313667,0.989193031237,-0.0943790371971,20.6149691148,20.6149691148
0.7,2.5,3.882,0.927820636269,0.342531237567,376.730313667,0.989029211801,-0.0958176192832,20.2630514221,20.2630514221
0.7,2.5,3.888,0.929758119585,0.336747501695,376.730313667,0.988862498446,-0.0972818590121,19.9097936155,19.9097936155
0.7,2.5,3.894,0.931664626901,0.330929804835,376.730313667,0.98869283033,-0.0987723038175,19.5551764536,19.5551764536
0.7,2.5,3.9,0.933539717192,0.325077950209,376.730313667,0.988520145109,-0.100289514956,19.199180329,19.199180329
0.7,2.5,3.906,0.935382940331,0.319191738967,376.730313667,0.988344378892,-0.101834067908,18.8417852592,18.8417852592
0.7,2.5,3.912,0.93719383684,0.313270970204,376.730313667,0.988165466196,-0.103406552801,18.4829708781,18.4829708781
0.7,2.5,3.918,0.938971937633,0.307315440978,376.730313667,0.987983339903,-0.10500757483,18.1227164271,18.1227164271
0.7,2.5,3.924,0.940716763764,0.301324946328,376.730313667,0.987797931211,-0.106637754711,17.7610007456,17.7610007456
0.7,2.5,3.93,0.942427826149,0.2952992793,376.730313667,0.987609169588,-0.108297729136,17.3978022616,17.3978022616
0.7,2.5,3.936,0.944104625297,0.289238230971,376.730313667,0.987416982719,-0.109988151248,17.0330989821,17.0330989821
0.7,2.5,3.942,0.945746651022,0.283141590479,376.730313667,0.987221296457,-0.111709691134,16.6668684825,16.6668684825
0.7,2.5,3.948,0.947353382152,0.27700914506,376.730313667,0.98702203477,-0.113463036329,16.2990878971,16.2990878971
0.7,2.5,3.954,0.948924286225,0.270840680082,376.730313667,0.986819119684,-0.115248892344,15.9297339078,15.9297339078
0.7,2.5,3.96,0.950458819179,0.26463597909,376.730313667,0.986612471229,-0.117067983204,15.5587827334,15.5587827334
0.7,2.5,3.966,0.951956425035,0.258394823848,376.730313667,0.986402007377,-0.118921052011,15.1862101186,15.1862101186
0.7,2.5,3.972,0.953416535565,0.252116994397,376.730313667,0.986187643987,-0.120808861523,14.8119913222,14.8119913222
0.7,2.5,3.978,0.954838569953,0.245802269103,376.730313667,0.985969294738,-0.122732194755,14.4361011052,14.4361011052
0.7,2.5,3.984,0.956221934446,0.239450424724,376.730313667,0.985746871066,-0.124691855595,14.0585137189,14.0585137189
0.7,2.5,3.99,0.957566021995,0.233061236475,376.730313667,0.985520282098,-0.126688669448,13.679202892,13.679202892
0.7,2.5,3.996,0.958870211883,0.226634478101,376.730313667,0.985289434583,-0.128723483898,13.298141818,13.298141818
0.7,2.5,4.002,0.960133869347,0.220169921957,376.730313667,0.985054232822,-0.130797169398,12.9153031415,12.9153031415
0.7,2.5,4.008,0.961356345179,0.213667339092,376.730313667,0.984814578594,-0.132910619973,12.5306589451,12.5306589451
0.7,2.5,4.014,0.96253697533,0.207126499346,376.730313667,0.98457037108,-0.135064753962,12.1441807349,12.1441807349
0.7,2.5,4.02,0.963675080483,0.200547171445,376.730313667,0.984321506785,-0.137260514775,11.7558394261,11.7558394261
0.7,2.5,4.026,0.964769965633,0.193929123114,376.730313667,0.984067879457,-0.139498871679,11.3656053282,11.3656053282
0.7,2.5,4.032,0.96582091964,0.187272121192,376.730313667,0.983809380007,-0.141780820615,10.9734481296,10.9734481296
0.7,2.5,4.038,0.966827214774,0.180575931757,376.730313667,0.983545896416,-0.144107385044,10.579336882,10.579336882
0.7,2.5,4.044,0.967788106248,0.173840320266,376.730313667,0.983277313654,-0.146479616813,10.1832399837,10.1832399837
0.7,2.5,4.05,0.968702831735,0.167065051693,376.730313667,0.983003513579,-0.148898597068,9.78512516335,9.78512516335
0.7,2.5,4.056,0.969570610868,0.16024989069,376.730313667,0.98272437485,-0.151365437183,9.38495946254,9.38495946254
0.7,2.5,4.062,0.970390644732,0.153394601752,376.730313667,0.982439772826,-0.153881279737,8.98270921796,8.98270921796
0.7,2.5,4.068,0.971162115334,0.146498949397,376.730313667,0.98214957946,-0.156447299513,8.57834004325,8.57834004325
0.7,2.5,4.074,0.97188418506,0.139562698357,376.730313667,0.981853663202,-0.159064704542,8.17181681017,8.17181681017
0.7,2.5,4.08,0.972555996119,0.132585613782,376.730313667,0.981551888882,-0.161734737181,7.76310362914,7.76310362914
0.7,2.5,4.086,0.973176669963,0.125567461457,376.730313667,0.981244117606,-0.16445867523,7.35216382936,7.35216382936
0.7,2.5,4.092,0.973745306697,0.118508008041,376.730313667,0.980930206633,-0.167237833087,6.93895993816,6.93895993816
0.7,2.5,4.098,0.974260984469,0.111407021308,376.730313667,0.980610009257,-0.170073562954,6.52345365983,6.52345365983
0.7,2.5,4.104,0.974722758841,0.104264270422,376.730313667,0.980283374688,-0.172967256074,6.10560585378,6.10560585378
0.7,2.5,4.11,0.975129662143,0.0970795262097,376.730313667,0.979950147916,-0.175920344025,5.68537651198,5.68537651198
0.7,2.5,4.116,0.975480702805,0.0898525614713,376.730313667,0.979610169582,-0.17893430005,5.26272473579,5.26272473579
0.7,2.5,4.122,0.975774864679,0.0825831512961,376.730313667,0.979263275844,-0.182010640449,4.83760871204,4.83760871204
0.7,2.5,4.128,0.976011106324,0.0752710734066,376.730313667,0.978909298229,-0.185150926009,4.40998568833,4.40998568833
0.7,2.5,4.134,0.976188360291,0.0679161085212,376.730313667,0.978548063492,-0.188356763496,3.97981194763,3.97981194763
0.7,2.5,4.14,0.97630553237,0.0605180407418,376.730313667,0.978179393461,-0.1916298072,3.54704278206,3.54704278206
0.7,2.5,4.146,0.976361500826,0.0530766579643,376.730313667,0.977803104881,-0.194971760532,3.11163246585,3.11163246585
0.7,2.5,4.152,0.976355115608,0.045591752316,376.730313667,0.977419009255,-0.198384377688,2.67353422747,2.67353422747
0.7,2.5,4.158,0.976285197538,0.0380631206196,376.730313667,0.977026912671,-0.201869465371,2.23270022088,2.23270022088
0.7,2.5,4.164,0.976150537476,0.030490564886,376.730313667,0.976626615633,-0.205428884576,1.78908149584,1.78908149584
0.7,2.5,4.17,0.975949895463,0.0228738928382,376.730313667,0.97621791288,-0.209064552443,1.34262796738,1.34262796738
0.7,2.5,4.176,0.975681999839,0.0152129184664,376.730313667,0.975800593204,-0.212778444185,0.893288384173,0.893288384173
0.7,2.5,4.182,0.975345546334,0.00750746261755,376.730313667,0.975374439254,-0.216572595076,0.44101029604,0.44101029604
0.7,2.5,4.188,0.974939197143,-0.000242646379264,376.730313667,0.974939227339,-0.220449102524,-0.0142599796989,-0.0142599796989
0.7,2.5,4.194,0.974461579964,-0.00803757204979,376.730313667,0.974494727226,-0.224410128219,-0.472577392858,-0.472577392858
0.7,2.5,4.2,0.97391128702,-0.0158774690714,376.730313667,0.974040701926,-0.228457900361,-0.933998196171,-0.933998196171
0.7,2.5,4.206,0.97328687405,-0.0237624825279,376.730313667,0.973576907478,-0.232594715973,-1.39857998221,-1.39857998221
0.7,2.5,4.212,0.972586859278,-0.0316927471194,376.730313667,0.973103092719,-0.236822943302,-1.86638172148,-1.86638172148
0.7,2.5,4.218,0.971809722345,-0.0396683863255,376.730313667,0.972618999053,-0.241145024308,-2.33746380177,-2.33746380177
0.7,2.5,4.224,0.970953903231,-0.0476895115186,376.730313667,0.972124360208,-0.245563477252,-2.81188806875,-2.81188806875
0.7,2.5,4.23,0.970017801135,-0.0557562210247,376.730313667,0.971618901988,-0.250080899377,-3.28971786787,-3.28971786787
0.7,2.5,4.236,0.96899977333,-0.0638685991291,376.730313667,0.971102342016,-0.254699969696,-3.77101808766,-3.77101808766
0.7,2.5,4.242,0.967898134001,-0.0720267150233,376.730313667,0.970574389463,-0.25942345188,-4.25585520439,-4.25585520439
0.7,2.5,4.248,0.966711153042,-0.0802306216905,376.730313667,0.970034744776,-0.264254197264,-4.74429732822,-4.74429732822
0.7,2.5,4.254,0.965437054833,-0.0884803547258,376.730313667,0.969483099397,-0.269195147954,-5.23641425082,-5.23641425082
0.7,2.5,4.26,0.964074016984,-0.0967759310881,376.730313667,0.968919135461,-0.27424934007,-5.73227749461,-5.73227749461
0.7,2.5,4.266,0.962620169064,-0.105117347779,376.730313667,0.9683425255,-0.279419907092,-6.23196036351,-6.23196036351
0.7,2.5,4.272,0.961073591283,-0.113504580447,376.730313667,0.967752932129,-0.284710083354,-6.73553799548,-6.73553799548
0.7,2.5,4.278,0.959432313167,-0.121937581906,376.730313667,0.967150007718,-0.290123207652,-7.24308741667,-7.24308741667
0.7,2.5,4.284,0.957694312193,-0.130416280578,376.730313667,0.966533394067,-0.295662727002,-7.75468759742,-7.75468759742
0.7,2.5,4.29,0.955857512405,-0.138940578836,376.730313667,0.965902722053,-0.301332200532,-8.27041951011,-8.27041951011
0.7,2.5,4.296,0.953919783006,-0.147510351261,376.730313667,0.965257611283,-0.307135303526,-8.79036618884,-8.79036618884
0.7,2.5,4.302,0.951878936921,-0.15612544279,376.730313667,0.964597669726,-0.313075831624,-9.31461279122,-9.31461279122
0.7,2.5,4.308,0.949732729339,-0.164785666774,376.730313667,0.963922493332,-0.319157705166,-9.84324666204,-9.84324666204
0.7,2.5,4.314,0.94747885624,-0.173490802905,376.730313667,0.963231665652,-0.32538497372,-10.3763573992,-10.3763573992
0.7,2.5,4.32,0.945114952894,-0.182240595046,376.730313667,0.96252475743,-0.331761820762,-10.9140369217,-10.9140369217
0.7,2.5,4.326,0.942638592344,-0.191034748929,376.730313667,0.961801326197,-0.33829256854,-11.4563795398,-11.4563795398
0.7,2.5,4.332,0.940047283879,-0.19987292972,376.730313667,0.961060915844,-0.34498168312,-12.0034820282,-12.0034820282
0.7,2.5,4.338,0.937338471487,-0.208754759458,376.730313667,0.960303056189,-0.351833779614,-12.5554437002,-12.5554437002
0.7,2.5,4.344,0.934509532299,-0.217679814346,376.730313667,0.959527262526,-0.358853627604,-13.112366486,-13.112366486
0.7,2.5,4.35,0.93155777503,-0.226647621886,376.730313667,0.958733035169,-0.366046156766,-13.6743550124,-13.6743550124
0.7,2.5,4.356,0.928480438408,-0.235657657871,376.730313667,0.957919858975,-0.373416462701,-14.2415166855,-14.2415166855
0.7,2.5,4.362,0.925274689613,-0.244709343191,376.730313667,0.957087202863,-0.380969812973,-14.8139617764,-14.8139617764
0.7,2.5,4.368,0.921937622714,-0.25380204048,376.730313667,0.956234519313,-0.388711653366,-15.3918035096,-15.3918035096
0.7,2.5,4.374,0.918466257112,-0.262935050575,376.730313667,0.955361243862,-0.396647614373,-15.9751581538,-15.9751581538
0.7,2.5,4.38,0.914857536012,-0.272107608775,376.730313667,0.954466794578,-0.404783517902,-16.5641451165,-16.5641451165
0.7,2.5,4.386,0.911108324902,-0.28131888091,376.730313667,0.953550571528,-0.413125384227,-17.1588870414,-17.1588870414
0.7,2.5,4.392,0.907215410063,-0.290567959187,376.730313667,0.952611956235,-0.421679439181,-17.7595099085,-17.7595099085
0.7,2.5,4.398,0.903175497126,-0.299853857818,376.730313667,0.951650311121,-0.430452121586,-18.3661431386,-18.3661431386
0.7,2.5,4.404,0.898985209654,-0.309175508418,376.730313667,0.950664978939,-0.439450090949,-18.9789197,-18.9789197
0.7,2.5,4.41,0.894641087795,-0.318531755153,376.730313667,0.949655282201,-0.448680235408,-19.5979762197,-19.5979762197
0.7,2.5,4.416,0.890139586989,-0.327921349634,376.730313667,0.948620522585,-0.458149679932,-20.2234530973,-20.2234530973
0.7,2.5,4.422,0.885477076748,-0.337342945548,376.730313667,0.947559980348,-0.467865794805,-20.8554946235,-20.8554946235
0.7,2.5,4.428,0.880649839532,-0.346795093002,376.730313667,0.946472913716,-0.477836204358,-21.4942491017,-21.4942491017
0.7,2.5,4.434,0.875654069717,-0.356276232585,376.730313667,0.945358558282,-0.488068795985,-22.1398689739,-22.1398689739
0.7,2.5,4.44,0.87048587268,-0.365784689117,376.730313667,0.944216126386,-0.498571729427,-22.7925109507,-22.7925109507
0.7,2.5,4.446,0.86514126402,-0.375318665086,376.730313667,0.943044806503,-0.509353446324,-23.4523361446,-23.4523361446
0.7,2.5,4.452,0.85961616892,-0.384876233756,376.730313667,0.941843762616,-0.520422680048,-24.1195102091,-24.1195102091
0.7,2.5,4.458,0.853906421686,-0.394455331928,376.730313667,0.940612133604,-0.5317884658,-24.7942034804,-24.7942034804
0.7,2.5,4.464,0.848007765468,-0.404053752345,376.730313667,0.939349032617,-0.543460150969,-25.4765911247,-25.4765911247
0.7,2.5,4.47,0.841915852194,-0.413669135735,376.730313667,0.938053546464,-0.55544740576,-26.1668532896,-26.1668532896
0.7,2.5,4.476,0.835626242747,-0.423298962458,376.730313667,0.936724735013,-0.567760234067,-26.8651752602,-26.8651752602
0.7,2.5,4.482,0.8291344074,-0.432940543771,376.730313667,0.935361630587,-0.580408984593,-27.5717476199,-27.5717476199
0.7,2.5,4.488,0.822435726542,-0.442591012675,376.730313667,0.933963237388,-0.593404362198,-28.286766416,-28.286766416
0.7,2.5,4.494,0.815525491735,-0.452247314347,376.730313667,0.932528530933,-0.606757439457,-29.0104333301,-29.0104333301
0.7,2.5,4.5,0.808398907127,-0.461906196134,376.730313667,0.93105645751,-0.620479668418,-29.7429558538,-29.7429558538
0.7,2.5,4.506,0.801051091257,-0.471564197112,376.730313667,0.92954593367,-0.634582892528,-30.484547469,-30.484547469
0.7,2.5,4.512,0.793477079305,-0.481217637181,376.730313667,0.927995845743,-0.649079358706,-31.2354278334,-31.2354278334
0.7,2.5,4.518,0.785671825807,-0.490862605706,376.730313667,0.926405049397,-0.663981729519,-31.9958229714,-31.9958229714
0.7,2.5,4.524,0.777630207911,-0.500494949685,376.730313667,0.924772369243,-0.679303095439,-32.7659654699,-32.7659654699
0.7,2.5,4.53,0.769347029191,-0.510110261438,376.730313667,0.923096598493,-0.695056987127,-33.5460946793,-33.5460946793
0.7,2.5,4.536,0.760817024103,-0.519703865821,376.730313667,0.921376498676,-0.711257387691,-34.3364569198,-34.3364569198
0.7,2.5,4.542,0.752034863114,-0.529270806955,376.730313667,0.919610799433,-0.727918744867,-35.1373056927,-35.1373056927
0.7,2.5,4.548,0.742995158588,-0.538805834474,376.730313667,0.917798198379,-0.74505598305,-35.9489018971,-35.9489018971
0.7,2.5,4.554,0.73369247147,-0.548303389297,376.730313667,0.915937361071,-0.762684515099,-36.7715140511,-36.7715140511
0.7,2.5,4.56,0.724121318857,-0.557757588934,376.730313667,0.914026921068,-0.780820253831,-37.605418519,-37.605418519
0.7,2.5,4.566,0.714276182527,-0.567162212325,376.730313667,0.912065480114,-0.799479623095,-38.4508997421,-38.4508997421
0.7,2.5,4.572,0.704151518485,-0.57651068425,376.730313667,0.910051608448,-0.818679568336,-39.308250475,-39.308250475
0.7,2.5,4.578,0.693741767633,-0.585796059307,376.730313667,0.907983845262,-0.83843756649,-40.1777720265,-40.1777720265
0.7,2.5,4.584,0.683041367639,-0.59501100551,376.730313667,0.905860699327,-0.858771635096,-41.0597745038,-41.0597745038
0.7,2.5,4.59,0.672044766095,-0.60414778752,376.730313667,0.903680649788,-0.87970034045,-41.9545770615,-41.9545770615
0.7,2.5,4.596,0.66074643506,-0.613198249562,376.730313667,0.901442147179,-0.901242804615,-42.8625081543,-42.8625081543
0.7,2.5,4.602,0.649140887096,-0.622153798077,376.730313667,0.899143614647,-0.923418711108,-43.7839057918,-43.7839057918
0.7,2.5,4.608,0.637222692888,-0.631005384167,376.730313667,0.896783449434,-0.946248309014,-44.7191177972,-44.7191177972
0.7,2.5,4.614,0.624986500569,-0.639743485902,376.730313667,0.894360024625,-0.969752415285,-45.6685020672,-45.6685020672
0.7,2.5,4.62,0.612427056853,-0.648358090568,376.730313667,0.891871691203,-0.993952414957,-46.6324268339,-46.6324268339
0.7,2.5,4.626,0.599539230086,-0.656838676955,376.730313667,0.889316780431,-1.01887025895,-47.6112709268,-47.6112709268
0.7,2.5,4.632,0.586318035345,-0.66517419779,376.730313667,0.886693606595,-1.04452845912,-48.6054240354,-48.6054240354
0.7,2.5,4.638,0.572758661692,-0.673353062429,376.730313667,0.88400047015,-1.0709500802,-49.6152869695,-49.6152869695
0.7,2.5,4.644,0.558856501697,-0.681363119963,376.730313667,0.881235661293,-1.09815872817,-50.6412719179,-50.6412719179
0.7,2.5,4.65,0.544607183362,-0.689191642869,376.730313667,0.878397464005,-1.12617853462,-51.6838027032,-51.6838027032
0.7,2.5,4.656,0.530006604548,-0.69682531141,376.730313667,0.875484160614,-1.15503413656,-52.7433150313,-52.7433150313
0.7,2.5,4.662,0.515050970019,-0.70425019895,376.730313667,0.872494036908,-1.1847506512,-53.8202567341,-53.8202567341
0.7,2.5,4.668,0.499736831216,-0.711451758421,376.730313667,0.869425387848,-1.21535364496,-54.9150880032,-54.9150880032
0.7,2.5,4.674,0.484061128847,-0.718414810165,376.730313667,0.866276523937,-1.24686909613,-56.0282816128,-56.0282816128
0.7,2.5,4.68,0.46802123839,-0.725123531427,376.730313667,0.863045778283,-1.27932335039,-57.1603231294,-57.1603231294
0.7,2.5,4.686,0.451615018587,-0.731561447775,376.730313667,0.859731514418,-1.31274306842,-58.3117111045,-58.3117111045
0.7,2.5,4.692,0.434840862969,-0.737711426767,376.730313667,0.856332134917,-1.34715516476,-59.4829572488,-59.4829572488
0.7,2.5,4.698,0.41769775448,-0.743555674204,376.730313667,0.852846090886,-1.38258673679,-60.6745865832,-60.6745865832
0.7,2.5,4.704,0.400185323187,-0.749075733328,376.730313667,0.849271892362,-1.41906498314,-61.887137563,-61.887137563
0.7,2.5,4.71,0.382303907088,-0.754252487374,376.730313667,0.845608119689,-1.45661711006,-63.1211621705,-63.1211621705
0.7,2.5,4.716,0.36405461596,-0.759066165877,376.730313667,0.841853435927,-1.49527022485,-64.377225972,-64.377225972
0.7,2.5,4.722,0.345439398173,-0.763496355202,376.730313667,0.838006600342,-1.53505121497,-65.655908132,-65.655908132
0.7,2.5,4.728,0.32646111034,-0.767522013743,376.730313667,0.834066483048,-1.57598661146,-66.95780138,-66.95780138
0.7,2.5,4.734,0.307123589646,-0.771121492308,376.730313667,0.830032080835,-1.61810243536,-68.2835119209,-68.2835119209
0.7,2.5,4.74,0.287431728607,-0.774272560185,376.730313667,0.825902534241,-1.66142402548,-69.6336592827,-69.6336592827
0.7,2.5,4.746,0.267391552004,-0.776952437426,376.730313667,0.821677145906,-1.70597584614,-71.0088760915,-71.0088760915
0.7,2.5,4.752,0.247010295615,-0.779137833882,376.730313667,0.817355400255,-1.75178127307,-72.4098077643,-72.4098077643
0.7,2.5,4.758,0.226296486332,-0.780804995544,376.730313667,0.812936984515,-1.79886235597,-73.8371121076,-73.8371121076
0.7,2.5,4.764,0.205260023166,-0.781929758712,376.730313667,0.808421811104,-1.84723955592,-75.2914588102,-75.2914588102
0.7,2.5,4.77,0.183912258542,-0.782487612551,376.730313667,0.803810041389,-1.89693145597,-76.7735288157,-76.7735288157
0.7,2.5,4.776,0.162266079218,-0.782453770522,376.730313667,0.79910211079,-1.94795444328,-78.2840135591,-78.2840135591
0.7,2.5,4.782,0.140335986057,-0.781803251179,376.730313667,0.794298755215,-2.00032236109,-79.8236140498,-79.8236140498
0.7,2.5,4.788,0.118138171785,-0.78051096877,376.730313667,0.789401038765,-2.05404612912,-81.3930397825,-81.3930397825
0.7,2.5,4.794,0.0956905957647,-0.778551834021,376.730313667,0.784410382628,-2.10913333098,-82.9930074541,-82.9930074541
0.7,2.5,4.8,0.0730130547321,-0.775900865398,376.730313667,0.779328595066,-2.16558776736,-84.6242394634,-84.6242394634
0.7,2.5,4.806,0.0501272483168,-0.772533311085,376.730313667,0.774157902343,-2.2234089744,-86.2874621676,-86.2874621676
0.7,2.5,4.812,0.0270568380988,-0.768424781759,376.730313667,0.768900980432,-2.28259170646,-87.9834038675,-87.9834038675
0.7,2.5,4.818,0.003827498848,-0.763551394172,376.730313667,0.763560987276,-2.34312538356,-89.7127924918,-89.7127924918
0.7,2.5,4.824,-0.0195330394784,-0.757889925349,376.730313667,0.758141595335,-2.40499350399,-91.4763529452,-91.4763529452
0.7,2.5,4.83,-0.0429949604754,-0.751417977093,376.730313667,0.752647024125,-2.46817302354,-93.2748040876,-93.2748040876
0.7,2.5,4.836,-0.0665263423099,-0.744114150273,376.730313667,0.74708207237,-2.53263370346,-95.1088553052,-95.1088553052
0.7,2.5,4.842,-0.0900931525972,-0.735958228182,376.730313667,0.741452149348,-2.59833743066,-96.9792026352,-96.9792026352
0.7,2.5,4.848,-0.113659258715,-0.726931368025,376.730313667,0.73576330495,-2.66523751453,-98.8865244026,-98.8865244026
0.7,2.5,4.854,-0.137186455113,-0.717016299374,376.730313667,0.730022257904,-2.73327796643,-100.831476329,-100.831476329
0.7,2.5,4.86,-0.160634509135,-0.70619752817,376.730313667,0.724236421563,-2.80239276945,-102.81468607,-102.81468607
0.7,2.5,4.866,-0.183961226749,-0.694461544603,376.730313667,0.718413926563,-2.8725051479,-104.836747147,-104.836747147
0.7,2.5,4.872,-0.207122539503,-0.681797032961,376.730313667,0.712563639631,-2.94352684796,-106.898212233,-106.898212233
0.7,2.5,4.878,-0.230072613798,-0.66819508126,376.730313667,0.70669517774,-3.01535744322,-108.999585757,-108.999585757
0.7,2.5,4.884,-0.252763983403,-0.653649388256,376.730313667,0.700818916749,-3.08788368107,-111.141315816,-111.141315816
0.7,2.5,4.89,-0.275147705843,-0.638156465189,376.730313667,0.694945993652,-3.16097888863,-113.323785371,-113.323785371
0.7,2.5,4.896,-0.297173543008,-0.621715829445,376.730313667,0.689088301487,-3.23450245904,-115.547302726,-115.547302726
0.7,2.5,4.902,-0.318790165988,-0.604330187117,376.730313667,0.683258475975,-3.30829944162,-117.812091318,-117.812091318
0.7,2.5,4.908,-0.33994538372,-0.586005601368,376.730313667,0.677469872944,-3.38220026162,-120.118278845,-120.118278845
0.7,2.5,4.914,-0.360586394662,-0.566751643393,376.730313667,0.671736535633,-3.45602059716,-122.465885805,-122.465885805
0.7,2.5,4.92,-0.380660060234,-0.546581522791,376.730313667,0.666073151023,-3.52956144239,-124.854813532,-124.854813532
0.7,2.5,4.926,-0.400113198278,-0.525512194202,376.730313667,0.660494994449,-3.60260938662,-127.284831873,-127.284831873
0.7,2.5,4.932,-0.418892894379,-0.503564437192,376.730313667,0.655017861868,-3.67493713895,-129.755566654,-129.755566654
0.7,2.5,4.938,-0.436946828334,-0.480762906577,376.730313667,0.649657989354,-3.74630432643,-132.266487158,-132.266487158
0.7,2.5,4.944,-0.454223612678,-0.457136150653,376.730313667,0.644431959596,-3.81645859126,-134.816893863,-134.816893863
0.7,2.5,4.95,-0.470673139682,-0.432716595173,376.730313667,0.639356595459,-3.8851370076,-137.405906738,-137.405906738
0.7,2.5,4.956,-0.486246932914,-0.40754049132,376.730313667,0.63444884099,-3.95206783297,-140.032454425,-140.032454425
0.7,2.5,4.962,-0.500898499083,-0.381647826472,376.730313667,0.629725630599,-4.01697260049,-142.695264685,-142.695264685
0.7,2.5,4.968,-0.514583675662,-0.355082197073,376.730313667,0.625203747539,-4.07956854874,-145.392856518,-145.392856518
0.7,2.5,4.974,-0.527260969619,-0.327890643597,376.730313667,0.62089967325,-4.13957137404,-148.123534349,-148.123534349
0.7,2.5,4.98,-0.538891882483,-0.300123448184,376.730313667,0.616829429548,-4.19669827679,-150.885384716,-150.885384716
0.7,2.5,4.986,-0.549441217041,-0.271833896264,376.730313667,0.613008416045,-4.2506712595,-153.676275854,-153.676275854
0.7,2.5,4.992,-0.558877361065,-0.243078004109,376.730313667,0.609451245624,-4.30122061972,-156.493860526,-156.493860526
0.7,2.5,4.998,-0.567172543736,-0.213914214949,376.730313667,0.606171581093,-4.34808856701,-159.335582407,-159.335582407
0.7,2.5,5.004,-0.574303060757,-0.184403066893,376.730313667,0.603181976417,-4.39103288055,-162.198686223,-162.198686223
0.7,2.5,5.01,-0.580249464633,-0.154606836479,376.730313667,0.600493726106,-4.42983051399,-165.080231756,-165.080231756
0.7,2.5,5.016,-0.584996717093,-0.124589162169,376.730313667,0.598116726349,-4.46428104724,-167.977111691,-167.977111691
0.7,2.5,5.022,-0.588534301295,-0.0944146525181,376.730313667,0.596059351416,-4.49420988207,-170.886073143,-170.886073143
0.7,2.5,5.028,-0.590856292096,-0.0641484840608,376.730313667,0.594328348572,-4.51947108103,-173.803742567,-173.803742567
0.7,2.5,5.034,-0.591961383414,-0.0338559941508,376.730313667,0.5929287544,-4.53994975599,-176.726653599,-176.726653599
0.7,2.5,5.04,-0.591852872457,-0.00360227408095,376.730313667,0.591863834859,-4.55556392539,-179.651277264,-179.651277264
0.7,2.5,5.046,-0.590538601316,0.0265482322307,376.730313667,0.591135050795,-4.56626577612,177.42594614,-182.57405386
0.7,2.5,5.052,-0.588030857206,0.0565321188533,376.730313667,0.590742049873,-4.57204228666,174.508574243,-185.491425757
0.7,2.5,5.058,-0.584346233252,0.0862873928831,376.730313667,0.590682685108,-4.57291519169,171.60012969,-188.39987031
0.7,2.5,5.064,-0.579505452437,0.115753829407,376.730313667,0.590953059411,-4.56894029264,168.704067943,-191.295932057
0.7,2.5,5.07,-0.57353315782,0.144873302339,376.730313667,0.591547594746,-4.56020614315,165.823746574,-194.176253426
0.7,2.5,5.076,-0.566457672657,0.173590087613,376.730313667,0.592459123847,-4.54683216036,162.962396773,-197.037603227
0.7,2.5,5.082,-0.558310734422,0.201851135791,376.730313667,0.59367900181,-4.5289662325,160.12309769,-199.87690231
0.7,2.5,5.088,-0.549127206994,0.229606311787,376.730313667,0.59519723443,-4.50678190793,157.308754106,-202.691245894
0.7,2.5,5.094,-0.538944775487,0.256808600042,376.730313667,0.597002619826,-4.48047526104,154.522077793,-205.477922207
0.7,2.5,5.1,-0.527803628218,0.283414274128,376.730313667,0.599082899722,-4.4502615355,151.765572779,-208.234427221
0.7,2.5,5.106,-0.515746130348,0.30938303041,376.730313667,0.601424916739,-4.41637166511,149.041524581,-210.958475419
0.7,2.5,5.112,-0.502816493552,0.33467808598,376.730313667,0.604014774176,-4.37904876848,146.351993352,-213.648006648
0.7,2.5,5.118,-0.489060445914,0.359266241636,376.730313667,0.606837994968,-4.33854470509,143.698810745,-216.301189255
0.7,2.5,5.124,-0.474524905954,0.383117911208,376.730313667,0.60987967687,-4.29511676949,141.083580243,-218.916419757
0.7,2.5,5.13,-0.459257664361,0.406207118932,376.730313667,0.613124641281,-4.24902458735,138.507680574,-221.492319426
0.7,2.5,5.136,-0.443307076653,0.428511466978,376.730313667,0.616557573583,-4.20052726306,135.972271838,-224.027728162
0.7,2.5,5.142,-0.426721769528,0.450012075534,376.730313667,0.620163153304,-4.14988081461,133.478303903,-226.521696097
0.7,2.5,5.148,-0.409550363311,0.470693498052,376.730313667,0.623926172874,-4.09733591823,131.026526631,-228.973473369
0.7,2.5,5.154,-0.3918412124,0.49054361445,376.730313667,0.627831644163,-4.04313597281,128.617501535,-231.382498465
0.7,2.5,5.16,-0.373642165227,0.509553505134,376.730313667,0.631864892386,-3.98751548385,126.25161443,-233.74838557
0.7,2.5,5.166,-0.355000344813,0.527717308732,376.730313667,0.636011637278,-3.93069875749,123.929088747,-236.070911253
0.7,2.5,5.172,-0.335961950612,0.545032066411,376.730313667,0.640258061781,-3.87289888851,121.649999158,-238.350000842
0.7,2.5,5.178,-0.316572081962,0.561497555557,376.730313667,0.644590868671,-3.81431702065,119.414285247,-240.585714753
0.7,2.5,5.184,-0.296874583124,0.577116115496,376.730313667,0.648997325781,-3.75514185447,117.22176498,-242.77823502
0.7,2.5,5.19,-0.276911909618,0.591892467751,376.730313667,0.653465300585,-3.69554937559,115.072147798,-244.927852202
0.7,2.5,5.196,-0.256725015265,0.605833533178,376.730313667,0.657983285035,-3.63570277542,112.965047157,-247.034952843
0.7,2.5,5.202,-0.236353259176,0.618948248109,376.730313667,0.662540411568,-3.57575253694,110.899992436,-249.100007564
0.7,2.5,5.208,-0.215834331691,0.631247381409,376.730313667,0.667126461229,-3.51583665876,108.876440105,-251.123559895
0.7,2.5,5.214,-0.195204198192,0.642743354152,376.730313667,0.671731864883,-3.45608099251,106.893784127,-253.106215873
0.7,2.5,5.22,-0.174497059551,0.653450063392,376.730313667,0.676347698406,-3.39659967057,104.951365552,-255.048634448
0.7,2.5,5.226,-0.153745327936,0.663382711276,376.730313667,0.680965672763,-3.33749560331,103.048481309,-256.951518691
0.7,2.5,5.232,-0.132979616647,0.672557640564,376.730313667,0.685578119783,-3.27886102733,101.184392213,-258.815607787
0.7,2.5,5.238,-0.112228742618,0.680992177393,376.730313667,0.690177974395,-3.2207780887,99.3583301862,-260.641669814
0.7,2.5,5.244,-0.0915197402669,0.688704481945,376.730313667,0.694758754036,-3.16331944716,97.5695047655,-262.430495234
0.7,2.5,5.25,-0.0708778853483,0.695713407522,376.730313667,0.69931453584,-3.10654888981,95.8171088994,-264.182891101
0.7,2.5,5.256,-0.0503267275551,0.702038368348,376.730313667,0.703839932186,-3.05052194422,94.100324102,-265.899675898
0.7,2.5,5.262,-0.0298881306383,0.707699216301,376.730313667,0.708330065087,-2.99528648341,92.4183250016,-267.581674998
0.7,2.5,5.268,-0.00958231889132,0.712716126637,376.730313667,0.71278053986,-2.94088331598,90.7702833321,-269.229716668
0.7,2.5,5.274,0.0105720710824,0.71710949267,376.730313667,0.717187418437,-2.88734675675,89.1553714165,-270.844628584
0.7,2.5,5.28,0.030557934326,0.720899829281,376.730313667,0.721547192641,-2.83470517407,87.5727651852,-272.427234815
0.7,2.5,5.286,0.0503596381322,0.72410768504,376.730313667,0.725856757692,-2.78298151112,86.0216467763,-273.978353224
0.7,2.5,5.292,0.0699629601383,0.726753562671,376.730313667,0.730113386157,-2.73219377955,84.501206757,-275.498793243
0.7,2.5,5.298,0.0893550246721,0.728857847536,376.730313667,0.734314702528,-2.68235552429,83.0106460065,-276.989353994
0.7,2.5,5.304,0.108524238032,0.730440743777,376.730313667,0.738458658565,-2.63347625916,81.5491772966,-278.450822703
0.7,2.5,5.31,0.127460223307,0.731522217714,376.730313667,0.742543509523,-2.58556187342,80.1160266029,-279.883973397
0.7,2.5,5.316,0.146153755264,0.732121948096,376.730313667,0.746567791337,-2.5386150095,78.7104341783,-281.289565822
0.7,2.5,5.322,0.164596695769,0.732259282767,376.730313667,0.750530298826,-2.49263541292,77.3316554149,-282.668344585
0.7,2.5,5.328,0.182781930135,0.731953201327,376.730313667,0.754430064961,-2.44762025519,75.9789615228,-284.021038477
0.7,2.5,5.334,0.200703304737,0.731222283354,376.730313667,0.758266341206,-2.40356443092,74.6516400449,-285.348359955
0.7,2.5,5.34,0.218355566167,0.730084681752,376.730313667,0.762038578948,-2.36046083042,73.3489952318,-286.651004768
0.7,2.5,5.346,0.23573430217,0.728558100828,376.730313667,0.765746412007,-2.31830058907,72.0703482926,-287.929651707
0.7,2.5,5.352,0.252835884535,0.72665977868,376.730313667,0.769389640208,-2.27707331486,70.8150375397,-289.18496246
0.7,2.5,5.358,0.26965741409,0.724406473513,376.730313667,0.772968213992,-2.23676729555,69.5824184416,-290.417581558
0.7,2.5,5.364,0.286196667911,0.721814453524,376.730313667,0.776482220041,-2.19736968671,68.371863597,-291.628136403
0.7,2.5,5.37,0.302452048801,0.718899489986,376.730313667,0.779931867874,-2.15886668205,67.1827626418,-292.817237358
0.7,2.5,5.376,0.318422537114,0.71567685322,376.730313667,0.783317477385,-2.12124366735,66.0145220982,-293.985477902
0.7,2.5,5.382,0.334107644915,0.71216131113,376.730313667,0.786639467267,-2.08448535923,64.8665651769,-295.133434823
0.7,2.5,5.388,0.349507372495,0.708367130024,376.730313667,0.789898344299,-2.04857592991,63.7383315385,-296.261668461
0.7,2.5,5.394,0.36462216721,0.704308077433,376.730313667,0.793094693437,-2.01349911917,62.6292770217,-297.370722978
0.7,2.5,5.4,0.379452884628,0.699997426706,376.730313667,0.796229168674,-1.97923833453,61.5388733444,-298.461126656
0.7,2.5,5.406,0.394000751905,0.695447963122,376.730313667,0.799302484616,-1.94577674065,60.4666077834,-299.533392217
0.7,2.5,5.412,0.408267333372,0.69067199133,376.730313667,0.802315408743,-1.91309733886,59.4119828362,-300.588017164
0.7,2.5,5.418,0.422254498231,0.685681343909,376.730313667,0.805268754306,-1.88118303779,58.3745158703,-301.62548413
0.7,2.5,5.424,0.435964390319,0.680487390887,376.730313667,0.808163373819,-1.8500167158,57.3537387622,-302.646261238
0.7,2.5,5.43,0.449399399833,0.67510105004,376.730313667,0.811000153104,-1.81958127601,56.3491975304,-303.65080247
0.7,2.5,5.436,0.46256213696,0.669532797855,376.730313667,0.813780005869,-1.78985969461,55.3604519638,-304.639548036
0.7,2.5,5.442,0.475455407318,0.663792680989,376.730313667,0.816503868749,-1.76083506306,54.3870752484,-305.612924752
0.7,2.5,5.448,0.488082189119,0.65789032815,376.730313667,0.819172696816,-1.73249062491,53.4286535941,-306.571346406
0.7,2.5,5.454,0.500445611979,0.651834962262,376.730313667,0.821787459491,-1.70480980749,52.4847858632,-307.515214137
0.7,2.5,5.46,0.512548937285,0.645635412835,376.730313667,0.824349136846,-1.67777624927,51.5550832017,-308.444916798
0.7,2.5,5.466,0.524395540037,0.639300128468,376.730313667,0.826858716269,-1.65137382313,50.6391686754,-309.360831325
0.7,2.5,5.472,0.53598889208,0.632837189391,376.730313667,0.829317189445,-1.62558665609,49.7366769102,-310.26332309
0.7,2.5,5.478,0.547332546655,0.626254319997,376.730313667,0.831725549652,-1.6003991457,48.8472537393,-311.152746261
0.7,2.5,5.484,0.558430124178,0.619558901315,376.730313667,0.834084789328,-1.57579597368,47.9705558564,-312.029444144
0.7,2.5,5.49,0.569285299184,0.612757983356,376.730313667,0.836395897905,-1.55176211684,47.1062504762,-312.893749524
0.7,2.5,5.496,0.579901788355,0.605858297305,376.730313667,0.838659859866,-1.52828285578,46.2540150024,-313.745984998
0.7,2.5,5.502,0.590283339572,0.598866267532,376.730313667,0.840877653029,-1.50534378153,45.4135367037,-314.586463296
0.7,2.5,5.508,0.600433721911,0.591788023366,376.730313667,0.843050247024,-1.48293080039,44.5845123976,-315.415487602
0.7,2.5,5.514,0.610356716535,0.584629410635,376.730313667,0.845178601953,-1.46103013706,43.7666481426,-316.233351857
0.7,2.5,5.52,0.620056108407,0.577396002939,376.730313667,0.847263667215,-1.43962833654,42.9596589389,-317.040341061
0.7,2.5,5.526,0.629535678781,0.570093112636,376.730313667,0.849306380486,-1.41871226458,42.163268437,-317.836731563
0.7,2.5,5.532,0.638799198403,0.562725801539,376.730313667,0.851307666827,-1.39826910719,41.3772086555,-318.622791344
0.7,2.5,5.538,0.647850421382,0.555298891306,376.730313667,0.853268437932,-1.37828636909,40.6012197061,-319.398780294
0.7,2.5,5.544,0.656693079676,0.547816973518,376.730313667,0.855189591476,-1.35875187142,39.8350495283,-320.164950472
0.7,2.5,5.55,0.66533087815,0.540284419447,376.730313667,0.857072010579,-1.33965374863,39.0784536308,-320.921546369
0.7,2.5,5.556,0.67376749016,0.532705389498,376.730313667,0.85891656335,-1.32098044483,38.3311948424,-321.668805158
0.7,2.5,5.562,0.68200655363,0.525083842338,376.730313667,0.860724102531,-1.3027207096,37.59304307,-322.40695693
0.7,2.5,5.568,0.690051667574,0.517423543705,376.730313667,0.862495465207,-1.28486359329,36.8637750643,-323.136224936
0.7,2.5,5.574,0.69790638904,0.509728074905,376.730313667,0.864231472586,-1.26739844201,36.1431741939,-323.856825806
0.7,2.5,5.58,0.705574230427,0.502000840992,376.730313667,0.86593292985,-1.25031489231,35.4310302259,-324.568969774
0.7,2.5,5.586,0.713058657164,0.494245078649,376.730313667,0.867600626052,-1.23360286551,34.7271391148,-325.272860885
0.7,2.5,5.592,0.720363085704,0.486463863756,376.730313667,0.869235334064,-1.21725256196,34.0313027974,-325.968697203
0.7,2.5,5.598,0.727490881815,0.478660118676,376.730313667,0.870837810579,-1.20125445506,33.3433289957,-326.656671004
0.7,2.5,5.604,0.734445359144,0.47083661924,376.730313667,0.872408796142,-1.18559928514,32.6630310255,-327.336968974
0.7,2.5,5.61,0.741229778032,0.462996001461,376.730313667,0.873949015223,-1.17027805333,31.9902276127,-328.009772387
0.7,2.5,5.616,0.747847344541,0.455140767965,376.730313667,0.875459176319,-1.15528201532,31.3247427145,-328.675257286
0.7,2.5,5.622,0.754301209707,0.44727329416,376.730313667,0.876939972081,-1.14060267512,30.6664053478,-329.333594652
0.7,2.5,5.628,0.760594468965,0.439395834148,376.730313667,0.878392079476,-1.12623177881,30.0150494233,-329.984950577
0.7,2.5,5.634,0.766730161752,0.431510526384,376.730313667,0.879816159956,-1.1121613083,29.3705135855,-330.629486414
0.7,2.5,5.64,0.772711271263,0.423619399091,376.730313667,0.881212859656,-1.09838347516,28.7326410574,-331.267358943
0.7,2.5,5.646,0.778540724344,0.415724375449,376.730313667,0.882582809601,-1.08489071448,28.1012794919,-331.898720508
0.7,2.5,5.652,0.784221391515,0.407827278549,376.730313667,0.883926625936,-1.07167567878,27.4762808275,-332.523719173
0.7,2.5,5.658,0.789756087108,0.399929836137,376.730313667,0.885244910156,-1.05873123204,26.8575011491,-333.142498851
0.7,2.5,5.664,0.795147569499,0.392033685141,376.730313667,0.886538249353,-1.0460504438,26.2448005545,-333.755199445
0.7,2.5,5.67,0.800398541442,0.384140376003,376.730313667,0.887807216471,-1.03362658335,25.6380430241,-334.361956976
0.7,2.5,5.676,0.805511650476,0.376251376817,376.730313667,0.889052370567,-1.02145311405,25.0370962967,-334.962903703
0.7,2.5,5.682,0.810489489413,0.368368077272,376.730313667,0.89027425707,-1.00952368768,24.4418317487,-335.558168251
0.7,2.5,5.688,0.815334596879,0.36049179243,376.730313667,0.891473408059,-0.997832139069,23.8521242775,-336.147875722
0.7,2.5,5.694,0.820049457924,0.352623766318,376.730313667,0.892650342527,-0.986372480644,23.2678521899,-336.73214781
0.7,2.5,5.7,0.824636504676,0.344765175368,376.730313667,0.893805566659,-0.975138897253,22.6888970931,-337.311102907
0.7,2.5,5.706,0.829098117036,0.33691713169,376.730313667,0.894939574105,-0.964125741032,22.1151437908,-337.884856209
0.7,2.5,5.712,0.833436623413,0.329080686201,376.730313667,0.896052846252,-0.953327526422,21.5464801816,-338.453519818
0.7,2.5,5.718,0.837654301496,0.321256831605,376.730313667,0.897145852506,-0.942738925313,20.9827971624,-339.017202838
0.7,2.5,5.724,0.841753379045,0.313446505234,376.730313667,0.898219050553,-0.932354762301,20.4239885338,-339.576011466
0.7,2.5,5.73,0.845736034707,0.305650591763,376.730313667,0.89927288664,-0.922170010082,19.8699509098,-340.13004909
0.7,2.5,5.736,0.849604398857,0.297869925789,376.730313667,0.900307795838,-0.912179784964,19.32058363,-340.67941637
0.7,2.5,5.742,0.853360554447,0.2901052943,376.730313667,0.901324202308,-0.902379342506,18.7757886751,-341.224211325
0.7,2.5,5.748,0.857006537868,0.282357439017,376.730313667,0.902322519567,-0.892764073271,18.2354705853,-341.764529415
0.7,2.5,5.754,0.860544339826,0.274627058635,376.730313667,0.903303150742,-0.883329498714,17.6995363816,-342.300463618
0.7,2.5,5.76,0.863975906215,0.266914810952,376.730313667,0.904266488832,-0.874071267174,17.1678954898,-342.83210451
0.7,2.5,5.766,0.867303139,0.259221314903,376.730313667,0.905212916953,-0.864985149993,16.6404596666,-343.359540333
0.7,2.5,5.772,0.870527897101,0.251547152493,376.730313667,0.90614280859,-0.856067037744,16.1171429291,-343.882857071
0.7,2.5,5.778,0.873651997275,0.243892870642,376.730313667,0.907056527837,-0.847312936575,15.5978614861,-344.402138514
0.7,2.5,5.784,0.876677214991,0.236258982938,376.730313667,0.90795442964,-0.838718964658,15.0825336719,-344.917466328
0.7,2.5,5.79,0.879605285308,0.228645971313,376.730313667,0.908836860025,-0.830281348754,14.5710798824,-345.428920118
0.7,2.5,5.796,0.882437903746,0.221054287631,376.730313667,0.909704156332,-0.821996420876,14.0634225132,-345.936577487
0.7,2.5,5.802,0.885176727144,0.213484355211,376.730313667,0.91055664744,-0.813860615058,13.5594859001,-346.4405141
0.7,2.5,5.808,0.887823374514,0.205936570266,376.730313667,0.911394653982,-0.805870464224,13.0591962615,-346.940803739
0.7,2.5,5.814,0.890379427891,0.198411303283,376.730313667,0.912218488567,-0.798022597151,12.5624816422,-347.437518358
0.7,2.5,5.82,0.892846433162,0.190908900328,376.730313667,0.913028455983,-0.790313735536,12.0692718601,-347.93072814
0.7,2.5,5.826,0.895225900894,0.183429684297,376.730313667,0.913824853411,-0.782740691144,11.5794984538,-348.420501546
0.7,2.5,5.832,0.897519307142,0.1759739561,376.730313667,0.914607970618,-0.775300363056,11.0930946326,-348.906905367
0.7,2.5,5.838,0.899728094256,0.168541995796,376.730313667,0.915378090157,-0.767989734999,10.6099952271,-349.390004773
0.7,2.5,5.844,0.901853671663,0.161134063664,376.730313667,0.916135487559,-0.760805872759,10.1301366432,-349.869863357
0.7,2.5,5.85,0.903897416646,0.153750401228,376.730313667,0.916880431516,-0.753745921685,9.65345681583,-350.346543184
0.7,2.5,5.856,0.905860675103,0.146391232237,376.730313667,0.917613184067,-0.746807104262,9.17989516515,-350.820104835
0.7,2.5,5.862,0.907744762297,0.139056763588,376.730313667,0.918334000774,-0.739986717773,8.70939255414,-351.290607446
0.7,2.5,5.868,0.909550963591,0.131747186211,376.730313667,0.919043130894,-0.733282132023,8.24189124732,-351.758108753
0.7,2.5,5.874,0.911280535165,0.124462675911,376.730313667,0.919740817549,-0.72669078715,7.77733487093,-352.222665129
0.7,2.5,5.88,0.912934704726,0.117203394167,376.730313667,0.920427297888,-0.720210191498,7.31566837443,-352.684331626
0.7,2.5,5.886,0.9145146722,0.109969488895,376.730313667,0.921102803251,-0.713837919557,6.85683799321,-353.143162007
0.7,2.5,5.892,0.916021610408,0.102761095173,376.730313667,0.92176755932,-0.707571609979,6.40079121247,-353.599208788
0.7,2.5,5.898,0.917456665731,0.095578335928,376.730313667,0.922421786274,-0.701408963645,5.94747673237,-354.052523268
0.7,2.5,5.904,0.91882095876,0.0884213225972,376.730313667,0.923065698933,-0.695347741807,5.49684443416,-354.503155566
0.7,2.5,5.91,0.920115584934,0.0812901557494,376.730313667,0.923699506907,-0.689385764281,5.04884534749,-354.951154653
0.7,2.5,5.916,0.921341615156,0.0741849256808,376.730313667,0.924323414729,-0.683520907702,4.60343161868,-355.396568381
0.7,2.5,5.922,0.922500096407,0.0671057129803,376.730313667,0.924937621997,-0.677751103836,4.16055648012,-355.83944352
0.7,2.5,5.928,0.923592052336,0.060052589068,376.730313667,0.925542323501,-0.672074337944,3.72017422047,-356.27982578
0.7,2.5,5.934,0.924618483844,0.053025616707,376.730313667,0.926137709357,-0.666488647199,3.28224015592,-356.717759844
0.7,2.5,5.94,0.925580369647,0.0460248504909,376.730313667,0.926723965126,-0.660992119156,2.84671060231,-357.153289398
0.7,2.5,5.946,0.926478666833,0.0390503373068,376.730313667,0.927301271939,-0.655582890272,2.41354284812,-357.586457152
0.7,2.5,5.952,0.927314311402,0.0321021167767,376.730313667,0.927869806617,-0.650259144468,1.9826951283,-358.017304872
0.7,2.5,5.958,0.928088218792,0.0251802216766,376.730313667,0.928429741782,-0.645019111742,1.55412659892,-358.445873401
0.7,2.5,5.964,0.928801284399,0.0182846783353,376.730313667,0.928981245969,-0.639861066826,1.12779731257,-358.872202687
0.7,2.5,5.97,0.929454384073,0.0114155070139,376.730313667,0.92952448374,-0.634783327887,0.703668194574,-359.296331805
0.7,2.5,5.976,0.930048374612,0.00457272226692,376.730313667,0.930059615781,-0.629784255264,0.281701019897,-359.71829898
0.7,2.5,5.982,0.930584094242,-0.00224366671533,376.730313667,0.930586799013,-0.624862250251,-0.138141609258,-360.138141609
0.7,2.5,5.988,0.931062363081,-0.00903365577984,376.730313667,0.931106186685,-0.620015753917,-0.555896285135,-360.555896285
0.7,2.5,5.994,0.931483983593,-0.015797245501,376.730313667,0.931617928475,-0.615243245964,-0.971598815476,-360.971598815
0.7,2.5,6,0.931849741036,-0.0225344408854,376.730313667,0.932122170584,-0.610543243619,-1.38528424393,-361.385284244
0.7,2.5,6.006,0.932160403889,-0.029245251092,376.730313667,0.932619055826,-0.605914300565,-1.79698686984,-361.79698687
0.7,2.5,6.012,0.932416724278,-0.0359296891649,376.730313667,0.933108723717,-0.601355005902,-2.20674026746,-362.206740267
0.7,2.5,6.018,0.932619438383,-0.0425877717807,376.730313667,0.933591310561,-0.596863983144,-2.61457730458,-362.614577305
0.7,2.5,6.024,0.932769266845,-0.0492195190074,376.730313667,0.934066949539,-0.592439889244,-3.02053016058,-363.020530161
0.7,2.5,6.03,0.932866915147,-0.0558249540759,376.730313667,0.934535770784,-0.588081413652,-3.42463034399,-363.424630344
0.7,2.5,6.036,0.932913074003,-0.0624041031622,376.730313667,0.934997901462,-0.583787277406,-3.82690870952,-363.82690871
0.7,2.5,6.042,0.932908419724,-0.0689569951818,376.730313667,0.935453465853,-0.579556232244,-4.22739547456,-364.227395475
0.7,2.5,6.048,0.932853614579,-0.0754836615926,376.730313667,0.935902585423,-0.575387059747,-4.62612023521,-364.626120235
0.7,2.5,6.054,0.93274930715,-0.0819841362096,376.730313667,0.936345378895,-0.571278570511,-5.02311198188,-365.023111982
0.7,2.5,6.06,0.93259613267,-0.0884584550272,376.730313667,0.936781962324,-0.567229603343,-5.41839911437,-365.418399114
0.7,2.5,6.066,0.932394713361,-0.0949066560521,376.730313667,0.937212449163,-0.563239024483,-5.81200945658,-365.812009457
0.7,2.5,6.072,0.932145658759,-0.101328779143,376.730313667,0.937636950331,-0.559305726844,-6.20397027075,-366.203970271
0.7,2.5,6.078,0.931849566029,-0.107724865861,376.730313667,0.938055574277,-0.555428629284,-6.5943082713,-366.594308271
0.7,2.5,6.084,0.931507020272,-0.114094959323,376.730313667,0.938468427044,-0.551606675899,-6.98304963828,-366.983049638
0.7,2.5,6.09,0.931118594831,-0.12043910407,376.730313667,0.938875612331,-0.54783883533,-7.37022003044,-367.37022003
0.7,2.5,6.096,0.93068485158,-0.126757345933,376.730313667,0.93927723155,-0.5441241001,-7.75584459792,-367.755844598
0.7,2.5,6.102,0.930206341209,-0.133049731914,376.730313667,0.939673383888,-0.540461485967,-8.13994799459,-368.139947995
0.7,2.5,6.108,0.929683603504,-0.13931631007,376.730313667,0.940064166361,-0.536850031298,-8.52255439,-368.52255439
0.7,2.5,6.114,0.929117167615,-0.145557129401,376.730313667,0.940449673867,-0.533288796461,-8.9036874811,-368.903687481
0.7,2.5,6.12,0.928507552322,-0.151772239746,376.730313667,0.940829999244,-0.529776863235,-9.28337050349,-369.283370503
0.7,2.5,6.126,0.927855266291,-0.157961691685,376.730313667,0.941205233318,-0.526313334241,-9.66162624247,-369.661626242
0.7,2.5,6.132,0.927160808323,-0.164125536447,376.730313667,0.941575464954,-0.522897332388,-10.0384770437,-370.038477044
0.7,2.5,6.138,0.926424667597,-0.170263825819,376.730313667,0.941940781108,-0.519528000331,-10.4139448237,-370.413944824
0.7,2.5,6.144,0.925647323909,-0.176376612062,376.730313667,0.942301266869,-0.516204499956,-10.7880510799,-370.78805108
0.7,2.5,6.15,0.924829247905,-0.182463947835,376.730313667,0.942657005511,-0.512926011869,-11.1608169003,-371.1608169
0.7,2.5,6.156,0.923970901298,-0.188525886116,376.730313667,0.943008078534,-0.509691734908,-11.5322629734,-371.532262973
0.7,2.5,6.162,0.923072737096,-0.194562480135,376.730313667,0.94335456571,-0.506500885667,-11.9024095974,-371.902409597
0.7,2.5,6.168,0.922135199812,-0.200573783305,376.730313667,0.943696545125,-0.50335269803,-12.271276689,-372.271276689
0.7,2.5,6.174,0.921158725669,-0.206559849159,376.730313667,0.94403409322,-0.500246422729,-12.6388837924,-372.638883792
0.7,2.5,6.18,0.920143742809,-0.21252073129,376.730313667,0.944367284831,-0.497181326903,-13.005250088,-373.005250088
0.7,2.5,6.186,0.919090671483,-0.218456483296,376.730313667,0.944696193229,-0.494156693678,-13.3703944006,-373.370394401
0.7,2.5,6.192,0.91799992425,-0.224367158728,376.730313667,0.94502089016,-0.491171821756,-13.7343352074,-373.734335207
0.7,2.5,6.198,0.916871906158,-0.230252811035,376.730313667,0.945341445876,-0.488226025016,-14.0970906462,-374.097090646
0.7,2.5,6.204,0.915707014931,-0.236113493525,376.730313667,0.945657929179,-0.485318632131,-14.4586785229,-374.458678523
0.7,2.5,6.21,0.914505641145,-0.241949259313,376.730313667,0.945970407449,-0.482448986187,-14.8191163189,-374.819116319
0.7,2.5,6.216,0.913268168401,-0.247760161284,376.730313667,0.946278946683,-0.479616444322,-15.1784211986,-375.178421199
0.7,2.5,6.222,0.911994973494,-0.253546252052,376.730313667,0.946583611525,-0.476820377371,-15.5366100165,-375.536610017
0.7,2.5,6.228,0.910686426575,-0.259307583925,376.730313667,0.946884465302,-0.474060169522,-15.8936993239,-375.893699324
0.7,2.5,6.234,0.909342891317,-0.26504420887,376.730313667,0.947181570051,-0.47133521798,-16.2497053758,-376.249705376
0.7,2.5,6.24,0.907964725063,-0.270756178479,376.730313667,0.947474986552,-0.468644932647,-16.6046441374,-376.604644137
0.7,2.5,6.246,0.906552278984,-0.276443543942,376.730313667,0.94776477436,-0.465988735801,-16.9585312906,-376.958531291
0.7,2.5,6.252,0.905105898227,-0.282106356015,376.730313667,0.948050991829,-0.463366061792,-17.3113822401,-377.31138224
0.7,2.5,6.258,0.903625922054,-0.287744665,376.730313667,0.948333696145,-0.460776356744,-17.6632121195,-377.66321212
0.7,2.5,6.264,0.902112683988,-0.293358520712,376.730313667,0.948612943348,-0.458219078269,-18.0140357973,-378.014035797
0.7,2.5,6.27,0.900566511949,-0.298947972465,376.730313667,0.948888788365,-0.455693695177,-18.3638678823,-378.363867882
0.7,2.5,6.276,0.898987728386,-0.304513069042,376.730313667,0.949161285033,-0.45319968721,-18.7127227298,-378.71272273
0.7,2.5,6.282,0.897376650407,-0.310053858683,376.730313667,0.949430486124,-0.450736544776,-19.0606144466,-379.060614447
0.7,2.5,6.288,0.89573358991,-0.315570389064,376.730313667,0.949696443369,-0.448303768686,-19.4075568965,-379.407556897
0.7,2.5,6.294,0.8940588537,-0.321062707279,376.730313667,0.949959207484,-0.445900869905,-19.7535637056,-379.753563706
0.7,2.5,6.3,0.892352743615,-0.326530859824,376.730313667,0.950218828194,-0.443527369309,-20.0986482672,-380.098648267
0.7,2.5,6.306,0.890615556643,-0.331974892587,376.730313667,0.950475354253,-0.441182797444,-20.4428237467,-380.442823747
0.7,2.5,6.312,0.888847585034,-0.337394850831,376.730313667,0.950728833468,-0.4388666943,-20.7861030866,-380.786103087
0.7,2.5,6.318,0.887049116412,-0.342790779184,376.730313667,0.95097931272,-0.43657860908,-21.1284990111,-381.128499011
0.7,2.5,6.324,0.885220433889,-0.348162721626,376.730313667,0.951226837986,-0.434318099986,-21.4700240308,-381.470024031
0.7,2.5,6.33,0.883361816162,-0.353510721483,376.730313667,0.951471454357,-0.432084734004,-21.810690447,-381.810690447
0.7,2.5,6.336,0.881473537627,-0.358834821414,376.730313667,0.951713206064,-0.429878086699,-22.150510356,-382.150510356
0.7,2.5,6.342,0.879555868471,-0.364135063407,376.730313667,0.951952136488,-0.42769774201,-22.4894956537,-382.489495654
0.7,2.5,6.348,0.877609074776,-0.369411488769,376.730313667,0.952188288189,-0.425543292059,-22.8276580395,-382.827658039
0.7,2.5,6.354,0.875633418614,-0.374664138122,376.730313667,0.952421702917,-0.423414336955,-23.1650090203,-383.16500902
0.7,2.5,6.36,0.873629158138,-0.379893051395,376.730313667,0.952652421635,-0.421310484612,-23.5015599146,-383.501559915
0.7,2.5,6.366,0.871596547678,-0.385098267822,376.730313667,0.952880484533,-0.419231350567,-23.8373218563,-383.837321856
0.7,2.5,6.372,0.869535837825,-0.390279825938,376.730313667,0.953105931046,-0.417176557806,-24.1723057984,-384.172305798
0.7,2.5,6.378,0.867447275521,-0.395437763574,376.730313667,0.953328799874,-0.415145736589,-24.506522517,-384.506522517
0.7,2.5,6.384,0.865331104145,-0.400572117854,376.730313667,0.953549128993,-0.413138524286,-24.8399826142,-384.839982614
0.7,2.5,6.39,0.863187563592,-0.405682925197,376.730313667,0.953766955675,-0.411154565214,-25.1726965225,-385.172696522
0.7,2.5,6.396,0.861016890357,-0.41077022131,376.730313667,0.9539823165,-0.409193510481,-25.5046745073,-385.504674507
0.7,2.5,6.402,0.85881931761,-0.415834041192,376.730313667,0.954195247376,-0.407255017828,-25.8359266711,-385.835926671
0.7,2.5,6.408,0.856595075278,-0.420874419131,376.730313667,0.954405783548,-0.405338751482,-26.166462956,-386.166462956
0.7,2.5,6.414,0.854344390116,-0.425891388704,376.730313667,0.954613959616,-0.403444382009,-26.4962931475,-386.496293147
0.7,2.5,6.42,0.85206748578,-0.430884982779,376.730313667,0.954819809549,-0.401571586172,-26.8254268771,-386.825426877
0.7,2.5,6.426,0.849764582901,-0.435855233516,376.730313667,0.955023366696,-0.399720046792,-27.1538736259,-387.153873626
0.7,2.5,6.432,0.847435899154,-0.440802172366,376.730313667,0.955224663803,-0.397889452616,-27.481642727,-387.481642727
0.7,2.5,6.438,0.845081649324,-0.445725830077,376.730313667,0.955423733022,-0.39607949818,-27.8087433687,-387.808743369
0.7,2.5,6.444,0.842702045373,-0.450626236692,376.730313667,0.955620605926,-0.394289883684,-28.1351845973,-388.135184597
0.7,2.5,6.45,0.840297296507,-0.455503421553,376.730313667,0.955815313523,-0.392520314868,-28.4609753198,-388.46097532
0.7,2.5,6.456,0.837867609238,-0.460357413306,376.730313667,0.956007886262,-0.390770502888,-28.7861243067,-388.786124307
0.7,2.5,6.462,0.835413187443,-0.4651882399,376.730313667,0.956198354053,-0.389040164199,-29.1106401947,-389.110640195
0.7,2.5,6.468,0.832934232427,-0.469995928595,376.730313667,0.956386746273,-0.387329020439,-29.4345314889,-389.434531489
0.7,2.5,6.474,0.830430942985,-0.474780505963,376.730313667,0.956573091776,-0.385636798315,-29.7578065658,-389.757806566
0.7,2.5,6.48,0.827903515451,-0.479541997891,376.730313667,0.956757418909,-0.383963229495,-30.0804736756,-390.080473676
0.7,2.5,6.486,0.825352143761,-0.484280429589,376.730313667,0.95693975552,-0.382308050499,-30.4025409444,-390.402540944
0.7,2.5,6.492,0.822777019507,-0.48899582559,376.730313667,0.957120128967,-0.380671002596,-30.7240163769,-390.724016377
0.7,2.5,6.498,0.820178331988,-0.493688209758,376.730313667,0.957298566131,-0.379051831701,-31.0449078584,-391.044907858
0.7,2.5,6.504,0.817556268262,-0.498357605291,376.730313667,0.957475093423,-0.377450288277,-31.3652231574,-391.365223157
0.7,2.5,6.51,0.8149110132,-0.503004034728,376.730313667,0.957649736797,-0.375866127234,-31.6849699273,-391.684969927
0.7,2.5,6.516,0.812242749533,-0.507627519952,376.730313667,0.957822521755,-0.374299107842,-32.0041557091,-392.004155709
0.7,2.5,6.522,0.809551657905,-0.512228082195,376.730313667,0.957993473363,-0.372748993632,-32.3227879332,-392.322787933
0.7,2.5,6.528,0.806837916912,-0.516805742048,376.730313667,0.958162616251,-0.371215552308,-32.6408739214,-392.640873921
0.7,2.5,6.534,0.804101703159,-0.521360519461,376.730313667,0.958329974631,-0.369698555659,-32.9584208892,-392.958420889
0.7,2.5,6.54,0.801343191297,-0.525892433751,376.730313667,0.958495572298,-0.368197779477,-33.2754359476,-393.275435948
0.7,2.5,6.546,0.79856255407,-0.53040150361,376.730313667,0.958659432643,-0.366713003466,-33.5919261049,-393.591926105
0.7,2.5,6.552,0.795759962362,-0.534887747108,376.730313667,0.958821578661,-0.365244011169,-33.9078982688,-393.907898269
0.7,2.5,6.558,0.792935585233,-0.539351181701,376.730313667,0.958982032955,-0.363790589881,-34.2233592483,-394.223359248
0.7,2.5,6.564,0.790089589964,-0.543791824234,376.730313667,0.95914081775,-0.362352530576,-34.5383157551,-394.538315755
0.7,2.5,6.57,0.787222142098,-0.548209690954,376.730313667,0.959297954895,-0.360929627828,-34.852774406,-394.852774406
0.7,2.5,6.576,0.784333405476,-0.552604797509,376.730313667,0.959453465873,-0.359521679742,-35.1667417239,-395.166741724
0.7,2.5,6.582,0.781423542279,-0.556977158958,376.730313667,0.959607371809,-0.358128487874,-35.4802241403,-395.48022414
0.7,2.5,6.588,0.778492713065,-0.561326789779,376.730313667,0.959759693475,-0.356749857167,-35.7932279962,-395.793227996
0.7,2.5,6.594,0.775541076804,-0.565653703872,376.730313667,0.9599104513,-0.355385595881,-36.1057595442,-396.105759544
0.7,2.5,6.6,0.772568790917,-0.569957914566,376.730313667,0.960059665373,-0.354035515523,-36.4178249498,-396.41782495
0.7,2.5,6.606,0.769576011306,-0.574239434631,376.730313667,0.960207355452,-0.352699430784,-36.7294302934,-396.729430293
0.7,2.5,6.612,0.766562892397,-0.578498276278,376.730313667,0.960353540971,-0.351377159471,-37.0405815712,-397.040581571
0.7,2.5,6.618,0.763529587163,-0.582734451167,376.730313667,0.960498241045,-0.350068522451,-37.3512846972,-397.351284697
0.7,2.5,6.624,0.760476247167,-0.586947970419,376.730313667,0.960641474476,-0.348773343584,-37.6615455045,-397.661545504
0.7,2.5,6.63,0.757403022588,-0.591138844615,376.730313667,0.960783259762,-0.347491449665,-37.9713697465,-397.971369746
0.7,2.5,6.636,0.754310062252,-0.595307083811,376.730313667,0.960923615096,-0.346222670367,-38.2807630987,-398.280763099
0.7,2.5,6.642,0.751197513667,-0.599452697537,376.730313667,0.961062558382,-0.344966838181,-38.5897311599,-398.58973116
0.7,2.5,6.648,0.748065523051,-0.60357569481,376.730313667,0.961200107232,-0.343723788363,-38.8982794533,-398.898279453
0.7,2.5,6.654,0.744914235359,-0.607676084136,376.730313667,0.961336278974,-0.342493358879,-39.2064134283,-399.206413428
0.7,2.5,6.66,0.741743794317,-0.611753873521,376.730313667,0.96147109066,-0.34127539035,-39.5141384613,-399.514138461
0.7,2.5,6.666,0.738554342444,-0.615809070476,376.730313667,0.96160455907,-0.340069726002,-39.8214598572,-399.821459857
0.7,2.5,6.672,0.735346021085,-0.619841682023,376.730313667,0.961736700713,-0.338876211615,-40.1283828509,-400.128382851
0.7,2.5,6.678,0.732118970433,-0.623851714704,376.730313667,0.961867531839,-0.337694695473,-40.4349126079,-400.434912608
0.7,2.5,6.684,0.728873329559,-0.627839174586,376.730313667,0.96199706844,-0.336525028313,-40.7410542261,-400.741054226
0.7,2.5,6.69,0.725609236438,-0.631804067268,376.730313667,0.962125326255,-0.335367063282,-41.0468127363,-401.046812736
0.7,2.5,6.696,0.72232682797,-0.63574639789,376.730313667,0.962252320774,-0.334220655887,-41.3521931042,-401.352193104
0.7,2.5,6.702,0.719026240009,-0.639666171136,376.730313667,0.962378067247,-0.333085663953,-41.6572002306,-401.657200231
0.7,2.5,6.708,0.715707607384,-0.643563391245,376.730313667,0.962502580681,-0.331961947575,-41.9618389534,-401.961838953
0.7,2.5,6.714,0.712371063926,-0.647438062015,376.730313667,0.962625875854,-0.330849369076,-42.2661140478,-402.266114048
0.7,2.5,6.72,0.709016742486,-0.65129018681,376.730313667,0.96274796731,-0.329747792966,-42.5700302279,-402.570030228
0.7,2.5,6.726,0.705644774963,-0.655119768567,376.730313667,0.962868869369,-0.328657085899,-42.8735921477,-402.873592148
0.7,2.5,6.732,0.702255292324,-0.658926809806,376.730313667,0.962988596131,-0.327577116632,-43.1768044019,-403.176804402
0.7,2.5,6.738,0.698848424623,-0.66271131263,376.730313667,0.963107161475,-0.326507755989,-43.479671527,-403.479671527
0.7,2.5,6.744,0.695424301026,-0.666473278737,376.730313667,0.963224579071,-0.325448876815,-43.7821980024,-403.782198002
0.7,2.5,6.75,0.69198304983,-0.670212709424,376.730313667,0.963340862377,-0.324400353946,-44.084388251,-404.084388251
0.7,2.5,6.756,0.688524798482,-0.673929605598,376.730313667,0.963456024646,-0.323362064167,-44.3862466405,-404.38624664
0.7,2.5,6.762,0.685049673603,-0.677623967774,376.730313667,0.963570078928,-0.322333886178,-44.6877774842,-404.687777484
0.7,2.5,6.768,0.681557801003,-0.681295796091,376.730313667,0.963683038078,-0.321315700556,-44.9889850418,-404.988985042
0.7,2.5,6.774,0.6780493057,-0.684945090312,376.730313667,0.963794914753,-0.320307389721,-45.2898735203,-405.28987352
0.7,2.5,6.78,0.674524311942,-0.688571849834,376.730313667,0.96390572142,-0.319308837907,-45.5904470751,-405.590447075
0.7,2.5,6.786,0.670982943225,-0.692176073693,376.730313667,0.964015470359,-0.318319931119,-45.8907098106,-405.890709811
0.7,2.5,6.792,0.667425322306,-0.695757760569,376.730313667,0.964124173666,-0.317340557109,-46.190665781,-406.190665781
0.7,2.5,6.798,0.663851571226,-0.699316908795,376.730313667,0.964231843255,-0.31637060534,-46.4903189912,-406.490318991
0.7,2.5,6.804,0.660261811323,-0.702853516364,376.730313667,0.964338490862,-0.315409966956,-46.7896733978,-406.789673398
0.7,2.5,6.81,0.656656163252,-0.706367580931,376.730313667,0.964444128049,-0.314458534751,-47.0887329095,-407.08873291
0.7,2.5,6.816,0.653034747,-0.709859099823,376.730313667,0.964548766206,-0.313516203139,-47.3875013883,-407.387501388
0.7,2.5,6.822,0.6493976819,-0.713328070043,376.730313667,0.964652416557,-0.312582868127,-47.6859826498,-407.68598265
0.7,2.5,6.828,0.645745086651,-0.716774488279,376.730313667,0.964755090156,-0.31165842728,-47.9841804642,-407.984180464
0.7,2.5,6.834,0.64207707933,-0.720198350908,376.730313667,0.964856797899,-0.310742779702,-48.2820985572,-408.282098557
0.7,2.5,6.84,0.638393777407,-0.723599654,376.730313667,0.964957550518,-0.309835826001,-48.5797406102,-408.57974061
0.7,2.5,6.846,0.634695297763,-0.72697839333,376.730313667,0.965057358591,-0.308937468266,-48.8771102617,-408.877110262
0.7,2.5,6.852,0.6309817567,-0.730334564378,376.730313667,0.965156232542,-0.30804761004,-49.1742111072,-409.174211107
0.7,2.5,6.858,0.627253269959,-0.733668162339,376.730313667,0.96525418264,-0.307166156291,-49.4710467006,-409.471046701
0.7,2.5,6.864,0.623509952733,-0.736979182126,376.730313667,0.96535121901,-0.306293013394,-49.7676205542,-409.767620554
0.7,2.5,6.87,0.619751919677,-0.740267618378,376.730313667,0.965447351626,-0.305428089098,-50.0639361401,-410.06393614
0.7,2.5,6.876,0.615979284927,-0.743533465465,376.730313667,0.965542590322,-0.304571292507,-50.3599968901,-410.35999689
0.7,2.5,6.882,0.612192162109,-0.746776717494,376.730313667,0.965636944787,-0.303722534056,-50.6558061968,-410.655806197
0.7,2.5,6.888,0.608390664353,-0.749997368314,376.730313667,0.965730424575,-0.302881725484,-50.9513674141,-410.951367414
0.7,2.5,6.894,0.604574904305,-0.753195411524,376.730313667,0.9658230391,-0.302048779816,-51.2466838577,-411.246683858
0.7,2.5,6.9,0.600744994141,-0.756370840476,376.730313667,0.965914797644,-0.301223611338,-51.5417588059,-411.541758806
0.7,2.5,6.906,0.596901045576,-0.759523648281,376.730313667,0.966005709356,-0.300406135574,-51.8365954997,-411.8365955
0.7,2.5,6.912,0.59304316988,-0.762653827815,376.730313667,0.966095783255,-0.299596269269,-52.1311971442,-412.131197144
0.7,2.5,6.918,0.589171477885,-0.765761371728,376.730313667,0.966185028234,-0.298793930363,-52.4255669085,-412.425566908
0.7,2.5,6.924,0.585286079997,-0.768846272441,376.730313667,0.966273453059,-0.297999037973,-52.7197079263,-412.719707926
0.7,2.5,6.93,0.581387086212,-0.771908522162,376.730313667,0.966361066373,-0.297211512374,-53.0136232967,-413.013623297
0.7,2.5,6.936,0.577474606121,-0.774948112883,376.730313667,0.966447876699,-0.296431274975,-53.3073160847,-413.307316085
0.7,2.5,6.942,0.573548748923,-0.777965036389,376.730313667,0.966533892439,-0.295658248304,-53.6007893215,-413.600789322
0.7,2.5,6.948,0.569609623434,-0.780959284263,376.730313667,0.96661912188,-0.294892355989,-53.8940460053,-413.894046005
0.7,2.5,6.954,0.565657338101,-0.783930847891,376.730313667,0.966703573192,-0.294133522734,-54.1870891015,-414.187089101
0.7,2.5,6.96,0.561692001009,-0.786879718468,376.730313667,0.966787254433,-0.293381674307,-54.4799215434,-414.479921543
0.7,2.5,6.966,0.557713719888,-0.789805887002,376.730313667,0.966870173547,-0.29263673752,-54.7725462328,-414.772546233
0.7,2.5,6.972,0.55372260213,-0.79270934432,376.730313667,0.966952338371,-0.29189864021,-55.0649660402,-415.06496604
0.7,2.5,6.978,0.549718754792,-0.795590081072,376.730313667,0.967033756634,-0.291167311223,-55.3571838053,-415.357183805
0.7,2.5,6.984,0.545702284608,-0.798448087737,376.730313667,0.967114435958,-0.290442680397,-55.6492023376,-415.649202338
0.7,2.5,6.99,0.541673297997,-0.80128335463,376.730313667,0.96719438386,-0.289724678547,-55.941024417,-415.941024417
0.7,2.5,6.996,0.537631901073,-0.804095871902,376.730313667,0.967273607756,-0.289013237445,-56.2326527939,-416.232652794
0.7,2.5,7.002,0.533578199652,-0.80688562955,376.730313667,0.967352114961,-0.288308289809,-56.5240901898,-416.52409019
0.7,2.5,7.008,0.529512299264,-0.809652617419,376.730313667,0.967429912689,-0.287609769283,-56.8153392976,-416.815339298
0.7,2.5,7.014,0.525434305156,-0.812396825207,376.730313667,0.967507008058,-0.286917610424,-57.1064027825,-417.106402783
0.7,2.5,7.02,0.521344322305,-0.81511824247,376.730313667,0.967583408088,-0.286231748689,-57.3972832818,-417.397283282
0.7,2.5,7.026,0.517242455423,-0.817816858631,376.730313667,0.967659119708,-0.285552120413,-57.6879834056,-417.687983406
0.7,2.5,7.032,0.513128808968,-0.820492662977,376.730313667,0.967734149749,-0.284878662804,-57.9785057372,-417.978505737
0.7,2.5,7.038,0.509003487146,-0.823145644669,376.730313667,0.967808504955,-0.284211313923,-58.2688528335,-418.268852833
0.7,2.5,7.044,0.504866593926,-0.825775792745,376.730313667,0.967882191977,-0.283550012671,-58.5590272253,-418.559027225
0.7,2.5,7.05,0.500718233042,-0.828383096127,376.730313667,0.967955217378,-0.282894698777,-58.849031418,-418.849031418
0.7,2.5,7.056,0.496558508003,-0.830967543621,376.730313667,0.968027587635,-0.282245312782,-59.1388678913,-419.138867891
0.7,2.5,7.062,0.492387522096,-0.833529123927,376.730313667,0.968099309136,-0.281601796028,-59.4285391004,-419.4285391
0.7,2.5,7.068,0.488205378401,-0.836067825637,376.730313667,0.968170388189,-0.280964090645,-59.7180474756,-419.718047476
0.7,2.5,7.074,0.484012179788,-0.838583637248,376.730313667,0.968240831014,-0.280332139538,-60.0073954232,-420.007395423
0.7,2.5,7.08,0.479808028932,-0.841076547157,376.730313667,0.968310643753,-0.279705886374,-60.2965853258,-420.296585326
0.7,2.5,7.086,0.475593028315,-0.843546543673,376.730313667,0.968379832465,-0.279085275572,-60.5856195423,-420.585619542
0.7,2.5,7.092,0.471367280234,-0.845993615017,376.730313667,0.96844840313,-0.278470252287,-60.8745004084,-420.874500408
0.7,2.5,7.098,0.467130886806,-0.84841774933,376.730313667,0.968516361651,-0.277860762402,-61.1632302372,-421.163230237
0.7,2.5,7.104,0.462883949977,-0.850818934672,376.730313667,0.968583713854,-0.277256752516,-61.4518113192,-421.451811319
0.7,2.5,7.11,0.458626571525,-0.853197159032,376.730313667,0.968650465487,-0.276658169932,-61.7402459227,-421.740245923
0.7,2.5,7.116,0.454358853067,-0.855552410328,376.730313667,0.968716622226,-0.276064962644,-62.0285362942,-422.028536294
0.7,2.5,7.122,0.450080896066,-0.857884676413,376.730313667,0.968782189674,-0.275477079331,-62.3166846587,-422.316684659
0.7,2.5,7.128,0.445792801836,-0.860193945081,376.730313667,0.968847173358,-0.274894469341,-62.6046932199,-422.60469322
0.7,2.5,7.134,0.441494671548,-0.862480204067,376.730313667,0.968911578738,-0.274317082684,-62.8925641607,-422.892564161
0.7,2.5,7.14,0.437186606232,-0.864743441054,376.730313667,0.968975411202,-0.273744870021,-63.1802996432,-423.180299643
0.7,2.5,7.146,0.43286870679,-0.866983643675,376.730313667,0.969038676069,-0.273177782654,-63.4679018093,-423.467901809
0.7,2.5,7.152,0.428541073993,-0.869200799521,376.730313667,0.969101378591,-0.272615772513,-63.7553727807,-423.755372781
0.7,2.5,7.158,0.424203808491,-0.87139489614,376.730313667,0.969163523951,-0.272058792153,-64.0427146597,-424.04271466
0.7,2.5,7.164,0.419857010819,-0.873565921045,376.730313667,0.969225117269,-0.271506794737,-64.3299295287,-424.329929529
0.7,2.5,7.17,0.415500781397,-0.875713861715,376.730313667,0.969286163598,-0.270959734031,-64.6170194511,-424.617019451
0.7,2.5,7.176,0.411135220541,-0.877838705601,376.730313667,0.969346667927,-0.270417564395,-64.9039864714,-424.903986471
0.7,2.5,7.182,0.406760428463,-0.87994044013,376.730313667,0.969406635184,-0.269880240772,-65.1908326153,-425.190832615
0.7,2.5,7.188,0.402376505277,-0.882019052704,376.730313667,0.969466070233,-0.269347718679,-65.4775598901,-425.47755989
0.7,2.5,7.194,0.397983551006,-0.884074530714,376.730313667,0.969524977877,-0.268819954199,-65.7641702852,-425.764170285
0.7,2.5,7.2,0.393581665584,-0.886106861532,376.730313667,0.969583362861,-0.268296903975,-66.0506657717,-426.050665772
0.7,2.5,7.206,0.38917094886,-0.888116032523,376.730313667,0.969641229868,-0.267778525197,-66.3370483034,-426.337048303
0.7,2.5,7.212,0.384751500605,-0.890102031046,376.730313667,0.969698583525,-0.267264775596,-66.6233198164,-426.623319816
0.7,2.5,7.218,0.380323420515,-0.892064844456,376.730313667,0.969755428398,-0.266755613436,-66.90948223,-426.90948223
0.7,2.5,7.224,0.375886808214,-0.894004460113,376.730313667,0.969811769,-0.266250997505,-67.1955374462,-427.195537446
0.7,2.5,7.23,0.371441763259,-0.895920865379,376.730313667,0.969867609787,-0.265750887109,-67.4814873505,-427.481487351
0.7,2.5,7.236,0.366988385146,-0.897814047625,376.730313667,0.969922955159,-0.265255242063,-67.767333812,-427.767333812
0.7,2.5,7.242,0.36252677331,-0.899683994235,376.730313667,0.969977809462,-0.264764022683,-68.0530786835,-428.053078683
0.7,2.5,7.248,0.358057027132,-0.90153069261,376.730313667,0.97003217699,-0.264277189779,-68.3387238017,-428.338723802
0.7,2.5,7.254,0.353579245942,-0.903354130168,376.730313667,0.970086061983,-0.263794704649,-68.6242709876,-428.624270988
0.7,2.5,7.26,0.349093529023,-0.905154294353,376.730313667,0.970139468629,-0.263316529068,-68.9097220466,-428.909722047
0.7,2.5,7.266,0.344599975613,-0.906931172633,376.730313667,0.970192401066,-0.262842625287,-69.1950787689,-429.195078769
0.7,2.5,7.272,0.340098684911,-0.908684752506,376.730313667,0.97024486338,-0.26237295602,-69.4803429292,-429.480342929
0.7,2.5,7.278,0.335589756079,-0.910415021506,376.730313667,0.97029685961,-0.261907484441,-69.7655162875,-429.765516288
0.7,2.5,7.284,0.331073288245,-0.9121219672,376.730313667,0.970348393742,-0.261446174175,-70.0506005892,-430.050600589
0.7,2.5,7.29,0.326549380508,-0.913805577199,376.730313667,0.970399469718,-0.260988989293,-70.3355975648,-430.335597565
0.7,2.5,7.296,0.322018131942,-0.915465839154,376.730313667,0.97045009143,-0.260535894306,-70.6205089306,-430.620508931
0.7,2.5,7.302,0.317479641595,-0.917102740766,376.730313667,0.970500262724,-0.260086854156,-70.905336389,-430.905336389
0.7,2.5,7.308,0.312934008496,-0.918716269784,376.730313667,0.970549987399,-0.259641834211,-71.190081628,-431.190081628
0.7,2.5,7.314,0.308381331659,-0.920306414012,376.730313667,0.970599269209,-0.259200800262,-71.4747463222,-431.474746322
0.7,2.5,7.32,0.303821710081,-0.921873161311,376.730313667,0.970648111863,-0.258763718511,-71.7593321325,-431.759332132
0.7,2.5,7.326,0.299255242751,-0.9234164996,376.730313667,0.970696519026,-0.25833055557,-72.0438407062,-432.043840706
0.7,2.5,7.332,0.294682028649,-0.924936416864,376.730313667,0.970744494319,-0.257901278452,-72.3282736777,-432.328273678
0.7,2.5,7.338,0.290102166749,-0.926432901153,376.730313667,0.97079204132,-0.257475854567,-72.6126326681,-432.612632668
0.7,2.5,7.344,0.285515756024,-0.927905940586,376.730313667,0.970839163566,-0.257054251717,-72.8969192858,-432.896919286
0.7,2.5,7.35,0.280922895449,-0.929355523357,376.730313667,0.97088586455,-0.256636438087,-73.1811351265,-433.181135126
0.7,2.5,7.356,0.276323683999,-0.930781637735,376.730313667,0.970932147724,-0.256222382244,-73.4652817731,-433.465281773
0.7,2.5,7.362,0.271718220658,-0.932184272068,376.730313667,0.970978016502,-0.255812053129,-73.7493607966,-433.749360797
0.7,2.5,7.368,0.267106604418,-0.933563414787,376.730313667,0.971023474254,-0.255405420051,-74.0333737553,-434.033373755
0.7,2.5,7.374,0.262488934281,-0.934919054407,376.730313667,0.971068524314,-0.255002452683,-74.3173221959,-434.317322196
0.7,2.5,7.38,0.257865309264,-0.936251179534,376.730313667,0.971113169975,-0.254603121059,-74.6012076529,-434.601207653
0.7,2.5,7.386,0.253235828399,-0.937559778862,376.730313667,0.971157414493,-0.254207395564,-74.8850316493,-434.885031649
0.7,2.5,7.392,0.248600590738,-0.938844841182,376.730313667,0.971201261083,-0.253815246934,-75.1687956964,-435.168795696
0.7,2.5,7.398,0.243959695352,-0.940106355383,376.730313667,0.971244712927,-0.253426646248,-75.4525012941,-435.452501294
0.7,2.5,7.404,0.239313241339,-0.941344310454,376.730313667,0.971287773167,-0.253041564922,-75.7361499311,-435.736149931
0.7,2.5,7.41,0.234661327818,-0.942558695485,376.730313667,0.97133044491,-0.252659974711,-76.0197430849,-436.019743085
0.7,2.5,7.416,0.230004053938,-0.943749499677,376.730313667,0.971372731226,-0.252281847696,-76.3032822222,-436.303282222
0.7,2.5,7.422,0.225341518879,-0.944916712338,376.730313667,0.971414635151,-0.251907156285,-76.5867687987,-436.586768799
0.7,2.5,7.428,0.22067382185,-0.946060322887,376.730313667,0.971456159686,-0.251535873206,-76.8702042594,-436.870204259
0.7,2.5,7.434,0.216001062098,-0.947180320862,376.730313667,0.971497307796,-0.251167971503,-77.1535900388,-437.153590039
0.7,2.5,7.44,0.211323338902,-0.948276695915,376.730313667,0.971538082414,-0.250803424533,-77.4369275612,-437.436927561
0.7,2.5,7.446,0.206640751582,-0.949349437824,376.730313667,0.971578486439,-0.25044220596,-77.7202182403,-437.72021824
0.7,2.5,7.452,0.201953399498,-0.950398536485,376.730313667,0.971618522735,-0.250084289751,-78.0034634799,-438.00346348
0.7,2.5,7.458,0.197261382051,-0.951423981927,376.730313667,0.971658194137,-0.249729650172,-78.2866646736,-438.286664674
0.7,2.5,7.464,0.192564798686,-0.952425764303,376.730313667,0.971697503445,-0.249378261787,-78.5698232053,-438.569823205
0.7,2.5,7.47,0.187863748895,-0.953403873903,376.730313667,0.971736453428,-0.249030099447,-78.8529404489,-438.852940449
0.7,2.5,7.476,0.183158332215,-0.954358301149,376.730313667,0.971775046825,-0.248685138293,-79.1360177691,-439.136017769
0.7,2.5,7.482,0.178448648236,-0.955289036603,376.730313667,0.971813286342,-0.248343353749,-79.4190565207,-439.419056521
0.7,2.5,7.488,0.173734796595,-0.956196070967,376.730313667,0.971851174656,-0.248004721518,-79.7020580492,-439.702058049
0.7,2.5,7.494,0.169016876985,-0.957079395087,376.730313667,0.971888714414,-0.247669217579,-79.985023691,-439.985023691
0.7,2.5,7.5,0.164294989151,-0.957938999955,376.730313667,0.971925908233,-0.247336818182,-80.2679547733,-440.267954773
0.7,2.5,7.506,0.159569232896,-0.958774876711,376.730313667,0.9719627587,-0.247007499847,-80.5508526141,-440.550852614
0.7,2.5,7.512,0.154839708078,-0.95958701665,376.730313667,0.971999268374,-0.246681239357,-80.8337185227,-440.833718523
0.7,2.5,7.518,0.150106514616,-0.960375411217,376.730313667,0.972035439786,-0.246358013758,-81.1165537997,-441.1165538
0.7,2.5,7.524,0.14536975249,-0.961140052018,376.730313667,0.972071275438,-0.246037800353,-81.3993597366,-441.399359737
0.7,2.5,7.53,0.140629521739,-0.961880930816,376.730313667,0.972106777804,-0.245720576699,-81.6821376167,-441.682137617
0.7,2.5,7.536,0.135885922469,-0.962598039539,376.730313667,0.972141949331,-0.245406320604,-81.9648887147,-441.964888715
0.7,2.5,7.542,0.131139054848,-0.963291370279,376.730313667,0.972176792441,-0.245095010123,-82.2476142971,-442.247614297
0.7,2.5,7.548,0.126389019113,-0.963960915295,376.730313667,0.972211309525,-0.244786623557,-82.5303156218,-442.530315622
0.7,2.5,7.554,0.121635915565,-0.964606667017,376.730313667,0.972245502952,-0.244481139446,-82.8129939389,-442.812993939
0.7,2.5,7.56,0.116879844577,-0.96522861805,376.730313667,0.972279375062,-0.24417853657,-83.0956504903,-443.09565049
0.7,2.5,7.566,0.11212090659,-0.965826761171,376.730313667,0.972312928171,-0.243878793942,-83.37828651,-443.37828651
0.7,2.5,7.572,0.107359202118,-0.966401089338,376.730313667,0.97234616457,-0.243581890806,-83.6609032241,-443.660903224
0.7,2.5,7.578,0.102594831746,-0.966951595689,376.730313667,0.972379086523,-0.243287806639,-83.943501851,-443.943501851
0.7,2.5,7.584,0.0978278961331,-0.967478273546,376.730313667,0.972411696272,-0.242996521138,-84.2260836015,-444.226083601
0.7,2.5,7.59,0.0930584960141,-0.967981116416,376.730313667,0.972443996032,-0.242708014226,-84.5086496787,-444.508649679
0.7,2.5,7.596,0.088286732199,-0.968460117996,376.730313667,0.972475987997,-0.242422266045,-84.7912012785,-444.791201278
0.7,2.5,7.602,0.0835127055749,-0.968915272171,376.730313667,0.972507674334,-0.242139256954,-85.0737395891,-445.073739589
0.7,2.5,7.608,0.078736517107,-0.969346573024,376.730313667,0.972539057189,-0.241858967526,-85.3562657918,-445.356265792
0.7,2.5,7.614,0.07395826784,-0.96975401483,376.730313667,0.972570138685,-0.241581378545,-85.6387810603,-445.63878106
0.7,2.5,7.62,0.0691780588982,-0.970137592067,376.730313667,0.97260092092,-0.241306471005,-85.9212865615,-445.921286562
0.7,2.5,7.626,0.0643959914874,-0.97049729941,376.730313667,0.972631405971,-0.241034226104,-86.2037834553,-446.203783455
0.7,2.5,7.632,0.0596121668953,-0.97083313174,376.730313667,0.972661595893,-0.240764625245,-86.4862728945,-446.486272895
0.7,2.5,7.638,0.0548266864926,-0.971145084144,376.730313667,0.972691492719,-0.24049765003,-86.7687560253,-446.768756025
0.7,2.5,7.644,0.0500396517339,-0.971433151917,376.730313667,0.97272109846,-0.240233282259,-87.0512339868,-447.051233987
0.7,2.5,7.65,0.0452511641584,-0.971697330566,376.730313667,0.972750415105,-0.23997150393,-87.3337079118,-447.333707912
0.7,2.5,7.656,0.0404613253911,-0.97193761581,376.730313667,0.972779444622,-0.239712297231,-87.6161789263,-447.616178926
0.7,2.5,7.662,0.0356702371433,-0.972154003587,376.730313667,0.97280818896,-0.239455644542,-87.8986481499,-447.89864815
0.7,2.5,7.668,0.0308780012133,-0.972346490051,376.730313667,0.972836650046,-0.239201528431,-88.1811166957,-448.181116696
0.7,2.5,7.674,0.0260847194875,-0.972515071577,376.730313667,0.972864829786,-0.238949931652,-88.4635856704,-448.46358567
0.7,2.5,7.68,0.0212904939411,-0.972659744765,376.730313667,0.972892730067,-0.238700837142,-88.7460561746,-448.746056175
0.7,2.5,7.686,0.0164954266384,-0.972780506439,376.730313667,0.972920352756,-0.238454228019,-89.0285293026,-449.028529303
0.7,2.5,7.692,0.0116996197341,-0.972877353653,376.730313667,0.972947699701,-0.238210087579,-89.3110061425,-449.311006143
0.7,2.5,7.698,0.00690317547339,-0.972950283691,376.730313667,0.972974772729,-0.237968399295,-89.5934877765,-449.593487777
0.7,2.5,7.704,0.00210619619306,-0.97299929407,376.730313667,0.973001573648,-0.237729146816,-89.8759752808,-449.875975281
0.7,2.5,7.71,-0.0026912156782,-0.973024382541,376.730313667,0.973028104251,-0.23749231396,-90.1584697256,-450.158469726
0.7,2.5,7.716,-0.00748895761906,-0.973025547096,376.730313667,0.973054366307,-0.237257884717,-90.4409721754,-450.440972175
0.7,2.5,7.722,-0.012286927015,-0.973002785966,376.730313667,0.97308036157,-0.237025843244,-90.7234836888,-450.723483689
0.7,2.5,7.728,-0.0170850211578,-0.972956097622,376.730313667,0.973106091774,-0.236796173863,-91.0060053188,-451.006005319
0.7,2.5,7.734,-0.0218831372448,-0.972885480785,376.730313667,0.973131558638,-0.236568861061,-91.2885381127,-451.288538113
0.7,2.5,7.74,-0.0266811723789,-0.972790934418,376.730313667,0.97315676386,-0.236343889485,-91.5710831124,-451.571083112
0.7,2.5,7.746,-0.0314790235675,-0.972672457739,376.730313667,0.973181709122,-0.236121243943,-91.8536413541,-451.853641354
0.7,2.5,7.752,-0.0362765877224,-0.972530050215,376.730313667,0.973206396088,-0.235900909399,-92.1362138687,-452.136213869
0.7,2.5,7.758,-0.0410737616591,-0.972363711567,376.730313667,0.973230826407,-0.235682870974,-92.4188016817,-452.418801682
0.7,2.5,7.764,-0.0458704420967,-0.972173441776,376.730313667,0.973255001709,-0.235467113941,-92.7014058133,-452.701405813
0.7,2.5,7.77,-0.0506665256573,-0.971959241078,376.730313667,0.973278923608,-0.235253623726,-92.9840272785,-452.984027279
0.7,2.5,7.776,-0.0554619088657,-0.971721109975,376.730313667,0.973302593702,-0.235042385903,-93.2666670871,-453.266667087
0.7,2.5,7.782,-0.0602564881488,-0.97145904923,376.730313667,0.973326013571,-0.234833386197,-93.5493262437,-453.549326244
0.7,2.5,7.788,-0.0650501598357,-0.971173059872,376.730313667,0.973349184782,-0.234626610477,-93.8320057479,-453.832005748
0.7,2.5,7.794,-0.0698428201571,-0.970863143201,376.730313667,0.973372108885,-0.234422044757,-94.1147065944,-454.114706594
0.7,2.5,7.8,-0.0746343652451,-0.970529300786,376.730313667,0.973394787412,-0.234219675191,-94.3974297728,-454.397429773
0.7,2.5,7.806,-0.0794246911329,-0.97017153447,376.730313667,0.973417221883,-0.234019488079,-94.6801762678,-454.680176268
0.7,2.5,7.812,-0.0842136937544,-0.969789846371,376.730313667,0.9734394138,-0.233821469854,-94.9629470596,-454.96294706
0.7,2.5,7.818,-0.0890012689443,-0.969384238885,376.730313667,0.973461364653,-0.233625607092,-95.2457431231,-455.245743123
0.7,2.5,7.824,-0.0937873124378,-0.968954714688,376.730313667,0.973483075914,-0.2334318865,-95.5285654289,-455.528565429
0.7,2.5,7.83,-0.09857171987,-0.968501276739,376.730313667,0.973504549041,-0.233240294922,-95.8114149428,-455.811414943
0.7,2.5,7.836,-0.103354386776,-0.968023928283,376.730313667,0.973525785479,-0.233050819332,-96.094292626,-456.094292626
0.7,2.5,7.842,-0.108135208592,-0.967522672848,376.730313667,0.973546786658,-0.232863446837,-96.3771994351,-456.377199435
0.7,2.5,7.848,-0.112914080652,-0.966997514257,376.730313667,0.973567553993,-0.232678164673,-96.6601363221,-456.660136322
0.7,2.5,7.854,-0.117690898191,-0.96644845662,376.730313667,0.973588088886,-0.2324949602,-96.9431042348,-456.943104235
0.7,2.5,7.86,-0.122465556344,-0.965875504344,376.730313667,0.973608392724,-0.232313820908,-97.2261041163,-457.226104116
0.7,2.5,7.866,-0.127237950144,-0.965278662131,376.730313667,0.973628466881,-0.232134734411,-97.5091369057,-457.509136906
0.7,2.5,7.872,-0.132007974524,-0.964657934981,376.730313667,0.973648312718,-0.231957688443,-97.7922035373,-457.792203537
0.7,2.5,7.878,-0.136775524317,-0.964013328196,376.730313667,0.973667931583,-0.231782670862,-98.0753049417,-458.075304942
0.7,2.5,7.884,-0.141540494254,-0.963344847382,376.730313667,0.973687324808,-0.231609669645,-98.3584420447,-458.358442045
0.7,2.5,7.89,-0.146302778968,-0.962652498449,376.730313667,0.973706493715,-0.231438672889,-98.6416157684,-458.641615768
0.7,2.5,7.896,-0.15106227299,-0.961936287614,376.730313667,0.973725439613,-0.231269668805,-98.9248270305,-458.924827031
0.7,2.5,7.902,-0.155818870748,-0.961196221406,376.730313667,0.973744163796,-0.231102645722,-99.2080767448,-459.208076745
0.7,2.5,7.908,-0.160572466574,-0.960432306666,376.730313667,0.973762667547,-0.230937592083,-99.491365821,-459.491365821
0.7,2.5,7.914,-0.165322954697,-0.959644550548,376.730313667,0.973780952138,-0.230774496444,-99.7746951646,-459.774695165
0.7,2.5,7.92,-0.170070229245,-0.958832960526,376.730313667,0.973799018826,-0.230613347471,-100.058065677,-460.058065677
0.7,2.5,7.926,-0.174814184248,-0.957997544389,376.730313667,0.973816868857,-0.230454133941,-100.341478257,-460.341478257
0.7,2.5,7.932,-0.179554713634,-0.957138310252,376.730313667,0.973834503466,-0.23029684474,-100.624933798,-460.624933798
0.7,2.5,7.938,-0.184291711233,-0.95625526655,376.730313667,0.973851923874,-0.230141468861,-100.90843319,-460.90843319
0.7,2.5,7.944,-0.189025070774,-0.955348422045,376.730313667,0.973869131293,-0.229987995405,-101.19197732,-461.19197732
0.7,2.5,7.95,-0.193754685887,-0.954417785829,376.730313667,0.973886126921,-0.229836413574,-101.47556707,-461.47556707
0.7,2.5,7.956,-0.198480450101,-0.953463367323,376.730313667,0.973902911947,-0.229686712678,-101.759203318,-461.759203318
0.7,2.5,7.962,-0.203202256848,-0.952485176281,376.730313667,0.973919487547,-0.229538882126,-102.042886941,-462.042886941
0.7,2.5,7.968,-0.207919999461,-0.951483222793,376.730313667,0.973935854886,-0.229392911431,-102.32661881,-462.32661881
0.7,2.5,7.974,-0.212633571174,-0.950457517285,376.730313667,0.973952015118,-0.229248790203,-102.610399792,-462.610399792
0.7,2.5,7.98,-0.217342865121,-0.949408070523,376.730313667,0.973967969388,-0.229106508152,-102.894230753,-462.894230753
0.7,2.5,7.986,-0.222047774342,-0.948334893617,376.730313667,0.973983718827,-0.228966055087,-103.178112553,-463.178112553
0.7,2.5,7.992,-0.226748191774,-0.947237998018,376.730313667,0.973999264559,-0.228827420911,-103.462046049,-463.462046049
0.7,2.5,7.998,-0.231444010261,-0.946117395525,376.730313667,0.974014607694,-0.228690595624,-103.746032096,-463.746032096
0.7,2.5,8.004,-0.236135122549,-0.944973098287,376.730313667,0.974029749334,-0.228555569319,-104.030071544,-464.030071544
0.7,2.5,8.01,-0.240821421286,-0.943805118803,376.730313667,0.974044690571,-0.228422332181,-104.31416524,-464.31416524
0.7,2.5,8.016,-0.245502799025,-0.942613469924,376.730313667,0.974059432484,-0.22829087449,-104.598314028,-464.598314028
0.7,2.5,8.022,-0.250179148222,-0.941398164859,376.730313667,0.974073976146,-0.228161186612,-104.882518749,-464.882518749
0.7,2.5,8.028,-0.25485036124,-0.940159217174,376.730313667,0.974088322618,-0.228033259008,-105.16678024,-465.16678024
0.7,2.5,8.034,-0.259516330344,-0.938896640793,376.730313667,0.97410247295,-0.227907082223,-105.451099334,-465.451099334
0.7,2.5,8.04,-0.264176947706,-0.937610450007,376.730313667,0.974116428186,-0.227782646891,-105.735476863,-465.735476863
0.7,2.5,8.046,-0.268832105405,-0.936300659467,376.730313667,0.974130189356,-0.227659943733,-106.019913654,-466.019913654
0.7,2.5,8.052,-0.273481695424,-0.934967284194,376.730313667,0.974143757484,-0.227538963556,-106.304410531,-466.304410531
0.7,2.5,8.058,-0.278125609656,-0.933610339577,376.730313667,0.974157133584,-0.227419697249,-106.588968316,-466.588968316
0.7,2.5,8.064,-0.282763739898,-0.932229841378,376.730313667,0.97417031866,-0.227302135785,-106.873587827,-466.873587827
0.7,2.5,8.07,-0.28739597786,-0.930825805731,376.730313667,0.974183313707,-0.227186270221,-107.158269879,-467.158269879
0.7,2.5,8.076,-0.292022215155,-0.929398249147,376.730313667,0.974196119712,-0.227072091694,-107.443015283,-467.443015283
0.7,2.5,8.082,-0.296642343309,-0.927947188516,376.730313667,0.974208737652,-0.226959591421,-107.72782485,-467.72782485
0.7,2.5,8.088,-0.301256253758,-0.926472641107,376.730313667,0.974221168497,-0.226848760698,-108.012699384,-468.012699384
0.7,2.5,8.094,-0.305863837846,-0.924974624575,376.730313667,0.974233413207,-0.226739590902,-108.297639689,-468.297639689
0.7,2.5,8.1,-0.31046498683,-0.923453156956,376.730313667,0.974245472732,-0.226632073485,-108.582646565,-468.582646565
0.7,2.5,8.106,-0.315059591879,-0.921908256678,376.730313667,0.974257348018,-0.226526199975,-108.867720809,-468.867720809
0.7,2.5,8.112,-0.319647544073,-0.920339942556,376.730313667,0.974269039997,-0.226421961977,-109.152863215,-469.152863215
0.7,2.5,8.118,-0.324228734408,-0.918748233799,376.730313667,0.974280549598,-0.226319351172,-109.438074576,-469.438074576
0.7,2.5,8.124,-0.32880305379,-0.917133150009,376.730313667,0.974291877738,-0.226218359312,-109.723355678,-469.723355678
0.7,2.5,8.13,-0.333370393043,-0.915494711185,376.730313667,0.974303025329,-0.226118978222,-110.008707308,-470.008707308
0.7,2.5,8.136,-0.337930642906,-0.913832937725,376.730313667,0.974313993273,-0.226021199801,-110.29413025,-470.29413025
0.7,2.5,8.142,-0.342483694032,-0.912147850431,376.730313667,0.974324782464,-0.225925016018,-110.579625282,-470.579625282
0.7,2.5,8.148,-0.347029436993,-0.910439470504,376.730313667,0.97433539379,-0.225830418912,-110.865193182,-470.865193182
0.7,2.5,8.154,-0.351567762279,-0.908707819555,376.730313667,0.97434582813,-0.225737400592,-111.150834726,-471.150834726
0.7,2.5,8.16,-0.356098560298,-0.906952919601,376.730313667,0.974356086356,-0.225645953235,-111.436550685,-471.436550685
0.7,2.5,8.166,-0.360621721377,-0.905174793071,376.730313667,0.974366169333,-0.225556069085,-111.722341828,-471.722341828
0.7,2.5,8.172,-0.365137135765,-0.903373462806,376.730313667,0.974376077917,-0.225467740454,-112.008208922,-472.008208922
0.7,2.5,8.178,-0.369644693631,-0.901548952062,376.730313667,0.974385812958,-0.22538095972,-112.29415273,-472.29415273
0.7,2.5,8.184,-0.374144285066,-0.899701284514,376.730313667,0.974395375299,-0.225295719327,-112.580174015,-472.580174015
0.7,2.5,8.19,-0.378635800086,-0.897830484255,376.730313667,0.974404765775,-0.22521201178,-112.866273534,-472.866273534
0.7,2.5,8.196,-0.38311912863,-0.895936575802,376.730313667,0.974413985215,-0.225129829651,-113.152452044,-473.152452044
0.7,2.5,8.202,-0.387594160561,-0.894019584095,376.730313667,0.97442303444,-0.225049165574,-113.438710298,-473.438710298
0.7,2.5,8.208,-0.39206078567,-0.892079534502,376.730313667,0.974431914265,-0.224970012245,-113.725049047,-473.725049047
0.7,2.5,8.214,-0.396518893674,-0.890116452819,376.730313667,0.974440625497,-0.224892362421,-114.01146904,-474.01146904
0.7,2.5,8.22,-0.400968374219,-0.888130365274,376.730313667,0.974449168939,-0.224816208919,-114.297971022,-474.297971022
0.7,2.5,8.226,-0.405409116879,-0.88612129853,376.730313667,0.974457545384,-0.224741544616,-114.584555737,-474.584555737
0.7,2.5,8.232,-0.409841011159,-0.884089279683,376.730313667,0.974465755621,-0.22466836245,-114.871223925,-474.871223925
0.7,2.5,8.238,-0.414263946497,-0.882034336271,376.730313667,0.974473800432,-0.224596655415,-115.157976326,-475.157976326
0.7,2.5,8.244,-0.41867781226,-0.879956496272,376.730313667,0.974481680592,-0.224526416563,-115.444813674,-475.444813674
0.7,2.5,8.25,-0.423082497751,-0.877855788104,376.730313667,0.97448939687,-0.224457639002,-115.731736704,-475.731736704
0.7,2.5,8.256,-0.427477892208,-0.875732240636,376.730313667,0.974496950029,-0.2243903159,-116.018746146,-476.018746146
0.7,2.5,8.262,-0.431863884804,-0.873585883179,376.730313667,0.974504340825,-0.224324440475,-116.30584273,-476.30584273
0.7,2.5,8.268,-0.43624036465,-0.871416745498,376.730313667,0.974511570011,-0.224260006003,-116.59302718,-476.59302718
0.7,2.5,8.274,-0.440607220794,-0.86922485781,376.730313667,0.974518638329,-0.224197005815,-116.880300221,-476.880300221
0.7,2.5,8.28,-0.444964342226,-0.867010250786,376.730313667,0.97452554652,-0.224135433291,-117.167662575,-477.167662575
0.7,2.5,8.286,-0.449311617874,-0.864772955554,376.730313667,0.974532295317,-0.224075281867,-117.45511496,-477.45511496
0.7,2.5,8.292,-0.453648936612,-0.862513003703,376.730313667,0.974538885446,-0.224016545032,-117.742658093,-477.742658093
0.7,2.5,8.298,-0.457976187254,-0.860230427283,376.730313667,0.97454531763,-0.223959216322,-118.030292689,-478.030292689
0.7,2.5,8.304,-0.46229325856,-0.857925258808,376.730313667,0.974551592585,-0.223903289327,-118.31801946,-478.31801946
0.7,2.5,8.31,-0.466600039236,-0.855597531259,376.730313667,0.974557711022,-0.223848757688,-118.605839114,-478.605839114
0.7,2.5,8.316,-0.470896417938,-0.853247278086,376.730313667,0.974563673645,-0.22379561509,-118.89375236,-478.89375236
0.7,2.5,8.322,-0.475182283268,-0.85087453321,376.730313667,0.974569481154,-0.223743855273,-119.181759903,-479.181759903
0.7,2.5,8.328,-0.479457523779,-0.848479331027,376.730313667,0.974575134245,-0.223693472021,-119.469862445,-479.469862445
0.7,2.5,8.334,-0.483722027976,-0.846061706408,376.730313667,0.974580633606,-0.223644459167,-119.758060687,-479.758060687
0.7,2.5,8.34,-0.487975684319,-0.843621694703,376.730313667,0.974585979922,-0.22359681059,-120.046355327,-480.046355327
0.7,2.5,8.346,-0.492218381221,-0.841159331741,376.730313667,0.974591173871,-0.223550520215,-120.334747061,-480.334747061
0.7,2.5,8.352,-0.496450007052,-0.838674653838,376.730313667,0.974596216128,-0.223505582014,-120.623236583,-480.623236583
0.7,2.5,8.358,-0.500670450138,-0.836167697791,376.730313667,0.974601107362,-0.223461990004,-120.911824583,-480.911824583
0.7,2.5,8.364,-0.504879598768,-0.833638500889,376.730313667,0.974605848236,-0.223419738243,-121.200511753,-481.200511753
0.7,2.5,8.37,-0.50907734119,-0.831087100908,376.730313667,0.974610439411,-0.223378820837,-121.489298778,-481.489298778
0.7,2.5,8.376,-0.513263565613,-0.82851353612,376.730313667,0.97461488154,-0.223339231933,-121.778186342,-481.778186342
0.7,2.5,8.382,-0.517438160214,-0.82591784529,376.730313667,0.974619175275,-0.223300965721,-122.06717513,-482.06717513
0.7,2.5,8.388,-0.521601013132,-0.82330006768,376.730313667,0.974623321259,-0.223264016432,-122.35626582,-482.35626582
0.7,2.5,8.394,-0.525752012477,-0.820660243053,376.730313667,0.974627320134,-0.22322837834,-122.645459091,-482.645459091
0.7,2.5,8.4,-0.529891046326,-0.817998411675,376.730313667,0.974631172536,-0.22319404576,-122.934755619,-482.934755619
0.7,2.5,8.406,-0.534018002727,-0.815314614314,376.730313667,0.974634879096,-0.223161013045,-123.224156077,-483.224156077
0.7,2.5,8.412,-0.538132769702,-0.812608892248,376.730313667,0.974638440443,-0.223129274591,-123.513661137,-483.513661137
0.7,2.5,8.418,-0.542235235248,-0.809881287262,376.730313667,0.974641857198,-0.223098824829,-123.803271469,-483.803271469
0.7,2.5,8.424,-0.546325287336,-0.807131841655,376.730313667,0.974645129981,-0.223069658233,-124.092987739,-484.092987739
0.7,2.5,8.43,-0.550402813917,-0.804360598237,376.730313667,0.974648259407,-0.223041769312,-124.382810612,-484.382810612
0.7,2.5,8.436,-0.554467702922,-0.801567600338,376.730313667,0.974651246085,-0.223015152614,-124.672740751,-484.672740751
0.7,2.5,8.442,-0.558519842262,-0.798752891805,376.730313667,0.974654090622,-0.222989802724,-124.962778816,-484.962778816
0.7,2.5,8.448,-0.562559119835,-0.795916517006,376.730313667,0.974656793621,-0.222965714262,-125.252925467,-485.252925467
0.7,2.5,8.454,-0.566585423521,-0.793058520834,376.730313667,0.97465935568,-0.222942881886,-125.543181359,-485.543181359
0.7,2.5,8.46,-0.570598641191,-0.790178948708,376.730313667,0.974661777393,-0.222921300288,-125.833547145,-485.833547145
0.7,2.5,8.466,-0.574598660705,-0.787277846575,376.730313667,0.974664059351,-0.222900964194,-126.124023479,-486.124023479
0.7,2.5,8.472,-0.578585369912,-0.784355260912,376.730313667,0.974666202141,-0.222881868368,-126.41461101,-486.41461101
0.7,2.5,8.478,-0.582558656658,-0.781411238731,376.730313667,0.974668206346,-0.222864007604,-126.705310385,-486.705310385
0.7,2.5,8.484,-0.586518408782,-0.778445827578,376.730313667,0.974670072545,-0.222847376731,-126.99612225,-486.99612225
0.7,2.5,8.49,-0.590464514125,-0.775459075539,376.730313667,0.974671801314,-0.222831970612,-127.287047247,-487.287047247
0.7,2.5,8.496,-0.594396860522,-0.772451031239,376.730313667,0.974673393225,-0.222817784139,-127.578086018,-487.578086018
0.7,2.5,8.502,-0.598315335816,-0.769421743846,376.730313667,0.974674848848,-0.222804812239,-127.869239203,-487.869239203
0.7,2.5,8.508,-0.602219827851,-0.766371263074,376.730313667,0.974676168746,-0.222793049869,-128.160507436,-488.160507436
0.7,2.5,8.514,-0.606110224477,-0.763299639183,376.730313667,0.974677353483,-0.222782492018,-128.451891354,-488.451891354
0.7,2.5,8.52,-0.609986413555,-0.760206922985,376.730313667,0.974678403616,-0.222773133704,-128.743391588,-488.743391588
0.7,2.5,8.526,-0.613848282956,-0.757093165842,376.730313667,0.974679319701,-0.222764969975,-129.035008769,-489.035008769
0.7,2.5,8.532,-0.617695720563,-0.753958419674,376.730313667,0.97468010229,-0.22275799591,-129.326743525,-489.326743525
0.7,2.5,8.538,-0.621528614277,-0.750802736956,376.730313667,0.974680751931,-0.222752206615,-129.618596481,-489.618596481
0.7,2.5,8.544,-0.625346852015,-0.747626170721,376.730313667,0.974681269171,-0.222747597226,-129.910568262,-489.910568262
0.7,2.5,8.55,-0.629150321715,-0.744428774567,376.730313667,0.974681654551,-0.222744162906,-130.202659488,-490.202659488
0.7,2.5,8.556,-0.632938911337,-0.741210602655,376.730313667,0.974681908611,-0.222741898847,-130.49487078,-490.49487078
0.7,2.5,8.562,-0.636712508867,-0.737971709713,376.730313667,0.974682031887,-0.222740800265,-130.787202754,-490.787202754
0.7,2.5,8.568,-0.640471002317,-0.734712151037,376.730313667,0.974682024914,-0.222740862407,-131.079656025,-491.079656025
0.7,2.5,8.574,-0.644214279733,-0.731431982495,376.730313667,0.974681888222,-0.222742080543,-131.372231207,-491.372231207
0.7,2.5,8.58,-0.647942229188,-0.728131260528,376.730313667,0.974681622338,-0.222744449969,-131.664928909,-491.664928909
0.7,2.5,8.586,-0.651654738794,-0.724810042156,376.730313667,0.974681227788,-0.222747966009,-131.95774974,-491.95774974
0.7,2.5,8.592,-0.655351696699,-0.721468384973,376.730313667,0.974680705094,-0.222752624008,-132.250694306,-492.250694306
0.7,2.5,8.598,-0.659032991093,-0.718106347158,376.730313667,0.974680054775,-0.222758419339,-132.543763211,-492.543763211
0.7,2.5,8.604,-0.662698510206,-0.71472398747,376.730313667,0.974679277349,-0.222765347396,-132.836957058,-492.836957058
0.7,2.5,8.61,-0.666348142316,-0.711321365256,376.730313667,0.97467837333,-0.222773403598,-133.130276445,-493.130276445
0.7,2.5,8.616,-0.669981775749,-0.707898540449,376.730313667,0.97467734323,-0.222782583387,-133.42372197,-493.42372197
0.7,2.5,8.622,-0.673599298881,-0.704455573573,376.730313667,0.974676187558,-0.222792882229,-133.717294227,-493.717294227
0.7,2.5,8.628,-0.677200600143,-0.700992525746,376.730313667,0.97467490682,-0.22280429561,-134.010993811,-494.010993811
0.7,2.5,8.634,-0.680785568021,-0.697509458677,376.730313667,0.974673501522,-0.222816819039,-134.30482131,-494.30482131
0.7,2.5,8.64,-0.684354091062,-0.694006434676,376.730313667,0.974671972166,-0.222830448046,-134.598777315,-494.598777315
0.7,2.5,8.646,-0.687906057875,-0.690483516652,376.730313667,0.974670319251,-0.222845178182,-134.89286241,-494.89286241
0.7,2.5,8.652,-0.691441357132,-0.686940768113,376.730313667,0.974668543274,-0.22286100502,-135.187077179,-495.187077179
0.7,2.5,8.658,-0.694959877576,-0.683378253175,376.730313667,0.974666644732,-0.222877924152,-135.481422205,-495.481422205
0.7,2.5,8.664,-0.69846150802,-0.679796036558,376.730313667,0.974664624117,-0.222895931189,-135.775898066,-495.775898066
0.7,2.5,8.67,-0.701946137349,-0.676194183591,376.730313667,0.97466248192,-0.222915021763,-136.070505339,-496.070505339
0.7,2.5,8.676,-0.705413654529,-0.672572760215,376.730313667,0.97466021863,-0.222935191524,-136.365244599,-496.365244599
0.7,2.5,8.682,-0.708863948603,-0.668931832984,376.730313667,0.974657834734,-0.222956436141,-136.660116418,-496.660116418
0.7,2.5,8.688,-0.712296908697,-0.665271469067,376.730313667,0.974655330717,-0.222978751301,-136.955121366,-496.955121366
0.7,2.5,8.694,-0.715712424025,-0.661591736252,376.730313667,0.974652707061,-0.223002132708,-137.250260011,-497.250260011
0.7,2.5,8.7,-0.71911038389,-0.657892702947,376.730313667,0.974649964248,-0.223026576085,-137.545532919,-497.545532919
0.7,2.5,8.706,-0.722490677686,-0.654174438181,376.730313667,0.974647102757,-0.223052077172,-137.840940652,-497.840940652
0.7,2.5,8.712,-0.725853194906,-0.650437011608,376.730313667,0.974644123065,-0.223078631723,-138.13648377,-498.13648377
0.7,2.5,8.718,-0.729197825138,-0.646680493512,376.730313667,0.974641025647,-0.223106235512,-138.432162833,-498.432162833
0.7,2.5,8.724,-0.732524458076,-0.642904954802,376.730313667,0.974637810978,-0.223134884325,-138.727978395,-498.727978395
0.7,2.5,8.73,-0.735832983517,-0.63911046702,376.730313667,0.974634479529,-0.223164573967,-139.023931011,-499.023931011
0.7,2.5,8.736,-0.73912329137,-0.635297102343,376.730313667,0.974631031771,-0.223195300255,-139.320021232,-499.320021232
0.7,2.5,8.742,-0.742395271653,-0.631464933581,376.730313667,0.974627468172,-0.223227059023,-139.616249605,-499.616249605
0.7,2.5,8.748,-0.745648814503,-0.627614034185,376.730313667,0.9746237892,-0.223259846118,-139.912616678,-499.912616678
0.7,2.5,8.754,-0.748883810173,-0.623744478244,376.730313667,0.974619995321,-0.223293657403,-140.209122994,-500.209122994
0.7,2.5,8.76,-0.752100149043,-0.61985634049,376.730313667,0.974616086998,-0.223328488751,-140.505769094,-500.505769094
0.7,2.5,8.766,-0.755297721615,-0.615949696299,376.730313667,0.974612064695,-0.223364336051,-140.802555517,-500.802555517
0.7,2.5,8.772,-0.758476418524,-0.612024621696,376.730313667,0.974607928872,-0.223401195205,-141.0994828,-501.0994828
0.7,2.5,8.778,-0.761636130538,-0.608081193352,376.730313667,0.97460367999,-0.223439062126,-141.396551476,-501.396551476
0.7,2.5,8.784,-0.764776748561,-0.60411948859,376.730313667,0.974599318507,-0.223477932739,-141.693762077,-501.693762077
0.7,2.5,8.79,-0.76789816364,-0.600139585386,376.730313667,0.974594844881,-0.223517802983,-141.991115132,-501.991115132
0.7,2.5,8.796,-0.771000266963,-0.596141562372,376.730313667,0.974590259567,-0.223558668806,-142.288611166,-502.288611166
0.7,2.5,8.802,-0.774082949869,-0.592125498836,376.730313667,0.974585563021,-0.223600526169,-142.586250704,-502.586250704
0.7,2.5,8.808,-0.77714610385,-0.588091474725,376.730313667,0.974580755697,-0.223643371042,-142.884034266,-502.884034266
0.7,2.5,8.814,-0.780189620552,-0.58403957065,376.730313667,0.974575838046,-0.223687199406,-143.181962372,-503.181962372
0.7,2.5,8.82,-0.783213391781,-0.579969867883,376.730313667,0.97457081052,-0.223732007252,-143.480035536,-503.480035536
0.7,2.5,8.826,-0.786217309508,-0.575882448363,376.730313667,0.974565673571,-0.223777790582,-143.778254273,-503.778254273
0.7,2.5,8.832,-0.78920126587,-0.571777394694,376.730313667,0.974560427646,-0.223824545405,-144.076619094,-504.076619094
0.7,2.5,8.838,-0.792165153176,-0.567654790153,376.730313667,0.974555073195,-0.223872267741,-144.375130505,-504.375130505
0.7,2.5,8.844,-0.795108863911,-0.563514718686,376.730313667,0.974549610665,-0.223920953617,-144.673789014,-504.673789014
0.7,2.5,8.85,-0.798032290741,-0.559357264914,376.730313667,0.974544040502,-0.223970599069,-144.972595121,-504.972595121
0.7,2.5,8.856,-0.800935326514,-0.555182514132,376.730313667,0.974538363153,-0.224021200142,-145.271549328,-505.271549328
0.7,2.5,8.862,-0.803817864265,-0.550990552314,376.730313667,0.974532579061,-0.224072752886,-145.570652132,-505.570652132
0.7,2.5,8.868,-0.806679797224,-0.546781466113,376.730313667,0.974526688672,-0.224125253361,-145.869904026,-505.869904026
0.7,2.5,8.874,-0.809521018816,-0.542555342862,376.730313667,0.974520692429,-0.224178697633,-146.169305504,-506.169305504
0.7,2.5,8.88,-0.812341422664,-0.538312270578,376.730313667,0.974514590774,-0.224233081774,-146.468857054,-506.468857054
0.7,2.5,8.886,-0.8151409026,-0.534052337963,376.730313667,0.974508384148,-0.224288401863,-146.768559162,-506.768559162
0.7,2.5,8.892,-0.817919352663,-0.529775634406,376.730313667,0.974502072994,-0.224344653984,-147.068412311,-507.068412311
0.7,2.5,8.898,-0.820676667104,-0.525482249985,376.730313667,0.974495657752,-0.224401834229,-147.368416983,-507.368416983
0.7,2.5,8.904,-0.823412740396,-0.521172275467,376.730313667,0.974489138863,-0.224459938692,-147.668573655,-507.668573655
0.7,2.5,8.91,-0.826127467229,-0.516845802313,376.730313667,0.974482516764,-0.224518963474,-147.968882801,-507.968882801
0.7,2.5,8.916,-0.828820742525,-0.512502922678,376.730313667,0.974475791897,-0.224578904682,-148.269344895,-508.269344895
0.7,2.5,8.922,-0.831492461433,-0.508143729412,376.730313667,0.974468964699,-0.224639758423,-148.569960405,-508.569960405
0.7,2.5,8.928,-0.834142519341,-0.503768316062,376.730313667,0.974462035608,-0.224701520813,-148.870729796,-508.870729796
0.7,2.5,8.934,-0.836770811876,-0.499376776876,376.730313667,0.974455005062,-0.224764187969,-149.171653534,-509.171653534
0.7,2.5,8.94,-0.83937723491,-0.494969206802,376.730313667,0.974447873499,-0.224827756011,-149.472732076,-509.472732076
0.7,2.5,8.946,-0.841961684564,-0.490545701491,376.730313667,0.974440641355,-0.224892221064,-149.773965882,-509.773965882
0.7,2.5,8.952,-0.844524057216,-0.486106357297,376.730313667,0.974433309068,-0.224957579255,-150.075355405,-510.075355405
0.7,2.5,8.958,-0.847064249502,-0.481651271282,376.730313667,0.974425877074,-0.225023826712,-150.376901096,-510.376901096
0.7,2.5,8.964,-0.84958215832,-0.477180541214,376.730313667,0.974418345809,-0.225090959567,-150.678603404,-510.678603404
0.7,2.5,8.97,-0.85207768084,-0.47269426557,376.730313667,0.974410715709,-0.225158973953,-150.980462774,-510.980462774
0.7,2.5,8.976,-0.854550714503,-0.468192543539,376.730313667,0.97440298721,-0.225227866006,-151.282479647,-511.282479647
0.7,2.5,8.982,-0.857001157032,-0.46367547502,376.730313667,0.974395160748,-0.225297631861,-151.584654463,-511.584654463
0.7,2.5,8.988,-0.85942890643,-0.459143160627,376.730313667,0.974387236759,-0.225368267655,-151.886987658,-511.886987658
0.7,2.5,8.994,-0.861833860991,-0.454595701689,376.730313667,0.974379215678,-0.225439769527,-152.189479663,-512.189479663
0.7,2.5,9,-0.864215919301,-0.450033200251,376.730313667,0.974371097941,-0.225512133614,-152.492130909,-512.492130909
