-0.215754774690657	0.0704216623506569
-1.05888059919506	-1.47867806320297
-1.26533370884643	1.14385298143201
0.995115165511999	0.160322732973865
-0.653800124668419	-0.430582912717919
-1.377022097515	1.27020003435903
-0.887772605782809	0.00300923838215089
2.73359608491297	0.757253590272252
-1.54291021497317	-0.847327745995799
-1.69077883144089	0.41480534234186
2.18370687839373	1.1711749731619
-1.01912113267275	-0.972328693879619
2.33801410517174	0.661795488600758
2.72061692753416	0.327227885989774
-0.862140152039343	-0.364260971730875
-0.704766564212039	-2.03788461353872
-1.47649170612069	-1.02779460906342
-0.849182383474054	-1.85115825570954
-0.878305076364481	0.132065224820353
-0.439170319456366	-1.41542257788407
-0.377420275545394	-0.243773210416333
2.56083572190392	-0.0502373137812514
0.759434969979245	0.290467807925046
-1.60401453582421	1.4867725861873
0.763624792612878	0.201499193415941
-0.583795929218269	-1.89507176306867
2.16753628238785	0.314967228123124
-0.697308969415315	-0.289228271888809
-1.23169278878933	-0.682369945357851
-1.7302946886829	0.258326430784667
0.0877704911189563	0.0445571425675976
-1.71754513122239	0.422935367867428
-1.10688510393083	-1.59834502474482
-1.40673368008034	-0.598598834468246
2.12350887404831	0.607528168225804
-0.967312296502079	-1.41633342797893
-1.01008471369023	-2.0387776295719
-0.873384704732475	-1.01506797487177
-0.662312951442748	-0.127600486011493
-1.20226847393655	-2.14688851460183
-1.23376297461228	1.20832194729457
1.92296990037921	0.418857089972808
-1.43179260778444	-0.417500177290774
1.43734228832545	0.406634277611282
-0.367251907312482	-0.0223978460678533
-1.54885976057682	-0.128347068099392
-1.92010751253883	1.56951209612395
-1.36878800287667	0.855214780046007
-0.878262036942634	0.0150286999803138
0.692160806310971	0.136915067010533
2.33990798548889	0.426576219955806
-1.35019006140769	1.11809497767637
0.0736478288080219	-0.172524974491107
-1.33031249024971	-1.67125513283095
-1.15590972731344	-0.421554868682488
-0.493483089079224	0.415544159842399
-1.00663896353652	0.740522867669824
-1.43509756713435	-0.566140036293841
-0.771625170281016	-0.882586206359265
-0.925561375217391	0.589695437626823
-1.95366774506884	1.39873080499478
-1.62218613915174	0.351756625435933
-1.27685892214809	0.777162694864481
1.73667888092675	0.270154550185863
-1.37096925722493	1.43957559645943
-1.64529092583064	1.25434879509443
0.909841911413468	0.226963474831526
2.82425715234382	0.80599194816687
2.85153450490634	0.604626574357707
-2.45675733274215	-0.548287985187787
-0.970406083307431	-1.93664524465751
-1.15504771707794	-1.92184735974314
-1.19092190219179	-1.57711825517406
-1.28620895747177	-0.60058955703475
2.38689738955965	0.758379479751758
-1.20419451889263	0.328299616707932
2.35326752804046	-0.015162955839885
2.17991010251056	0.429473910171364
-1.42960909624655	-0.227842934302916
-1.61632021476897	1.43470981079218
2.14013315496214	1.04328215510095
-0.813860238590372	0.0297593054920312
-1.29914678201325	0.801159736688942
2.574007751069	0.987658337676344
2.51916892651673	0.548513100148647
2.72225248025617	0.553516343605626
0.800438368364805	0.318884387638542
-1.3146872855756	-0.222722431654646
-0.495997352615432	0.0680826950776867
1.4021142419375	0.168134542159853
-1.64007962263722	0.458516029323093
-0.66653170250456	-1.59544823839288
-1.49645252769329	0.598599202132371
-0.626003053378391	-0.233365706445241
-1.69839048237529	0.630030396709188
-0.682119574472441	-1.67272632438146
-0.537332850668891	-1.36455755663233
-1.59192026069395	0.588518193504401
2.78465532579489	0.272228134521453
-1.40734209771011	-0.0955352443488842
-1.01544918606602	0.975128782399778
2.0805381780228	0.701629893450069
-0.981555078141519	1.01781127545156
-0.393196871801902	-1.00018094568279
2.8408151423786	0.623354081146749
-1.83563208170546	1.4909428627042
-1.74461943947333	1.2210207464037
-0.983308938151242	0.400174233532188
-1.62210963487489	0.200441417370108
-0.92865971060738	-0.64621956240383
-0.678144357804307	-1.77339506184079
-1.17222132587562	0.077605656360062
-0.315279023114786	-0.429256761526288
-0.965090917214681	0.309476010951616
2.66928508756122	0.283490947940912
-0.785606906664213	-0.190463269994458
-0.974875258075515	-1.12190518046123
2.32752196653218	-0.0896037154388542
-1.06707093052841	0.981774120752447
-1.22771829782784	0.157915799700963
-1.39269195626859	0.168133259172394
-0.64258665618686	-1.92148174059339
0.225713698897043	-0.0881703860215544
2.68574068908987	0.406575537794393
2.80954487387664	-0.0879852361417815
-0.884609673001845	-0.400087226411958
1.63690238409105	0.406685761688203
-2.18495242508932	-0.56527753860531
-1.42399418146987	-0.544309219985039
-1.31417756109894	1.45491442676085
-0.931593340729541	0.0337058237252452
-0.841311684545867	-0.695056806123455
-1.58736204588756	0.111445755756204
-1.80828904731002	0.85172843797628
-1.24157331523781	-2.11727598714065
-0.804198029653297	-0.926829211983339
-1.83516236731013	1.02147639611526
2.43083961328801	0.677572256346916
-0.357146696936716	0.0769171562254103
2.21744048216564	0.873142866556218
-1.78890018065868	0.313536405946218
2.24914434976503	1.17338016187601
0.873020444526506	0.313151778972104
1.59410816761792	0.2805577105778
-1.89624959680748	-0.620356566851842
-1.37446748532241	-0.0679281213570541
-1.72846921303258	0.850674381657514
-2.22771182215678	-0.602286876777696
-0.522235477018883	0.347099742249751
-1.74950782650683	1.14252637518653
-0.331816221463048	0.0175216366329523
2.18901592791336	0.430049454426307
-0.96561822878202	0.932264934676529
2.67225224891161	0.0215447605233553
-1.30462398998126	0.319428185748655
-1.35012165423184	1.28758701093394
-1.62031320181432	1.38725560869327
-1.00100588531313	-1.71661359286662
-0.905140715667908	0.984290627025138
2.62640551252359	0.420578253593185
-1.78875528982359	-0.212142334286656
2.66212547888261	-0.212627339921027
-1.02452114766343	-1.82044439724469
-0.613503150021623	-1.31757951147202
-1.68272981396885	0.640611805347774
-2.81498935561831	-0.620185686171434
-1.34983167939953	-0.293789291336298
2.6913786005441	-0.0897734737633924
-1.66064728080085	-0.309840922669402
-0.549271824077123	-0.635873430498184
-2.42301070211869	-0.516163284866703
-1.70288405831318	0.00862438007205067
-1.28360570527869	1.07332931796989
2.91198169442472	-0.169261894455848
2.26263228092387	1.20983359615872
0.337046703034677	0.100912413825679
-1.64382283393609	-0.308560046570792
-1.02509473501623	0.0627530157520745
-0.56744561913145	-1.25402668810729
2.45033382680582	-0.0791295454179964
-1.64843370398312	-0.134134958363113
2.43770317934485	1.35100745727225
2.20271058826716	0.308470834613149
-1.59979491662222	1.53161942137502
-0.803828286653773	0.819082587151451
2.58955404325528	0.463777610787781
-0.938085205942865	-0.285473331448337
1.80232420533107	0.439536666424414
-0.833263121610912	0.877848981372244
-0.784602735288768	0.398017127065084
-0.727134619804913	0.0122733035559499
-0.692376950625907	-0.0288445484133481
2.50930059855454	0.371472146895769
-2.0387840120714	-0.501906792521047
-0.696272794327469	-1.09663071596229
-1.01860554575961	-0.803199713138958
0.0978980038562332	0.0165747484066115
-0.996235497587139	-0.0754574762164139
-0.33282755529122	0.0375393958975641
-1.93882405832759	-0.578010494785498
2.48731114870936	0.698113313554314
-0.255291221305014	0.0377172648413861
-1.04287823655286	-0.356359252063127
-0.935875460250013	0.0123451882823679
-0.00219185798289045	-0.177697697303994
2.79329234342689	0.0206793036494165
-2.13104562369914	-0.309601013085744
0.076170387319334	0.155138926171404
-1.91317469549885	1.48459104187565
0.292592462441899	0.0218589826486072
-1.68941167994778	0.607133772318289
-1.62895506690668	0.228884810169119
-0.967075728633915	-1.72139354196898
0.13982304156422	0.11806992266323
1.12842189029516	0.190700481658205
-1.03382574030562	-2.19099499899999
-1.02404828321733	-1.95785412190804
-0.45306212338848	-0.786898759267892
0.865944004288145	0.178462569000364
2.28107119873795	1.33942426042823
-1.27219844501986	-0.039256052160825
-1.81142665180732	-0.42290046993138
-1.78234635570287	1.09788909542786
-1.86805456345405	1.4981405207701
0.959083970186042	0.267809284262467
1.48649373576827	0.198113481281531
-0.855226241715683	-1.74815291932653
-1.71280185936946	0.95672960845839
-1.36332887951612	-1.1111197386048
-0.373496701537952	-0.702033880864968
-1.37315415299636	0.325033663409201
0.0176379152282267	-0.0449750854635836
-0.724113491391302	0.0549791221319606
-1.19043397824746	0.482670904345534
-1.41082792813662	-1.03347169632648
-0.308260049255228	-0.330150049398271
-0.601806254710051	-0.488004375409454
-1.25868121441937	-1.06994127587871
-0.806073618398039	-1.55498795753025
-1.84303836012382	1.00369812793624
-1.18044454264813	0.215719061920484
1.3946573902294	0.307747409539821
-1.47134668126247	1.5483998859056
-1.00707654006547	-2.20443451479576
-0.95029244882516	0.154104920900891
-2.45993199567042	-0.649315697120748
-2.35546209026459	-0.651529186121239
-1.97753365632009	1.31108198111782
0.87993169914949	0.106856293156464
-0.621092475469283	-1.07676600662964
2.36257149079715	0.869802570607443
-0.0611411525647644	0.188806282179301
-1.47598327364831	-0.0602978089233352
-1.79382651572612	1.20825061908177
-1.99863638974022	-0.211509053531917
-2.82119137069416	-0.697008135989247
-0.380224005185538	-0.629495077980898
-0.917423404577303	-0.292696945088923
-1.26229291729786	-0.90995978715862
-1.42821947906477	-0.199783019190139
-1.59573278123536	0.276205733022462
-0.915503118086462	-0.207459979993258
1.96926013446117	0.317737193163461
-1.22349622803755	-0.213839466563129
-2.14433203051062	-0.535947452464403
-0.149759993025338	-0.217242797844614
-2.65811311986409	-0.587824609705062
-0.735899137371168	-1.42711498333833
-1.05772518268771	-1.45758165754622
-1.45685077994925	-1.19450973013878
-0.922716137220183	0.704989063675392
-1.76191118786162	1.39262457297591
-1.12456034440907	-1.60707175582391
-1.28520810246207	-1.55652251700212
2.17103473260068	0.284967405199865
-0.81921784640237	-1.5248543410547
-0.577948741418892	-0.0232767396053968
-0.509772937278984	-1.5307250636458
-1.63491643505121	-0.471176634531369
2.7318349926697	1.00258234576748
-0.946241307245024	-0.52195654758756
0.401764323366199	0.198553791263988
-1.67252329994738	0.50886436892916
-0.490157728375098	-0.73848718455416
-0.726646964985712	-1.24622627124533
1.58836813917826	0.281231237054525
-0.763444317377582	-0.491662595248927
1.57453739713936	0.35332956185752
-1.45930979041732	0.444006108642833
-2.11158157056183	-0.251472522464806
2.51105113226242	-0.225884187510405
-1.23083195541256	-1.50555689020917
-1.179358020476	-0.298558417731428
-1.26724646962259	-0.196455400860728
-0.97446694495683	-0.556681179646077
-0.493369469206323	-1.33236944281915
2.18067652394009	0.763597768767459
-1.33578346557781	0.647031747788235
-1.42096719935713	0.737730489952532
-1.47308178661266	-0.558457482147192
-0.575171178302124	0.251150266252775
-1.42725533656649	1.02375954936194
0.304475779707439	0.070082559051577
-0.418388681287059	0.342683960488514
-0.491337633347948	-0.32336263466266
-1.15433799110288	-0.250042327209038
-1.19637410377155	0.572332241954464
-1.69889994173205	1.27767460582581
-0.743106856895778	0.140384396300588
2.09667194416667	0.831455063154693
-1.74955641363579	-0.186444295776103
-1.37522159350962	-1.31305322070924
2.36407869388837	0.0875911054728603
-1.72359113958706	1.2413280017595
1.25531286161592	0.136005883065423
2.71227681891381	0.544579481153482
-1.67129816593792	1.02998059737322
2.51833832077638	0.452148895471828
-2.85306557469098	-0.752645928383222
-1.51871824712033	1.08763161164339
-0.709216341673966	-0.311113698607837
-1.1162532582666	-0.592145261092493
2.34611121104181	0.173693117299043
-0.397584462779721	-0.287989966057917
-1.53594558927781	0.531642908043561
-1.34340185364026	-1.23887060114907
-0.854371376622406	0.741624280220868
-0.513014346280675	0.235922340936887
-1.74497544098905	0.448566068025162
-0.606656563390072	-0.656131291358871
-1.06376571013537	0.0453386799094101
0.288718105219045	0.0121715515759876
-0.854286541019409	0.591493851464942
-1.88047330675113	-0.383056889656377
-0.914445779593732	-0.967182448049647
-1.48354339795604	1.65655144799695
-1.51227311754686	-0.447809788977915
-0.497858629481512	-1.2216572998262
1.17205402575967	0.252274545611838
0.674854790396778	0.106142334074912
-0.835003023647845	-0.265468106766564
-1.02406908320441	0.706395299530477
-1.32110279864839	0.214434948822939
2.8733762658199	0.496268538741414
-1.42871677784399	1.05533789941936
-0.864440705322857	-1.3829020793452
-2.78854652430318	-0.631429040766001
2.67580172007885	-0.228479497399593
2.89254063157794	-0.0841098385497451
-2.24796227836772	-0.319593170759884
-0.296797349301724	-0.270958703031188
2.31398211385187	0.427676893906992
-0.366140067134959	-0.817672199117915
-0.972133387641597	-1.19938232870319
-1.02854846932319	-1.82185347990629
-1.33150357741002	-1.10827424272249
-1.29191144408711	-0.646857499054826
-1.10551415305482	0.626402344593272
-1.34328810424529	-1.64324554103023
-2.03284138311882	-0.562540495559756
2.52494093614354	0.907807300673486
-1.29595896955846	-1.79328162704593
-0.897343772225087	0.216556842973559
-1.12257052880568	-1.4460320638855
-1.31810610626391	-1.76544840098233
-1.18524236130391	-0.774622511177401
2.34380698713146	0.111996734307525
-1.03068389469075	-1.87030070738654
-2.83098107592	-0.536122661234812
2.75063482504947	0.108084755430107
-0.539494284493988	-0.0292701737481511
-1.85524173427968	1.39431390014219
-0.610751185292108	0.0956924047945112
-1.23646059856849	0.770590241020308
-1.42668306652267	-0.487675439027824
2.76467263312238	0.940307541123952
1.89002295670318	0.441253122520022
-0.300949142160634	0.039753331034937
-1.20841801758033	-0.600202711167827
1.30533142997788	0.413247324505185
-0.573751482666829	-0.520178341487512
-1.2385773771213	1.4648310726013
-1.73496980865572	1.46018706227699
-1.64300185314956	-0.555289424026555
-0.784746052751748	-1.21917547507028
0.585794896698105	0.164339787155832
2.67274237755682	0.588126890075789
-1.8479397441888	1.08329699753318
-0.79828562726844	-1.57938428030528
-1.18857850679122	0.131678451934262
-1.78548459726048	-0.158651035955486
-1.30222256391648	-1.34333993349367
2.7196031962059	0.529711744997098
-0.537966988214569	-0.748227941285657
-1.61664644502612	0.277699809489355
2.611577564893	0.166832158448196
-0.676235534891958	-0.944218880798547
2.52071859471774	1.36920754665212
2.82612966848526	0.0238860382453475
-0.522008369627332	-1.65066598029689
2.61015618449886	0.645324836071418
-1.48517668699463	0.0407749028636601
-1.68932380059753	0.616891396111246
-0.919515919177995	0.999680325918034
-1.67183235330038	1.43382349621314
-0.119637511201759	-0.187694750945163
0.180464031439431	0.134968129549196
1.33832053440923	0.325368554844886
-2.82757695431263	-0.703435911547779
-1.51362633001219	-0.231585434728834
-2.24243356181942	-0.614525921340628
-1.36524827884066	0.182687216058254
-0.493251687616557	-0.427072458512567
-1.8804563040673	1.42175558778693
-1.17282019593914	0.617211463461025
-1.3201701465665	0.0274842454843554
-0.677246572999675	-0.278985885236018
-0.497295213964885	-1.31624584480541
-0.642925318451667	-1.78019904696466
0.454821724109652	-0.0457176396310211
2.09689837146035	0.664750756679186
-1.15561176565018	-1.29707009216252
-1.22680624301342	-0.309795026606584
2.5874323544761	0.696972829320206
2.71221576085746	0.489042284209929
2.09416979074208	0.615314582646815
-0.67925389624145	-0.440936109785292
-0.955068868845964	-1.67195752541182
2.27268349830455	0.51218452711397
-1.30038546040878	-0.941857855142987
-1.4868992363198	0.0842237273836474
-1.0740620299745	-1.76105560364661
-0.0374305809917508	-0.228160625609017
-1.523309309396	-0.535820623695107
-1.36020926520722	-1.32274987524334
-1.65188559387147	0.138439041678713
0.664484606858659	0.28241683596927
-0.475656328924346	0.285424321645456
-1.50767739692043	0.958636763750284
-0.81350400748958	-0.420362417074314
-1.84366541594435	1.52675147105667
-0.762303554403091	-2.18458149643469
-1.3601867577133	-0.476366650461446
-1.67420860060745	0.405003969150733
1.35857732036638	0.36717111991578
-0.381224160670631	-0.218159541789659
1.05451971202488	0.18888842253724
-1.40093664628762	1.42845377276631
-2.2214815025777	-0.566319108237056
-0.587098746795922	-1.87026046917327
-1.69623514883342	-0.506315751784098
-0.837562781986035	0.626338976155044
-1.21788424328473	0.816329471707048
-1.70942998382712	0.276263359495634
-0.242724945633932	-0.348501235493538
2.33160735102797	-0.0987367081080924
-1.14697067868973	-1.06438100301657
-0.307112511415614	0.217240924889844
-0.700991906658096	-1.10394408261988
-0.726147473749192	0.408422789114974
-0.637632647291859	-0.504988488648235
-1.89837330244282	-0.613274003710463
-0.681761323677791	0.302639823271908
-0.90825761757324	0.266402931136965
-2.80711443184338	-0.667525697409923
2.44799704743466	0.623112610276287
-1.19394276619495	-1.46289834022958
-0.984039016929636	-1.81466201718644
2.21347735740541	0.179744544189431
-2.60995592580232	-0.706806807193591
-0.799789540229089	-0.726585961793198
2.49547081239847	1.03093077111059
-1.83963821232047	0.733626410902669
-1.18874448646198	-0.101987833799991
-1.46141202269312	0.378561266938137
2.76664622781894	0.447677531121324
-0.865794502270445	-1.90353004781633
0.191541279194402	0.0524991877637534
2.61835114283057	0.855707074991006
1.40321758779185	0.292498547720684
2.84455782125669	-0.136615943730944
-1.52981008240784	0.0610842903592419
-1.35974576891966	-0.748063968324535
-0.938374702831094	-0.251739830921949
-0.107135717353775	-0.0906813932099946
-0.991750069270176	-0.0979180728415673
-1.40458973132861	0.526531056405643
-1.33659170925824	-1.27556806022253
-0.912004876878794	-0.228555481363519
-0.652630947998326	0.16021695235062
-0.725692419708977	-1.1266630268502
-2.71670075055968	-0.479374390799008
-0.975625870802581	-1.15433499797378
-0.847331275961777	0.443158365957871
-2.76065861572276	-0.519482257173752
-1.53811515051161	0.772900884457639
2.75541381882532	0.726005860407612
-0.916618615674775	-0.256167438780383
-2.48207897747752	-0.671957094253444
-0.90875011629402	0.894085689245236
-1.45760371481948	1.54202925504093
-1.96818267315699	1.29479180534558
-1.47954569712246	0.427491810307406
-0.996643834651762	0.430625162251055
2.67998058944797	1.00656842909863
-0.547442527581639	0.162835978295575
-0.69748412568679	-1.06271433935088
-0.449800735384383	0.0176429533324422
-1.15106069035304	0.174041083642142
-0.829486386894107	0.489465599055719
2.9044772050322	0.0564493090944255
-0.551503998755093	-0.0840601883627444
-0.267338295926011	0.132295344521059
1.32963237440041	0.34251520565341
-0.994101760264348	-1.52900797665075
-0.466875670615279	-1.18634851294927
0.344290928046141	-0.0779969753626635
-1.20028439138768	-1.12341660190748
-1.88489834382306	-0.407798481521839
-1.67069558762202	1.25979336106513
-1.10553442395685	1.17486025174358
-1.14123793551482	-1.33164266612941
-1.06223106637525	1.01465318285947
-1.36065977611524	-0.0940415421031233
-1.08188605681754	-0.450182185600812
-0.734641341710884	0.302659419771535
-0.743553918177552	-2.12486175674028
-1.06392412495917	-1.07409306281804
-1.31268420881979	0.979183729677544
-1.61433408073082	0.506160468711918
-1.12912290019024	-1.85479603582446
2.77188744741624	0.751650771914155
0.822014220908343	0.137393039261831
-1.11999692716272	-2.08035035110264
-0.960996455935286	-0.555821301261508
-2.64533147564033	-0.530387824638204
-1.31426673326529	-1.62703243647342
-1.34850006673751	0.786173193038368
-0.134183493694067	-0.0322553680571328
-1.54833926744924	1.53021510560581
-2.02333982060506	-0.222891586486967
-0.829835681745862	-2.03820998849182
-1.01764474516093	0.950692889115124
-1.24309103173305	-2.01761789913579
0.127901489052963	0.0898435367117339
-1.25863042942926	1.20738205574111
-0.914014012785515	-1.94714984206367
2.73142274390524	-0.20747994010879
2.55779412937763	0.0284488218269876
-1.59273304466234	0.269549265824566
-2.85913973257894	-0.657042922205955
-1.17176402694728	-1.06110963080206
-1.52956824308297	0.992461290925686
2.78725161329369	0.806950934690236
-1.22686949928957	0.153214969122763
-0.998006041821036	-0.199602763556092
-0.68649311666821	-1.92632867973919
0.396383862705007	0.0869029869523382
-0.782338358776141	-1.74295166598477
-1.63277784627741	0.179185324423375
-1.31171980423824	-0.437896248269077
-0.673082031218965	-1.62549000827065
-0.766496320579882	0.482645295414011
0.266866887947216	0.0292581849878865
-0.70536377298591	-0.358584088885678
-0.813135689546611	0.580508739610301
-1.53713869852307	-0.906650559728127
2.85086917519604	0.452703299169764
-1.25464184054098	-1.60945180300222
2.64767340368657	-0.109221760464241
-1.22558043365786	-1.82319042435732
2.49494518930092	0.163299716999873
-1.86530866794819	0.760087247109349
-0.653040756300846	0.425606282809675
-2.56909347452171	-0.510252881699866
-0.840505293302619	-0.544315997417303
-1.26693375427065	-0.805837718117512
-1.09735462385542	-0.742056595007702
2.11308682437978	0.456177367339991
-1.10177382907128	-1.01666884073784
2.12604616577578	0.836108544679909
-0.661779589617727	-0.720772603350474
-1.66908379476661	0.216455492856252
-2.36025072760049	-0.557597185751957
-0.635542320126166	0.171057211769412
-1.13385813016665	-1.46200969150876
2.24050231353897	0.628769704618819
-0.864380971592779	-0.382126559440503
-1.45582415796582	0.113528256916437
-1.16125843051185	0.0538208981940705
-1.25736068182724	-1.98190510432135
2.37153760814335	1.14389104442161
-1.28395074921156	-1.28755327655323
1.10660340652029	0.163887750394315
-1.97564821640016	-0.223290737204741
-1.03951396538075	0.206213541927177
2.43636011042418	0.172806822128921
-0.990516089074518	-0.155959302171135
-1.36489738668792	-0.815713031482469
-0.0715065849560877	0.0358815054408947
-2.29753334962342	-0.426954276291385
-0.634910949741401	-1.62008530356655
0.714264287414779	0.191002322621175
-1.70143450442743	-0.483017003943996
-1.06766514942823	-1.40009103689545
-1.81285701677007	-0.502475586569871
-0.581375942270917	-0.0440587351935461
-1.35590554448909	-0.949987311360454
2.63334750153863	-0.116201941645777
2.28499917669088	0.340403597911582
0.37411075612497	0.178194229203751
-0.0654192673541952	0.181298414471792
-0.50130153353898	-0.292435328980716
-1.42136584422369	0.494663186566486
-1.54875310232537	0.450616279144264
-1.34289061529468	1.26492670786663
2.66914459847613	0.149446361860205
-1.06189752867929	-0.284512725607353
-0.416685107526156	0.105668575526389
-0.977618151074789	0.0930215190725699
-0.647687031782178	-1.54648633600314
-1.65320249559718	0.48576904475294
-0.744867525578968	-1.04703478595028
-1.13589861848149	-0.965253993004879
-0.921570040711389	0.557535871070162
-1.21173177500531	-1.39513380705184
-2.08281116200877	-0.252560676079104
2.7840671948405	0.277848274778782
-0.562286942087976	-1.03274589029581
-0.067980967467032	-0.0236685957653874
1.48443470235478	0.188416549902534
2.70593683278466	-0.275164772220447
-0.898592687434459	0.245909038318697
-0.983240382452195	-1.03432800766635
-1.24224328451152	-0.598742609542724
-1.55834862070085	0.131763839996099
-1.11565930719861	-0.673280815739767
-1.90337341980839	-0.605919227620729
1.6457975044992	0.334371486258609
2.60254572095413	0.697270804144287
-2.93088864133866	-0.586463506513149
0.204101424510859	0.125263424386752
-1.13567286794855	-0.229958881838934
-1.1917843483175	-0.741809172455536
-1.77156009086676	0.98604439477277
-1.09063197733831	-0.94708720745807
-1.65270319355268	1.40488235829347
-1.22617053801148	-0.937400001140058
-1.54746567529145	0.797753312192726
-1.27026501663711	-0.808699648098641
-1.29526297549955	-0.596749785479957
2.90324847161751	0.0523690023455693
2.58115518756946	0.529935854306743
-0.472080269111571	-1.46806398719721
-0.99746742171074	-1.63197773603924
-1.57559590376573	0.986761448908142
-1.00263024173088	-1.53908152274696
2.88664612007418	-0.228385221686843
-2.16621021870625	-0.357957689142743
-2.12748792020982	-0.488831147207012
-1.74188925856654	0.816365084660302
-2.0730332205165	-0.410726749090778
-1.12137231833246	0.859914613660786
-0.0872035087915124	0.0507930458175975
-1.578573029903	0.352676805478647
2.48690441124103	-0.273380759433079
-1.64368907279257	-0.122030697668912
-0.692041076624194	-1.4658419704408
-0.695298148305681	-0.193914577473821
2.71847757557375	-0.147408159292049
-1.75061776757968	1.48609991688806
2.0355208556435	0.395582435820876
0.115326392128157	0.0406589302348119
-1.43611842007525	0.571422941884958
-0.847426542547397	-1.61927304516572
-1.0328969464027	-1.57366305086651
-1.56657513773453	0.6994205129555
-1.60451775122266	1.22185974498051
-0.926994405285864	-1.40294234347316
2.59464486813264	0.972960849201847
1.78707689711384	0.422864171992784
-0.721517585787323	-1.00245861918635
-2.24728155192286	-0.642505177395133
2.42066357736342	0.0655459360745967
-1.07657174239326	-0.976820233691963
-1.12540919434028	-2.01179905792974
2.3664390314583	0.638416520457559
-1.21106114126569	-1.19025771535712
1.12573955464984	0.343868245318841
-0.753995133247511	-0.475640858877816
1.09557122257576	0.0884457105104899
-0.693816110530684	0.332164784081896
-1.12763482130216	-0.571008491057534
2.38958411491536	0.261416267193584
-1.9585516024715	1.27678371573682
0.0495631888946481	-0.111960980616762
-1.73645522412746	-0.117709971599552
2.46651611155983	-0.276967400351898
-0.990291901361737	-0.0742262263140406
2.31108710494533	0.824798747973558
2.343287154416	-0.0217727205941972
-0.532747674848301	0.518572204820709
1.1543534702324	0.101630222536857
-0.537264330883776	-1.06876238621521
-1.04183835767162	-0.792474324908357
-0.83001687356915	-0.929732341700563
-1.95774308802219	-0.35516729697819
-2.8579277937954	-0.665808117743149
-0.498515658728115	-0.990580668794689
-0.792080378265872	-1.73262615952066
-0.468265042919993	-0.175909323418945
2.12789579095686	0.624544592611399
2.67299811349914	1.01624340866488
2.60113506423027	0.374497495118495
2.23797692600766	0.56989455180021
-1.2633594812906	-1.92121329815606
-1.42098955560254	-1.26446581807115
-1.38694868619329	-1.37619932995281
-0.85340177912406	-0.240028353809885
-0.330412131446505	-0.423059329546078
-0.92038259152285	-0.98168954905606
-1.70453986123081	1.63226412357804
-1.59980425492802	0.552150542335082
-1.47900760302523	1.16042234975842
-1.05500465255444	-0.696332555273457
-0.866210411378117	-1.74796410641937
-2.18333435460929	-0.317408857256531
-1.66945703425517	-0.365461643435048
-1.68467487175331	-0.392535898554912
-0.996551565409828	0.442739801140191
-0.146358903196913	-0.0157669673845853
2.3072769938489	0.557388960122293
-0.831592922878992	-2.21268865693431
-1.52758452419107	1.31718946186536
-1.45513835451667	1.65338042686625
-1.51901887499188	0.859589793026804
-0.985915074044111	-1.19197740326524
-0.802852211363723	-2.04674953433709
-1.67316137464039	1.18141290189554
1.43677992689005	0.276890592396139
-0.880904818468591	-0.576959555271499
-1.17275064558612	-0.312811129621339
-1.59407913734513	-0.236439471408033
-1.41537776501659	-0.108178728459529
-2.84711065017497	-0.561378026669301
-0.767514233910876	-2.07438398061154
-0.222471730859708	-0.156838009940195
2.75718636202966	0.262417987214847
2.78918795872745	0.804429452516447
2.02890372822207	0.431244578379736
-0.2069600128076	0.190813427452798
0.149627709329263	-0.031177981249258
-0.77832223138302	-0.986863517739111
-1.1405726503626	1.03843526190207
-1.49960573340156	-0.498761687906358
-0.523559090883105	-1.3428331159063
-2.38082136519187	-0.46990908434963
2.10754781557111	1.14914071915512
-0.490495331479037	-1.16711703961806
-1.25555333510026	-2.08119769686643
-1.0910742838763	-1.25158183055031
-0.723924175361825	-1.63099113674069
-0.550360793340989	0.228295000134569
-0.59270898947571	-1.35836941306378
-1.79732727131033	0.785043021834518
-0.172162098686695	-0.0894101083561777
-0.466566160653051	-0.452520194770352
2.34825096605163	0.0831450679792957
-1.09554306310385	0.371856407780445
-2.81787798158103	-0.472450594078962
-0.334086481507112	-0.858836866881454
-1.76646539059415	0.221840212320873
2.31835592094675	1.23498085291537
2.51405256475846	1.07167526420398
-1.85434429409964	1.49487936052936
-1.84722359187751	0.966584376036823
-1.27022729285907	-0.751366827154044
-0.465006482961882	-1.00622105128542
-1.40291040223181	-1.23591759311366
-1.89701003261022	1.11796596939729
-1.47908548142299	1.04908520349806
-1.24239931047111	-1.89873102900185
-1.24072132777961	-0.242939013506624
2.06987132275734	0.528365305803632
-1.80712190382691	-0.423304765249993
-0.881705047076933	-0.222306977419752
-0.121814204896419	0.0653338889380568
2.63618052265387	0.0542260187320192
2.36749127898093	0.160403713265994
2.83766408572603	-0.240177908112264
-1.4308363536701	-0.762849383120739
-0.519986550649202	0.381422415100697
-1.25031808394524	0.57994869776987
-1.88060156436606	0.922678464223054
-0.748729157560718	-2.04199016878507
-1.3959996549791	-0.744841257411985
-1.65496795281523	0.00529086991726267
-1.68562489920376	0.212590250280328
-1.32691660610164	-1.27579210377134
-1.22085420828025	0.0891893795807223
-1.41175342233497	1.6406541102651
-1.28300063009789	-0.982031451047058
-1.22068798417476	0.856246370583214
-0.39607495050231	-0.379358324807724
-1.20703541349794	-1.30358482464061
-0.947947512774186	-0.658214544548442
-0.368455898170705	-0.766759249092708
-1.22005579445141	1.22197125307808
-1.08218241402545	0.260466734820655
-0.953019426988139	0.617040537455811
-1.29921439387823	1.01886084184456
-1.58588367348314	0.771092627137664
2.21590381029477	1.19974574737808
2.59131514279104	0.553456460001658
-1.81999124987393	1.26765604672878
-1.39468954112516	-0.43799485593102
0.947182855734351	0.219820398725486
-1.03070119546752	1.03666699265331
-0.897901712570689	0.170741242990595
-0.888897530890194	-0.634852089853591
2.31998863835371	0.138154715331347
2.19715817799579	1.16868322589707
2.18550228642734	0.861338939156178
-0.615708220963641	-1.84484896534195
-0.651256195595096	-1.63990032913487
-0.439978776482242	-0.70066011000281
-0.719846084641483	-1.51435453562724
2.55861999936125	0.297885294226961
-1.07886022210059	-1.37360191198801
-1.40699037542231	0.746405262666813
0.608835271589822	-0.0139125965495655
2.01880289798615	0.326637980053613
-0.385925103911035	-0.463930867124335
-1.60559265692811	0.171987447928488
0.182396188542103	0.0180212319170411
2.18342102965613	0.721853859398154
-0.767045964434081	0.792830396250004
-0.56612263316019	-0.544871894062969
-0.866040950952166	-1.84284523772514
-1.51853026623206	-0.420349049166131
0.458623271891928	0.0588078578080057
-1.50277014407056	0.805569942805304
-1.94937916065436	-0.57329239057678
-1.02168646932232	-1.1059132701938
-1.88303134602626	1.45537961115699
-0.744570304336192	-0.99142001190335
-2.31983991748192	-0.353364089574615
2.80003386528388	-0.0533742688621868
-0.416396792078999	-0.325066360434186
-0.980828754142348	-1.76918119064673
-1.25027655513078	-0.559335082871703
-0.641040342438838	-1.91117395004208
2.86473180590588	0.41475190961828
-1.18289611625284	-0.666896227262141
2.31196922700605	1.28767762716253
1.8368508948966	0.273765743906873
0.0937316158616569	0.13812107500163
-0.901334084254602	-0.228798745784878
-1.37688322636003	-1.01747969902308
-0.993967312699221	-0.419495247779413
-1.54316226801728	0.951955718001114
-0.729973095303479	-0.272296312774654
-1.66804669893683	0.971201667376087
-1.82134774506293	0.949408496314082
-2.74895579008541	-0.633939746280568
-1.5643518368405	-0.062841834428536
-1.08347981338266	-0.567945159056734
-0.461391855716871	-1.21973516630912
1.63702965379855	0.342502324957212
-0.897408444740306	-1.09963224780414
-0.565203356909466	-0.528941772748044
-1.28301889520271	0.213273792706622
2.74700727058978	0.391970608385463
2.40894701980642	0.851336706486745
-0.0321142137583572	-0.119556138411744
-1.46525182166163	-0.628125665402422
-1.0964340565727	0.0599484044456072
-1.03301149559398	0.119033178692486
-1.66122917113932	-0.0527395207571849
-0.0694205993799592	-0.141711782836219
-0.691927738794296	-0.525697905501358
2.16525671031987	0.891881141447162
-1.46142270372545	0.405768776376677
-0.672634478820685	-1.1123674625279
-2.68321035986682	-0.616945603562434
2.44368310331604	0.656693760642388
-0.129978465652432	-0.153384903235284
2.1462721286001	0.806680458852553
-1.99800278352315	-0.199477129213942
-1.34073684427228	-0.200049636165511
2.20952923094708	0.0924373871593483
-0.69308892513177	-0.907989494269551
-1.44895298088029	0.871043091302517
-1.33465603255094	0.761237575310608
-0.60427089415185	-1.85898448915677
-1.20109444781898	0.157396246270267
-1.45386207093608	-1.1399499843004
-0.790230119108382	-1.10862023188486
-0.957638598011883	-1.36337892899156
2.87802529139329	0.335897209071979
-2.6681462024314	-0.53680206534647
2.25185148461639	0.678687489238579
-0.615534392213613	-0.305729093250025
2.43080151920351	0.544851093243442
-0.857845034953426	-0.175421387656827
2.3731698882677	0.101900412492912
-0.0185659933720752	-0.0190319838403056
-0.961369355483459	-0.698635648350935
-0.604508736709537	-1.10270910478805
-1.31273237602115	0.766317984703208
-1.49788456911437	0.0731317693731257
-0.638176604964888	-0.713283845361984
-1.5460479632641	0.659601255836114
-0.140390022688886	-0.17194472637662
-1.75454348609636	0.865937324604977
-0.517957524625971	-1.16211640635872
-1.29212722673299	-1.18019888517552
-1.13682900886274	-2.02659895372947
-1.32705485721007	1.51459885013601
2.48686622292091	0.542525360504545
-1.12458653317073	0.241691900822909
-1.18756470640486	-0.165661297661781
2.41631738488252	1.17803299041713
-0.909965901372608	0.538025051682489
-0.700088416089968	0.590341298212835
-0.259908473491918	0.112234453261009
-2.14812998639421	-0.400822030547926
-1.85158949226148	-0.598265152507187
-1.07367955268803	-0.000584671000171149
-0.618557064473778	-0.624047145750373
-0.799738267136023	0.680011407161989
-0.876611978570075	-2.07849104008568
-0.386413916775127	-0.0083902304098974
-2.87779116336217	-0.628257316333394
-1.80506753479066	-0.231784268628882
-2.74212541606367	-0.519676820069268
-1.08955427531068	-0.97517105916578
-1.273755481084	0.287072544961742
2.33384661223859	0.570213256935817
-1.35296015457298	-1.00401750450659
2.61560479348356	0.393033005301628
1.64144967630618	0.299980441951287
-1.89214377283307	1.37559761375584
-0.373223778385356	-1.02428531539145
-0.8456975495301	-0.800833855405666
2.75602591231542	0.436517032422954
-1.06932369544634	-1.62065717163893
2.59277538589706	0.803411634238879
2.52201521286302	1.12744755943704
-1.65495328275525	0.265298164061588
2.77669157436446	-0.139449453402188
-0.774559615435157	-2.16074235909648
-0.506582988182781	-0.236122450309036
2.50630516526337	1.21692260567862
-0.366241891755983	-0.0410078144607716
-0.696269733717706	-0.585750373673159
-1.08458218958128	-1.9672179597616
-2.28859844672037	-0.488974809975168
-2.54280728697945	-0.678040698938686
2.16350394482278	0.469121122063735
2.90225318080012	0.643090710206184
-0.830889751450126	-2.07651194068688
-1.74696595728701	1.3445028723494
-1.52297850857051	0.477692280705357
-0.445493614021318	-0.0867043374866176
-2.48364978758883	-0.579381445306688
-0.789700683147384	-0.989754115849487
-1.67431508948365	0.769864650498448
2.63859524884626	0.937353518385713
-1.00414347675707	0.104421380457996
-2.15909878875492	-0.403717648863206
-1.14211154992327	0.878508015808501
1.74911004298917	0.352217525581825
-2.25507282729844	-0.417601307620793
-1.32889810143534	-1.22846072569673
-1.46794639378454	-0.127532518819501
2.63708882369727	0.560099602067763
-1.00879408284354	-0.658684396119088
0.225453116353714	-0.00737416441281679
2.75332376878306	0.176614019872271
2.91537786731125	-0.115795174076576
-1.61167151540099	1.39213371409621
0.564781797986999	0.240278881087777
-0.386793868256788	-1.02858204155717
-1.73222710696292	1.55781842659655
-1.35410151555475	-1.36802541277085
-0.676088674708929	-0.259272890018264
2.26676167012441	0.337125393476605
-1.62414279930776	1.1079176425174
-1.34961469689614	-1.18802300291838
-1.34795776832501	0.854045737831512
-1.71110399628753	0.995431672159984
-0.149001241509568	-0.214257017846629
-1.64815424609078	-0.585161341997968
2.10030329329234	0.919656264252293
-1.36808692261449	-1.47834992424397
-1.69565945779813	-0.108401073304708
-1.2889181084189	-0.669561915085774
-1.54635579505501	0.987490085263581
-1.02805250944813	-1.42220160155664
2.02689818271448	0.366233723558755
-1.42004180244379	-0.678722276073666
-0.922179842753328	0.695940070109803
-0.514892808297742	-1.20356355830766
-0.41998683530222	-1.26217678782787
-1.75947370548189	0.149310214540522
-0.900586603997953	0.703408621501309
-0.661383238259863	0.379917898452042
1.98985243494319	0.470755468304608
2.06320070840885	0.502289564863923
-1.26939574974716	0.550516556717677
-0.77560124254817	-1.03945636104323
-1.31792527568231	-0.802857183221134
-1.31783668376119	0.507144091406277
0.364916947938106	0.0565432583329904
1.66706845074498	0.470398082695326
2.59393766328551	-0.0245740726036159
-0.644042072501321	-0.130877998675992
2.68495277329511	1.00888233323289
-1.12547061888739	0.0243150950430678
-1.20798283159981	-0.871240182826358
-2.13419814174575	-0.429436584586468
-0.764683916930464	-0.088304581106203
-1.83817861071563	0.80523824262224
-1.60744180098326	0.152623875794807
-0.769538498868048	-0.874001509514354
-2.61641729505923	-0.706101135516195
-2.28734014503974	-0.326265476559418
-1.20289668649413	-0.918218786921244
2.85488729506432	-0.225374491425301
-1.47334317892552	-1.03808304623548
-0.929967514462025	0.97140802034609
-1.332455007434	0.470232737423673
-1.21845700480491	0.117577801691806
-0.892450570699052	-1.51564981720754
2.53835551295181	0.536268077502537
-1.67200369608882	0.500582241089564
-0.572835003084612	-0.809782968393065
-0.939036776003227	-0.857540017981533
-0.953263837425907	-0.74882364844085
-1.00892418267893	-0.744752960190065
-0.787877122115074	-1.54797355801025
-0.532746791414435	-1.25539191920637
-0.410508798875337	-0.164289648136813
2.81986831364014	0.295952555202223
-1.05747513144412	1.10871967723156
2.83226333192117	0.357655728105319
-1.13340778415245	-0.391432304935077
-1.1893425194969	-1.80609076557844
-1.2023306501424	0.626068737552471
1.40495663951772	0.192286894848876
-0.892947738159507	0.379365163089742
-0.820638949681575	-1.92283691722444
-1.21233595423978	0.195345311102944
-1.08458101011767	-0.736321120553629
-0.792597490654683	0.278697406298852
-1.65736766115383	1.39097538484071
-2.82285768049368	-0.642868762488586
-1.01366913703584	0.471396429836824
-1.40197306373495	-0.524796658584191
-0.66120741435485	-0.802864792553986
-1.73944952063351	0.899499652128894
-1.05659409934476	0.533304317042369
-0.907767418660579	-0.420094649345613
-2.8041381728663	-0.617050512960007
0.305353136490715	-0.033751970177493
-0.581706927623175	-1.34766258587414
-1.28339298228381	0.787680692746085
-1.48365968838229	0.877251941572123
-1.06375266081772	0.916251208829072
2.59859061349868	1.15981211234602
-2.28005264131548	-0.378713276036611
-2.73497045612371	-0.487861522493289
-0.777035809449041	-0.986055054840085
-1.27126835670249	-0.450064439080804
-0.665764813054891	0.203256082515003
-1.19138982399682	-1.38115159409529
-1.26647473776506	-0.911885882955092
-1.26054416865434	1.46041129935055
-0.739573402936665	-1.59238396287693
-0.557895118626065	-1.12823990832643
1.90575311599094	0.339785673677876
-0.914423736179489	-0.399920856220479
1.35024628762533	0.227944547768565
0.136610034587586	-0.0177673568677103
-0.77869479449278	-2.20523727657724
1.16884100263931	0.115851106819556
1.5367221152019	0.222145256544993
-0.912796517174954	-0.907398382271027
-1.57167640143428	1.42018923013676
-0.404601828232477	-0.972089007490625
-1.4521436178224	-0.404389035620267
-0.638256000267204	0.138433142945855
1.81602992257595	0.43652956334627
-1.10408951892142	0.853257644178195
-1.39557337383031	-0.856194790048889
-1.1332060971583	-1.72695274320998
-0.791053003245768	0.461019913636216
-1.37275792319516	0.07865593305343
-2.18829789682546	-0.49021267726343
-2.86165856412282	-0.475774840583101
1.01966939482715	0.248893667321135
-2.80733609894857	-0.632416042500618
-1.44359857325197	1.58120929918457
-1.32902104152217	-0.495415188496551
-1.54062273610124	0.0570792634698887
-1.03503998709684	-2.21212164484514
-0.574637279877371	0.441858583852319
0.428351448653509	0.148893098278269
-1.55922881294325	0.320673526090454
-0.558535909814546	-0.283829134022169
-0.701338634978882	-1.72818073972134
-1.5805277882452	0.803166636800832
-1.17662900667116	0.0129694304492574
-1.09208430815319	-0.152199009340818
-1.57182303591763	-0.217075558579382
-0.932461366377067	-1.27683620645385
-1.18478363185847	1.18690428887099
-1.56958964409506	1.47666885801948
-0.430588329305878	-0.422013798298057
2.13433441770559	0.254653546531321
-1.30066608761759	-1.78240500290448
2.35657779045203	0.383315583055785
-0.398079818479449	-0.353095404970701
-1.07749736125727	0.0231042814372158
-1.0132102547555	1.08289306476773
0.780724446903782	0.212463199681759
-0.439487160397737	-0.922212206228872
-1.61278261968741	-0.318665862719201
-1.77598052663653	1.26555478956694
-1.27567852992865	0.150884348606501
-1.52305255265961	1.18170013041029
-2.27823152736264	-0.414808062947549
-0.372999597278857	-0.955752478842869
-1.12552836398751	-0.171669451912102
-1.33077304422804	-0.0289245067656679
2.30332258898492	0.509530730295374
-1.52550566550986	-0.101782368688913
2.84977029403745	0.0946717061695378
2.57889080834153	0.878316695601663
1.79559043376938	0.321125135837712
2.25751709226085	0.0432420606089635
-0.496534732661831	-0.29841814393644
-1.58307952238481	0.39358333907127
-1.28323710422943	0.192687533205711
0.913987580326987	0.213325854521369
-1.37220373104216	1.57936248527215
-1.38316829747996	0.236635874752848
0.923465415255637	0.095938984712643
-1.11986104677229	-0.292125888043523
-1.37014252651665	0.142246006951382
-0.606023540441134	-0.578362591057414
-0.605236435092843	-1.47744618527141
-1.97122192488076	-0.501164086885016
2.41609358503144	0.653734352309066
-0.975848185903845	-1.66853971790766
-1.3778135978535	0.0531654893917394
2.6258465843618	0.541385269936452
-0.964661697096174	-1.27760942240474
-0.916699903657738	-1.05829452593302
2.39213882310021	1.2837905275459
-1.20496164475756	-1.13601106123169
2.36863791154723	1.34065866309494
0.511697736420403	-0.0344543934003474
-1.56524915522001	0.377552642978882
-0.920580382623308	-0.807622016675309
-1.30696915440474	-1.67005937828868
-1.19896850824452	-1.92341605558327
-2.13409756565058	-0.440086156964637
-0.569204496864079	-1.10534912575878
-1.48719311457339	1.46448298573427
-1.25339838105772	1.00332612176208
-0.373425051077302	-0.360921702520129
-1.25913890426995	-1.04037370957523
2.27649887595106	1.07694907177732
-2.14839837931711	-0.338427557424273
1.96574903252435	0.581697969630645
-0.691927634187903	0.534486588324501
-0.963991205715711	0.697688383742242
-1.30418140911537	-0.767339169258488
-1.31595138247109	-1.67605274679814
-0.286824252519081	-0.21736343775123
-0.489733772808036	-0.245005960226918
-1.16727588364321	-0.967443364465157
2.10121978817199	0.428270299181349
-1.38553312570812	0.209129835431684
-0.574803875544143	-0.691558213266267
-1.32268165144894	0.925455009282318
2.49060686531028	0.689359878572044
-0.669937349458231	-1.45727968831928
2.75834583904436	-0.190115434041989
-1.55293906779441	1.29172967476735
-0.62684394238047	-0.155761416449671
0.266615013048162	-0.0685217587091965
-1.44905725294511	1.13954912396189
-2.18974983964452	-0.245791346758655
-0.185963612961729	-0.0722904570675381
-1.35535297992315	0.800131073554857
1.45382810247751	0.391002502901902
-0.913545770654139	-1.18314511859676
2.22002728658036	0.78044142130152
-0.924000554166762	0.435964130821791
-1.08115878859326	-0.736695576697741
2.60700785122681	0.561164492578929
2.83155455782668	0.502160386059132
-0.933998134424344	0.668363208044587
-1.12516778618196	-0.830242887029454
-0.746341256532053	0.621811150892894
-1.93659121683757	1.54850092681093
2.63943000045079	0.457785523884325
-0.61168118134512	-1.73322990834779
-0.980720696374919	0.402836693755358
-0.631734715239363	0.141110122362925
2.32091538182818	0.00630731438898879
-0.356746752474948	-0.476456694241037
-1.48309994081104	0.111455055746912
-1.21567679633271	1.13575420422025
-1.47081383875962	0.243883198987678
-1.27708817902591	1.15786625363936
-0.750518802469972	0.630320814737016
-1.4331807900964	-0.420462081086692
2.49475714937905	0.646304606632832
-1.46320610864734	0.970474709587279
-0.953098173944947	0.761348280658583
-1.08180632071597	-0.026279273950104
-1.33345770630675	-0.0279660022482589
-1.35062148109017	-1.3549935883046
-0.797315379142564	-0.576705502589112
-1.2712372162794	-0.786877585232932
-1.27536975019755	-1.64943810233723
-0.479933287793903	-1.46672018464277
-2.22438495265814	-0.358519088030877
-0.869604716311528	0.01761639186783
-0.347892246567292	-0.150356723295726
-0.732092638085739	-0.22258292486647
-0.469840811530815	-0.838943069110801
-0.766699545437522	-0.577106787199592
-1.70605925998474	0.839178235569034
0.870718448051135	0.0764995806701075
2.6074983713647	0.553348644540864
-1.18595753406698	-0.938436156005793
2.26668380623306	0.595179825954952
0.0326677499484601	0.119001800845808
-0.851784011884732	-0.0166878887389287
-0.895031940979598	0.633046170695177
-1.28845072155049	1.14005030868316
-0.610564736261271	-1.15628421425126
-0.962374882618077	0.195570656095507
2.4733042576256	0.946612616632377
-1.55932039556812	-0.757856785891774
-0.280088100135809	-0.174395382132856
-1.82319694591037	-0.595343582695895
-1.587299247866	1.14122278098865
-0.926000435730059	0.570084514943903
-1.6004938988636	0.202761397844346
-1.72192753869675	1.64997096362545
-0.553449776349055	-1.15353333587819
1.65205118453123	0.441786102833238
2.66998837384211	1.07273839417761
-1.20726765446936	-1.23594325866969
-1.19174069021838	0.452726095705762
-1.96870385031422	-0.392848492065739
1.81930055147483	0.375827176273262
-1.06540838302696	-1.96062209563277
-1.92059419293461	1.59909991742858
2.30108788280364	1.15751259136072
2.56654384725026	0.520048131099927
-1.33914527925735	1.09797658963532
1.30461104115336	0.357573217174706
-1.12130286323107	-2.19784023684858
0.181877632555272	-0.0766510871575923
-0.531824558340125	-0.775357879580963
-0.604054566503449	0.527394137433927
-1.47378977919082	0.913553463327028
-2.07531141404473	-0.628913507405128
-0.956739435118467	-2.20805429688849
-1.31054612990253	-0.784303470797437
-1.34552661861562	-1.48602654890255
2.12359271870546	1.18597328317204
0.481819506644841	0.0848071558675604
-1.13511003979206	-1.29516601463962
-1.36744258798813	1.13167039140164
-1.04039597149082	1.05741710869053
-0.944259972396713	-2.13303011008863
-0.403423956572385	-0.787281171059145
-0.893241121389358	-0.977036932491939
-1.81656054933428	-0.493061196169131
-0.992354041542588	0.916140303159242
-0.884914305059612	-0.891645386075991
-1.20217216474683	-1.336431562388
-1.718619582091	0.749306651967309
-1.06318059379625	-0.543710791285893
-1.10810929572504	0.921349320961932
0.54113174294416	0.15084203010531
-0.519661911197616	-1.7182006574151
-0.744691571676195	-0.378346611958983
-1.20795851508318	0.52848848646565
-1.63698872833658	-0.149461755994311
1.12652759801898	0.24487801276219
1.90764207210849	0.472252555493371
-1.40359585112601	1.54593679254919
-1.30676619404358	0.0247651377717782
2.67007372663845	0.670380250163987
0.257375179854194	-0.0464190811734686
-1.20440390417519	-0.921698674536311
-1.18843455133166	-0.494303737094435
-0.698648724437715	-2.06749442860866
2.2613100913666	1.29814845604696
-1.62692848780095	1.48960584781045
-1.33872135215037	-0.589652100864406
-1.97225384069956	-0.193347081576498
0.378049937128385	-0.0132543310642807
-1.46847509328363	-0.755363708874823
-0.859162928840475	-1.24784708026366
-1.01767746592513	-1.64522528780625
-1.54612123523016	1.06583329526388
2.0549437478124	0.782500127115231
2.32474046651663	0.988210149547368
-0.784249365036179	-1.51844099685318
2.44368124629403	0.365404535357311
-1.60889596037559	0.329233250858432
-0.465520346644709	-0.352922350710356
-1.75204156319279	1.07363378244108
-0.374154138299346	-0.0383526136028575
0.900621669579812	0.137097389497238
2.31649101120342	-0.0668576200566697
-1.18900168318079	-2.08325550313328
-0.562587774025113	-1.08312260820673
2.03382718752404	0.774941699387245
-1.68719638127294	0.635263395833533
2.54227709917082	-0.18707847455863
-1.46157983942476	-0.735758083992409
-1.20343320435587	-1.35531499698965
-1.20206001471012	-1.40250471305443
-1.12109834587298	0.395851257209852
2.54550804566699	0.822128164287185
-0.313104457319161	-0.022916315032747
-1.00302861643386	-1.42303469246161
-0.558128366536768	-1.46431554119237
-1.52641736454072	0.0738976297775252
-1.56928717525834	-0.251556422773971
2.29702859146284	0.855611719312442
-0.652895582403182	0.437993395464985
-0.870289181372877	-0.042538746611061
2.76591835311725	0.681647953695743
-0.91677686665978	-1.34935446100092
-0.668097782079271	-1.20135326745567
-0.788935093407699	0.0691879509327166
-0.432608804598191	-1.3109654959893
-1.26126439478305	-1.38072480184258
-1.55091926667016	0.785990335545395
-0.486856623612493	-0.343434647905857
-1.44455017567339	-0.415181318968107
2.34679765548845	1.1631173349704
-1.39553785323639	-0.235078843199097
-1.17518541587835	0.920625861592253
-1.19798774210005	-1.64287682336278
-0.952116787672184	-1.5690447835825
-1.05209421302926	-0.0415347684007049
-1.54902802783868	0.978963447620617
-0.935762993442268	-0.735929623516243
-1.28173660806558	-0.612697946477795
2.33938492632776	0.521251937469746
-2.27088272544851	-0.515841977467604
-1.05851606333254	-1.79514073675914
2.50452554702685	0.530645056095881
2.58084512327966	0.542387245607265
0.573188901707103	0.22056059064093
2.56400976286675	0.339431595445903
2.27713623029777	0.626875662754719
-1.07839103551465	-1.57104916741776
-2.91213918659205	-0.629306688912977
-1.83933794267373	-0.497198143377223
-1.42127981098708	1.08454364704095
2.17381934610181	0.239536139424098
2.53541841238368	0.554218591531044
-1.11030908056532	-0.98964223668747
-0.951128219316827	-1.76682741772362
-1.13525021385445	-0.15295202664446
-1.25428434483545	-1.47226316710589
-0.833115006986728	0.0751224975812731
-2.0004548473158	-0.277102924956013
-1.18336010184824	-1.12769460148373
0.411636304287363	0.189471019321364
-0.990292228662537	0.417840987766984
-1.72590863122121	0.872410390739522
2.83207328323797	-0.00949755526758653
-1.40448830875655	-1.24977639729687
-0.485458499519817	-0.811428228026437
2.04596683971901	0.378142991083047
-1.12827449114856	-0.14932222192049
-1.24618936642107	0.298450109879546
-0.39450037998819	-0.170461033294782
-1.46942250727439	1.27748953772406
-1.23568202212392	-0.341724781178566
-1.02988354956158	-1.997302929945
-1.02497480525983	0.499202164472578
-1.07036965947456	-1.36637364801668
-1.12808137817304	0.0104346777537557
2.3908576992979	0.882768733219818
-1.37810690459086	1.12168046956824
2.59263130204759	0.0189867040261954
-1.69633601525513	0.657106207562013
-0.672910749214281	-0.885247940162027
2.18032944660574	0.145052429274723
2.46096237720692	0.3550195566442
0.0252309736477338	-0.160124582992119
2.75403796229915	0.591510571364812
-1.28428032189207	1.33596581876904
2.64950427237186	0.505072564176459
-1.19022453998527	0.238797086390607
0.231228078497076	0.0124930003942535
-1.5706230216326	1.01350935841367
-0.667202808272368	0.394763048382947
-1.15006531112921	0.490292127743859
-0.463589388960904	-0.326621215304828
-1.17640630700571	-1.34557970429583
-0.61151656931316	-0.810248929370019
-1.16834923182455	-1.25162011121302
-2.29096789000871	-0.333713263868261
1.0261569807433	0.145020644658738
2.40749045944646	-0.19851512302145
-0.624976135191504	-1.40955454854613
2.67605482893177	1.16210407541673
-0.485717322699344	-1.61639054262919
-0.66735645633685	-1.50860918703403
2.32357216087749	0.767917279525079
-0.454881543767724	-0.482202454373971
-0.30012263228576	0.163177924791196
-0.849817459619644	0.239135041445349
-0.756753587582949	-1.50996970586526
2.16928371824495	0.155450095117914
0.64300341167563	0.290388499740594
-0.158447926820747	-0.0291051534896261
-0.773208886092547	-0.766643233827217
-2.06529778417675	-0.271797822564247
2.60075290169816	0.549320462424634
-0.505642156010701	-0.948045380101135
-1.87917775042798	0.826661868549655
-0.997726944548692	0.846530315635805
2.52036300933427	-0.290336545072435
-2.32040231644553	-0.538064636184418
-1.21202132365774	1.19284040706726
-2.17851219719628	-0.278735301785194
0.0895303688291641	-0.151759158041595
-1.43482714261724	-0.94528236617794
-0.560753394768812	-1.47838047402722
-1.56462383027767	-0.401504851189128
-1.64597723053898	0.741712931668896
-1.30547613535814	-0.166327720695467
2.13524473797517	0.557477184960867
-1.17584842403198	-1.194274741275
-1.19291307248178	-0.366896458495369
-1.53424728636662	-0.688567849783327
-1.6075421659936	-0.42781213950638
-1.67901161862674	1.3097000671003
-0.484162364384558	-1.57241612322101
-0.580336251018921	-0.715832498176762
-0.772457543764513	0.529089183164234
0.792555633304401	0.0524117026923863
-1.50856041284828	1.22081651432306
-0.63911863489781	-1.56104615713979
-2.74601403532998	-0.569735842135592
-1.10361008906785	-0.201999885015438
-1.2851842805124	0.912948119955531
-1.80184101696961	0.625016976923705
-1.61319279615659	1.39089728688865
-1.50156495862189	0.0482706625178656
-1.3770190261696	-0.684969421785269
-0.724532098968928	-1.88521289350368
-1.7576937924683	0.458149106565725
-1.53996966921573	1.45974929564622
2.2324959344019	0.342185263262364
-0.416864751113202	-0.150131146042687
2.01676898161376	0.531024136615538
2.66629055244271	0.238087728033144
-1.98726368247702	-0.223783172612499
-1.39931192049655	0.328513878247454
1.71008386596121	0.423708888644026
2.14833407035563	0.264031806510142
-0.710983801331659	-1.8511773943576
-0.722333681470147	-1.74612435207219
-2.20123687781747	-0.593866255775976
2.37885485326132	1.08852132379239
-0.675138891074388	-1.65559442537
-1.08485313435252	0.0903110168848429
-0.804259860392022	0.0236981107918837
-0.682073681359452	-1.85004720177373
-1.14420476390403	1.19985407314893
-2.0309863695184	-0.226545480485844
-0.975614555130101	-0.489424109773126
2.75332871861358	0.622521154609722
-2.34093354504125	-0.341621059724749
-1.95827684896186	1.25353776259887
-0.57620449855672	0.049098432653155
-0.498627501622971	-0.0294292233385809
-0.729920627509783	0.188282739434572
-0.497434241561929	0.432109298449527
-0.874713379060651	-0.456514422892165
-1.34831272476373	-1.56359072221067
-0.73934545753226	-0.398561404269683
-2.83424553428272	-0.558578462577049
-0.480530585359586	-1.33882139584344
1.63220303124498	0.328933288325686
-1.67948884392333	0.122451044758505
-0.563233386527505	-1.29997312876484
-0.808763846987766	-0.371030292231223
1.23508114151609	0.146900917949807
-1.74181040786996	0.209261146703313
-0.421442278937884	0.118864228415991
-1.6180910168856	0.0526418321331369
-1.85970810406131	1.64040894102955
2.52363369454507	0.031022045247235
-1.4765177184468	0.68682519628283
-0.68508926499339	-0.608667529757243
-1.40369542058349	1.17107595374165
-0.414847544732469	-1.03928894321848
-1.25218113759923	-1.00245578316092
-2.07482331490897	-0.527431770427079
-0.97232239570748	-1.34278129406533
-1.26976417660976	1.09634173795828
-1.24869104915271	1.16348322830397
-1.90512843592024	-0.350718097789062
-1.39129265472917	-0.88380038989687
2.66264684064973	0.085766376109949
-0.847929024639999	-1.87342083591907
-0.622364795524011	-0.178728491618758
-1.31934318352587	0.977965840233267
-0.418378013548663	-0.235157228232345
2.49697794712475	0.346206809963189
-1.40281532320984	1.28895605615215
-1.99143425713003	-0.592389865789328
-0.737003750621558	0.547439361490892
1.83745466926478	0.35314811703877
-0.567643423367671	-0.796811466159342
-1.16245737194378	-0.424762490201917
-0.406190346327398	-0.701193664347663
-0.320600705557491	-0.825721858988649
-1.50577597629499	1.32893124070527
-0.707317482536563	-0.0119700192466621
-1.15285563559097	-0.951317827737474
-0.721904383289798	-1.35121396133822
-0.428191308963265	-1.06632156908753
-0.310009608110452	-0.669174103642336
-0.881702888695167	-0.922056253779396
-1.57832230045425	1.09343900479435
-1.48406974293608	0.246772279990255
-1.19072269857478	0.505286219535722
-1.39658531799668	-1.06731511323224
-0.861435120758086	0.0557837705911039
2.80090272628442	0.818665367975756
-1.62672814044219	0.328365135501585
1.65132137699208	0.453713434429728
-0.681795657510069	-0.390602189181862
2.39572000289235	0.850513351804283
-1.84549373902263	1.16113808275951
-1.50420369822235	-0.536840020572204
-0.763010172258726	-0.226012739883273
-0.538694239765347	-1.4175951837293
-1.55674484641315	0.471783426584177
2.59469278034042	1.12698138728798
-0.799500363250878	0.344152367163125
-1.20579088381663	0.836245784661728
-0.844931125871068	-0.951594516152513
0.363360217784269	0.151881964114578
1.7567353942887	0.42566824303384
-0.827246534830088	-0.655777250972658
-0.564581593207518	0.0880799052486031
-0.257192524878484	-0.550815083786899
-1.99554644169806	-0.3042529277222
1.30860576202323	0.382893588178122
-1.04296525540756	-0.816868932634392
2.40475558065166	0.776723391827511
-1.28159304269369	0.018459777679529
1.18671417016724	0.302882628542739
1.0908943498787	0.11088652580775
-0.973873977863986	0.0762418957359805
-0.0572144715789559	-0.231091703410164
-1.63211826251988	-0.560121730654225
2.52497782697966	1.13939102485962
-0.780334073737944	-1.4841211279101
-1.09160638039403	-1.86020786425152
-1.37937283460263	-0.878371662202024
-0.713625679459833	-1.34195930394551
-0.502655801256677	0.30965553864102
-0.873167150233257	-0.589758058130529
2.37468427032174	-0.0610836792750237
-0.629340359518048	-0.84498830600682
-1.22425626860341	1.18862749339183
-2.11410506700394	-0.645186959568925
1.21040711765016	0.2071873045288
-0.782270174686763	0.0768584779305719
-1.87198297015505	1.00296797200448
-0.592649122514889	-1.28585755311686
0.634280747327682	0.22172507535792
-1.26545063981581	-0.335327688763174
-0.814206318908707	-1.85185233877245
-1.76557442080501	-0.249331062347843
-1.81497453706781	0.609730239348375
-1.0293374868663	-0.473967706871829
-1.89160242968592	-0.611583440879018
2.25076241664767	0.307240948355482
-0.945180759466887	1.06828207667097
1.98057489602602	0.418906836093172
-1.67696318897249	-0.489474142578597
1.83790794368339	0.358797188531765
-0.974678355438615	0.271693356879454
-1.13931559293564	-0.686840274719
1.71841629277537	0.30086156104106
-2.19347919706779	-0.591216133786019
-0.703331881016168	-0.945983524098351
-0.633922411839731	0.0309911904183049
0.0209064881183443	-0.0769493642158576
-1.58980386363371	-0.611474728593895
-0.442337005251756	-0.493991055717277
2.16505743902372	0.845733767934608
-0.732812517201849	0.732958646700978
-0.69116049174226	-1.2069742719795
2.83670933227929	0.673871747695119
-1.10577960462871	-1.34272411837098
-0.489539494090209	-0.71373025553237
-1.10853486242618	-1.80282768226715
-2.56500530356396	-0.692746736640313
2.12931713785314	0.632194655292587
-2.83063192235504	-0.581344516780683
-0.823734545148204	0.347511943084752
-1.50503003826767	-0.985413199320959
-0.785918931588399	-1.3019674946198
1.10687394699576	0.266599828775547
2.71887296044115	-0.25211715409684
2.30584389951373	0.847931823316381
1.52591594062357	0.386550576899527
-0.749544835314581	-1.52646394517717
-0.0227192801838794	0.128358119598779
-1.22957303861911	-0.256498004283782
-1.26934563551035	0.448197172483067
-2.5927519576436	-0.436291671748577
-1.31648357666701	1.17889118246693
-1.16845760380678	0.665734496414803
-0.400910063116351	-0.246931611851699
-1.01409342834386	-0.164871415382809
-0.0221549069188374	-0.172540205585624
-1.27776596821963	-0.380107409675146
-0.53937922359669	0.0492458761722958
-2.44632615032754	-0.512621792508969
-0.777680016727801	-2.14994416521895
-2.05789808711823	-0.557313141708187
-0.699531262845472	-2.02643259133128
-1.78825739419854	0.847144422644183
-1.39240507116518	-0.422982466865938
-1.3929643588619	0.000637331513011382
0.560208255712798	0.0163513015815068
-0.683227690314992	-0.0211000704884423
0.805727592049381	0.239758275323386
-1.51589164875878	-0.692746438620748
-0.360326511900491	-0.813144297685494
-1.45172258659018	1.5029779660905
-2.83786907364068	-0.442146422329924
-0.301695740067457	-0.49017860897768
1.81901060644665	0.465436983077093
0.98790845657563	0.307244398037028
-0.601492934221293	-0.744412535300416
0.700578532864839	0.15893626752021
-0.77441285025996	0.703892752666364
-0.542227802538185	-1.5605653163996
-1.72592421422308	-0.396705766801782
-1.17922410277542	-0.609998887761513
2.8327290397832	0.454223122517101
2.38225383463879	1.0447295465957
2.63595925417556	0.235990121760371
2.17158410398909	0.255388523027457
-1.99327361517457	-0.449974404218141
-2.51485919593347	-0.397538504514465
-0.952364577160622	0.998886285276482
-0.496036021638584	0.400696152820365
-0.749585079191916	-0.61216951559258
-1.14041226734318	-1.50253938386124
-1.76707948492248	0.772236494214407
-0.99037462239533	-1.22313097381454
-1.1675781413698	-1.32242100676102
-1.51448820521604	-0.802392548881427
-0.493892391135902	-0.273469875645612
-1.22198730972625	1.05327658959796
-1.18681210372556	-0.698562073332922
-1.51685358304559	0.963357058630979
-2.04236162129473	-0.352566532359482
-1.33986252776351	1.12012406700591
-1.65089579267207	0.320359585630518
0.118469650729113	-0.0570364438663164
-1.25296368782402	-1.45274843094327
-1.35624090767025	1.57089600816477
-0.576191704231927	-1.71055534224461
-0.20851173004851	-0.0748879833960515
-1.28247848072472	-1.28537015286804
-1.37134008547062	0.0575273941919892
-0.670987835809753	-1.99700692781973
-0.844824281481358	-1.40198815939385
-1.2719240159337	-0.166962358889161
-1.34943633393689	0.503643187214603
-0.678800660792551	-1.44951524069419
2.18816796142993	0.326947247099056
-0.867843463218137	-0.412394489022786
0.36703646844984	-0.0818266640775472
-1.66892823588229	0.116636479490351
-1.50015368558319	0.470332832404294
-1.64468084713206	0.775737882314418
-0.36563062223798	-0.594361026584355
2.73925834903537	0.148910424244372
2.44899430455707	0.710313727455074
-0.660375339044949	-0.161914688436644
2.61416826353303	1.05109418426719
2.7643905862576	0.00471270680818273
-1.53104471845981	0.572070848540625
-0.361933091439176	-0.713340628643289
1.06915367896346	0.33662177101137
-1.49608753669478	0.605293233724538
-2.53353685693655	-0.629493871368779
2.15735480323197	0.268047599538234
2.78220020462842	0.534476227587313
-1.26965817985217	1.21161513944521
-2.0562953552749	-0.553592666137921
-0.580760699369959	-1.18197263462529
-1.30167546136379	0.666013515770378
-1.50339066270253	1.02295574298253
-2.09880032032608	-0.523435936651912
2.55722109354177	1.06214989009778
-2.48051133238926	-0.375737910906951
-1.76547721333735	-0.515425577365212
-1.0175035579102	-2.17910746720372
-0.594743421134203	0.0506272923085856
-0.735358068209443	0.775436698250213
-1.46945575891424	0.858422173460791
-0.866192903941337	-0.0891019651487038
-1.05605584506796	0.284239051445605
-0.333418174819575	0.0414849072551321
2.83139301322607	-0.251364278790679
-0.191779645925633	-0.195080770082102
-1.32926796958459	0.361606886085173
-1.17528004697691	-0.298786433864259
-1.03614959005952	-0.0194851432226304
0.062219727886871	-0.0620141469105232
-1.17329156266274	-0.040089508616062
-1.99430302060442	-0.255612466595211
-0.902656046884277	0.889135320436762
-1.4349092475302	1.59239274722915
-1.22772210910376	-1.62461095535842
-1.6977949134473	1.05137718866436
2.17892337346894	0.664833323562894
-1.41583412968816	0.488382748238137
-0.938674670007326	-0.285069958068082
-1.58034470295389	1.2939664352907
-0.807767522531824	-0.298583457778316
2.20633034251092	0.990265332873388
-0.856422007685039	-0.920973928006388
2.83769102132058	0.0565450606534729
2.03582516625079	0.278368681833172
2.80703444889636	0.553534397766411
-1.26201249806344	0.725895382456081
-0.677527620878864	-1.1787418482445
-0.932135608945368	-2.13327354847186
-2.54876864588688	-0.552859678252323
-0.520273421319521	-0.728489513010534
-1.01304888403031	-1.39353219252693
-0.49672009060806	-0.944602975924654
2.87357524436663	-0.241628035343771
-2.8895565852404	-0.694408787939058
-1.09360842274466	-0.793960877406446
-0.691087635905267	-1.28151060132246
-2.35344811204412	-0.626287266749031
-0.105187378424079	0.19384022183902
-2.18917834828591	-0.328725060038908
-1.19867054943297	-1.78164228224858
-1.60690401510184	-0.13642801065433
-0.805742032201453	-0.0952867125742097
-0.936674594044718	0.869243412646137
-0.929753058260475	0.416706741553686
-2.82462117362403	-0.608374968686482
2.61437989497608	0.219757197225657
-1.40636946329703	-1.44566944706136
-0.504767984539595	0.326004495049929
-2.12347771548965	-0.627475574940727
-1.29159333874299	-0.0496838998203581
-0.987745659456926	0.662775579001598
0.475652376159457	0.0528705630863103
-0.714085617287594	0.415461303351986
-1.2452233621809	-1.77011974543291
-0.797440995885863	-0.571625833018458
2.35242264434281	0.477599246223952
-1.75087246772712	0.261028776593422
-0.505558596914235	-0.434437814360778
-1.39161943764419	-0.57771073274827
0.805001651269927	0.248873182718907
-1.28137621523792	-0.220707098938391
-0.769171176256557	-1.41507682644966
-1.09086433285022	-0.745641544638452
-1.38009348544377	-1.51466390665338
-1.74347455141959	0.995103261335576
-1.33531416810383	-0.923129988801833
2.71179812047742	-0.126045282523814
-0.279428444466839	-0.668639489904048
-1.12265919567397	0.585917715320669
2.68211180064263	0.308613276778297
-1.40740126364544	0.824358169277675
1.13834957433247	0.341462758439588
2.33539465288296	0.633371749342757
-2.45467917429989	-0.560190743480842
-2.47439977355461	-0.503788459001692
-1.60357331058362	0.432598471583881
-1.52607701539787	0.957571340141407
-0.471716911526024	-0.167458276352202
-0.961793054660947	-1.1062185804569
-1.63162866882805	0.455534012647031
-0.781123737766738	-1.41106156975037
2.35595265648932	-0.135959819411723
0.879422695289627	0.134502023892998
-1.371326097763	1.3255177170423
-1.51605502473887	-0.331609432405187
-1.65130706648214	0.246915000857444
2.24998453895446	0.374884484291677
0.0610408015920388	0.0592538713742113
-0.784629842525359	-1.61682666329763
2.14700957749356	1.24352240553039
-1.46705330008446	0.445348177527767
-1.59520141526559	0.234518905982665
1.6833867282048	0.468838781256811
0.229381449319056	0.0481418905337408
-0.544760876338104	-1.16190190178446
-0.144528892581647	0.014969159131694
-0.608968280457147	0.551995065859239
-1.17481272949783	0.691926039591342
2.72628367922012	0.577998119339558
-0.458295498708762	-0.335854001269572
-0.852733578023695	-1.95675643281097
-1.94866861276133	1.24391024871275
-0.873363480804202	0.105145008288377
2.5286014199862	0.269444551911669
-2.15991917044557	-0.286496515424036
-1.87393290991518	1.35649499920108
2.66296114339953	0.635569055554004
2.1819735103775	0.811206523666328
-0.684820150951384	-1.68088058282003
2.6496281033769	-0.138467938029579
-1.69285025242845	0.416962508912665
-0.988243031358921	-1.01915146322752
2.08630617035929	0.45834879701966
-1.09224318652721	-1.25140827690217
-1.31296344608046	1.24065336039876
-1.137599003258	-1.86491473538204
-0.982218071182848	-1.62882976269508
-0.969939055356611	-1.52935316838932
-0.432866030826624	-0.545259486136138
-1.13695561881534	-1.60847660224024
-1.79197064666892	0.782690232951769
1.85138364190051	0.408241047190635
-1.05788154314992	0.12409900012769
-2.09154818828627	-0.461837769659754
-0.991878271287265	-1.57120818822541
2.50702994109251	-0.252469493186844
-0.681990190342522	-0.493771082962692
-0.895398067888327	-1.79789057814139
-0.511951583816216	-1.29831952290673
-1.66287804966386	0.0607572680325974
0.028924161680825	-0.0341439824965153
-0.560094590122341	-1.18496621295854
-1.07756877273671	-0.189905781752256
1.37487463756768	0.313016893943658
-0.78478102387154	-1.9070978124544
-1.02311700245044	0.241710683319732
-0.959745491146041	-2.06735937637651
0.934661208692085	0.174406757311493
-1.19714245405978	0.28243817135172
-1.01719337663059	-1.4667629028387
-0.895196600090278	-0.351939358256122
-1.00655543181781	-0.764069613542122
-2.77174748988086	-0.623429766287657
-1.0462675760089	-1.51861814882868
1.15128489964236	0.261308513764558
-1.29303525298432	0.422946245730733
-2.12313815112116	-0.464320612110159
-1.77767364127777	1.1646225251566
-1.72995641510236	-0.153536254096683
2.21717498991223	0.355496541729833
0.333646259745662	-0.0230087050268266
-1.24017471811534	0.145408513712307
-0.886312987506487	-1.15259956350395
-1.71037566285705	0.455420225703074
2.27420895961117	1.24962230155365
-0.543403780829409	-1.35214892409585
-1.23521920720569	-1.2678278114708
-1.07066668510528	0.248098701220651
-1.88422878330382	1.5438402146954
-1.57916492815635	1.54933721795157
-0.756561007788157	-1.49479477980963
2.77544787507512	0.55939625874273
-0.856094039556635	-2.13814494981183
-1.4778656103081	-0.661672479433097
-0.867976814389863	-0.351508030287582
2.66088390179643	0.565734210723624
-0.876565680464465	0.0146916421933126
-1.33985265481086	0.0906205338122114
-0.493052580429852	-1.29719271416551
-0.123444185006524	0.140080950147743
-0.734857914455936	-1.84716164042394
-0.129380590342215	-0.27181722614451
-1.04881278840688	1.10207947588937
-1.4351896551488	1.49541735096895
-1.04815091782739	-1.93571950739993
0.166524186977364	0.16283985240885
2.44734995055106	0.827561432490387
-1.0219728252252	-1.05491910532147
-2.92809948606816	-0.489470808304008
-0.695012452294737	-2.12493296751787
-1.01771946430461	-0.293947443337379
-0.551730692821976	-0.378196034969227
-1.32571489843908	-0.9134224539711
2.86558256024035	0.439937749585927
-1.78873983100543	1.4116496619001
2.39004802979729	0.360171636209636
2.22642307795207	0.0440221000853249
0.649248633731081	0.218806468407091
2.40855598772992	0.169943931587928
-0.451463310441029	0.124606570801611
-0.291615237672155	0.139821612590443
-2.73595833635696	-0.520620481447357
-2.62534630242951	-0.519105583796548
-0.535204680885507	-1.18928524679304
-1.62114840276885	0.175639415107557
-1.67744962313021	0.534608031633432
-0.644515496685205	0.563557537071323
-0.499127113118607	0.437996197743923
-0.787770570946614	0.298010526990758
-1.24354351000695	-0.240680133191392
-1.0158076949825	-0.721188242092116
-0.881418075939737	0.230609301365422
-0.756241263219072	-0.935156175061655
1.18492532010632	0.285450729576431
-1.38502931793054	0.086272866052761
-1.43819696393883	-0.0107057332340965
-0.553219848827239	0.0728571130684903
-2.16774548321436	-0.651965826942961
-1.19523126842913	-0.405629951257677
-1.08579717412293	-0.457401523777877
-0.450123423526951	0.188413021560908
2.24336147773998	1.3561702218485
-1.37678322045848	-1.37773312147534
-1.16328296807633	1.24541046990905
-0.802818527037644	-0.701951935206298
2.47008786728929	-0.267490301938165
-0.876057943545764	-2.03377330017105
-1.47307873341234	0.633360765110556
-1.67551486943982	-0.0829996599390085
-1.93394447733654	-0.628526876628237
-2.78310266602183	-0.598767948753597
-1.23875590366655	1.02190854258942
-1.21339581498024	-0.691255154369603
2.16847293716467	1.10135598227616
-0.381193518454966	-0.0127549720580322
-1.055882237242	1.13064097401393
2.60291973325551	0.818779266299873
-0.635323309889557	0.507945977415291
2.60662395679599	1.20878152020174
-0.635424726021178	-1.06857692275674
-1.44169298792136	1.18420704697983
-0.632084785025639	-1.29382741258956
-1.98209791403537	-0.650847007275231
-0.563157032745458	-0.171400942822102
-2.90556252812773	-0.628426303833754
-0.835325138872933	-0.129265953854882
-2.2601188852767	-0.625379703536659
-1.01143984677441	-1.81184392645276
-0.361180396052158	-0.898378654375636
-1.34219696711572	1.4622458888004
2.4292203164504	0.385553717407253
2.55907750225388	0.761986709529659
-0.346856598065641	-0.225959792642451
-0.678643360079651	-1.98120777810606
-0.680303712420008	-0.53167417925968
2.39944875966154	0.944042466121693
1.85604267514906	0.278985580108893
-1.07065518876842	-1.9719487451671
-1.03627624162957	0.797245967697783
-1.14522352301893	1.28674382638967
0.868742476313634	0.231554443909568
-1.35053170818726	1.06257791126507
-1.19861130080687	0.521302216668289
-1.00292864858959	-1.66564093737287
-1.57185909044891	1.29666855245117
-1.80648336485746	1.01672085291123
2.28172688092485	0.295633644949213
-2.27392494388495	-0.644310699820065
-0.858406535247726	0.653540427169498
-0.422507911523006	-0.440388246747249
-0.538560627665753	-0.943865842018313
-1.03214889158642	-1.05693284139839
-0.372898647488706	-0.655265635833472
-1.21612947154267	-0.916438862587332
-1.79137929034933	-0.385839164952092
-0.809835835718612	-2.1732431076878
-1.32426450813753	-1.35680342875885
-0.956365854875778	1.0767153225559
-0.651154609855256	-1.98983354292239
-1.82564652759943	-0.479179375367667
-0.899512889518059	-1.26478292457811
-2.6299049540721	-0.670702461453833
2.80174116380409	-0.2745085425947
-0.436246379883235	-1.10410083210307
2.5364630004505	0.661373182147349
0.452729096983124	0.11833012046282
-1.94880309514717	-0.61707705757156
-1.21860806485847	0.365501746260646
2.08977791868683	0.850807006998882
2.82425595784796	0.430006417027663
-1.58207139674413	-0.323092654774391
0.274110939374717	0.16606984878319
2.89446293312126	0.609370169325324
-0.548018664358167	-0.862477166893018
-1.35289341184994	-1.12573997996995
-0.890979567256358	-0.2861687255635
-1.0972003053521	0.938700646690351
-0.780976571802069	0.376354831478777
-1.12676806714093	-1.56002143937972
-1.00147650471321	-1.20416157975435
-2.14674135969358	-0.286671409613336
-0.418252333951835	-0.457348764755795
-1.53760619995427	0.720322782602932
-0.785405388921033	0.615098516245693
-0.788522631143292	-1.67272345834847
2.75718777289791	-0.21973654363042
-2.25035570259712	-0.497249609107033
-1.96999889197859	1.28486111938764
2.73153053271533	0.0856828514243644
2.30088434816152	0.665228955293882
0.193386252307089	0.0327957957979617
2.32200500847098	0.451962517665208
-0.483250792418628	-0.788981094464688
-1.35450797413606	0.945972444660555
-1.30747790509036	1.52502082084927
-1.49276127258739	-0.821668059492308
-0.726093505837499	0.619026135773723
2.88382149900481	0.435529166901492
-0.792790956076996	-0.675366205008301
-1.61019697801854	0.913541438329287
-1.80266553423551	1.42307728648271
-2.18421901534526	-0.565118093912468
-1.37083142428543	1.23012621111949
-0.445887209267133	-0.819967180187173
-0.284054484977282	-0.559940472216074
-0.94978475930799	-1.29830291897991
-2.0305275940011	-0.291117680141702
-1.37124180969248	-0.250494602724742
2.60594698613731	0.836419782202851
2.65013981632122	0.599828108288426
-0.597292999662331	-1.86887472184059
-1.25102514713123	-1.0467177408991
2.64202372377458	1.27655588936701
2.35921981850126	0.758354670210889
-0.499128216362972	-1.24767700087957
-0.597504765360581	0.0749374748182838
-1.27749573221145	1.411961980502
-1.18176199112188	-0.144107679380456
2.49031588888578	0.780048841155371
-1.10487823980827	0.575684983341173
-0.482602344513764	-1.36216137363763
2.33522195327936	1.09754963552603
-1.67456484115739	-0.600322560500043
2.16146145861798	0.585652324274046
-1.04248606273335	0.0652701970318239
-0.608954381145228	-0.985246288230283
-2.51625694040695	-0.463787487765268
2.47396064203229	0.116613804008163
-1.8370462039426	0.613107437727602
2.37174184419985	0.701972253486832
-1.55439351637674	-0.0468544541484997
-0.974285227180056	-1.99601105921487
-1.90770873926381	-0.247838989273677
2.32291381514952	0.470280035967595
0.6266188992867	0.219862449228691
2.13190114098088	0.956720504946603
-1.23833876575921	0.929680299807541
-1.27512386865253	-0.836939505683312
-0.788195223775177	0.0802229606373234
-0.696841334447196	0.188482348751628
-1.19275125078415	1.37810494238317
-1.27492950723975	0.663937866827996
-0.842713985535549	-1.786515018108
-0.261968310591265	-0.181841319862186
-1.4571292959559	1.24666468538604
-1.04785909378232	-2.08615563943257
-0.860751227755777	0.614092672765162
-2.6255606368698	-0.462466282233008
-1.56379832095667	1.35215630723388
2.53985249335426	-0.235297903818269
1.1796906878945	0.192201091229115
-1.87705660187052	0.985149704149749
-0.691567108058052	-2.09775906516175
-1.31695063460852	-0.684742133588038
-2.3605030949285	-0.339867959739585
-0.51810026814033	-0.75455107222211
-0.927462425617293	0.148787448633891
-0.741300734060062	0.632940859310827
-1.6857151790488	1.27282683628197
-2.28825552889809	-0.329384001188527
0.445746084058218	0.0502438492568839
-2.84344268412192	-0.510843577446857
-0.730292898605307	-2.12854227467159
-1.45468092484126	0.520816870681006
-2.4425074705493	-0.486069202532568
-1.73826808285924	-0.1712655994421
-0.869639922354662	-1.06175371465089
-0.700910831024198	-0.3152883725227
-0.849426468871211	-1.83212304084875
-1.70494960028744	-0.333309538542626
2.27177068486948	0.251787305744552
-0.956476175575858	-0.582483880896212
-1.77325130083072	0.632745864302153
-0.763868131879043	-1.2903606241522
-1.24652299148539	1.29153689343932
2.80657880466635	0.823815684831148
-0.590359596887957	-1.80584553962719
-1.83837690528597	1.00104659276405
2.39976477151426	0.448445165229402
-0.113277230228842	-0.0351351634712644
-1.94141400463054	-0.559104089137279
-1.54065911951928	-0.824241678150974
-1.70076091294737	-0.267677729814103
2.91300504078475	0.257023715397388
-1.02644009346296	-0.543953226492325
-0.911922005720062	0.887291111494417
-0.891789823112177	0.626192627784874
-1.66979060099327	-0.347325002454013
2.09126418879038	0.648341417155361
-1.35466094412066	-0.718812198099027
-1.37362592597638	-1.46295532900018
-0.964997837099227	0.115693794611995
-1.68345126112416	1.60106546602487
-0.747659482127554	-1.23848869103143
2.84578471259592	0.545583477135515
-1.66558720665559	-0.594347443642178
-1.74929468391529	0.189006959346762
-0.921075685283201	-1.12422200578729
-0.361481998940364	-0.550194835817761
2.15787756878853	0.464760053259412
2.64723324383448	0.0939042702468685
-0.213533396094045	-0.114831335673423
1.2275388273646	0.368815703497961
2.17516804422866	0.396254191832084
-1.12754298886996	-2.17099700764957
1.46385639410742	0.274757817959417
-1.69127184194869	-0.144707101206596
-1.86111667464911	0.91331899464091
2.7750732681121	0.783522800257095
-1.82923363890015	-0.52725395958483
-0.0777536826691935	-0.161884838833302
-0.21284751225214	-0.118822954850417
-1.08582957007037	-1.52387811207041
-0.537012490535983	-1.42917035524616
-0.855264671671502	0.110799616963258
-0.490247341245598	-0.451275678613135
-0.81392988405789	-1.85227747945775
-1.31466971718823	-1.02478547951798
-0.292261399632927	-0.73460755491931
-0.991446169412842	0.56460111323715
-1.06814783933811	1.19753175843309
0.17708234911051	-0.137104854189203
-0.276997038722485	-0.573891082602246
-0.453918821142839	-0.954533899673235
-1.70878455969522	-0.206845917940229
-0.82498339025723	0.63486007193977
2.09061145074997	0.343644795557571
2.31120091317532	0.544860875329343
-1.17600579041992	-1.27911897355388
-0.870769407049472	-0.186997665592096
-0.702709265227734	-1.61982036820756
1.49519760878301	0.423029075196787
-2.16755199683145	-0.263233908735221
2.75424083125477	0.858212207826123
-0.848066718142337	0.276380008229698
-0.527474229460322	-1.37886361355633
-0.6769475991996	-0.758980929074186
-1.03421729646202	0.0058248079686135
-1.29817412500259	0.746585979259934
-0.119870270457898	0.199061365203051
-0.941601857428413	-0.427388112344828
-0.472958692382431	-1.01330927842802
-0.746577390861499	-0.421433470689659
-0.944211132419104	-1.07560030727141
-1.8749208102914	-0.454979116930974
0.265146718788051	0.145609874562202
2.22120279143024	0.927538496856212
-1.34834233060219	1.44807138466688
2.6360321938074	0.806628646706442
-0.398842788392166	0.240882792620855
-0.994215342992963	-1.82065536455812
-1.58528900925661	0.0949597985117678
-0.970812108739958	0.479044881372803
-0.29914119629161	0.0463386627257335
-0.979890777295175	-2.06487937001035
-1.77838213127765	1.18643727290605
-0.782806987263307	-1.81322184637651
2.44073915119357	-0.23906091949888
0.0497697881344062	0.0152237214872438
2.46547499527375	0.0660802724864086
2.77092830233325	-0.272781323519972
-2.21542015350578	-0.480330077178343
2.41388981404809	0.204366512803484
-1.25642245122501	-0.761303240316853
-2.73318958818914	-0.652028092592398
-1.5705082590607	1.36961441156153
-1.02650289861868	-0.3146777404201
2.3745529104039	1.10766437914346
0.215384364660043	0.218730975357185
-0.48441310712052	-0.140862051424731
-1.53515778549668	-0.609825849091623
2.83667683265754	-0.0598321747441206
-0.509849798069329	-1.33576934315461
2.31430557969409	0.276097439551566
2.0489960301791	0.456647619936711
-1.91073527638938	1.00036964782882
-1.00690089903878	-1.93861685129991
-0.78184622511603	-0.188377840432181
-2.70540943162003	-0.702824498361396
0.682020305582499	0.0478408990675698
2.59176288964735	0.872148101460093
-2.13733999955404	-0.603270088467292
-0.985990081037129	-0.735607042389937
2.60407104880822	0.381573431172096
2.89863950101178	0.514640990496242
-1.95444812186333	-0.242476543548558
-1.38023520148445	0.94397453653046
2.66827321293459	-0.135378576387365
2.91009487528541	-0.169023581603513
-1.69527474239497	0.215891519769024
2.49266895188189	0.954454267970754
-1.81679709030341	0.633611715457772
-0.72460622237366	-0.976935295257531
2.31481702761266	0.138990383644731
-1.82988197385817	1.16967980381218
-0.811385046206661	-1.98995066201543
-2.90847176153956	-0.556052446804643
2.07111445359829	0.626548105405886
0.676743757147277	0.224830265434049
2.18562289103468	0.27607531206322
-0.807644420451645	-0.127284373899796
-2.42324126786899	-0.67399053685948
1.14995331583783	0.385797660257927
-0.262415300418712	0.0341383414053607
0.254519089759971	-0.0318047920483861
2.31802226441828	1.34530968607636
-1.19125837473901	0.306360981918769
-0.834406958200959	0.150607191127395
-0.496954143294435	0.446327351600639
-0.781461119308601	-0.660439084605472
2.57163266271167	-0.0839729873188874
2.72874654292757	-0.12909685331683
2.4812145231228	-0.0688212672878828
-1.44100706264683	-1.24530125290137
-1.72723876917924	0.0170836184042169
-1.42147042334802	1.58478404059589
-1.32110944386852	1.44546269784385
2.8472580500434	-0.19568290239489
-0.333276784399633	-0.105782901180448
-0.788056259340983	0.683722462304382
-2.81262446181002	-0.691280454421955
2.11851211569703	1.00963217446592
-1.87218094899826	1.36685998095886
-1.46719934196975	-0.530899543326858
2.77313463528025	-0.191748428874924
-0.482712956014172	-1.27955821702491
-0.984130142036033	-0.141298087752823
-1.05121557642855	0.85979931523174
-0.387322112096532	-0.541119773989546
2.56414000799225	0.0313475947925826
-0.149415929496848	-0.17010604816787
-2.91316472311015	-0.542704156286165
-1.84224225440809	-0.271073333468941
-0.845417628172926	-1.33792026751696
-1.05097329353932	-1.72392054174874
-0.869294531274661	-1.34132154395634
-1.60862270420655	1.19830557620658
2.00777937701553	0.304102272063243
-1.63979761229076	1.17644999693533
-2.2229089120271	-0.355183867316673
-0.696619686146753	0.172252668525134
2.05974112279492	0.83760724385368
2.75295285340231	0.170031302524151
-1.79713078285459	1.55661893667549
0.471181313243485	0.231017248291181
0.173571648859381	0.210209279532511
2.7893121816228	0.16214744301859
1.24561835953705	0.185453712072221
-0.715016441115755	-1.45930869912962
-0.343517806141548	-0.748607122984136
2.73204285918776	0.605343455078895
-1.38512205174752	0.0818345166962936
-1.25425100575257	0.351661557260484
0.397736121543227	0.226723150276972
-0.715758799154669	-1.11780559752954
-1.01323275451084	-1.64132746689943
0.423565121778999	0.0215174275364268
-1.06748564166706	0.749941756030428
-1.34308452420694	0.146130916825855
-1.23520046828801	-1.41807812729182
-2.12998404880922	-0.338827342980947
-0.828049095196712	0.0217901171347301
0.419410455174549	-0.044723099979902
-1.26898895418796	-0.401033779054143
-1.11789192728358	-0.0311628316766891
-1.25277029323772	-2.05449345624385
-1.75700725651379	0.671967820640178
-0.953391308768636	-1.09747359069455
2.04121649418129	0.598490380612644
-0.563082195255118	-0.649714751555643
0.487545016753488	0.00793341159538358
-0.379375696338523	-0.137471184691605
-1.754991999244	1.08122587366189
-1.2341867717431	0.652236350895201
-1.22667575598754	0.812976471816442
-0.786638409836937	-0.594473309650908
-0.756888770821363	-0.209312894192574
-1.22247883651399	0.61763415031054
2.82722011147312	0.73310567562593
2.69646450331898	1.01160102445908
-1.12651943777812	0.131038802760478
0.286944363310351	-0.0866311930382156
-2.11076470016105	-0.62909391509814
-1.17374658853469	-0.945765725582516
-1.37974118075418	-0.973541228477404
-1.27514454848158	-0.93040568979307
2.36501572063179	0.499928586314886
-0.369883891090258	0.0478032006609169
2.54536357228504	-0.0748134826567562
-0.158321387368455	0.00790242362009084
-0.791307330423484	-0.400341354481805
1.11362929340148	0.27716295341936
-1.45283808555021	-0.188822913138806
-1.32094000168415	-0.686377063226946
-0.20689540798639	-0.239906314198676
-0.251866299428737	-0.0580081045093855
-1.19789511564717	-1.10425914823251
2.62463787821298	1.06712050736924
-1.10511333374364	0.593929218078594
2.45802818843042	1.38237237725332
-0.672275110053512	-0.185334757006305
-1.40180649068415	1.03667491493764
-1.96603071270267	1.28806826263042
-0.314327759891441	-0.271091903282307
-0.901496472033525	-0.676738313923155
2.63782640562123	0.558216619934516
-0.932773619999782	-1.45471145576611
-0.492583594026231	-1.41495088844869
-1.69919234420534	-0.406693448676383
-1.52131297733279	0.604648851517302
-2.57593066800379	-0.540452245661586
2.33682036580179	0.30340795250972
-0.352125718956873	-0.731950032891339
-0.892230810070967	0.0731303642664384
0.410457532007168	0.141365425286669
-0.422131592324445	-0.661677061283644
-1.9003351803698	-0.542647552995207
-2.18360523283735	-0.606583484790743
-1.5917291675859	1.20414725489015
-1.03247023822437	0.162284443435906
-1.06560834763882	-0.851868403330574
-1.89435326027788	-0.253166756851529
-0.429659229612325	-0.261630104431416
-1.39615244354162	0.378186248912325
2.90360941912938	0.213700327041043
-1.68608140697062	0.468146395420399
-0.770318883180033	0.809254609006685
2.83823105331891	0.336391293814238
-1.21951147538498	0.567656527797519
-2.63828258137016	-0.420861134118245
0.150632860584901	0.00642270168657246
-1.21077345648148	-1.45526246223012
-0.689918115558424	-0.435919990529487
1.03415913711136	0.321801620946833
0.164639995326558	-0.0996341729517728
-1.97774814828475	-0.635815177109683
-1.3030982941645	-0.465589947233947
-1.66345830382664	-0.513741612620287
-1.53946770703423	-0.624519610101033
-0.517514956277924	-1.33565332950092
-0.488070008827785	-0.117802616533875
-1.06490553855148	-2.2392390439069
-1.19395393191492	1.33393671613549
-0.739297217327928	-1.20063936423246
-1.1738520468193	-0.754732830014147
-2.90055860909289	-0.606576697310192
-1.72242768838434	1.50663192517904
2.31981332122034	0.615795126808527
2.73090539137836	0.765980619120689
-0.743188128610202	-0.0459050221974664
-1.06405103814482	1.1175634600854
-2.19018785363581	-0.513762941479156
2.53321508861132	-0.310078888504028
2.51512201465978	-0.0355172437883924
-1.43385434998019	-0.279948851174
-1.21232958849589	-1.59246496295923
-1.7444221946863	-0.1985739142882
-1.24038847094134	0.0032016181935576
-0.583071543353414	0.358974321944358
1.43114281656353	0.318887598512442
0.22257914205723	-0.100941954171386
-0.888740769678076	0.200038448721813
-1.67692783621987	0.4770296238835
0.0193665133651214	0.0895801113576818
2.28719986549748	0.30229536978346
2.3960624684396	0.825822018836584
2.80748288179895	0.0712420869895506
-1.82511140390637	0.790895134838445
-0.758520453258877	0.304627438523652
-1.17432965023654	1.36078974769116
2.65972637296756	0.91238680593124
-0.587190348325367	-0.157184262387833
-0.341263922598819	-0.697343906473316
-0.540137376862368	-1.40493732416527
-1.43465035142776	0.641105008150155
2.71537004570407	0.344366163097065
0.882686624520218	0.0626952781629202
0.610299625786032	0.0654964249322402
-1.82990309013899	1.41463370645506
-1.2936377181023	-1.94720415234451
2.37538214726816	0.375737773239051
-1.41245230506759	-0.606303891691466
2.45634940049023	1.13000144419491
-1.1603561125021	-1.21170224334311
-1.43117103090101	1.06461837860453
-1.3167346381544	0.0741902935352059
-0.684528141339438	0.217702973899237
-1.04799270309878	-0.901464909145476
-1.26493157262299	-1.13884787680384
-0.565534244333523	-0.940258682325797
-2.06603067789635	-0.475489478554841
2.0432905871946	0.531089804427885
-1.42447885490769	-0.577008530990448
-0.792452982974573	-2.0388280229446
2.57480514586694	1.329459046476
-1.00161874150255	-0.330594091759821
2.23594196361486	0.524611902170239
0.0266004618032727	-0.118172433244708
-1.58045732261803	-0.40649201214014
2.4872222387297	-0.0539077273852321
0.558088382988557	-0.0294481604750157
-1.55466460320351	0.676769754559581
-0.591875759769434	-0.470784921060935
0.490737915894067	0.0363057742165323
2.45645253796584	0.968942022966148
-1.0714582248014	-0.273557985826074
1.99652991115575	0.401713258503914
-0.791909287939184	-1.30654770936547
-1.69156933969149	-0.535038159460887
-2.69340173436875	-0.462785429220292
2.41670054806227	0.211324389825821
2.2213018986616	0.138539225920111
1.87200655486184	0.358500475109021
1.37058293758265	0.219129114764023
0.37223543174965	0.0546378389149656
-0.343327315773134	-0.650418005985307
2.50997270101021	0.104493049859042
-1.1229485155207	-0.309217647295862
-0.453221345489631	-0.553795700200888
2.42169609768566	0.953494868396474
-2.17288109426803	-0.38959756603707
0.503725668062528	0.0260216971858672
-0.900333114105552	-1.15107504900889
-2.7715112856103	-0.466606885293742
-0.765034595648382	0.285976362528395
-2.19086372680443	-0.311213342661279
-1.34134008562617	1.12539839858843
-0.707759023951135	-1.53108546866616
-1.13391139056027	0.585918068095021
-1.37103890652079	-1.1347253284729
2.18805009549635	0.394672145515944
0.358344935110165	-0.00262368378841832
-2.81897931678067	-0.520767550870334
0.132554079184903	0.0922961705299716
-1.74655414890263	-0.193293086531567
-1.54827946980932	0.100723712045161
-1.74635694435618	0.588905471029482
2.84277038446568	-0.218311783781978
-1.67924887154615	-0.204122861432158
1.58126341450315	0.36403109412228
2.67669128751516	0.397339995253014
-0.505098493232745	-1.35303773378565
-1.73873546761504	0.99326539688103
-1.08677099925339	-0.879175658798543
2.15106491423171	1.00336423643232
2.40552586580009	0.726779673910512
-1.10852120267898	-0.184479417021035
0.490641936707346	0.240919491055957
-0.078478499541049	0.105155335298709
-1.35126469060596	-1.59535787828575
-2.83016485602178	-0.558270195359206
-0.981550128604197	-0.884282143643797
-0.833394632198435	-0.33184050564585
-1.02385411850804	-1.27208307559153
-1.52136546675014	-0.378110845731753
-0.233168819288664	-0.0498350909891401
-0.932392645002701	-1.75874407452673
-0.896457340027131	-0.49362077817165
-0.575181552716197	-1.36952962722959
-1.2052667803537	-1.48374173920227
2.84914793793788	0.121547063301937
-1.61319723419082	-0.375868117060751
-0.193971308201804	0.00655466806969675
-1.72818509500602	0.0597320451750447
2.60991237536072	0.154687373751972
-1.72265564377884	0.309148318750776
-1.83347583657366	-0.397267717288493
0.0820922648519744	0.190591025630878
-0.638289919056233	-1.90435088133482
-1.3468926748011	-0.0333335858559023
-1.56625942111102	1.42678573210953
1.30939875097624	0.161166080915344
-0.983647458768013	-1.78595544360688
-1.61533305504865	-0.046006820290574
2.43743642241502	0.557496047449115
-0.981713987575648	0.101941644980316
2.48874234547314	1.3431960165158
-1.08235897099231	-2.1607941668162
-1.2352302341496	0.50159251924743
2.53260244422703	1.05466836080823
-0.657510421137991	-2.02373879494553
-1.31553290556782	0.350708524147109
-1.73771688783032	1.63475724892977
-1.66309334138261	0.81170518342288
-0.895098318393162	-0.813893181711482
-0.639719315866017	0.00286965607007205
0.242170105903769	0.0292962677500091
-1.7905391624576	0.950707176491709
-1.01918988370312	-2.00183136406093
2.89483332661309	0.0859225992236113
-1.33911577348176	0.957151654307426
2.74986091464969	0.806782898496003
-0.740529344415597	-0.22342927381786
-0.979164286344597	-0.303605211565992
-0.749720932331344	-1.75939586902601
1.15524588514909	0.160884302160154
-1.64745526947739	-0.29999931656719
2.34186660417478	0.259045211806692
-2.53363951573674	-0.440702298460682
-1.62912551170008	-0.392295622743159
-1.03814125996589	1.08248888899114
0.533082146650151	0.172152058246611
1.00496604921488	0.256759916392343
-2.86961810906211	-0.576787436990539
-1.13866979068051	-0.646987893919823
-1.27375980845796	0.878767004685414
-1.53970488813528	-0.202926583826691
-0.159087712868505	-0.247512303198259
-1.56352380626247	0.43598690486773
-0.488711849530359	-0.412425553915683
-0.93820944072217	0.996541786028427
-1.18600951626198	-0.256108569148012
-0.54796176307676	0.181569518937564
-1.8021677906148	0.414632080414147
-1.89255608419819	1.47868164039909
-1.7427270672745	0.37263025171663
-1.2173173677626	1.02658594285902
-0.942250188465797	-0.420426292048436
-1.48386572292615	1.64957511528669
2.72829120903766	0.581173714708597
-1.32369198734453	0.479671000080245
-0.458079817432209	-1.02680239217721
-1.09558722896557	0.355766424348774
-1.86685039734982	1.63485737976049
-0.651055034712268	0.0820918630110048
-0.488095385437859	-1.62005841241304
-0.741646731460222	-0.322758570245081
-2.65501226317395	-0.502780047836653
-1.78442760672365	0.326175857464259
2.25314427911952	0.680651489168705
2.64306461218203	0.553978814879307
-1.42074167076779	-0.98788262929285
-2.45302483710561	-0.465159062947101
-1.40691017637544	-0.316792022778283
1.27535105083206	0.197790376582554
-0.986279989919329	-1.63142627120192
-0.664109824273781	-0.938828966127216
2.72758465252451	0.714102927623766
-0.504924436947845	-1.54120970468267
-0.762477349842767	0.806624079205638
2.24670748432766	0.702469505000752
2.38744418381009	1.17192167777039
-0.95707149291737	-1.03562451802326
-1.03594027062406	-1.10737319500795
2.69665270802405	1.04070311303439
-1.44831653043991	-0.494695585657825
2.33975872836706	0.186227925165655
2.7800640851118	0.0863540993590309
1.33052549824979	0.235939536377595
-1.19460701883204	0.866900698430422
-1.43742913337769	1.13443278346437
0.336882681014435	0.135853178945318
2.69365137312831	0.636104915137919
2.22921990204243	0.609417556200508
-0.9221336552435	0.0939555116613824
-1.03879993609171	0.831686067270863
-1.23427301299416	0.8482376413143
-1.26408515053657	-1.14419500354144
-0.768068036469316	-0.326692112152068
2.17366067922481	0.718969158773218
-0.81041155647284	-0.0800044373871278
-0.865596321999189	-2.03492536217616
2.83669894386396	0.225839723353311
-1.90241469129874	1.04212982581231
-0.348890126021272	-0.786452683398379
-1.65580820949607	-0.257263424773862
2.75382304569509	-0.225205122981392
2.68046172110319	0.39104217331809
-0.227040585125577	-0.304623966233962
-1.42668404234892	-0.0163529107394165
1.70822034012578	0.31335038468506
-1.14594920473943	1.29408753923049
-1.37863477736401	1.16337471396619
-0.614011188156132	-1.73487218653665
-1.90735169174098	-0.221603843419483
-1.04480326512325	-1.00075207031287
-0.679750307327389	-1.93961539950568
-1.10134104733068	-0.516124044756469
0.216190225994704	0.162077116216616
-0.763244558557562	-1.60365813217481
-1.42984863900454	0.124192365608542
1.67133981188716	0.255238037895613
-1.43713709225866	-0.136820089931366
2.75623612844372	0.119713865507198
-1.91750740478441	-0.262775098871528
-0.788347483800805	-0.731898120304663
2.50950270876231	0.465011465069989
2.47455352804164	0.811098251698601
2.13992785427564	0.981729065620676
-1.31360413493523	0.0282761054430039
-1.33842834108566	-1.60950378663657
-1.13093964938447	-0.451759372480616
-1.55470098513613	1.0801928210143
-0.776971481349746	-1.98111407755755
2.75056212503637	0.575714660312311
-0.886139933981822	-0.89920079244039
1.62121186048083	0.239017933559368
0.483506057575268	0.120549207173056
-0.455276353518499	0.414235803273266
-1.43769241581527	-0.129621942805922
-0.000195161932777931	-0.0529031832297269
2.7095616234349	0.167591372855503
-1.31404723666562	-0.773480121521479
-0.710686641769289	-1.11093016225096
2.33815678392968	0.287672417219747
2.81764586453253	0.501815974257865
-1.63771449570818	1.28555025676267
-0.922099688190235	-1.73463273765715
2.46780612772283	0.351352620902569
-1.91499053420503	1.02999616411825
2.66244622698793	0.382687956571973
-1.40479690341656	0.276397375250147
-1.76282227908266	1.30402188824829
-0.0630824612959213	0.12096936890129
-1.56587316058807	1.32003624419285
-1.87477612499502	1.27975275599602
-0.612894248528142	0.551727866426821
-1.30718325549299	0.172135894638759
-1.29361178133678	0.099376791804692
-1.19625709537614	0.219863051378942
-1.33557851664244	-1.69965867812274
-2.59434951895609	-0.712094861226396
2.65818571976606	0.443118242752972
-1.24353801712248	-1.91729908068326
-1.51283819202	1.24139677018635
-1.40762681018446	1.20744240652022
2.55251521102411	-0.206299891323211
-1.78106029796101	-0.300143833602531
-1.0262957318938	-1.23331777295208
-1.76697081947843	0.789535463009055
-1.01648545414469	0.528019500331717
-0.0216959401803156	-0.0833740133405522
-1.72327084055914	0.491394293571615
2.18394691243524	0.753923664210356
-1.87953835685019	-0.430662360983407
-1.6813881039857	-0.371101777926522
-0.703159536886102	0.688739571905979
2.22814834267209	0.187397711611559
-1.34845447861146	-0.851153919906945
2.16490026161	0.479748541782646
-1.58233519169974	1.56768723467012
2.54447277226978	0.673225286591967
-0.750455621716693	-2.03255958064227
0.0231113893668567	0.146570535296086
-0.904941424562044	0.339797168850085
2.70107132304369	1.09829449396974
2.85624453730521	0.527090690463094
-1.45059904371997	0.991011834177105
2.01899275622613	0.344096539605392
-1.78914436654675	0.626674291628343
-1.02993418291203	-0.000889160151179281
2.20418653336193	0.868995968270727
-0.899954385564957	-0.766578053724236
-1.57700967552749	0.229900015378778
-1.15456938632081	-1.32815967494934
-0.811618987342808	0.297278235734335
-0.306181637816099	-0.701907420848458
-1.92308267120601	1.44560557788157
0.0844919755278487	-0.107006989326587
-0.235400852077879	-0.179882630030503
2.76610395149034	0.267749991623845
-0.495485102447932	-0.842665930783883
-1.14832804746681	0.0763849667199388
-1.04822719462224	0.376296523155275
-1.38477014133252	0.751624132385488
-0.720635762427168	-0.68129532781412
-1.8046760153691	1.54784755520298
-0.928177052587131	-1.86279186716206
-1.07954645914888	-1.47873271908943
-0.680282083592323	-1.79235768844825
-1.89132861597944	1.31723519625446
2.1200832876626	0.811509825268534
0.318742688239821	-0.0855335740889117
-0.702460394750739	-0.30272155710623
-1.54121899543804	1.37368839099654
-1.47611952046881	0.132367798889916
-2.85194171468114	-0.552365889133491
-1.53201561311963	0.0751200421185295
-0.955607275925727	0.855876466625712
2.29070190895449	1.07448178822969
-1.21448639774063	-0.540233488489599
-2.22455692253831	-0.344753406072887
-1.09739368412215	0.313730690824206
1.82382271629034	0.417562494893731
-0.952504380502354	0.840050754874719
-0.629659386046026	-1.69546904828465
-0.96774363462927	-1.10677007239112
-1.45475951987766	-0.322690969005837
-1.12179321844761	-0.461585181276563
-0.842034340092204	-0.107596055612271
-1.08094702166204	-0.209420172815342
-0.817357521861734	-0.42986994184073
2.34943646932579	0.615522566702193
-1.38335164993667	-0.0230125330627541
-0.831545214588678	-1.28368611526153
1.07051486418174	0.284284482421366
-1.47729513008141	0.900637333912664
-0.912202474379179	-0.963638067343558
1.68827240936001	0.348734531106153
-0.623492699781933	-0.615311662945522
-0.686652191242577	-0.822969642856323
-1.21343291568673	-0.084070320604207
-2.83222891872328	-0.704034782868384
-0.567915851407757	-1.89748066922645
-1.65306723793176	0.043814761540819
-2.81434671312221	-0.669712646393139
-1.29826234695495	0.844847299986335
-1.81379471840343	1.26383692675866
-1.69813870119084	0.55433043731128
-2.00485832529082	-0.233662905950419
-0.969327732738062	0.580337928575809
-1.53121790501048	-0.114679147789399
-1.31748121019235	1.39687690867869
-1.18016260008751	-1.29555384700867
-0.369935983668292	-0.543828080661276
-1.31001828168992	0.624895347060009
1.97381152434977	0.590937456072512
-0.695513685015343	-1.79414242259902
-1.26049940546399	-1.85233915892481
-0.740804872570368	0.418656070555334
-1.32717106340279	-1.25886045138615
1.0532359338939	0.12985872798182
-1.58647671329344	1.16220043886852
2.73770118793731	0.403739601783121
-1.83665105663322	0.822733779106387
-0.192395243884071	-0.325252267976195
2.30965193788559	0.185401826297183
-0.853553057276764	0.492544250928609
-1.65002118529995	0.358556796236679
-0.831301428704762	-0.703046424478402
-0.11835021104832	-0.277108805913324
2.62673007772521	0.0279016353349725
-1.19283176272787	0.432516955456219
-1.09583101039319	0.808385157464191
-1.38957196364946	0.30528030449094
-2.895401458835	-0.562894734222841
-0.482446524503636	0.206494142528342
-0.8421395257465	-1.52707125543548
-1.73644217825742	1.08508795455419
-1.2799775527409	-1.61467987265702
-1.16315883771734	0.748168337986693
-1.0300552110729	0.931431613540278
-0.937716201505438	-1.29312927517462
2.32842615497022	0.273413942424701
-1.52028896425804	1.05841615484976
-0.449848151321084	-0.99915108268763
-1.46096128006026	-0.59873393968718
-1.2696700699946	1.32509352972794
-1.78112525028502	-0.422459096438849
-1.41297277946542	-0.939235014429348
2.40810432814047	1.37319761752438
2.55366945965913	0.782134521435925
-1.3454114640035	0.430995489827003
-0.771242780647923	-1.32592928315772
-1.68246838541578	-0.121467043257802
2.33673428289804	0.73864124284995
0.787313707101244	0.219106130865083
-0.91951950289509	-0.962722539366958
-2.11558815292225	-0.625211382238863
2.56935472797854	0.843569970929412
-1.88959485587452	1.59717054789823
-0.877286028011275	-1.8447516544499
-1.27317750220023	-1.71452336752411
-1.09333098021308	0.332212472889169
-1.62421854590286	0.362186249684042
-1.57652130100561	1.28782194892364
0.928653195782416	0.172460065260091
-2.5031208340374	-0.489998584517894
-1.38726474705849	-1.4993869804349
0.956499672141442	0.198586684079938
1.83743110179889	0.502813860934886
2.59899436109437	1.20037937817178
-0.581328096657053	-1.16362478957636
-0.681018995308879	0.55817654856406
-0.598821832666979	-1.40913034296971
-1.29673635314307	-1.45547906245961
-1.64766508022951	0.414139843245476
-0.815447083719111	0.035247918344865
-1.23337654225529	0.217258702946111
-1.22394137028106	-0.798564410589688
-1.15142164947011	0.842601638290561
-1.43172531361597	0.582443487393202
-0.462394304071037	-0.0271554615168856
2.24781686020323	0.989363529992281
-1.39852418913887	-0.567559453452254
0.437685264300134	0.16823381085069
-1.58987951317954	0.653405267564489
0.770304479096926	0.154897073351308
2.25454064313038	0.153952594179147
0.623516372486333	0.159609466105897
-1.33192875761631	0.593930061089581
-1.6571349784465	0.275221522603461
-1.3491704259172	1.05158277322315
-1.52496918509759	-0.588170460686055
-0.905577755199321	-0.695558033861419
-2.71325225639527	-0.657444118643484
-1.14897661256461	-2.16810609535598
-1.60853203133314	0.209376981501265
2.07520623721406	0.672285208768194
-1.67206552982136	0.881672365945603
-0.843962150968386	-0.902844883891404
-0.99012763093233	-0.463612759285974
0.862026452831967	0.160207422570143
-1.45203286561905	-0.070480938777755
-2.58501476885521	-0.559571648407615
-1.4446809736668	0.857182890439995
2.40697228931497	0.846243734438245
-1.0468474949349	-1.85965135332584
-2.51968586072406	-0.622525856879455
-1.29036829137753	-1.17704701935521
-1.25382203066035	-1.99067118692197
-1.47647663465046	-0.649638343086215
-1.42272603920302	-0.880371636231937
-1.03661215784647	-0.980763573151751
-0.61965506576297	-0.901867308299988
-1.883204188749	1.43804579164965
1.96038741951029	0.356862290057558
-0.567132318638416	0.377702351690071
-0.982167513844439	1.0313673329266
-2.71443166476303	-0.566311264294135
-2.4976573501432	-0.425883834410792
-0.956349465907185	0.668543832739896
-1.47713290788432	0.182117381489978
-0.913567236793608	-2.07630490447776
-1.56837988393262	1.19301825783162
-1.73562844786645	0.431459634014205
2.07700396599423	0.531248771153726
2.47225544104756	0.776543089454724
-1.10010592428254	-1.30923424004291
-0.649474644978994	-1.91696743409225
-1.59993041315148	-0.352855591935276
-1.18319677806478	-1.56585561783392
2.17970373863609	0.125900200100861
2.36302204120849	0.838589273955846
2.68046877059586	0.968143158321421
-0.733387189797597	-1.24145938098069
-0.884986038288595	0.69701206505464
-0.874835714175812	-1.89609872192428
2.15754995198719	0.307549283473229
-2.88853287755934	-0.731235325935068
-0.103314114049636	0.00732095194424502
-2.14709191563782	-0.28350016553049
-0.765355410295729	0.810394317304291
-2.22622056108722	-0.567204524450324
-1.17920413645057	0.0621571242366217
-1.98965502103211	-0.625506931117001
-2.06489354896203	-0.585230428881101
-0.956495119590231	-2.14950839966387
-2.15450995208757	-0.355735034795422
-1.12055600582947	-1.87582104022793
-0.142131761854989	0.177685316319697
-1.21796497939849	1.13404427463792
-2.0474869544281	-0.540255704837735
-1.62764032321036	0.847473820082894
-1.04533930936687	-0.81170736450139
-1.54809261934066	1.05654610541281
2.4276242467932	0.810166720160217
-1.47557231518471	0.963315966000363
-1.34546776479853	0.912844039108138
-1.3829446612424	0.180443694898745
1.98453212836795	0.516909757270061
0.809190049659012	0.304542015536467
2.43615853093296	0.532598857149592
-1.64858269396176	1.36217589219697
-1.70250164999531	0.481648192641406
-1.19538178267222	1.1209424889656
-1.779579215558	1.01704755407541
-2.20507868498738	-0.612202270098271
-0.898567944366369	0.789471611562069
-1.23624726464299	-0.53824145752462
-1.08765964456781	0.0184727221057453
-1.51061561542732	0.82442779074256
-1.10238443050279	-0.349550180471953
-0.691304343004704	-1.94255162053775
-0.942274256730796	0.196033165390458
-0.955358929776937	-0.379722043773167
-1.20331754562978	-0.706636436944752
-1.31951465324143	-0.0854127709914275
-1.53646365744836	0.314069334742887
-1.38564071275735	-1.21850574284516
-1.85420800868435	1.0900038607132
-2.26455802548463	-0.393682196271924
-0.918281700745937	-1.58756470227404
-0.510676808031972	0.200548485304077
2.12740064883758	0.169414596533696
-1.9334718661257	-0.231399919340477
-1.16034502438031	-0.542787121491024
-1.22737995890959	1.40315746449026
1.59977067371741	0.224894082945628
-1.97431848582409	1.39476309698185
2.3787659711392	1.22303808856275
-0.9210006134465	0.444391380041032
-1.29922279547848	-0.649536541850663
1.91196340461994	0.353392975754784
-1.04552946702103	-1.6256023266106
-1.81765975355029	0.646349024337368
-0.842712133269297	-0.580241764266488
-1.28981632655691	-1.77895271376096
-0.512970747851538	0.479201887903978
-0.747864162244098	-1.42040140786527
-1.61509052014872	-0.457147146017608
-1.16143755309854	-1.33908542757611
-2.37145791622726	-0.463391495225899
-1.24932085402965	-0.094416524536587
-1.46374975222941	-0.706226305604628
-1.19655032978898	-0.933523095159473
-1.80066257243057	1.51687111602219
2.20850912483888	0.522401506287872
-1.24286934647288	0.323397423068827
-1.33366029606418	-0.0682627857978874
2.44829628072983	0.939587228711908
-0.698731395117075	0.56035506364553
-1.00328842618695	-0.986070492784173
2.56696794315326	0.0851573855341202
-0.58507114848149	-0.940935462914712
-1.66934805636814	-0.428736452758903
-1.23551381247262	1.15100993741581
1.89783353007281	0.317141605353639
0.214652902781898	0.0235766313398769
-2.13898315483213	-0.559653866810957
-0.757737723154009	-1.68305269992028
-1.1382072844721	-1.04947158744798
2.47132746469798	1.34124322712862
2.80063755092415	0.670468677845676
-1.44022283963535	0.0297205292314777
-2.19712792932564	-0.325555131525537
-0.762473933175392	-1.21619278160745
-0.0285898642568367	-0.163265251135164
-2.65092875534016	-0.566938150568131
-1.27279575103021	0.156809972492613
-0.478295173850077	-1.3314256321749
-1.40042850495532	-1.006064261721
-0.428009864661064	0.263706038150124
2.61690092853854	0.615957969410847
2.56682893781158	0.895218305053749
1.14175967299483	0.234823296431864
-0.913803510176829	-0.10171977403526
-1.26906257323684	0.448187640343979
-1.78042440360609	1.53700539534579
-0.248797691227373	-0.083813300255098
2.191558874592	1.21036165988619
-2.89765227442817	-0.522170320382593
2.58074316937275	1.29392328946296
0.602263540677712	0.154928870296976
-0.547074191468572	-1.721182123077
2.66419360915708	0.96690740236764
-0.129119738797624	0.130481684571337
-2.15764675106374	-0.628584007325249
-1.2385301552982	-1.46372764472644
-0.789215978923117	-0.639398121880838
-1.0385067055449	-0.762561672917907
-1.36196893330877	-0.0625859022424539
1.84245004608372	0.347065657721555
2.7471636992937	0.878411936015581
-1.32900019801189	-0.885378433270806
2.59102916207836	1.32470535174507
-1.84096221271096	1.03778787796504
-0.952302454640255	-1.03535331084141
