CST XY Data Exchange Format V2

Title    = S-Parameters
Xlabel   = Frequency / GHz
Ylabel   = dB

Curvelabel          = SZmax(1),Zmax(1)
Filename            = ^cSZmax(1)Zmax(1).sig
Npoints             = 1001
Type                = 8
Subtype             = 16
Result type         = complex:none;impedance
View type           = Cartesian
Plot type           = Magnitude dB
Data/Title          = S-Parameters
X/Label             = Frequency
X/Unit              = GHz
Y/Unit              = 
Y/Logfactor         = 20
Plot/wrapHeuristics = 0

6	0.93993803368798	0.31478723285092	376.73031366685	0
6.008	0.94206144823233	0.3084329391326	376.73031366685	0
6.016	0.9441409312295	0.30206557980888	376.73031366685	0
6.024	0.9461765387469	0.29568498562373	376.73031366685	0
6.032	0.94816831195599	0.28929099692893	376.73031366685	0
6.04	0.95011627771732	0.28288346345332	376.73031366685	0
6.048	0.9520204491339	0.27646224408356	376.73031366685	0
6.056	0.95388082607438	0.27002720665646	376.73031366685	0
6.064	0.95569739566811	0.26357822776171	376.73031366685	0
6.072	0.95747013277407	0.25711519255531	376.73031366685	0
6.08	0.95919900042474	0.25063799458273	376.73031366685	0
6.088	0.96088395024678	0.24414653561184	376.73031366685	0
6.096	0.96252492286018	0.23764072547499	376.73031366685	0
6.104	0.96412184825634	0.23112048191983	376.73031366685	0
6.112	0.96567464615744	0.22458573046897	376.73031366685	0
6.12	0.96718322635721	0.21803640428771	376.73031366685	0
6.128	0.96864748904503	0.21147244405929	376.73031366685	0
6.136	0.97006732511364	0.20489379786853	376.73031366685	0
6.144	0.97144261645214	0.19830042109235	376.73031366685	0
6.152	0.97277323622443	0.19169227629721	376.73031366685	0
6.16	0.9740590491346	0.1850693331437	376.73031366685	0
6.168	0.97529991167958	0.17843156829762	376.73031366685	0
6.176	0.97649567239	0.17177896534738	376.73031366685	0
6.184	0.97764617206005	0.16511151472742	376.73031366685	0
6.192	0.97875124396669	0.15842921364778	376.73031366685	0
6.2	0.97981071407899	0.15173206602912	376.73031366685	0
6.208	0.98082440125864	0.14502008244349	376.73031366685	0
6.216	0.98179211745105	0.13829328006008	376.73031366685	0
6.224	0.9827136678689	0.13155168259677	376.73031366685	0
6.232	0.98358885116771	0.12479532027576	376.73031366685	0
6.24	0.98441745961398	0.11802422978496	376.73031366685	0
6.248	0.98519927924704	0.11123845424322	376.73031366685	0
6.256	0.98593409003416	0.10443804317069	376.73031366685	0
6.264	0.98662166601972	0.097623052462971	376.73031366685	0
6.272	0.98726177546901	0.090793544370272	376.73031366685	0
6.28	0.98785418100649	0.083949587479706	376.73031366685	0
6.288	0.98839863974942	0.077091256702246	376.73031366685	0
6.296	0.98889490343663	0.070218633263291	376.73031366685	0
6.304	0.98934271855342	0.063331804696787	376.73031366685	0
6.312	0.9897418264521	0.056430864843285	376.73031366685	0
6.32	0.99009196346896	0.049515913850978	376.73031366685	0
6.328	0.99039286103797	0.042587058180606	376.73031366685	0
6.336	0.99064424580098	0.035644410613286	376.73031366685	0
6.344	0.99084583971535	0.028688090261445	376.73031366685	0
6.352	0.99099736015849	0.021718222583079	376.73031366685	0
6.36	0.99109852003022	0.014734939398667	376.73031366685	0
6.368	0.99114902785267	0.0077383789110491	376.73031366685	0
6.376	0.99114858786811	0.00072868572792239	376.73031366685	0
6.384	0.99109690013484	-0.0062939891129743	376.73031366685	0
6.392	0.99099366062158	-0.013329488115973	376.73031366685	0
6.4	0.99083856129995	-0.020377647297638	376.73031366685	0
6.408	0.99063129023583	-0.027438296154059	376.73031366685	0
6.416	0.9903715316793	-0.034511257626157	376.73031366685	0
6.424	0.99005896615364	-0.041596348062919	376.73031366685	0
6.432	0.98969327054322	-0.04869337718244	376.73031366685	0
6.44	0.98927411818063	-0.055802148030972	376.73031366685	0
6.448	0.98880117893303	-0.062922456940275	376.73031366685	0
6.456	0.98827411928789	-0.070054093482965	376.73031366685	0
6.464	0.9876926024383	-0.07719684042644	376.73031366685	0
6.472	0.9870562883678	-0.084350473684936	376.73031366685	0
6.48	0.98636483393476	-0.091514762270146	376.73031366685	0
6.488	0.98561789295679	-0.09868946824057	376.73031366685	0
6.496	0.98481511629463	-0.10587434664928	376.73031366685	0
6.504	0.98395615193623	-0.11306914549051	376.73031366685	0
6.512	0.98304064508048	-0.12027360564508	376.73031366685	0
6.52	0.98206823822114	-0.12748746082466	376.73031366685	0
6.528	0.98103857123059	-0.13471043751502	376.73031366685	0
6.536	0.97995128144386	-0.14194225491823	376.73031366685	0
6.544	0.97880600374245	-0.14918262489401	376.73031366685	0
6.552	0.97760237063843	-0.15643125190018	376.73031366685	0
6.56	0.9763400123586	-0.16368783293238	376.73031366685	0
6.568	0.97501855692865	-0.17095205746286	376.73031366685	0
6.576	0.97363763025746	-0.1782236073788	376.73031366685	0
6.584	0.97219685622156	-0.18550215691963	376.73031366685	0
6.592	0.97069585674948	-0.19278737261402	376.73031366685	0
6.6	0.9691342519062	-0.20007891321598	376.73031366685	0
6.608	0.96751165997768	-0.20737642964041	376.73031366685	0
6.616	0.9658276975552	-0.21467956489803	376.73031366685	0
6.624	0.96408197961981	-0.22198795402962	376.73031366685	0
6.632	0.96227411962651	-0.22930122403959	376.73031366685	0
6.64	0.96040372958842	-0.23661899382883	376.73031366685	0
6.648	0.95847042016064	-0.24394087412684	376.73031366685	0
6.656	0.956473800724	-0.25126646742296	376.73031366685	0
6.664	0.95441347946847	-0.25859536789679	376.73031366685	0
6.672	0.95228906347627	-0.26592716134756	376.73031366685	0
6.68	0.95010015880468	-0.27326142512245	376.73031366685	0
6.688	0.94784637056851	-0.28059772804373	376.73031366685	0
6.696	0.94552730302211	-0.28793563033451	376.73031366685	0
6.704	0.94314255964111	-0.29527468354312	376.73031366685	0
6.712	0.94069174320368	-0.30261443046583	376.73031366685	0
6.72	0.93817445587147	-0.3099544050678	376.73031366685	0
6.728	0.93559029927023	-0.31729413240206	376.73031366685	0
6.736	0.93293887457005	-0.32463312852643	376.73031366685	0
6.744	0.93021978256546	-0.33197090041803	376.73031366685	0
6.752	0.92743262375529	-0.33930694588534	376.73031366685	0
6.76	0.92457699842244	-0.34664075347751	376.73031366685	0
6.768	0.92165250671378	-0.35397180239072	376.73031366685	0
6.776	0.91865874872013	-0.36129956237141	376.73031366685	0
6.784	0.9155953245566	-0.36862349361619	376.73031366685	0
6.792	0.91246183444343	-0.37594304666817	376.73031366685	0
6.8	0.90925787878748	-0.38325766230953	376.73031366685	0
6.808	0.9059830582647	-0.39056677145016	376.73031366685	0
6.816	0.90263697390362	-0.3978697950122	376.73031366685	0
6.824	0.89921922717034	-0.40516614381024	376.73031366685	0
6.832	0.89572942005504	-0.41245521842714	376.73031366685	0
6.84	0.89216715516045	-0.41973640908523	376.73031366685	0
6.848	0.88853203579252	-0.42700909551284	376.73031366685	0
6.856	0.88482366605353	-0.43427264680608	376.73031366685	0
6.864	0.88104165093788	-0.44152642128575	376.73031366685	0
6.872	0.87718559643098	-0.44876976634941	376.73031366685	0
6.88	0.87325510961131	-0.45600201831851	376.73031366685	0
6.888	0.86924979875599	-0.46322250228065	376.73031366685	0
6.896	0.86516927344991	-0.47043053192702	376.73031366685	0
6.904	0.86101314469874	-0.47762540938495	376.73031366685	0
6.912	0.8567810250457	-0.48480642504577	376.73031366685	0
6.92	0.85247252869215	-0.49197285738795	376.73031366685	0
6.928	0.84808727162188	-0.49912397279559	376.73031366685	0
6.936	0.84362487172882	-0.50625902537235	376.73031366685	0
6.944	0.83908494894772	-0.51337725675068	376.73031366685	0
6.952	0.83446712538735	-0.52047789589638	376.73031366685	0
6.96	0.82977102546515	-0.52756015890824	376.73031366685	0
6.968	0.82499627604243	-0.53462324881236	376.73031366685	0
6.976	0.82014250655853	-0.54166635535057	376.73031366685	0
6.984	0.81520934916212	-0.548688654762	376.73031366685	0
6.992	0.81019643883734	-0.55568930955641	376.73031366685	0
7	0.80510341352173	-0.56266746827717	376.73031366685	0
7.008	0.79992991421253	-0.56962226525108	376.73031366685	0
7.016	0.79467558505664	-0.57655282032079	376.73031366685	0
7.024	0.78934007341913	-0.58345823855408	376.73031366685	0
7.032	0.78392302992364	-0.59033760992191	376.73031366685	0
7.04	0.77842410845714	-0.59719000893405	376.73031366685	0
7.048	0.77284296613015	-0.6040144942165	376.73031366685	0
7.056	0.76717926318239	-0.61081010800921	376.73031366685	0
7.064	0.76143266282334	-0.61757587555378	376.73031366685	0
7.072	0.75560283099709	-0.62431080432912	376.73031366685	0
7.08	0.74968943606335	-0.63101388307698	376.73031366685	0
7.088	0.74369214839224	-0.63768408053591	376.73031366685	0
7.096	0.73761063988308	-0.64432034377139	376.73031366685	0
7.104	0.73144458344216	-0.65092159594696	376.73031366685	0
7.112	0.72519365250008	-0.65748673332447	376.73031366685	0
7.12	0.71885752073124	-0.66401462120941	376.73031366685	0
7.128	0.71243586228084	-0.67050408847165	376.73031366685	0
7.136	0.70592835304844	-0.67695392018756	376.73031366685	0
7.144	0.69933467398041	-0.68336284790561	376.73031366685	0
7.152	0.6926545179675	-0.68972953712973	376.73031366685	0
7.16	0.68588760291066	-0.69605257205023	376.73031366685	0
7.168	0.67903369482049	-0.70233043873289	376.73031366685	0
7.176	0.67209264618843	-0.70856151060369	376.73031366685	0
7.184	0.66506445529045	-0.71474404511552	376.73031366685	0
7.192	0.65794934894943	-0.72087620865898	376.73031366685	0
7.2	0.65074787959863	-0.72695615653212	376.73031366685	0
7.208	0.64346100128332	-0.73298219794436	376.73031366685	0
7.216	0.6360900501986	-0.73895305322776	376.73031366685	0
7.224	0.62863653192553	-0.74486813872538	376.73031366685	0
7.232	0.62110167423274	-0.75072770831437	376.73031366685	0
7.24	0.61348588246127	-0.75653264424354	376.73031366685	0
7.248	0.60578842058051	-0.76228386224514	376.73031366685	0
7.256	0.59800758403851	-0.76798161326006	376.73031366685	0
7.264	0.59014128413126	-0.77362509281723	376.73031366685	0
7.272	0.58218767300328	-0.77921252562415	376.73031366685	0
7.28	0.57414549854602	-0.78474155038019	376.73031366685	0
7.288	0.56601414484378	-0.79020962445222	376.73031366685	0
7.296	0.55779349062816	-0.79561428838676	376.73031366685	0
7.304	0.54948372707696	-0.80095327670157	376.73031366685	0
7.312	0.54108521015126	-0.80622452828462	376.73031366685	0
7.32	0.53259836533766	-0.81142615137077	376.73031366685	0
7.328	0.52402363583961	-0.81655637746145	376.73031366685	0
7.336	0.51536145933367	-0.82161351988716	376.73031366685	0
7.344	0.50661226098539	-0.82659594174591	376.73031366685	0
7.352	0.49777645463947	-0.83150203301052	376.73031366685	0
7.36	0.48885444751294	-0.83633019497671	376.73031366685	0
7.368	0.47984664594174	-0.84107883006665	376.73031366685	0
7.376	0.47075346101926	-0.84574633534561	376.73031366685	0
7.384	0.46157531365467	-0.85033109853653	376.73031366685	0
7.392	0.45231263892182	-0.85483149568439	376.73031366685	0
7.4	0.44296588972584	-0.85924588989752	376.73031366685	0
7.408	0.43353553987418	-0.8635726307868	376.73031366685	0
7.416	0.42402208665349	-0.86781005435503	376.73031366685	0
7.424	0.4144260530076	-0.87195648317595	376.73031366685	0
7.432	0.40474798939859	-0.87601022676	376.73031366685	0
7.44	0.39498847541812	-0.87996958204064	376.73031366685	0
7.448	0.38514812120297	-0.88383283393983	376.73031366685	0
7.456	0.37522756869673	-0.88759825598644	376.73031366685	0
7.464	0.36522749279071	-0.89126411097175	376.73031366685	0
7.472	0.35514860236937	-0.89482865163232	376.73031366685	0
7.48	0.34499164127978	-0.89829012135501	376.73031366685	0
7.488	0.33475738924017	-0.90164675490121	376.73031366685	0
7.496	0.324446662699	-0.90489677914924	376.73031366685	0
7.504	0.31406031565333	-0.90803841385469	376.73031366685	0
7.512	0.30359924043304	-0.91106987242913	376.73031366685	0
7.52	0.293064368456	-0.91398936273809	376.73031366685	0
7.528	0.28245667095781	-0.91679508791905	376.73031366685	0
7.536	0.27177715969889	-0.91948524722068	376.73031366685	0
7.544	0.26102688765083	-0.92205803686418	376.73031366685	0
7.552	0.25020694966325	-0.92451165092774	376.73031366685	0
7.56	0.23931848311208	-0.92684428225502	376.73031366685	0
7.568	0.22836266852964	-0.92905412338862	376.73031366685	0
7.576	0.21734073021652	-0.93113936752895	376.73031366685	0
7.584	0.20625393683533	-0.93309820951965	376.73031366685	0
7.592	0.19510360198561	-0.93492884685968	376.73031366685	0
7.6	0.1838910847597	-0.93662948074296	376.73031366685	0
7.608	0.17261779027856	-0.9381983171257	376.73031366685	0
7.616	0.16128517020692	-0.93963356782204	376.73031366685	0
7.624	0.14989472324671	-0.94093345162798	376.73031366685	0
7.632	0.13844799560783	-0.94209619547405	376.73031366685	0
7.64	0.12694658145504	-0.94312003560672	376.73031366685	0
7.648	0.11539212332993	-0.94400321879857	376.73031366685	0
7.656	0.10378631254667	-0.94474400358734	376.73031366685	0
7.664	0.09213088956022	-0.94534066154358	376.73031366685	0
7.672	0.080427644305794	-0.9457914785669	376.73031366685	0
7.68	0.068678416508088	-0.94609475621043	376.73031366685	0
7.688	0.056885095958949	-0.94624881303333	376.73031366685	0
7.696	0.045049622762028	-0.94625198598081	376.73031366685	0
7.704	0.033173987542976	-0.94610263179129	376.73031366685	0
7.712	0.021260231623703	-0.94579912843018	376.73031366685	0
7.72	0.0093104471592102	-0.94533987654956	376.73031366685	0
7.728	-0.0026732227644878	-0.94472330097311	376.73031366685	0
7.736	-0.014688584072884	-0.94394785220562	376.73031366685	0
7.744	-0.026733391687439	-0.94301200796603	376.73031366685	0
7.752	-0.038805349553492	-0.94191427474321	376.73031366685	0
7.76	-0.050902110713145	-0.94065318937345	376.73031366685	0
7.768	-0.063021277424602	-0.93922732063843	376.73031366685	0
7.776	-0.075160401329468	-0.93763527088265	376.73031366685	0
7.784	-0.087316983669461	-0.93587567764896	376.73031366685	0
7.792	-0.099488475554007	-0.93394721533082	376.73031366685	0
7.8	-0.11167227828013	-0.93184859683988	376.73031366685	0
7.808	-0.12386574370602	-0.92957857528733	376.73031366685	0
7.816	-0.13606617467969	-0.92713594567741	376.73031366685	0
7.824	-0.14827082552395	-0.92451954661139	376.73031366685	0
7.832	-0.16047690257911	-0.92172826200019	376.73031366685	0
7.84	-0.17268156480445	-0.91876102278378	376.73031366685	0
7.848	-0.18488192443986	-0.91561680865546	376.73031366685	0
7.856	-0.19707504772858	-0.91229464978882	376.73031366685	0
7.864	-0.20925795570212	-0.90879362856545	376.73031366685	0
7.872	-0.22142762502849	-0.90511288130099	376.73031366685	0
7.88	-0.23358098892441	-0.90125159996745	376.73031366685	0
7.888	-0.24571493813256	-0.89720903390913	376.73031366685	0
7.896	-0.25782632196438	-0.89298449155008	376.73031366685	0
7.904	-0.26991194940935	-0.88857734209019	376.73031366685	0
7.912	-0.28196859031101	-0.88398701718764	376.73031366685	0
7.92	-0.29399297661039	-0.87921301262488	376.73031366685	0
7.928	-0.30598180365716	-0.87425488995544	376.73031366685	0
7.936	-0.31793173158864	-0.8691122781289	376.73031366685	0
7.944	-0.32983938677695	-0.86378487509108	376.73031366685	0
7.952	-0.3417013633442	-0.85827244935655	376.73031366685	0
7.96	-0.35351422474563	-0.85257484155075	376.73031366685	0
7.968	-0.36527450542048	-0.84669196591841	376.73031366685	0
7.976	-0.37697871251024	-0.84062381179563	376.73031366685	0
7.984	-0.38862332764365	-0.83437044504232	376.73031366685	0
7.992	-0.40020480878795	-0.82793200943211	376.73031366685	0
8	-0.4117195921655	-0.82130872799656	376.73031366685	0
8.008	-0.42316409423485	-0.81450090432076	376.73031366685	0
8.016	-0.43453471373515	-0.80750892378698	376.73031366685	0
8.024	-0.44582783379276	-0.80033325476359	376.73031366685	0
8.032	-0.45703982408845	-0.79297444973602	376.73031366685	0
8.04	-0.46816704308397	-0.78543314637675	376.73031366685	0
8.048	-0.47920584030595	-0.77771006855133	376.73031366685	0
8.056	-0.49015255868553	-0.76980602725756	376.73031366685	0
8.064	-0.50100353695156	-0.76172192149476	376.73031366685	0
8.072	-0.51175511207522	-0.75345873906029	376.73031366685	0
8.08	-0.52240362176383	-0.7450175572707	376.73031366685	0
8.088	-0.53294540700123	-0.73639954360446	376.73031366685	0
8.096	-0.54337681463219	-0.72760595626399	376.73031366685	0
8.104	-0.553694199988	-0.71863814465403	376.73031366685	0
8.112	-0.56389392955041	-0.70949754977431	376.73031366685	0
8.12	-0.57397238365071	-0.70018570452376	376.73031366685	0
8.128	-0.5839259592008	-0.69070423391442	376.73031366685	0
8.136	-0.59375107245291	-0.68105485519251	376.73031366685	0
8.144	-0.60344416178447	-0.67123937786516	376.73031366685	0
8.152	-0.61300169050447	-0.66125970363049	376.73031366685	0
8.16	-0.62242014967762	-0.65111782620973	376.73031366685	0
8.168	-0.6316960609625	-0.64081583107966	376.73031366685	0
8.176	-0.64082597945967	-0.63035589510398	376.73031366685	0
8.184	-0.64980649656567	-0.61974028606267	376.73031366685	0
8.192	-0.65863424282894	-0.60897136207791	376.73031366685	0
8.2	-0.66730589080321	-0.5980515709362	376.73031366685	0
8.208	-0.67581815789423	-0.5869834493057	376.73031366685	0
8.216	-0.68416780919539	-0.57576962184853	376.73031366685	0
8.224	-0.69235166030783	-0.56441280022772	376.73031366685	0
8.232	-0.70036658014066	-0.55291578200887	376.73031366685	0
8.24	-0.70820949368669	-0.54128144945663	376.73031366685	0
8.248	-0.71587738476924	-0.52951276822641	376.73031366685	0
8.256	-0.72336729875545	-0.51761278595199	376.73031366685	0
8.264	-0.73067634523168	-0.50558463072979	376.73031366685	0
8.272	-0.73780170063634	-0.49343150950099	376.73031366685	0
8.28	-0.74474061084584	-0.48115670633257	376.73031366685	0
8.288	-0.75149039370905	-0.468763580599	376.73031366685	0
8.296	-0.75804844152605	-0.4562555650661	376.73031366685	0
8.304	-0.76441222346672	-0.4436361638792	376.73031366685	0
8.312	-0.77057928792496	-0.43090895045753	376.73031366685	0
8.32	-0.77654726480434	-0.41807756529747	376.73031366685	0
8.328	-0.78231386773119	-0.40514571368697	376.73031366685	0
8.336	-0.78787689619109	-0.39211716333413	376.73031366685	0
8.344	-0.79323423758489	-0.37899574191284	376.73031366685	0
8.352	-0.79838386920071	-0.36578533452864	376.73031366685	0
8.36	-0.80332386009818	-0.3524898811082	376.73031366685	0
8.368	-0.80805237290159	-0.33911337371593	376.73031366685	0
8.376	-0.81256766549871	-0.32565985380149	376.73031366685	0
8.384	-0.81686809264219	-0.31213340938206	376.73031366685	0
8.392	-0.82095210745066	-0.29853817216333	376.73031366685	0
8.4	-0.82481826280684	-0.2848783146035	376.73031366685	0
8.408	-0.82846521265007	-0.27115804692456	376.73031366685	0
8.416	-0.83189171316117	-0.25738161407529	376.73031366685	0
8.424	-0.83509662383735	-0.24355329265048	376.73031366685	0
8.432	-0.83807890845539	-0.22967738777112	376.73031366685	0
8.44	-0.84083763592151	-0.21575822993022	376.73031366685	0
8.448	-0.84337198100646	-0.20180017180909	376.73031366685	0
8.456	-0.84568122496468	-0.18780758506903	376.73031366685	0
8.464	-0.84776475603659	-0.17378485712325	376.73031366685	0
8.472	-0.84962206983341	-0.15973638789402	376.73031366685	0
8.48	-0.85125276960387	-0.14566658656018	376.73031366685	0
8.488	-0.85265656638285	-0.13157986829976	376.73031366685	0
8.496	-0.85383327902179	-0.11748065103296	376.73031366685	0
8.504	-0.8547828341012	-0.10337335217037	376.73031366685	0
8.512	-0.85550526572588	-0.089262385371311	376.73031366685	0
8.52	-0.85600071520345	-0.075152157317415	376.73031366685	0
8.528	-0.85626943060732	-0.06104706450614	376.73031366685	0
8.536	-0.85631176622524	-0.046951490069115	376.73031366685	0
8.544	-0.8561281818949	-0.03286980061998	376.73031366685	0
8.552	-0.85571924222823	-0.01880634313642	376.73031366685	0
8.56	-0.85508561572633	-0.0047654418808588	376.73031366685	0
8.568	-0.85422807378704	0.0092486046356991	376.73031366685	0
8.576	-0.85314748960756	0.023231526642454	376.73031366685	0
8.584	-0.85184483698444	0.037179086045975	376.73031366685	0
8.592	-0.85032118901374	0.051087079311807	376.73031366685	0
8.6	-0.84857771669419	0.064951340286563	376.73031366685	0
8.608	-0.84661568743632	0.078767742956876	376.73031366685	0
8.616	-0.84443646348066	0.092532204141571	376.73031366685	0
8.624	-0.84204150022851	0.10624068611379	376.73031366685	0
8.632	-0.83943234448859	0.11988919914977	376.73031366685	0
8.64	-0.83661063264312	0.13347380400139	376.73031366685	0
8.648	-0.83357808873712	0.14699061428955	376.73031366685	0
8.656	-0.83033652249471	0.16043579881587	376.73031366685	0
8.664	-0.82688782726618	0.17380558379026	376.73031366685	0
8.672	-0.82323397790992	0.18709625497209	376.73031366685	0
8.68	-0.81937702861322	0.20030415972303	376.73031366685	0
8.688	-0.81531911065591	0.21342570896976	376.73031366685	0
8.696	-0.81106243012124	0.22645737907484	376.73031366685	0
8.704	-0.80660926555781	0.23939571361453	376.73031366685	0
8.712	-0.80196196559713	0.25223732506219	376.73031366685	0
8.72	-0.79712294653064	0.26497889637647	376.73031366685	0
8.728	-0.79209468985081	0.2776171824933	376.73031366685	0
8.736	-0.78687973976005	0.29014901172141	376.73031366685	0
8.744	-0.78148070065212	0.30257128704066	376.73031366685	0
8.752	-0.77590023456969	0.31488098730327	376.73031366685	0
8.76	-0.77014105864262	0.3270751683379	376.73031366685	0
8.768	-0.76420594251063	0.33915096395667	376.73031366685	0
8.776	-0.75809770573475	0.35110558686568	376.73031366685	0
8.784	-0.75181921520108	0.36293632947945	376.73031366685	0
8.792	-0.74537338252113	0.3746405646401	376.73031366685	0
8.8	-0.73876316143227	0.38621574624212	376.73031366685	0
8.808	-0.73199154520202	0.39765940976379	376.73031366685	0
8.816	-0.72506156403993	0.4089691727065	376.73031366685	0
8.824	-0.7179762825204	0.4201427349433	376.73031366685	0
8.832	-0.71073879701987	0.43117787897806	376.73031366685	0
8.84	-0.70335223317178	0.44207247011714	376.73031366685	0
8.848	-0.69581974334226	0.45282445655496	376.73031366685	0
8.856	-0.68814450412981	0.46343186937558	376.73031366685	0
8.864	-0.68032971389177	0.4738928224722	376.73031366685	0
8.872	-0.67237859030036	0.48420551238653	376.73031366685	0
8.88	-0.6642943679311	0.49436821807037	376.73031366685	0
8.888	-0.65608029588594	0.50437930057147	376.73031366685	0
8.896	-0.64773963545364	0.51423720264607	376.73031366685	0
8.904	-0.63927565780963	0.52394044830047	376.73031366685	0
8.912	-0.63069164175746	0.53348764226411	376.73031366685	0
8.92	-0.62199087151379	0.54287746939662	376.73031366685	0
8.928	-0.61317663453888	0.55210869403133	376.73031366685	0
8.936	-0.60425221941417	0.56118015925794	376.73031366685	0
8.944	-0.5952209137686	0.57009078614683	376.73031366685	0
8.952	-0.58608600225506	0.57883957291774	376.73031366685	0
8.96	-0.57685076457836	0.58742559405534	376.73031366685	0
8.968	-0.56751847357583	0.59584799937447	376.73031366685	0
8.976	-0.55809239335153	0.6041060130377	376.73031366685	0
8.984	-0.54857577746521	0.61219893252774	376.73031366685	0
8.992	-0.53897186717653	0.62012612757745	376.73031366685	0
9	-0.52928388974542	0.62788703906014	376.73031366685	0
9.008	-0.51951505678906	0.63548117784261	376.73031366685	0
9.016	-0.50966856269591	0.64290812360368	376.73031366685	0
9.024	-0.49974758309711	0.65016752362061	376.73031366685	0
9.032	-0.48975527339547	0.65725909152618	376.73031366685	0
9.04	-0.47969476735219	0.66418260603861	376.73031366685	0
9.048	-0.46956917573127	0.670937909667	376.73031366685	0
9.056	-0.45938158500159	0.67752490739467	376.73031366685	0
9.064	-0.44913505609635	0.68394356534261	376.73031366685	0
9.072	-0.43883262322979	0.69019390941548	376.73031366685	0
9.08	-0.42847729277062	0.69627602393241	376.73031366685	0
9.088	-0.41807204217191	0.70219005024464	376.73031366685	0
9.096	-0.40761981895686	0.70793618534235	376.73031366685	0
9.104	-0.39712353975976	0.7135146804526	376.73031366685	0
9.112	-0.38658608942169	0.71892583963037	376.73031366685	0
9.12	-0.37601032014011	0.72417001834479	376.73031366685	0
9.128	-0.36539905067156	0.72924762206232	376.73031366685	0
9.136	-0.35475506558672	0.73415910482866	376.73031366685	0
9.144	-0.34408111457687	0.73890496785128	376.73031366685	0
9.152	-0.33337991181088	0.74348575808411	376.73031366685	0
9.16	-0.32265413534174	0.74790206681601	376.73031366685	0
9.168	-0.31190642656158	0.75215452826472	376.73031366685	0
9.176	-0.30113938970419	0.75624381817742	376.73031366685	0
9.184	-0.29035559139394	0.76017065243975	376.73031366685	0
9.192	-0.27955756024001	0.76393578569415	376.73031366685	0
9.2	-0.26874778647469	0.76754000996923	376.73031366685	0
9.208	-0.25792872163482	0.77098415332096	376.73031366685	0
9.216	-0.24710277828495	0.77426907848717	376.73031366685	0
9.224	-0.23627232978121	0.77739568155611	376.73031366685	0
9.232	-0.2254397100746	0.78036489065036	376.73031366685	0
9.24	-0.21460721355252	0.78317766462675	376.73031366685	0
9.248	-0.20377709491734	0.78583499179343	376.73031366685	0
9.256	-0.19295156910075	0.78833788864466	376.73031366685	0
9.264	-0.18213281121268	0.79068739861426	376.73031366685	0
9.272	-0.17132295652363	0.79288459084832	376.73031366685	0
9.28	-0.16052410047907	0.79493055899788	376.73031366685	0
9.288	-0.14973829874482	0.79682642003202	376.73031366685	0
9.296	-0.13896756728215	0.79857331307208	376.73031366685	0
9.304	-0.12821388245133	0.80017239824743	376.73031366685	0
9.312	-0.11747918114263	0.80162485557305	376.73031366685	0
9.32	-0.10676536093337	0.80293188384963	376.73031366685	0
9.328	-0.096074280270048	0.80409469958622	376.73031366685	0
9.336	-0.08540775867421	0.80511453594586	376.73031366685	0
9.344	-0.074767576971164	0.8059926417145	376.73031366685	0
9.352	-0.064155477540169	0.80673028029327	376.73031366685	0
9.36	-0.053573164585196	0.80732872871438	376.73031366685	0
9.368	-0.043022304425045	0.80778927668077	376.73031366685	0
9.376	-0.032504525801853	0.80811322562956	376.73031366685	0
9.384	-0.022021420206864	0.80830188781942	376.73031366685	0
9.392	-0.011574542222498	0.80835658544186	376.73031366685	0
9.4	-0.0011654098796619	0.80827864975656	376.73031366685	0
9.408	0.0092044949706533	0.80806942025044	376.73031366685	0
9.416	0.019533726272505	0.80773024382084	376.73031366685	0
9.424	0.029820873367769	0.80726247398234	376.73031366685	0
9.432	0.040064560587554	0.80666747009743	376.73031366685	0
9.44	0.050263446833127	0.80594659663076	376.73031366685	0
9.448	0.060416225147349	0.80510122242689	376.73031366685	0
9.456	0.070521622277452	0.80413272001144	376.73031366685	0
9.464	0.08057839823017	0.80304246491544	376.73031366685	0
9.472	0.090585345820039	0.80183183502276	376.73031366685	0
9.48	0.1005412902119	0.80050220994032	376.73031366685	0
9.488	0.11044508845845	0.79905497039113	376.73031366685	0
9.496	0.12029562903389	0.79749149762963	376.73031366685	0
9.504	0.13009183136465	0.79581317287945	376.73031366685	0
9.512	0.13983264535824	0.79402137679303	376.73031366685	0
9.52	0.14951705093139	0.79211748893301	376.73031366685	0
9.528	0.15914405753872	0.79010288727504	376.73031366685	0
9.536	0.1687127037032	0.78797894773153	376.73031366685	0
9.544	0.17822205655006	0.78574704369599	376.73031366685	0
9.552	0.1876712113456	0.78340854560719	376.73031366685	0
9.56	0.19705929104308	0.78096482053246	376.73031366685	0
9.568	0.20638544583759	0.77841723176907	376.73031366685	0
9.576	0.21564885273265	0.77576713846206	376.73031366685	0
9.584	0.22484871512115	0.77301589523667	376.73031366685	0
9.592	0.23398426238412	0.77016485184267	376.73031366685	0
9.6	0.24305474951079	0.76721535280653	376.73031366685	0
9.608	0.25205945674398	0.76416873708654	376.73031366685	0
9.616	0.26099768925513	0.76102633772335	376.73031366685	0
9.624	0.26986877685273	0.7577894814763	376.73031366685	0
9.632	0.27867207372779	0.75445948843219	376.73031366685	0
9.64	0.28740695823766	0.75103767156863	376.73031366685	0
9.648	0.29607283272627	0.74752533624868	376.73031366685	0
9.656	0.30466912337271	0.74392377961677	376.73031366685	0
9.664	0.31319528004948	0.74023428985893	376.73031366685	0
9.672	0.32165077615591	0.73645814528372	376.73031366685	0
9.68	0.33003510836749	0.73259661317753	376.73031366685	0
9.688	0.33834779620824	0.72865094839188	376.73031366685	0
9.696	0.34658838130829	0.72462239164112	376.73031366685	0
9.704	0.35475642615761	0.72051216753442	376.73031366685	0
9.712	0.36285151211899	0.71632148245282	376.73031366685	0
9.72	0.3708732364438	0.71205152252045	376.73031366685	0
9.728	0.37882120808275	0.70770345211189	376.73031366685	0
9.736	0.38669504225921	0.70327841355681	376.73031366685	0
9.744	0.39449435412603	0.69877752887084	376.73031366685	0
9.752	0.40221875236648	0.69420190431643	376.73031366685	0
9.76	0.40986783421493	0.68955263820278	376.73031366685	0
9.768	0.41744118378699	0.6848308314619	376.73031366685	0
9.776	0.42493837542815	0.68003759931062	376.73031366685	0
9.784	0.43235898272413	0.67517408119938	376.73031366685	0
9.792	0.4397025920047	0.67024144595616	376.73031366685	0
9.8	0.44696881734193	0.66524089004875	376.73031366685	0
9.808	0.4541573131915	0.66017362900114	376.73031366685	0
9.816	0.46126778153639	0.65504088424809	376.73031366685	0
9.824	0.46829997234073	0.64984386897076	376.73031366685	0
9.832	0.47525367827729	0.64458377621499	376.73031366685	0
9.84	0.48212872606128	0.63926177122963	376.73031366685	0
9.848	0.48892496694254	0.6338789883315	376.73031366685	0
9.856	0.49564226826968	0.62843653142054	376.73031366685	0
9.864	0.50228050709758	0.62293547678418	376.73031366685	0
9.872	0.50883956600437	0.61737687690571	376.73031366685	0
9.88	0.51531933079654	0.61176176434583	376.73031366685	0
9.888	0.52171968959374	0.60609115516488	376.73031366685	0
9.896	0.52804053279323	0.60036605166872	376.73031366685	0
9.904	0.5342817535141	0.5945874444632	376.73031366685	0
9.912	0.54044324824246	0.58875631390446	376.73031366685	0
9.92	0.54652491750369	0.58287363106957	376.73031366685	0
9.928	0.55252666646686	0.57694035837082	376.73031366685	0
9.936	0.55844840543848	0.5709574499192	376.73031366685	0
9.944	0.56429005023421	0.56492585171995	376.73031366685	0
9.952	0.57005152243467	0.55884650176144	376.73031366685	0
9.96	0.57573274953926	0.55272033004076	376.73031366685	0
9.968	0.58133366503473	0.54654825855554	376.73031366685	0
9.976	0.58685420839491	0.5403312012814	376.73031366685	0
9.984	0.59229432502617	0.53407006414744	376.73031366685	0
9.992	0.59765396617108	0.52776574501691	376.73031366685	0
10	0.60293308878074	0.52141913367735	376.73031366685	0
10.008	0.60813165536376	0.51503111184204	376.73031366685	0
10.016	0.61324963381862	0.50860255316356	376.73031366685	0
10.024	0.61828699725436	0.50213432325906	376.73031366685	0
10.032	0.62324372380364	0.49562727974696	376.73031366685	0
10.04	0.62811979643116	0.48908227229389	376.73031366685	0
10.048	0.63291520273972	0.48250014267121	376.73031366685	0
10.056	0.63762993477568	0.47588172481999	376.73031366685	0
10.064	0.64226398883522	0.46922784492367	376.73031366685	0
10.072	0.64681736527224	0.46253932148746	376.73031366685	0
10.08	0.65129006830875	0.45581696542382	376.73031366685	0
10.088	0.65568210584828	0.44906158014328	376.73031366685	0
10.096	0.65999348929262	0.44227396164996	376.73031366685	0
10.104	0.66422423336228	0.43545489864142	376.73031366685	0
10.112	0.66837435592072	0.42860517261217	376.73031366685	0
10.12	0.67244387780269	0.42172555796062	376.73031366685	0
10.128	0.67643282264647	0.41481682209889	376.73031366685	0
10.136	0.68034121673036	0.40787972556547	376.73031366685	0
10.144	0.68416908881313	0.40091502214012	376.73031366685	0
10.152	0.68791646997874	0.39392345896108	376.73031366685	0
10.16	0.69158339348493	0.38690577664409	376.73031366685	0
10.168	0.69516989461606	0.37986270940329	376.73031366685	0
10.176	0.69867601053976	0.37279498517366	376.73031366685	0
10.184	0.70210178016762	0.36570332573491	376.73031366685	0
10.192	0.70544724401976	0.35858844683674	376.73031366685	0
10.2	0.70871244409319	0.35145105832524	376.73031366685	0
10.208	0.71189742373394	0.34429186427046	376.73031366685	0
10.216	0.71500222751294	0.33711156309495	376.73031366685	0
10.224	0.7180269011055	0.32991084770323	376.73031366685	0
10.232	0.7209714911744	0.32269040561216	376.73031366685	0
10.24	0.72383604525647	0.31545091908204	376.73031366685	0
10.248	0.72662061165268	0.3081930652485	376.73031366685	0
10.256	0.72932523932162	0.30091751625501	376.73031366685	0
10.264	0.73194997777632	0.29362493938609	376.73031366685	0
10.272	0.73449487698437	0.28631599720102	376.73031366685	0
10.28	0.73695998727128	0.27899134766818	376.73031366685	0
10.288	0.73934535922705	0.27165164429986	376.73031366685	0
10.296	0.74165104361586	0.26429753628757	376.73031366685	0
10.304	0.74387709128882	0.25692966863778	376.73031366685	0
10.312	0.74602355309983	0.24954868230814	376.73031366685	0
10.32	0.74809047982437	0.24215521434408	376.73031366685	0
10.328	0.75007792208129	0.23474989801578	376.73031366685	0
10.336	0.75198593025746	0.22733336295556	376.73031366685	0
10.344	0.75381455443536	0.21990623529562	376.73031366685	0
10.352	0.75556384432339	0.21246913780613	376.73031366685	0
10.36	0.75723384918911	0.20502269003364	376.73031366685	0
10.368	0.7588246177951	0.19756750843983	376.73031366685	0
10.376	0.76033619833764	0.19010420654062	376.73031366685	0
10.384	0.76176863838803	0.1826333950456	376.73031366685	0
10.392	0.7631219848366	0.17515568199771	376.73031366685	0
10.4	0.76439628383932	0.16767167291332	376.73031366685	0
10.408	0.76559158076701	0.16018197092261	376.73031366685	0
10.416	0.76670792015719	0.15268717691026	376.73031366685	0
10.424	0.76774534566843	0.14518788965646	376.73031366685	0
10.432	0.76870390003721	0.13768470597826	376.73031366685	0
10.44	0.76958362503736	0.13017822087127	376.73031366685	0
10.448	0.77038456144196	0.12266902765166	376.73031366685	0
10.456	0.77110674898771	0.11515771809856	376.73031366685	0
10.464	0.77175022634178	0.10764488259675	376.73031366685	0
10.472	0.77231503107112	0.1001311102798	376.73031366685	0
10.48	0.77280119961417	0.092616989173528	376.73031366685	0
10.488	0.77320876725506	0.08510310633984	376.73031366685	0
10.496	0.77353776810015	0.077590048021006	376.73031366685	0
10.504	0.7737882350571	0.070078399784336	376.73031366685	0
10.512	0.77396019981626	0.062568746667261	376.73031366685	0
10.52	0.77405369283451	0.055061673322879	376.73031366685	0
10.528	0.77406874332151	0.047557764165926	376.73031366685	0
10.536	0.77400537922838	0.040057603519249	376.73031366685	0
10.544	0.77386362723877	0.032561775760734	376.73031366685	0
10.552	0.77364351276235	0.02507086547073	376.73031366685	0
10.56	0.77334505993083	0.017585457580019	376.73031366685	0
10.568	0.77296829159625	0.010106137518286	376.73031366685	0
10.576	0.77251322933189	0.0026334913631492	376.73031366685	0
10.584	0.77197989343557	-0.0048318940102472	376.73031366685	0
10.592	0.77136830293544	-0.012289430779057	376.73031366685	0
10.6	0.77067847559831	-0.019738530021957	376.73031366685	0
10.608	0.76991042794043	-0.027178601567747	376.73031366685	0
10.616	0.76906417524093	-0.034609053843344	376.73031366685	0
10.624	0.76813973155773	-0.042029293721087	376.73031366685	0
10.632	0.76713710974612	-0.049438726365402	376.73031366685	0
10.64	0.76605632147989	-0.05683675507876	376.73031366685	0
10.648	0.76489737727524	-0.06422278114694	376.73031366685	0
10.656	0.76366028651726	-0.071596203683591	376.73031366685	0
10.664	0.76234505748923	-0.078956419474009	376.73031366685	0
10.672	0.76095169740463	-0.086302822818211	376.73031366685	0
10.68	0.75948021244201	-0.093634805373201	376.73031366685	0
10.688	0.75793060778267	-0.10095175599448	376.73031366685	0
10.696	0.75630288765127	-0.10825306057672	376.73031366685	0
10.704	0.75459705535938	-0.11553810189368	376.73031366685	0
10.712	0.75281311335201	-0.12280625943719	376.73031366685	0
10.72	0.75095106325724	-0.13005690925545	376.73031366685	0
10.728	0.74901090593889	-0.13728942379028	376.73031366685	0
10.736	0.74699264155244	-0.1445031717137	376.73031366685	0
10.744	0.7448962696041	-0.15169751776344	376.73031366685	0
10.752	0.74272178901323	-0.15887182257774	376.73031366685	0
10.76	0.74046919817809	-0.16602544252913	376.73031366685	0
10.768	0.73813849504503	-0.17315772955733	376.73031366685	0
10.776	0.73572967718122	-0.18026803100129	376.73031366685	0
10.784	0.73324274185087	-0.18735568943028	376.73031366685	0
10.792	0.7306776860952	-0.194420042474	376.73031366685	0
10.8	0.72803450681612	-0.20146042265189	376.73031366685	0
10.808	0.72531320086369	-0.20847615720142	376.73031366685	0
10.816	0.72251376512758	-0.21546656790551	376.73031366685	0
10.824	0.71963619663246	-0.22243097091896	376.73031366685	0
10.832	0.71668049263749	-0.2293686765941	376.73031366685	0
10.84	0.7136466507401	-0.23627898930536	376.73031366685	0
10.848	0.71053466898391	-0.24316120727309	376.73031366685	0
10.856	0.70734454597121	-0.25001462238642	376.73031366685	0
10.864	0.70407628097983	-0.25683852002524	376.73031366685	0
10.872	0.70072987408469	-0.26363217888137	376.73031366685	0
10.88	0.69730532628408	-0.27039487077884	376.73031366685	0
10.888	0.69380263963073	-0.27712586049339	376.73031366685	0
10.896	0.69022181736799	-0.28382440557119	376.73031366685	0
10.904	0.68656286407091	-0.29048975614671	376.73031366685	0
10.912	0.68282578579274	-0.29712115476002	376.73031366685	0
10.92	0.67901059021666	-0.3037178361732	376.73031366685	0
10.928	0.67511728681305	-0.31027902718625	376.73031366685	0
10.936	0.6711458870024	-0.31680394645232	376.73031366685	0
10.944	0.667096404324	-0.32329180429235	376.73031366685	0
10.952	0.6629688546105	-0.32974180250925	376.73031366685	0
10.96	0.65876325616861	-0.33615313420157	376.73031366685	0
10.968	0.654479629966	-0.34252498357679	376.73031366685	0
10.976	0.65011799982462	-0.34885652576429	376.73031366685	0
10.984	0.64567839262047	-0.35514692662802	376.73031366685	0
10.992	0.64116083849024	-0.36139534257901	376.73031366685	0
11	0.63656537104468	-0.36760092038774	376.73031366685	0
11.008	0.63189202758916	-0.37376279699655	376.73031366685	0
11.016	0.62714084935137	-0.37988009933206	376.73031366685	0
11.024	0.6223118817165	-0.38595194411778	376.73031366685	0
11.032	0.61740517446998	-0.39197743768704	376.73031366685	0
11.04	0.61242078204806	-0.39795567579628	376.73031366685	0
11.048	0.6073587637963	-0.40388574343886	376.73031366685	0
11.056	0.60221918423634	-0.40976671465952	376.73031366685	0
11.064	0.59700211334095	-0.41559765236965	376.73031366685	0
11.072	0.59170762681774	-0.42137760816347	376.73031366685	0
11.08	0.58633580640161	-0.42710562213529	376.73031366685	0
11.088	0.58088674015623	-0.43278072269802	376.73031366685	0
11.096	0.57536052278471	-0.43840192640313	376.73031366685	0
11.104	0.56975725594969	-0.44396823776221	376.73031366685	0
11.112	0.56407704860314	-0.44947864907031	376.73031366685	0
11.12	0.55832001732595	-0.45493214023131	376.73031366685	0
11.128	0.55248628667766	-0.46032767858549	376.73031366685	0
11.136	0.54657598955649	-0.46566421873959	376.73031366685	0
11.144	0.54058926756995	-0.47094070239953	376.73031366685	0
11.152	0.53452627141619	-0.47615605820607	376.73031366685	0
11.16	0.52838716127639	-0.48130920157369	376.73031366685	0
11.168	0.52217210721841	-0.48639903453296	376.73031366685	0
11.176	0.51588128961188	-0.4914244455767	376.73031366685	0
11.184	0.50951489955507	-0.49638430951019	376.73031366685	0
11.192	0.50307313931369	-0.50127748730579	376.73031366685	0
11.2	0.49655622277187	-0.50610282596242	376.73031366685	0
11.208	0.48996437589558	-0.51085915836994	376.73031366685	0
11.216	0.48329783720879	-0.51554530317922	376.73031366685	0
11.224	0.47655685828242	-0.52016006467789	376.73031366685	0
11.232	0.46974170423652	-0.52470223267248	376.73031366685	0
11.24	0.46285265425577	-0.5291705823772	376.73031366685	0
11.248	0.45589000211866	-0.53356387430985	376.73031366685	0
11.256	0.44885405674039	-0.53788085419537	376.73031366685	0
11.264	0.4417451427299	-0.54212025287741	376.73031366685	0
11.272	0.43456360096117	-0.54628078623854	376.73031366685	0
11.28	0.42730978915892	-0.55036115512955	376.73031366685	0
11.288	0.41998408249914	-0.55436004530839	376.73031366685	0
11.296	0.41258687422436	-0.55827612738939	376.73031366685	0
11.304	0.40511857627409	-0.56210805680322	376.73031366685	0
11.312	0.39757961993051	-0.56585447376838	376.73031366685	0
11.32	0.38997045647959	-0.56951400327467	376.73031366685	0
11.328	0.38229155788777	-0.57308525507953	376.73031366685	0
11.336	0.37454341749447	-0.57656682371766	376.73031366685	0
11.344	0.36672655072042	-0.57995728852496	376.73031366685	0
11.352	0.35884149579203	-0.58325521367722	376.73031366685	0
11.36	0.35088881448188	-0.5864591482446	376.73031366685	0
11.368	0.3428690928654	-0.58956762626251	376.73031366685	0
11.376	0.33478294209387	-0.59257916681981	376.73031366685	0
11.384	0.32663099918371	-0.59549227416515	376.73031366685	0
11.392	0.31841392782217	-0.59830543783238	376.73031366685	0
11.4	0.3101324191894	-0.6010171327859	376.73031366685	0
11.408	0.30178719279684	-0.60362581958687	376.73031366685	0
11.416	0.29337899734196	-0.60612994458138	376.73031366685	0
11.424	0.28490861157923	-0.60852794011141	376.73031366685	0
11.432	0.2763768452072	-0.61081822474974	376.73031366685	0
11.44	0.26778453977169	-0.61299920355986	376.73031366685	0
11.448	0.25913256958465	-0.61506926838193	376.73031366685	0
11.456	0.2504218426588	-0.61702679814592	376.73031366685	0
11.464	0.24165330165754	-0.61887015921321	376.73031366685	0
11.472	0.23282792486002	-0.62059770574759	376.73031366685	0
11.48	0.22394672714095	-0.62220778011717	376.73031366685	0
11.488	0.21501076096471	-0.62369871332822	376.73031366685	0
11.496	0.20602111739357	-0.62506882549234	376.73031366685	0
11.504	0.19697892710918	-0.62631642632819	376.73031366685	0
11.512	0.18788536144714	-0.62743981569923	376.73031366685	0
11.52	0.1787416334438	-0.62843728418864	376.73031366685	0
11.528	0.16954899889476	-0.62930711371303	376.73031366685	0
11.536	0.16030875742434	-0.63004757817615	376.73031366685	0
11.544	0.15102225356512	-0.63065694416417	376.73031366685	0
11.552	0.14169087784688	-0.63113347168394	376.73031366685	0
11.56	0.13231606789378	-0.63147541494563	376.73031366685	0
11.568	0.12289930952898	-0.63168102319142	376.73031366685	0
11.576	0.11344213788539	-0.63174854157156	376.73031366685	0
11.584	0.10394613852156	-0.6316762120694	376.73031366685	0
11.592	0.094412948541329	-0.63146227447696	376.73031366685	0
11.6	0.084844257715865	-0.63110496742254	376.73031366685	0
11.608	0.075241809606698	-0.63060252945187	376.73031366685	0
11.616	0.065607402688139	-0.62995320016438	376.73031366685	0
11.624	0.055942891467437	-0.62915522140621	376.73031366685	0
11.632	0.046250187600912	-0.6282068385213	376.73031366685	0
11.64	0.036531261004158	-0.62710630166232	376.73031366685	0
11.648	0.026788140954354	-0.6258518671627	376.73031366685	0
11.656	0.017022917182544	-0.62444179897143	376.73031366685	0
11.664	0.0072377409536732	-0.62287437015201	376.73031366685	0
11.672	-0.0025651738680003	-0.62114786444693	376.73031366685	0
11.68	-0.012383549770565	-0.61926057790918	376.73031366685	0
11.688	-0.022215044565874	-0.61721082060197	376.73031366685	0
11.696	-0.032057250383363	-0.61499691836809	376.73031366685	0
11.704	-0.041907692689266	-0.61261721467003	376.73031366685	0
11.712	-0.051763829334157	-0.61007007250209	376.73031366685	0
11.72	-0.061623049632073	-0.60735387637543	376.73031366685	0
11.728	-0.071482673474422	-0.60446703437723	376.73031366685	0
11.736	-0.081339950482204	-0.60140798030474	376.73031366685	0
11.744	-0.091192059200106	-0.59817517587496	376.73031366685	0
11.752	-0.10103610633622	-0.59476711301079	376.73031366685	0
11.76	-0.11086912605125	-0.59118231620408	376.73031366685	0
11.768	-0.12068807930125	-0.58741934495599	376.73031366685	0
11.776	-0.13048985323804	-0.583476796295	376.73031366685	0
11.784	-0.14027126067172	-0.57935330737265	376.73031366685	0
11.792	-0.15002903959951	-0.57504755813687	376.73031366685	0
11.8	-0.1597598528058	-0.57055827408284	376.73031366685	0
11.808	-0.16946028753786	-0.56588422908069	376.73031366685	0
11.816	-0.17912685526226	-0.56102424827963	376.73031366685	0
11.824	-0.18875599150689	-0.55597721108743	376.73031366685	0
11.832	-0.19834405579367	-0.55074205422432	376.73031366685	0
11.84	-0.20788733166716	-0.54531777484979	376.73031366685	0
11.848	-0.21738202682446	-0.53970343376079	376.73031366685	0
11.856	-0.22682427335166	-0.53389815865929	376.73031366685	0
11.864	-0.23621012807236	-0.52790114748722	376.73031366685	0
11.872	-0.24553557301396	-0.52171167182598	376.73031366685	0
11.88	-0.2547965159971	-0.51532908035802	376.73031366685	0
11.888	-0.26398879135404	-0.50875280238705	376.73031366685	0
11.896	-0.27310816078166	-0.50198235141364	376.73031366685	0
11.904	-0.28215031433474	-0.49501732876207	376.73031366685	0
11.912	-0.29111087156516	-0.48785742725441	376.73031366685	0
11.92	-0.29998538281283	-0.48050243492713	376.73031366685	0
11.928	-0.30876933065378	-0.47295223878514	376.73031366685	0
11.936	-0.31745813151107	-0.46520682858796	376.73031366685	0
11.944	-0.32604713743403	-0.45726630066212	376.73031366685	0
11.952	-0.3345316380509	-0.44913086173344	376.73031366685	0
11.96	-0.34290686270045	-0.44080083277268	376.73031366685	0
11.968	-0.35116798274721	-0.43227665284711	376.73031366685	0
11.976	-0.35931011408547	-0.42355888297081	376.73031366685	0
11.984	-0.3673283198363	-0.41464820994521	376.73031366685	0
11.992	-0.37521761324226	-0.40554545018182	376.73031366685	0
12	-0.3829729607635	-0.39625155349787	376.73031366685	0
12.008	-0.39058928537918	-0.38676760687571	376.73031366685	0
12.016	-0.39806147009738	-0.37709483817597	376.73031366685	0
12.024	-0.40538436167657	-0.36723461979444	376.73031366685	0
12.032	-0.41255277456091	-0.35718847225176	376.73031366685	0
12.04	-0.4195614950317	-0.34695806770498	376.73031366685	0
12.048	-0.42640528557606	-0.33654523336953	376.73031366685	0
12.056	-0.43307888947425	-0.32595195483955	376.73031366685	0
12.064	-0.43957703560553	-0.3151803792946	376.73031366685	0
12.072	-0.44589444347264	-0.30423281858005	376.73031366685	0
12.08	-0.45202582844369	-0.2931117521483	376.73031366685	0
12.088	-0.45796590720996	-0.28181982984779	376.73031366685	0
12.096	-0.46370940345722	-0.27035987454635	376.73031366685	0
12.104	-0.46925105374725	-0.25873488457531	376.73031366685	0
12.112	-0.47458561360583	-0.24694803598078	376.73031366685	0
12.12	-0.47970786381213	-0.23500268456806	376.73031366685	0
12.128	-0.48461261688403	-0.22290236772544	376.73031366685	0
12.136	-0.48929472375266	-0.21065080601337	376.73031366685	0
12.144	-0.49374908061873	-0.19825190450514	376.73031366685	0
12.152	-0.49797063598216	-0.18570975386535	376.73031366685	0
12.16	-0.50195439783564	-0.17302863115244	376.73031366685	0
12.168	-0.50569544101179	-0.16021300033197	376.73031366685	0
12.176	-0.50918891467246	-0.14726751248756	376.73031366685	0
12.184	-0.51243004992795	-0.13419700571662	376.73031366685	0
12.192	-0.51541416757273	-0.12100650469882	376.73031366685	0
12.2	-0.51813668592342	-0.10770121992517	376.73031366685	0
12.208	-0.52059312874369	-0.09428654657679	376.73031366685	0
12.216	-0.52277913323989	-0.080768063042717	376.73031366685	0
12.224	-0.52469045811023	-0.067151529066869	376.73031366685	0
12.232	-0.52632299162941	-0.053442883515244	376.73031366685	0
12.24	-0.52767275974976	-0.039648241755268	376.73031366685	0
12.248	-0.52873593419919	-0.025773892640097	376.73031366685	0
12.256	-0.52950884055526	-0.011826295091803	376.73031366685	0
12.264	-0.52998796627417	0.0021879257215292	376.73031366685	0
12.272	-0.53016996865277	0.016261982618549	376.73031366685	0
12.28	-0.53005168270089	0.030388931049831	376.73031366685	0
12.288	-0.52963012890107	0.044561674156651	376.73031366685	0
12.296	-0.52890252083207	0.058772968243245	376.73031366685	0
12.304	-0.52786627263238	0.073015428660885	376.73031366685	0
12.312	-0.52651900627948	0.087281536100732	376.73031366685	0
12.32	-0.52485855866061	0.10156364329084	376.73031366685	0
12.328	-0.52288298841071	0.11585398209118	376.73031366685	0
12.336	-0.52059058249315	0.13014467097882	376.73031366685	0
12.344	-0.51797986249908	0.14442772291399	376.73031366685	0
12.352	-0.51504959064152	0.15869505357605	376.73031366685	0
12.36	-0.5117987754207	0.17293848995656	376.73031366685	0
12.368	-0.50822667693757	0.18714977929549	376.73031366685	0
12.376	-0.50433281183324	0.20132059834438	376.73031366685	0
12.384	-0.50011695783247	0.21544256293936	376.73031366685	0
12.392	-0.49557915787085	0.22950723786473	376.73031366685	0
12.4	-0.49071972378545	0.24350614698677	376.73031366685	0
12.408	-0.48553923955067	0.25743078363594	376.73031366685	0
12.416	-0.48003856404165	0.27127262121377	376.73031366685	0
12.424	-0.47421883330922	0.28502312400032	376.73031366685	0
12.432	-0.46808146235171	0.29867375813584	376.73031366685	0
12.44	-0.46162814637054	0.31221600275	376.73031366685	0
12.448	-0.45486086149814	0.32564136121044	376.73031366685	0
12.456	-0.4477818649884	0.33894137246182	376.73031366685	0
12.464	-0.44039369486174	0.35210762242551	376.73031366685	0
12.472	-0.43269916899872	0.36513175542955	376.73031366685	0
12.48	-0.42470138367809	0.37800548563792	376.73031366685	0
12.488	-0.41640371155706	0.39072060844767	376.73031366685	0
12.496	-0.40780979909369	0.40326901182224	376.73031366685	0
12.504	-0.39892356341328	0.41564268752938	376.73031366685	0
12.512	-0.38974918862282	0.42783374225165	376.73031366685	0
12.52	-0.38029112157935	0.43983440853821	376.73031366685	0
12.528	-0.37055406712056	0.45163705556642	376.73031366685	0
12.536	-0.3605429827676	0.46323419968271	376.73031366685	0
12.544	-0.35026307291225	0.47461851469249	376.73031366685	0
12.552	-0.33971978250261	0.48578284186972	376.73031366685	0
12.56	-0.32891879024328	0.49672019965781	376.73031366685	0
12.568	-0.31786600132779	0.50742379303444	376.73031366685	0
12.576	-0.30656753972299	0.51788702251411	376.73031366685	0
12.584	-0.29502974002652	0.52810349276351	376.73031366685	0
12.592	-0.28325913892025	0.53806702080644	376.73031366685	0
12.6	-0.27126246624388	0.54777164379617	376.73031366685	0
12.608	-0.25904663571441	0.55721162633521	376.73031366685	0
12.616	-0.24661873531814	0.56638146732375	376.73031366685	0
12.624	-0.23398601740322	0.57527590632033	376.73031366685	0
12.632	-0.22115588850147	0.58388992939968	376.73031366685	0
12.64	-0.2081358989092	0.59221877449496	376.73031366685	0
12.648	-0.19493373205723	0.60025793621352	376.73031366685	0
12.656	-0.18155719370093	0.6080031701172	376.73031366685	0
12.664	-0.16801420096146	0.6154504964604	376.73031366685	0
12.672	-0.15431277124951	0.62259620338113	376.73031366685	0
12.68	-0.1404610111029	0.6294368495421	376.73031366685	0
12.688	-0.1264671049696	0.63596926622137	376.73031366685	0
12.696	-0.11233930396692	0.64219055885365	376.73031366685	0
12.704	-0.098085914647905	0.64809810802543	376.73031366685	0
12.712	-0.083715287804889	0.65368956992929	376.73031366685	0
12.72	-0.06923580733996	0.65896287628413	376.73031366685	0
12.728	-0.054655879231092	0.66391623373026	376.73031366685	0
12.736	-0.039983920621834	0.66854812270976	376.73031366685	0
12.744	-0.025228349061522	0.67285729584428	376.73031366685	0
12.752	-0.010397571921901	0.67684277582388	376.73031366685	0
12.76	0.0045000239851684	0.68050385282193	376.73031366685	0
12.768	0.019456082565574	0.68384008145269	376.73031366685	0
12.776	0.034462288354184	0.68685127728893	376.73031366685	0
12.784	0.04951037615893	0.68953751295857	376.73031366685	0
12.792	0.064592140418289	0.69189911383996	376.73031366685	0
12.8	0.07969944425467	0.69393665337639	376.73031366685	0
12.808	0.094824228207333	0.6956509480314	376.73031366685	0
12.816	0.10995851863026	0.6970430519067	376.73031366685	0
12.824	0.12509443574196	0.69811425104536	376.73031366685	0
12.832	0.14022420131546	0.69886605744325	376.73031366685	0
12.84	0.15534014599899	0.69930020279199	376.73031366685	0
12.848	0.17043471625855	0.69941863197674	376.73031366685	0
12.856	0.18550048093579	0.69922349635252	376.73031366685	0
12.864	0.20053013741591	0.69871714682248	376.73031366685	0
12.872	0.21551651740157	0.69790212674138	376.73031366685	0
12.88	0.2304525922907	0.69678116466762	376.73031366685	0
12.888	0.24533147815694	0.69535716698648	376.73031366685	0
12.896	0.26014644033329	0.69363321042712	376.73031366685	0
12.904	0.27489089760051	0.69161253449516	376.73031366685	0
12.912	0.2895584259832	0.68929853384245	376.73031366685	0
12.92	0.30414276215749	0.68669475059457	376.73031366685	0
12.928	0.3186378064757	0.68380486665645	376.73031366685	0
12.936	0.33303762561379	0.68063269601523	376.73031366685	0
12.944	0.34733645484906	0.6771821770593	376.73031366685	0
12.952	0.36152869997582	0.67345736493105	376.73031366685	0
12.96	0.37560893886812	0.66946242393039	376.73031366685	0
12.968	0.38957192269863	0.66520161998526	376.73031366685	0
12.976	0.40341257682454	0.66067931320402	376.73031366685	0
12.984	0.41712600135051	0.65589995052432	376.73031366685	0
12.992	0.43070747138052	0.65086805847165	376.73031366685	0
13	0.44415243697026	0.6455882360398	376.73031366685	0
13.008	0.45745652279205	0.64006514770511	376.73031366685	0
13.016	0.47061552752476	0.63430351658471	376.73031366685	0
13.024	0.48362542298151	0.62830811774855	376.73031366685	0
13.032	0.49648235298823	0.62208377169379	376.73031366685	0
13.04	0.5091826320253	0.61563533798963	376.73031366685	0
13.048	0.52172274364645	0.6089677090992	376.73031366685	0
13.056	0.53409933868706	0.60208580438488	376.73031366685	0
13.064	0.54630923327541	0.59499456430208	376.73031366685	0
13.072	0.55834940665977	0.58769894478598	376.73031366685	0
13.08	0.57021699886415	0.58020391183517	376.73031366685	0
13.088	0.58190930818518	0.57251443629466	376.73031366685	0
13.096	0.59342378854323	0.56463548884086	376.73031366685	0
13.104	0.60475804669927	0.55657203516985	376.73031366685	0
13.112	0.61590983934998	0.54832903139004	376.73031366685	0
13.12	0.62687707011255	0.53991141961911	376.73031366685	0
13.128	0.63765778641083	0.53132412378559	376.73031366685	0
13.136	0.64825017627347	0.52257204563341	376.73031366685	0
13.144	0.65865256505518	0.51366006092896	376.73031366685	0
13.152	0.66886341209107	0.50459301586806	376.73031366685	0
13.16	0.67888130729435	0.49537572368124	376.73031366685	0
13.168	0.68870496770654	0.48601296143429	376.73031366685	0
13.176	0.69833323400981	0.47650946702107	376.73031366685	0
13.184	0.70776506700969	0.46686993634579	376.73031366685	0
13.192	0.71699954409698	0.45709902069015	376.73031366685	0
13.2	0.72603585569628	0.44720132426244	376.73031366685	0
13.208	0.73487330170905	0.4371814019238	376.73031366685	0
13.216	0.74351128795812	0.42704375708744	376.73031366685	0
13.224	0.75194932264023	0.41679283978646	376.73031366685	0
13.232	0.76018701279315	0.4064330449053	376.73031366685	0
13.24	0.76822406078301	0.39596871057021	376.73031366685	0
13.248	0.77606026081755	0.38540411669375	376.73031366685	0
13.256	0.78369549549015	0.37474348366806	376.73031366685	0
13.264	0.79112973235977	0.36399097120234	376.73031366685	0
13.272	0.79836302057069	0.35315067729881	376.73031366685	0
13.28	0.80539548751661	0.3422266373625	376.73031366685	0
13.288	0.81222733555234	0.33122282343938	376.73031366685	0
13.296	0.81885883875681	0.32014314357786	376.73031366685	0
13.304	0.82529033975013	0.30899144130845	376.73031366685	0
13.312	0.83152224656776	0.29777149523656	376.73031366685	0
13.32	0.83755502959394	0.28648701874333	376.73031366685	0
13.328	0.84338921855689	0.27514165978967	376.73031366685	0
13.336	0.8490253995873	0.26373900081822	376.73031366685	0
13.344	0.85446421234205	0.2522825587491	376.73031366685	0
13.352	0.85970634719455	0.24077578506395	376.73031366685	0
13.36	0.86475254249277	0.22922206597415	376.73031366685	0
13.368	0.86960358188595	0.21762472266858	376.73031366685	0
13.376	0.87426029172089	0.20598701163631	376.73031366685	0
13.384	0.87872353850829	0.1943121250602	376.73031366685	0
13.392	0.88299422645944	0.182603191277	376.73031366685	0
13.4	0.88707329509383	0.17086327530005	376.73031366685	0
13.408	0.89096171691731	0.1590953794005	376.73031366685	0
13.416	0.89466049517109	0.14730244374338	376.73031366685	0
13.424	0.8981706616512	0.13548734707468	376.73031366685	0
13.432	0.90149327459812	0.12365290745604	376.73031366685	0
13.44	0.90462941665615	0.11180188304358	376.73031366685	0
13.448	0.90758019290191	0.099936972907469	376.73031366685	0
13.456	0.91034672894147	0.088060817889179	376.73031366685	0
13.464	0.91293016907515	0.076176001493398	376.73031366685	0
13.472	0.91533167452945	0.064285050811609	376.73031366685	0
13.48	0.91755242175496	0.052390437474593	376.73031366685	0
13.488	0.91959360078953	0.040494578631178	376.73031366685	0
13.496	0.92145641368556	0.028599837950724	376.73031366685	0
13.504	0.92314207300039	0.016708526646879	376.73031366685	0
13.512	0.92465180034873	0.0048229045203354	376.73031366685	0
13.52	0.92598682501597	-0.0070548189816507	376.73031366685	0
13.528	0.92714838263123	-0.018922483690999	376.73031366685	0
13.536	0.92813771389892	-0.030777977631798	376.73031366685	0
13.544	0.92895606338764	-0.04261923592248	376.73031366685	0
13.552	0.92960467837527	-0.054444239668836	376.73031366685	0
13.56	0.93008480774876	-0.066251014849607	376.73031366685	0
13.568	0.93039770095777	-0.078037631196196	376.73031366685	0
13.576	0.93054460702053	-0.089802201068031	376.73031366685	0
13.584	0.93052677358092	-0.10154287832486	376.73031366685	0
13.592	0.93034544601547	-0.11325785719738	376.73031366685	0
13.6	0.93000186658905	-0.12494537115739	376.73031366685	0
13.608	0.92949727365791	-0.13660369178861	376.73031366685	0
13.616	0.9288329009191	-0.14823112765919	376.73031366685	0
13.624	0.92800997670479	-0.15982602319693	376.73031366685	0
13.632	0.92702972332064	-0.1713867575682	376.73031366685	0
13.64	0.92589335642665	-0.18291174356136	376.73031366685	0
13.648	0.9246020844598	-0.19439942647531	376.73031366685	0
13.656	0.92315710809694	-0.20584828301433	376.73031366685	0
13.664	0.92155961975721	-0.21725682018936	376.73031366685	0
13.672	0.91981080314255	-0.22862357422672	376.73031366685	0
13.68	0.91791183281567	-0.23994710948476	376.73031366685	0
13.688	0.91586387381405	-0.25122601737886	376.73031366685	0
13.696	0.91366808129927	-0.26245891531528	376.73031366685	0
13.704	0.91132560024065	-0.2736444456344	376.73031366685	0
13.712	0.90883756513215	-0.28478127456369	376.73031366685	0
13.72	0.9062050997418	-0.29586809118067	376.73031366685	0
13.728	0.90342931689256	-0.3069036063863	376.73031366685	0
13.736	0.90051131827418	-0.31788655188914	376.73031366685	0
13.744	0.89745219428473	-0.32881567920024	376.73031366685	0
13.752	0.89425302390136	-0.33968975863939	376.73031366685	0
13.76	0.89091487457965	-0.3505075783527	376.73031366685	0
13.768	0.88743880218028	-0.36126794334152	376.73031366685	0
13.776	0.88382585092311	-0.37196967450347	376.73031366685	0
13.784	0.88007705336727	-0.38261160768493	376.73031366685	0
13.792	0.87619343041723	-0.39319259274573	376.73031366685	0
13.8	0.87217599135384	-0.40371149263582	376.73031366685	0
13.808	0.86802573389015	-0.41416718248405	376.73031366685	0
13.816	0.86374364425095	-0.42455854869934	376.73031366685	0
13.824	0.85933069727621	-0.43488448808417	376.73031366685	0
13.832	0.85478785654739	-0.44514390696022	376.73031366685	0
13.84	0.85011607453631	-0.45533572030666	376.73031366685	0
13.848	0.8453162927765	-0.46545885091087	376.73031366685	0
13.856	0.84038944205607	-0.47551222853175	376.73031366685	0
13.864	0.83533644263226	-0.4854947890753	376.73031366685	0
13.872	0.83015820446701	-0.49540547378336	376.73031366685	0
13.88	0.8248556274833	-0.50524322843451	376.73031366685	0
13.888	0.81942960184226	-0.5150070025579	376.73031366685	0
13.896	0.81388100824026	-0.52469574865989	376.73031366685	0
13.904	0.80821071822619	-0.53430842146339	376.73031366685	0
13.912	0.80241959453862	-0.54384397716019	376.73031366685	0
13.92	0.79650849146254	-0.55330137267611	376.73031366685	0
13.928	0.79047825520549	-0.56267956494938	376.73031366685	0
13.936	0.78432972429328	-0.57197751022194	376.73031366685	0
13.944	0.77806372998459	-0.5811941633441	376.73031366685	0
13.952	0.771681096705	-0.59032847709252	376.73031366685	0
13.96	0.76518264249973	-0.59937940150161	376.73031366685	0
13.968	0.75856917950557	-0.60834588320863	376.73031366685	0
13.976	0.75184151444162	-0.61722686481246	376.73031366685	0
13.984	0.74500044911877	-0.62602128424642	376.73031366685	0
13.992	0.73804678096829	-0.6347280741652	376.73031366685	0
14	0.73098130358893	-0.64334616134611	376.73031366685	0

Curvelabel          = SZmax(1),Zmax(1)_(1)
Filename            = ^cSZmax(1)Zmax(1).sig
Npoints             = 1001
Type                = 8
Subtype             = 16
Result type         = complex:none;impedance
View type           = Cartesian
Plot type           = Magnitude dB
Parameters          = {C_off=0.16; C_on_approx=1000; Cx=0.16; Cy=0.16; L1=2.9; L_diode=0.45; Lpin=0.45; R1=2.5; R_off=10; R_on=1; Rx=10; Ry=10; S1=0.3; W1=6; W2=5.3; alpha1=60; antipad_d=0.8; bias_w=0.2; common_return_y=2; eps_bond=3.52; eps_f4bm=2.65; eps_fr4=4.4; fmax=12; fmin=8; h1=3; h2=0.5; hbond=0.1; p=15; phi=0; phi_inc=0; pin_inset=0.02; sigma_cu=5.8e+07; tand_bond=0.004; tand_f4bm=0.003; tand_fr4=0.02; tcu=0.035; theta=0; theta_inc=0; via_d=0.3}
Data/Title          = S-Parameters
X/Label             = Frequency
X/Unit              = GHz
Y/Unit              = 
Y/Logfactor         = 20
Plot/wrapHeuristics = 0

8	-0.069839857452991	-0.94656148555049	376.73031366685	0
8.004	-0.075409416931125	-0.94584365570331	376.73031366685	0
8.008	-0.080983435036846	-0.94509057007342	376.73031366685	0
8.012	-0.086561674726459	-0.94430208855476	376.73031366685	0
8.016	-0.092143896658065	-0.94347807245892	376.73031366685	0
8.02	-0.097729859193005	-0.9426183845481	376.73031366685	0
8.024	-0.10331931839771	-0.94172288906837	376.73031366685	0
8.028	-0.10891202804602	-0.94079145178307	376.73031366685	0
8.032	-0.1145077396219	-0.93982394000652	376.73031366685	0
8.036	-0.12010620232269	-0.93882022263784	376.73031366685	0
8.04	-0.12570716306277	-0.93778017019501	376.73031366685	0
8.044	-0.13131036647767	-0.93670365484911	376.73031366685	0
8.048	-0.13691555492872	-0.93559055045881	376.73031366685	0
8.052	-0.14252246850816	-0.93444073260495	376.73031366685	0
8.056	-0.14813084504468	-0.93325407862533	376.73031366685	0
8.06	-0.1537404201096	-0.93203046764973	376.73031366685	0
8.064	-0.15935092702335	-0.93076978063502	376.73031366685	0
8.068	-0.16496209686268	-0.92947190040046	376.73031366685	0
8.072	-0.17057365846823	-0.92813671166314	376.73031366685	0
8.076	-0.17618533845266	-0.92676410107358	376.73031366685	0
8.08	-0.18179686120936	-0.92535395725148	376.73031366685	0
8.084	-0.18740794892166	-0.92390617082155	376.73031366685	0
8.088	-0.19301832157257	-0.92242063444951	376.73031366685	0
8.092	-0.19862769695509	-0.92089724287821	376.73031366685	0
8.096	-0.20423579068304	-0.9193358929638	376.73031366685	0
8.1	-0.20984231620257	-0.9177364837121	376.73031366685	0
8.104	-0.21544698480403	-0.91609891631494	376.73031366685	0
8.108	-0.22104950563464	-0.91442309418669	376.73031366685	0
8.112	-0.22664958571154	-0.91270892300081	376.73031366685	0
8.116	-0.2322469299356	-0.91095631072648	376.73031366685	0
8.12	-0.23784124110566	-0.90916516766531	376.73031366685	0
8.124	-0.24343221993353	-0.90733540648803	376.73031366685	0
8.128	-0.24901956505942	-0.90546694227133	376.73031366685	0
8.132	-0.25460297306811	-0.90355969253463	376.73031366685	0
8.136	-0.26018213850567	-0.9016135772769	376.73031366685	0
8.14	-0.26575675389685	-0.89962851901357	376.73031366685	0
8.144	-0.27132650976297	-0.8976044428133	376.73031366685	0
8.148	-0.2768910946406	-0.89554127633485	376.73031366685	0
8.152	-0.28245019510078	-0.89343894986391	376.73031366685	0
8.156	-0.28800349576885	-0.89129739634986	376.73031366685	0
8.16	-0.29355067934498	-0.88911655144256	376.73031366685	0
8.164	-0.29909142662533	-0.886896353529	376.73031366685	0
8.168	-0.30462541652385	-0.88463674376999	376.73031366685	0
8.172	-0.31015232609472	-0.88233766613669	376.73031366685	0
8.176	-0.31567183055547	-0.87999906744713	376.73031366685	0
8.18	-0.32118360331075	-0.87762089740256	376.73031366685	0
8.184	-0.32668731597674	-0.87520310862376	376.73031366685	0
8.188	-0.3321826384063	-0.87274565668719	376.73031366685	0
8.192	-0.33766923871465	-0.87024850016106	376.73031366685	0
8.196	-0.3431467833059	-0.86771160064118	376.73031366685	0
8.2	-0.34861493690008	-0.8651349227867	376.73031366685	0
8.204	-0.35407336256098	-0.86251843435575	376.73031366685	0
8.208	-0.35952172172458	-0.85986210624074	376.73031366685	0
8.212	-0.36495967422824	-0.85716591250363	376.73031366685	0
8.216	-0.37038687834045	-0.85442983041092	376.73031366685	0
8.22	-0.37580299079141	-0.8516538404684	376.73031366685	0
8.224	-0.38120766680418	-0.84883792645575	376.73031366685	0
8.228	-0.38660056012659	-0.8459820754608	376.73031366685	0
8.232	-0.39198132306376	-0.84308627791362	376.73031366685	0
8.236	-0.39734960651138	-0.84015052762028	376.73031366685	0
8.24	-0.40270505998963	-0.83717482179638	376.73031366685	0
8.244	-0.4080473316778	-0.8341591611002	376.73031366685	0
8.248	-0.41337606844963	-0.83110354966566	376.73031366685	0
8.252	-0.41869091590924	-0.82800799513482	376.73031366685	0
8.256	-0.42399151842782	-0.82487250869018	376.73031366685	0
8.26	-0.42927751918105	-0.82169710508649	376.73031366685	0
8.264	-0.43454856018705	-0.81848180268231	376.73031366685	0
8.268	-0.43980428234515	-0.81522662347112	376.73031366685	0
8.272	-0.44504432547526	-0.81193159311205	376.73031366685	0
8.276	-0.45026832835797	-0.80859674096024	376.73031366685	0
8.28	-0.45547592877526	-0.80522210009671	376.73031366685	0
8.284	-0.46066676355194	-0.80180770735785	376.73031366685	0
8.288	-0.46584046859767	-0.79835360336442	376.73031366685	0
8.292	-0.4709966789498	-0.79485983255011	376.73031366685	0
8.296	-0.47613502881666	-0.79132644318961	376.73031366685	0
8.3	-0.4812551516217	-0.78775348742616	376.73031366685	0
8.304	-0.48635668004813	-0.78414102129866	376.73031366685	0
8.308	-0.4914392460843	-0.78048910476815	376.73031366685	0
8.312	-0.49650248106969	-0.77679780174386	376.73031366685	0
8.316	-0.50154601574151	-0.77306718010861	376.73031366685	0
8.32	-0.50656948028196	-0.76929731174374	376.73031366685	0
8.324	-0.51157250436611	-0.76548827255335	376.73031366685	0
8.328	-0.51655471721039	-0.76164014248805	376.73031366685	0
8.332	-0.52151574762165	-0.75775300556799	376.73031366685	0
8.336	-0.52645522404692	-0.75382694990538	376.73031366685	0
8.34	-0.53137277462363	-0.74986206772626	376.73031366685	0
8.344	-0.53626802723055	-0.74585845539169	376.73031366685	0
8.348	-0.54114060953924	-0.74181621341823	376.73031366685	0
8.352	-0.54599014906601	-0.73773544649778	376.73031366685	0
8.356	-0.55081627322459	-0.73361626351665	376.73031366685	0
8.36	-0.55561860937922	-0.729458777574	376.73031366685	0
8.364	-0.56039678489834	-0.7252631059995	376.73031366685	0
8.368	-0.56515042720881	-0.72102937037029	376.73031366685	0
8.372	-0.5698791638506	-0.71675769652713	376.73031366685	0
8.376	-0.57458262253212	-0.71244821458984	376.73031366685	0
8.38	-0.57926043118585	-0.70810105897194	376.73031366685	0
8.384	-0.58391221802466	-0.7037163683945	376.73031366685	0
8.388	-0.58853761159846	-0.69929428589917	376.73031366685	0
8.392	-0.59313624085144	-0.69483495886038	376.73031366685	0
8.396	-0.59770773517959	-0.69033853899677	376.73031366685	0
8.4	-0.60225172448885	-0.68580518238172	376.73031366685	0
8.404	-0.60676783925358	-0.68123504945301	376.73031366685	0
8.408	-0.61125571057543	-0.67662830502166	376.73031366685	0
8.412	-0.61571497024268	-0.67198511827985	376.73031366685	0
8.416	-0.62014525078991	-0.66730566280799	376.73031366685	0
8.42	-0.62454618555804	-0.66259011658083	376.73031366685	0
8.424	-0.62891740875477	-0.65783866197268	376.73031366685	0
8.428	-0.63325855551534	-0.65305148576171	376.73031366685	0
8.432	-0.63756926196358	-0.64822877913331	376.73031366685	0
8.436	-0.6418491652733	-0.64337073768248	376.73031366685	0
8.44	-0.64609790373002	-0.63847756141529	376.73031366685	0
8.444	-0.65031511679287	-0.63354945474936	376.73031366685	0
8.448	-0.65450044515685	-0.62858662651334	376.73031366685	0
8.452	-0.65865353081529	-0.62358928994542	376.73031366685	0
8.456	-0.66277401712255	-0.61855766269087	376.73031366685	0
8.46	-0.66686154885689	-0.61349196679852	376.73031366685	0
8.464	-0.67091577228359	-0.60839242871624	376.73031366685	0
8.468	-0.67493633521823	-0.60325927928544	376.73031366685	0
8.472	-0.67892288709009	-0.59809275373448	376.73031366685	0
8.476	-0.68287507900571	-0.5928930916711	376.73031366685	0
8.48	-0.68679256381258	-0.5876605370737	376.73031366685	0
8.484	-0.69067499616291	-0.58239533828174	376.73031366685	0
8.488	-0.6945220325775	-0.5770977479849	376.73031366685	0
8.492	-0.69833333150964	-0.57176802321128	376.73031366685	0
8.496	-0.70210855340906	-0.56640642531453	376.73031366685	0
8.5	-0.70584736078593	-0.56101321995985	376.73031366685	0
8.504	-0.70954941827483	-0.55558867710896	376.73031366685	0
8.508	-0.7132143926987	-0.55013307100393	376.73031366685	0
8.512	-0.71684195313277	-0.54464668015001	376.73031366685	0
8.516	-0.7204317709684	-0.53912978729729	376.73031366685	0
8.52	-0.72398351997686	-0.53358267942125	376.73031366685	0
8.524	-0.72749687637301	-0.52800564770231	376.73031366685	0
8.528	-0.73097151887882	-0.5223989875042	376.73031366685	0
8.532	-0.7344071287868	-0.51676299835123	376.73031366685	0
8.536	-0.73780339002321	-0.51109798390449	376.73031366685	0
8.54	-0.74115998921112	-0.50540425193695	376.73031366685	0
8.544	-0.74447661573323	-0.49968211430739	376.73031366685	0
8.548	-0.74775296179447	-0.49393188693331	376.73031366685	0
8.552	-0.75098872248434	-0.48815388976268	376.73031366685	0
8.556	-0.754183595839	-0.4823484467446	376.73031366685	0
8.56	-0.75733728290303	-0.4765158857989	376.73031366685	0
8.564	-0.76044948779087	-0.47065653878454	376.73031366685	0
8.568	-0.76351991774795	-0.46477074146703	376.73031366685	0
8.572	-0.7665482832114	-0.45885883348468	376.73031366685	0
8.576	-0.76953429787045	-0.45292115831378	376.73031366685	0
8.58	-0.77247767872633	-0.44695806323271	376.73031366685	0
8.584	-0.77537814615183	-0.44096989928495	376.73031366685	0
8.588	-0.77823542395033	-0.43495702124099	376.73031366685	0
8.592	-0.78104923941441	-0.42891978755921	376.73031366685	0
8.596	-0.78381932338392	-0.42285856034573	376.73031366685	0
8.6	-0.78654541030355	-0.41677370531305	376.73031366685	0
8.604	-0.78922723827991	-0.41066559173782	376.73031366685	0
8.608	-0.7918645491379	-0.40453459241744	376.73031366685	0
8.612	-0.79445708847669	-0.39838108362571	376.73031366685	0
8.616	-0.79700460572492	-0.39220544506734	376.73031366685	0
8.62	-0.7995068541954	-0.3860080598316	376.73031366685	0
8.624	-0.80196359113907	-0.37978931434477	376.73031366685	0
8.628	-0.80437457779833	-0.37354959832179	376.73031366685	0
8.632	-0.80673957945971	-0.36728930471673	376.73031366685	0
8.636	-0.80905836550573	-0.36100882967247	376.73031366685	0
8.64	-0.81133070946614	-0.35470857246922	376.73031366685	0
8.644	-0.81355638906834	-0.34838893547226	376.73031366685	0
8.648	-0.81573518628704	-0.34205032407863	376.73031366685	0
8.652	-0.8178668873931	-0.33569314666293	376.73031366685	0
8.656	-0.81995128300164	-0.32931781452219	376.73031366685	0
8.66	-0.82198816811919	-0.32292474181985	376.73031366685	0
8.664	-0.8239773421901	-0.31651434552886	376.73031366685	0
8.668	-0.82591860914205	-0.31008704537391	376.73031366685	0
8.672	-0.82781177743058	-0.30364326377272	376.73031366685	0
8.676	-0.82965666008288	-0.29718342577668	376.73031366685	0
8.68	-0.83145307474047	-0.29070795901043	376.73031366685	0
8.684	-0.83320084370108	-0.28421729361081	376.73031366685	0
8.688	-0.8348997939595	-0.27771186216494	376.73031366685	0
8.692	-0.83654975724742	-0.27119209964757	376.73031366685	0
8.696	-0.83815057007238	-0.26465844335759	376.73031366685	0
8.7	-0.83970207375559	-0.25811133285391	376.73031366685	0
8.704	-0.8412041144688	-0.25155120989057	376.73031366685	0
8.708	-0.84265654327009	-0.24497851835111	376.73031366685	0
8.712	-0.8440592161386	-0.23839370418237	376.73031366685	0
8.716	-0.84541199400824	-0.23179721532749	376.73031366685	0
8.72	-0.84671474280019	-0.22518950165841	376.73031366685	0
8.724	-0.84796733345446	-0.21857101490765	376.73031366685	0
8.728	-0.84916964196018	-0.21194220859952	376.73031366685	0
8.732	-0.8503215493849	-0.20530353798078	376.73031366685	0
8.736	-0.85142294190259	-0.19865545995073	376.73031366685	0
8.74	-0.85247371082067	-0.19199843299073	376.73031366685	0
8.744	-0.85347375260571	-0.18533291709328	376.73031366685	0
8.748	-0.85442296890808	-0.17865937369053	376.73031366685	0
8.752	-0.8553212665853	-0.17197826558239	376.73031366685	0
8.756	-0.85616855772432	-0.16529005686421	376.73031366685	0
8.76	-0.85696475966244	-0.1585952128539	376.73031366685	0
8.764	-0.8577097950072	-0.15189420001887	376.73031366685	0
8.768	-0.85840359165486	-0.14518748590242	376.73031366685	0
8.772	-0.85904608280776	-0.13847553904986	376.73031366685	0
8.776	-0.85963720699045	-0.13175882893429	376.73031366685	0
8.78	-0.86017690806449	-0.12503782588211	376.73031366685	0
8.784	-0.86066513524205	-0.11831300099816	376.73031366685	0
8.788	-0.86110184309827	-0.11158482609075	376.73031366685	0
8.792	-0.86148699158231	-0.10485377359635	376.73031366685	0
8.796	-0.86182054602716	-0.098120316504118	376.73031366685	0
8.8	-0.86210247715818	-0.091384928280245	376.73031366685	0
8.804	-0.86233276110032	-0.084648082792185	376.73031366685	0
8.808	-0.86251137938412	-0.077910254232696	376.73031366685	0
8.812	-0.86263831895039	-0.071171917043829	376.73031366685	0
8.816	-0.86271357215361	-0.064433545840815	376.73031366685	0
8.82	-0.86273713676407	-0.057695615335933	376.73031366685	0
8.824	-0.86270901596868	-0.050958600262302	376.73031366685	0
8.828	-0.86262921837052	-0.044222975297726	376.73031366685	0
8.832	-0.86249775798712	-0.03748921498853	376.73031366685	0
8.836	-0.8623146542474	-0.030757793673473	376.73031366685	0
8.84	-0.86207993198742	-0.02402918540771	376.73031366685	0
8.844	-0.8617936214447	-0.017303863886877	376.73031366685	0
8.848	-0.86145575825144	-0.010582302371294	376.73031366685	0
8.852	-0.86106638342633	-0.0038649736103324	376.73031366685	0
8.856	-0.8606255433651	0.0028476502330656	376.73031366685	0
8.86	-0.86013328982993	0.0095550976576386	376.73031366685	0
8.864	-0.85958967993738	0.016256897898848	376.73031366685	0
8.868	-0.85899477614529	0.02295258100365	376.73031366685	0
8.872	-0.85834864623826	0.02964167790502	376.73031366685	0
8.876	-0.85765136331194	0.036323720496144	376.73031366685	0
8.88	-0.85690300575616	0.042998241704313	376.73031366685	0
8.884	-0.85610365723665	0.049664775564436	376.73031366685	0
8.888	-0.85525340667577	0.056322857292221	376.73031366685	0
8.892	-0.85435234823178	0.062972023356924	376.73031366685	0
8.896	-0.85340058127713	0.069611811553699	376.73031366685	0
8.9	-0.85239821037538	0.076241761075484	376.73031366685	0
8.904	-0.85134534525707	0.082861412584452	376.73031366685	0
8.908	-0.85024210079431	0.089470308282944	376.73031366685	0
8.912	-0.84908859697426	0.096067991983913	376.73031366685	0
8.916	-0.84788495887149	0.1026540091808	376.73031366685	0
8.92	-0.84663131661912	0.10922790711692	376.73031366685	0
8.924	-0.8453278053789	0.11578923485418	376.73031366685	0
8.928	-0.84397456531016	0.1223375433413	376.73031366685	0
8.932	-0.84257174153764	0.12887238548133	376.73031366685	0
8.936	-0.84111948411826	0.13539331619858	376.73031366685	0
8.94	-0.83961794800681	0.14189989250487	376.73031366685	0
8.944	-0.83806729302059	0.14839167356511	376.73031366685	0
8.948	-0.83646768380301	0.15486822076217	376.73031366685	0
8.952	-0.83481928978611	0.16132909776105	376.73031366685	0
8.956	-0.8331222851522	0.16777387057229	376.73031366685	0
8.96	-0.83137684879435	0.17420210761466	376.73031366685	0
8.964	-0.82958316427604	0.18061337977704	376.73031366685	0
8.968	-0.82774141978975	0.18700726047954	376.73031366685	0
8.972	-0.82585180811467	0.19338332573381	376.73031366685	0
8.976	-0.82391452657346	0.1997411542025	376.73031366685	0
8.98	-0.82192977698813	0.20608032725792	376.73031366685	0
8.984	-0.819897765635	0.21240042903981	376.73031366685	0
8.988	-0.81781870319881	0.21870104651228	376.73031366685	0
8.992	-0.81569280472596	0.22498176951982	376.73031366685	0
8.996	-0.81352028957698	0.23124219084245	376.73031366685	0
9	-0.81130138137812	0.23748190624995	376.73031366685	0
9.004	-0.80903630797218	0.24370051455512	376.73031366685	0
9.008	-0.80672530136857	0.24989761766617	376.73031366685	0
9.012	-0.80436859769261	0.25607282063814	376.73031366685	0
9.016	-0.80196643713414	0.26222573172328	376.73031366685	0
9.02	-0.79951906389533	0.26835596242059	376.73031366685	0
9.024	-0.79702672613792	0.27446312752428	376.73031366685	0
9.028	-0.79448967592971	0.28054684517123	376.73031366685	0
9.032	-0.79190816919042	0.28660673688752	376.73031366685	0
9.036	-0.78928246563694	0.29264242763387	376.73031366685	0
9.04	-0.78661282872797	0.29865354585008	376.73031366685	0
9.044	-0.78389952560809	0.30463972349848	376.73031366685	0
9.048	-0.78114282705124	0.31060059610625	376.73031366685	0
9.052	-0.77834300740369	0.31653580280679	376.73031366685	0
9.056	-0.77550034452649	0.32244498637998	376.73031366685	0
9.06	-0.77261511973742	0.32832779329136	376.73031366685	0
9.064	-0.76968761775245	0.33418387373034	376.73031366685	0
9.068	-0.76671812662679	0.34001288164718	376.73031366685	0
9.072	-0.76370693769549	0.34581447478908	376.73031366685	0
9.076	-0.76065434551361	0.35158831473505	376.73031366685	0
9.08	-0.75756064779606	0.35733406692971	376.73031366685	0
9.084	-0.75442614535703	0.36305140071609	376.73031366685	0
9.088	-0.75125114204909	0.36873998936726	376.73031366685	0
9.092	-0.74803594470202	0.37439951011686	376.73031366685	0
9.096	-0.74478086306125	0.38002964418859	376.73031366685	0
9.1	-0.74148620972612	0.38563007682458	376.73031366685	0
9.104	-0.73815230008783	0.39120049731261	376.73031366685	0
9.108	-0.73477945226717	0.39674059901237	376.73031366685	0
9.112	-0.73136798705208	0.4022500793804	376.73031366685	0
9.116	-0.72791822783497	0.4077286399942	376.73031366685	0
9.12	-0.72443050054989	0.413175986575	376.73031366685	0
9.124	-0.72090513360957	0.41859182900961	376.73031366685	0
9.128	-0.71734245784234	0.42397588137105	376.73031366685	0
9.132	-0.71374280642892	0.4293278619382	376.73031366685	0
9.136	-0.71010651483914	0.43464749321428	376.73031366685	0
9.14	-0.70643392076863	0.43993450194426	376.73031366685	0
9.144	-0.70272536407545	0.44518861913122	376.73031366685	0
9.148	-0.69898118671664	0.45040958005163	376.73031366685	0
9.152	-0.69520173268489	0.4555971242695	376.73031366685	0
9.156	-0.69138734794515	0.46075099564952	376.73031366685	0
9.16	-0.68753838037127	0.46587094236913	376.73031366685	0
9.164	-0.68365517968279	0.4709567169295	376.73031366685	0
9.168	-0.67973809738167	0.4760080761655	376.73031366685	0
9.172	-0.67578748668927	0.4810247812546	376.73031366685	0
9.176	-0.67180370248333	0.48600659772473	376.73031366685	0
9.18	-0.66778710123517	0.49095329546111	376.73031366685	0
9.184	-0.66373804094694	0.49586464871208	376.73031366685	0
9.188	-0.6596568810892	0.50074043609391	376.73031366685	0
9.192	-0.65554398253853	0.50558044059453	376.73031366685	0
9.196	-0.65139970751547	0.51038444957638	376.73031366685	0
9.2	-0.64722441952257	0.51515225477821	376.73031366685	0
9.204	-0.64301848328281	0.51988365231585	376.73031366685	0
9.208	-0.63878226467821	0.5245784426821	376.73031366685	0
9.212	-0.63451613068868	0.52923643074562	376.73031366685	0
9.216	-0.63022044933125	0.53385742574883	376.73031366685	0
9.22	-0.62589558959954	0.53844124130493	376.73031366685	0
9.224	-0.62154192140359	0.54298769539398	376.73031366685	0
9.228	-0.61715981551	0.54749661035798	376.73031366685	0
9.232	-0.61274964348246	0.55196781289517	376.73031366685	0
9.236	-0.60831177762261	0.55640113405336	376.73031366685	0
9.24	-0.60384659091132	0.56079640922231	376.73031366685	0
9.244	-0.59935445695031	0.56515347812542	376.73031366685	0
9.248	-0.59483574990427	0.56947218481032	376.73031366685	0
9.252	-0.59029084444329	0.57375237763886	376.73031366685	0
9.256	-0.58572011568584	0.57799390927603	376.73031366685	0
9.26	-0.58112393914212	0.58219663667822	376.73031366685	0
9.264	-0.57650269065788	0.5863604210806	376.73031366685	0
9.268	-0.57185674635876	0.5904851279837	376.73031366685	0
9.272	-0.56718648259508	0.59457062713922	376.73031366685	0
9.276	-0.56249227588709	0.59861679253506	376.73031366685	0
9.28	-0.55777450287082	0.60262350237961	376.73031366685	0
9.284	-0.55303354024435	0.60659063908523	376.73031366685	0
9.288	-0.5482697647147	0.61051808925109	376.73031366685	0
9.292	-0.54348355294514	0.61440574364521	376.73031366685	0
9.296	-0.53867528150316	0.61825349718586	376.73031366685	0
9.3	-0.53384532680896	0.6220612489222	376.73031366685	0
9.304	-0.52899406508445	0.62582890201433	376.73031366685	0
9.308	-0.52412187230292	0.62955636371257	376.73031366685	0
9.312	-0.51922912413917	0.63324354533619	376.73031366685	0
9.316	-0.51431619592038	0.63689036225147	376.73031366685	0
9.32	-0.50938346257745	0.6404967338491	376.73031366685	0
9.324	-0.50443129859697	0.64406258352103	376.73031366685	0
9.328	-0.49946007797387	0.64758783863672	376.73031366685	0
9.332	-0.49447017416459	0.65107243051876	376.73031366685	0
9.336	-0.48946196004093	0.65451629441802	376.73031366685	0
9.34	-0.48443580784454	0.65791936948816	376.73031366685	0
9.344	-0.479392089142	0.66128159875965	376.73031366685	0
9.348	-0.47433117478054	0.6646029291133	376.73031366685	0
9.352	-0.46925343484449	0.66788331125319	376.73031366685	0
9.356	-0.46415923861222	0.67112269967924	376.73031366685	0
9.36	-0.45904895451392	0.67432105265918	376.73031366685	0
9.364	-0.45392295008986	0.67747833220016	376.73031366685	0
9.368	-0.44878159194946	0.68059450401981	376.73031366685	0
9.372	-0.44362524573089	0.68366953751699	376.73031366685	0
9.376	-0.43845427606146	0.68670340574198	376.73031366685	0
9.38	-0.43326904651857	0.68969608536642	376.73031366685	0
9.384	-0.42806991959142	0.69264755665271	376.73031366685	0
9.388	-0.42285725664334	0.69555780342313	376.73031366685	0
9.392	-0.41763141787479	0.6984268130286	376.73031366685	0
9.396	-0.41239276228707	0.701254576317	376.73031366685	0
9.4	-0.4071416476467	0.70404108760128	376.73031366685	0
9.404	-0.40187843045046	0.70678634462714	376.73031366685	0
9.408	-0.39660346589112	0.70949034854047	376.73031366685	0
9.412	-0.39131710782385	0.71215310385448	376.73031366685	0
9.416	-0.38601970873331	0.71477461841655	376.73031366685	0
9.42	-0.38071161970141	0.71735490337478	376.73031366685	0
9.424	-0.37539319037577	0.71989397314435	376.73031366685	0
9.428	-0.37006476893883	0.72239184537358	376.73031366685	0
9.432	-0.36472670207766	0.7248485409098	376.73031366685	0
9.436	-0.35937933495443	0.72726408376501	376.73031366685	0
9.44	-0.35402301117759	0.72963850108127	376.73031366685	0
9.444	-0.34865807277365	0.73197182309602	376.73031366685	0
9.448	-0.34328486015971	0.7342640831071	376.73031366685	0
9.452	-0.33790371211663	0.73651531743768	376.73031366685	0
9.456	-0.33251496576285	0.73872556540104	376.73031366685	0
9.46	-0.32711895652887	0.74089486926516	376.73031366685	0
9.464	-0.32171601813246	0.74302327421723	376.73031366685	0
9.468	-0.31630648255445	0.745110828328	376.73031366685	0
9.472	-0.31089068001518	0.74715758251607	376.73031366685	0
9.476	-0.30546893895168	0.74916359051209	376.73031366685	0
9.48	-0.30004158599542	0.75112890882279	376.73031366685	0
9.484	-0.29460894595073	0.75305359669506	376.73031366685	0
9.488	-0.28917134177388	0.7549377160799	376.73031366685	0
9.492	-0.28372909455277	0.7567813315963	376.73031366685	0
9.496	-0.27828252348727	0.75858451049517	376.73031366685	0
9.5	-0.27283194587021	0.76034732262316	376.73031366685	0
9.504	-0.26737767706893	0.76206984038646	376.73031366685	0
9.508	-0.26192003050751	0.76375213871468	376.73031366685	0
9.512	-0.25645931764964	0.76539429502465	376.73031366685	0
9.516	-0.25099584798199	0.76699638918422	376.73031366685	0
9.52	-0.2455299289983	0.76855850347617	376.73031366685	0
9.524	-0.24006186618402	0.77008072256208	376.73031366685	0
9.528	-0.23459196300155	0.77156313344625	376.73031366685	0
9.532	-0.22912052087608	0.77300582543967	376.73031366685	0
9.536	-0.22364783918198	0.7744088901241	376.73031366685	0
9.54	-0.21817421522984	0.7757724213161	376.73031366685	0
9.544	-0.21269994425401	0.7770965150313	376.73031366685	0
9.548	-0.20722531940075	0.77838126944858	376.73031366685	0
9.552	-0.20175063171693	0.77962678487446	376.73031366685	0
9.556	-0.19627617013928	0.78083316370755	376.73031366685	0
9.56	-0.19080222148423	0.78200051040313	376.73031366685	0
9.564	-0.1853290704382	0.78312893143779	376.73031366685	0
9.568	-0.17985699954855	0.78421853527426	376.73031366685	0
9.572	-0.17438628921496	0.78526943232631	376.73031366685	0
9.576	-0.1689172176814	0.78628173492386	376.73031366685	0
9.58	-0.16345006102858	0.78725555727815	376.73031366685	0
9.584	-0.15798509316693	0.78819101544712	376.73031366685	0
9.588	-0.15252258583007	0.78908822730092	376.73031366685	0
9.592	-0.14706280856883	0.78994731248762	376.73031366685	0
9.596	-0.14160602874567	0.79076839239901	376.73031366685	0
9.6	-0.13615251152968	0.79155159013669	376.73031366685	0
9.604	-0.13070251989199	0.79229703047824	376.73031366685	0
9.608	-0.1252563146017	0.79300483984361	376.73031366685	0
9.612	-0.11981415422227	0.79367514626176	376.73031366685	0
9.616	-0.1143762951083	0.79430807933741	376.73031366685	0
9.62	-0.10894299140287	0.79490377021802	376.73031366685	0
9.624	-0.10351449503527	0.79546235156106	376.73031366685	0
9.628	-0.098091055719123	0.79598395750132	376.73031366685	0
9.632	-0.092672920951039	0.79646872361866	376.73031366685	0
9.636	-0.087260336009613	0.79691678690577	376.73031366685	0
9.64	-0.081853543954874	0.79732828573632	376.73031366685	0
9.644	-0.076452785628148	0.79770335983322	376.73031366685	0
9.648	-0.071058299652299	0.79804215023722	376.73031366685	0
9.652	-0.065670322432397	0.79834479927566	376.73031366685	0
9.656	-0.060289088156763	0.79861145053154	376.73031366685	0
9.66	-0.054914828798385	0.79884224881275	376.73031366685	0
9.664	-0.049547774116732	0.79903734012165	376.73031366685	0
9.668	-0.044188151659923	0.79919687162482	376.73031366685	0
9.672	-0.03883618676726	0.7993209916231	376.73031366685	0
9.676	-0.033492102572128	0.79940984952191	376.73031366685	0
9.68	-0.028156120005221	0.79946359580179	376.73031366685	0
9.684	-0.022828457798132	0.79948238198923	376.73031366685	0
9.688	-0.017509332487264	0.79946636062777	376.73031366685	0
9.692	-0.012198958418084	0.79941568524935	376.73031366685	0
9.696	-0.0068975477496768	0.79933051034598	376.73031366685	0
9.7	-0.001605310459632	0.7992109913416	376.73031366685	0
9.704	0.0036775456507687	0.7990572845643	376.73031366685	0
9.708	0.0089508149510525	0.79886954721879	376.73031366685	0
9.712	0.014214293975784	0.79864793735913	376.73031366685	0
9.716	0.019467781418481	0.79839261386176	376.73031366685	0
9.72	0.024711078125263	0.79810373639883	376.73031366685	0
9.724	0.029943987088212	0.79778146541176	376.73031366685	0
9.728	0.035166313438486	0.79742596208518	376.73031366685	0
9.732	0.040377864439141	0.79703738832103	376.73031366685	0
9.736	0.045578449477725	0.7966159067131	376.73031366685	0
9.74	0.050767880058594	0.7961616805217	376.73031366685	0
9.744	0.055945969795011	0.79567487364877	376.73031366685	0
9.748	0.061112534400992	0.79515565061315	376.73031366685	0
9.752	0.066267391682924	0.79460417652625	376.73031366685	0
9.756	0.071410361530948	0.79402061706795	376.73031366685	0
9.76	0.076541265910149	0.79340513846279	376.73031366685	0
9.764	0.081659928851504	0.79275790745649	376.73031366685	0
9.768	0.08676617644264	0.79207909129277	376.73031366685	0
9.772	0.091859836818374	0.79136885769038	376.73031366685	0
9.776	0.096940740151086	0.79062737482053	376.73031366685	0
9.78	0.10200871864087	0.78985481128455	376.73031366685	0
9.784	0.10706360650552	0.78905133609186	376.73031366685	0
9.788	0.11210523997032	0.78821711863824	376.73031366685	0
9.792	0.11713345725771	0.78735232868438	376.73031366685	0
9.796	0.12214809857668	0.78645713633474	376.73031366685	0
9.8	0.12714900611215	0.78553171201666	376.73031366685	0
9.804	0.13213602401405	0.78457622645985	376.73031366685	0
9.808	0.13710899838631	0.78359085067607	376.73031366685	0
9.812	0.14206777727577	0.78257575593916	376.73031366685	0
9.816	0.1470122106608	0.78153111376533	376.73031366685	0
9.82	0.15194215043991	0.78045709589381	376.73031366685	0
9.824	0.15685745042019	0.77935387426766	376.73031366685	0
9.828	0.1617579663056	0.77822162101499	376.73031366685	0
9.832	0.16664355568516	0.77706050843039	376.73031366685	0
9.836	0.17151407802102	0.77587070895669	376.73031366685	0
9.84	0.17636939463645	0.77465239516699	376.73031366685	0
9.844	0.18120936870365	0.77340573974695	376.73031366685	0
9.848	0.18603386523154	0.77213091547739	376.73031366685	0
9.852	0.19084275105335	0.77082809521716	376.73031366685	0
9.856	0.19563589481426	0.7694974518863	376.73031366685	0
9.86	0.20041316695884	0.76813915844946	376.73031366685	0
9.864	0.2051744397184	0.76675338789958	376.73031366685	0
9.868	0.20991958709833	0.76534031324194	376.73031366685	0
9.872	0.21464848486536	0.76390010747833	376.73031366685	0
9.876	0.21936101053464	0.76243294359163	376.73031366685	0
9.88	0.22405704335691	0.76093899453057	376.73031366685	0
9.884	0.22873646430547	0.75941843319482	376.73031366685	0
9.888	0.23339915606318	0.75787143242031	376.73031366685	0
9.892	0.23804500300938	0.75629816496482	376.73031366685	0
9.896	0.24267389120669	0.75469880349384	376.73031366685	0
9.9	0.24728570838791	0.75307352056667	376.73031366685	0
9.904	0.2518803439427	0.75142248862285	376.73031366685	0
9.908	0.25645768890437	0.74974587996874	376.73031366685	0
9.912	0.26101763593654	0.74804386676445	376.73031366685	0
9.916	0.26556007931979	0.74631662101096	376.73031366685	0
9.92	0.2700849149383	0.74456431453754	376.73031366685	0
9.924	0.27459204026643	0.74278711898938	376.73031366685	0
9.928	0.27908135435533	0.7409852058155	376.73031366685	0
9.932	0.28355275781942	0.73915874625687	376.73031366685	0
9.936	0.288006152823	0.73730791133484	376.73031366685	0
9.94	0.29244144306674	0.73543287183971	376.73031366685	0
9.944	0.29685853377418	0.73353379831963	376.73031366685	0
9.948	0.30125733167823	0.73161086106971	376.73031366685	0
9.952	0.30563774500769	0.72966423012134	376.73031366685	0
9.956	0.30999968347373	0.72769407523177	376.73031366685	0
9.96	0.31434305825636	0.72570056587392	376.73031366685	0
9.964	0.31866778199097	0.72368387122642	376.73031366685	0
9.968	0.32297376875479	0.72164416016384	376.73031366685	0
9.972	0.32726093405343	0.71958160124721	376.73031366685	0
9.976	0.33152919480738	0.71749636271471	376.73031366685	0
9.98	0.33577846933856	0.71538861247259	376.73031366685	0
9.984	0.34000867735684	0.71325851808634	376.73031366685	0
9.988	0.34421973994665	0.71110624677202	376.73031366685	0
9.992	0.34841157955355	0.70893196538786	376.73031366685	0
9.996	0.35258411997081	0.70673584042603	376.73031366685	0
10	0.35673728632611	0.70451803800465	376.73031366685	0
10.004	0.36087100506813	0.70227872385997	376.73031366685	0
10.008	0.36498520395331	0.7000180633388	376.73031366685	0
10.012	0.36907981203251	0.6977362213911	376.73031366685	0
10.016	0.37315475963782	0.6954333625628	376.73031366685	0
10.02	0.37720997836932	0.69310965098879	376.73031366685	0
10.024	0.38124540108191	0.69076525038615	376.73031366685	0
10.028	0.3852609618722	0.68840032404752	376.73031366685	0
10.032	0.38925659606539	0.68601503483468	376.73031366685	0
10.036	0.39323224020223	0.68360954517236	376.73031366685	0
10.04	0.39718783202604	0.68118401704217	376.73031366685	0
10.044	0.40112331046972	0.67873861197674	376.73031366685	0
10.048	0.40503861564283	0.67627349105409	376.73031366685	0
10.052	0.40893368881877	0.67378881489208	376.73031366685	0
10.056	0.41280847242193	0.67128474364315	376.73031366685	0
10.06	0.41666291001494	0.66876143698912	376.73031366685	0
10.064	0.42049694628598	0.6662190541363	376.73031366685	0
10.068	0.42431052703611	0.66365775381061	376.73031366685	0
10.072	0.42810359916667	0.66107769425301	376.73031366685	0
10.076	0.43187611066675	0.65847903321502	376.73031366685	0
10.08	0.43562801060072	0.65586192795442	376.73031366685	0
10.084	0.4393592490958	0.65322653523115	376.73031366685	0
10.088	0.4430697773297	0.65057301130326	376.73031366685	0
10.092	0.44675954751831	0.64790151192318	376.73031366685	0
10.096	0.45042851290352	0.645212192334	376.73031366685	0
10.1	0.45407662774097	0.642505207266	376.73031366685	0
10.104	0.45770384728803	0.63978071093324	376.73031366685	0
10.108	0.46131012779169	0.63703885703045	376.73031366685	0
10.112	0.46489542647664	0.63427979872985	376.73031366685	0
10.116	0.46845970153336	0.63150368867836	376.73031366685	0
10.12	0.47200291210627	0.62871067899471	376.73031366685	0
10.124	0.47552501828196	0.62590092126692	376.73031366685	0
10.128	0.47902598107755	0.62307456654972	376.73031366685	0
10.132	0.48250576242901	0.62023176536227	376.73031366685	0
10.136	0.48596432517964	0.61737266768587	376.73031366685	0
10.14	0.4894016330686	0.61449742296195	376.73031366685	0
10.144	0.49281765071949	0.61160618009005	376.73031366685	0
10.148	0.49621234362904	0.60869908742604	376.73031366685	0
10.152	0.49958567815584	0.6057762927804	376.73031366685	0
10.156	0.50293762150918	0.60283794341665	376.73031366685	0
10.16	0.50626814173794	0.59988418604991	376.73031366685	0
10.164	0.50957720771956	0.59691516684556	376.73031366685	0
10.168	0.5128647891491	0.59393103141804	376.73031366685	0
10.172	0.51613085652838	0.59093192482977	376.73031366685	0
10.176	0.51937538115517	0.58791799159013	376.73031366685	0
10.18	0.52259833511247	0.58488937565468	376.73031366685	0
10.184	0.52579969125789	0.58184622042431	376.73031366685	0
10.188	0.52897942321311	0.57878866874469	376.73031366685	0
10.192	0.53213750535337	0.57571686290569	376.73031366685	0
10.196	0.53527391279706	0.57263094464099	376.73031366685	0
10.2	0.53838862139548	0.56953105512772	376.73031366685	0
10.204	0.54148160772252	0.56641733498628	376.73031366685	0
10.208	0.54455284906453	0.56328992428021	376.73031366685	0
10.212	0.54760232341026	0.56014896251621	376.73031366685	0
10.216	0.55063000944087	0.55699458864417	376.73031366685	0
10.22	0.55363588651998	0.5538269410574	376.73031366685	0
10.224	0.55661993468386	0.55064615759287	376.73031366685	0
10.228	0.55958213463169	0.54745237553161	376.73031366685	0
10.232	0.56252246771588	0.54424573159917	376.73031366685	0
10.236	0.56544091593248	0.54102636196615	376.73031366685	0
10.24	0.56833746191165	0.53779440224885	376.73031366685	0
10.244	0.57121208890831	0.53454998751001	376.73031366685	0
10.248	0.5740647807927	0.53129325225961	376.73031366685	0
10.252	0.57689552204121	0.52802433045578	376.73031366685	0
10.256	0.57970429772713	0.52474335550577	376.73031366685	0
10.26	0.58249109351161	0.521450460267	376.73031366685	0
10.264	0.58525589563459	0.51814577704822	376.73031366685	0
10.268	0.58799869090592	0.51482943761073	376.73031366685	0
10.272	0.59071946669648	0.51150157316966	376.73031366685	0
10.276	0.59341821092942	0.50816231439534	376.73031366685	0
10.28	0.59609491207145	0.50481179141475	376.73031366685	0
10.284	0.59874955912428	0.50145013381307	376.73031366685	0
10.288	0.60138214161604	0.49807747063518	376.73031366685	0
10.292	0.60399264959289	0.49469393038742	376.73031366685	0
10.296	0.60658107361062	0.49129964103926	376.73031366685	0
10.3	0.60914740472638	0.48789473002507	376.73031366685	0
10.304	0.61169163449049	0.48447932424607	376.73031366685	0
10.308	0.61421375493831	0.48105355007215	376.73031366685	0
10.312	0.6167137585822	0.47761753334393	376.73031366685	0
10.316	0.61919163840357	0.47417139937477	376.73031366685	0
10.32	0.621647387845	0.47071527295289	376.73031366685	0
10.324	0.62408100080244	0.46724927834357	376.73031366685	0
10.328	0.62649247161749	0.46377353929134	376.73031366685	0
10.332	0.62888179506976	0.46028817902227	376.73031366685	0
10.336	0.63124896636932	0.45679332024634	376.73031366685	0
10.34	0.63359398114922	0.45328908515982	376.73031366685	0
10.344	0.63591683545808	0.44977559544771	376.73031366685	0
10.348	0.63821752575275	0.44625297228628	376.73031366685	0
10.352	0.64049604889112	0.44272133634558	376.73031366685	0
10.356	0.6427524021249	0.43918080779211	376.73031366685	0
10.36	0.64498658309256	0.4356315062914	376.73031366685	0
10.364	0.6471985898123	0.43207355101078	376.73031366685	0
10.368	0.64938842067514	0.42850706062212	376.73031366685	0
10.372	0.65155607443804	0.4249321533046	376.73031366685	0
10.376	0.65370155021715	0.42134894674759	376.73031366685	0
10.38	0.65582484748105	0.41775755815354	376.73031366685	0
10.384	0.65792596604421	0.41415810424089	376.73031366685	0
10.388	0.66000490606033	0.41055070124707	376.73031366685	0
10.392	0.66206166801596	0.40693546493152	376.73031366685	0
10.396	0.66409625272406	0.40331251057874	376.73031366685	0
10.4	0.66610866131764	0.39968195300139	376.73031366685	0
10.404	0.66809889524356	0.39604390654346	376.73031366685	0
10.408	0.67006695625634	0.3923984850834	376.73031366685	0
10.412	0.67201284641201	0.38874580203738	376.73031366685	0
10.416	0.67393656806215	0.38508597036254	376.73031366685	0
10.42	0.67583812384788	0.38141910256024	376.73031366685	0
10.424	0.67771751669397	0.37774531067944	376.73031366685	0
10.428	0.67957474980309	0.37406470632001	376.73031366685	0
10.432	0.68140982664997	0.37037740063618	376.73031366685	0
10.436	0.68322275097583	0.3666835043399	376.73031366685	0
10.44	0.6850135267827	0.36298312770434	376.73031366685	0
10.444	0.68678215832794	0.35927638056738	376.73031366685	0
10.448	0.68852865011877	0.35556337233512	376.73031366685	0
10.452	0.69025300690688	0.35184421198543	376.73031366685	0
10.456	0.6919552336831	0.34811900807151	376.73031366685	0
10.46	0.69363533567217	0.34438786872556	376.73031366685	0
10.464	0.69529331832758	0.34065090166235	376.73031366685	0
10.468	0.69692918732638	0.33690821418293	376.73031366685	0
10.472	0.69854294856425	0.33315991317827	376.73031366685	0
10.476	0.70013460815043	0.32940610513303	376.73031366685	0
10.48	0.70170417240286	0.32564689612929	376.73031366685	0
10.484	0.70325164784333	0.32188239185029	376.73031366685	0
10.488	0.70477704119271	0.31811269758424	376.73031366685	0
10.492	0.70628035936623	0.31433791822813	376.73031366685	0
10.496	0.70776160946886	0.3105581582916	376.73031366685	0
10.5	0.70922079879073	0.30677352190073	376.73031366685	0
10.504	0.71065793480259	0.302984112802	376.73031366685	0
10.508	0.71207302515142	0.29919003436614	376.73031366685	0
10.512	0.713466077656	0.29539138959208	376.73031366685	0
10.516	0.71483710030263	0.29158828111091	376.73031366685	0
10.52	0.71618610124086	0.28778081118978	376.73031366685	0
10.524	0.71751308877931	0.28396908173599	376.73031366685	0
10.528	0.71881807138151	0.2801531943009	376.73031366685	0
10.532	0.72010105766192	0.27633325008401	376.73031366685	0
10.536	0.72136205638183	0.27250934993696	376.73031366685	0
10.54	0.7226010764455	0.26868159436763	376.73031366685	0
10.544	0.72381812689625	0.26485008354418	376.73031366685	0
10.548	0.72501321691263	0.2610149172992	376.73031366685	0
10.552	0.72618635580473	0.25717619513373	376.73031366685	0
10.556	0.7273375530104	0.25333401622147	376.73031366685	0
10.56	0.7284668180917	0.24948847941287	376.73031366685	0
10.564	0.72957416073125	0.24563968323931	376.73031366685	0
10.568	0.7306595907288	0.24178772591727	376.73031366685	0
10.572	0.73172311799771	0.23793270535251	376.73031366685	0
10.576	0.73276475256159	0.23407471914427	376.73031366685	0
10.58	0.73378450455095	0.23021386458948	376.73031366685	0
10.584	0.73478238419993	0.22635023868701	376.73031366685	0
10.588	0.7357584018431	0.22248393814188	376.73031366685	0
10.592	0.73671256791226	0.21861505936954	376.73031366685	0
10.596	0.73764489293337	0.21474369850013	376.73031366685	0
10.6	0.73855538752347	0.21086995138274	376.73031366685	0
10.604	0.73944406238775	0.20699391358971	376.73031366685	0
10.608	0.74031092831654	0.20311568042097	376.73031366685	0
10.612	0.74115599618251	0.19923534690829	376.73031366685	0
10.616	0.74197927693778	0.19535300781964	376.73031366685	0
10.62	0.74278078161122	0.19146875766354	376.73031366685	0
10.624	0.74356052130569	0.18758269069337	376.73031366685	0
10.628	0.74431850719542	0.18369490091175	376.73031366685	0
10.632	0.74505475052339	0.1798054820749	376.73031366685	0
10.636	0.7457692625988	0.17591452769704	376.73031366685	0
10.64	0.74646205479458	0.17202213105473	376.73031366685	0
10.644	0.74713313854494	0.1681283851913	376.73031366685	0
10.648	0.74778252534299	0.16423338292125	376.73031366685	0
10.652	0.74841022673845	0.16033721683466	376.73031366685	0
10.656	0.74901625433531	0.15643997930163	376.73031366685	0
10.66	0.74960061978967	0.15254176247667	376.73031366685	0
10.664	0.75016333480753	0.1486426583032	376.73031366685	0
10.668	0.7507044111427	0.14474275851793	376.73031366685	0
10.672	0.75122386059472	0.14084215465539	376.73031366685	0
10.676	0.75172169500685	0.13694093805235	376.73031366685	0
10.68	0.75219792626413	0.1330391998523	376.73031366685	0
10.684	0.75265256629146	0.12913703100991	376.73031366685	0
10.688	0.75308562705174	0.12523452229559	376.73031366685	0
10.692	0.75349712054405	0.1213317642999	376.73031366685	0
10.696	0.75388705880194	0.11742884743811	376.73031366685	0
10.7	0.75425545389172	0.11352586195469	376.73031366685	0
10.704	0.75460231791076	0.1096228979278	376.73031366685	0
10.708	0.75492766298594	0.10572004527389	376.73031366685	0
10.712	0.7552315012721	0.10181739375214	376.73031366685	0
10.716	0.7555138449505	0.097915032969064	376.73031366685	0
10.72	0.75577470622744	0.094013052383031	376.73031366685	0
10.724	0.75601409733276	0.090111541308806	376.73031366685	0
10.728	0.75623203051862	0.086210588922122	376.73031366685	0
10.732	0.75642851805807	0.082310284264237	376.73031366685	0
10.736	0.75660357224391	0.078410716246503	376.73031366685	0
10.74	0.75675720538741	0.074511973654948	376.73031366685	0
10.744	0.75688942981724	0.07061414515485	376.73031366685	0
10.748	0.75700025787827	0.066717319295326	376.73031366685	0
10.752	0.75708970193061	0.062821584513935	376.73031366685	0
10.756	0.75715777434855	0.058927029141262	376.73031366685	0
10.76	0.75720448751965	0.055033741405537	376.73031366685	0
10.764	0.7572298538438	0.051141809437238	376.73031366685	0
10.768	0.75723388573238	0.04725132127371	376.73031366685	0
10.772	0.75721659560745	0.043362364863794	376.73031366685	0
10.776	0.757177995901	0.039475028072442	376.73031366685	0
10.78	0.75711809905424	0.035589398685358	376.73031366685	0
10.784	0.75703691751693	0.031705564413642	376.73031366685	0
10.788	0.75693446374678	0.027823612898425	376.73031366685	0
10.792	0.75681075020887	0.023943631715523	376.73031366685	0
10.796	0.75666578937518	0.020065708380092	376.73031366685	0
10.8	0.75649959372406	0.016189930351288	376.73031366685	0
10.804	0.75631217573987	0.01231638503694	376.73031366685	0
10.808	0.75610354791257	0.0084451597982081	376.73031366685	0
10.812	0.75587372273743	0.0045763419542693	376.73031366685	0
10.816	0.75562271271474	0.00071001878700293	376.73031366685	0
10.82	0.75535053034959	-0.0031537224543394	376.73031366685	0
10.824	0.75505718815172	-0.0070147945484181	376.73031366685	0
10.828	0.75474269863536	-0.010873110297126	376.73031366685	0
10.832	0.75440707431916	-0.014728582520881	376.73031366685	0
10.836	0.75405032772619	-0.018581124053909	376.73031366685	0
10.84	0.75367247138392	-0.022430647739544	376.73031366685	0
10.844	0.75327351782432	-0.026277066425505	376.73031366685	0
10.848	0.75285347958397	-0.030120292959168	376.73031366685	0
10.852	0.75241236920423	-0.033960240182844	376.73031366685	0
10.856	0.75195019923142	-0.037796820929038	376.73031366685	0
10.86	0.75146698221717	-0.041629948015718	376.73031366685	0
10.864	0.75096273071864	-0.045459534241567	376.73031366685	0
10.868	0.75043745729894	-0.049285492381231	376.73031366685	0
10.872	0.74989117452753	-0.05310773518057	376.73031366685	0
10.876	0.7493238949807	-0.056926175351895	376.73031366685	0
10.88	0.74873563124205	-0.060740725569207	376.73031366685	0
10.884	0.74812639590306	-0.064551298463424	376.73031366685	0
10.888	0.74749620156374	-0.068357806617601	376.73031366685	0
10.892	0.74684506083324	-0.072160162562165	376.73031366685	0
10.896	0.74617298633062	-0.075958278770117	376.73031366685	0
10.9	0.74547999068555	-0.079752067652242	376.73031366685	0
10.904	0.74476608653918	-0.083541441552322	376.73031366685	0
10.908	0.744031286545	-0.087326312742329	376.73031366685	0
10.912	0.7432756033697	-0.091106593417623	376.73031366685	0
10.916	0.74249904969421	-0.094882195692138	376.73031366685	0
10.92	0.74170163821469	-0.098653031593566	376.73031366685	0
10.924	0.74088338164359	-0.10241901305854	376.73031366685	0
10.928	0.7400442927108	-0.10618005192781	376.73031366685	0
10.932	0.7391843841648	-0.1099360599414	376.73031366685	0
10.936	0.73830366877391	-0.11368694873378	376.73031366685	0
10.94	0.73740215932754	-0.11743262982904	376.73031366685	0
10.944	0.73647986863757	-0.12117301463601	376.73031366685	0
10.948	0.73553680953971	-0.12490801444344	376.73031366685	0
10.952	0.73457299489494	-0.12863754041512	376.73031366685	0
10.956	0.73358843759101	-0.13236150358504	376.73031366685	0
10.96	0.73258315054399	-0.13607981485252	376.73031366685	0
10.964	0.73155714669988	-0.13979238497732	376.73031366685	0
10.968	0.73051043903626	-0.14349912457477	376.73031366685	0
10.972	0.729443040564	-0.14719994411093	376.73031366685	0
10.976	0.72835496432906	-0.15089475389765	376.73031366685	0
10.98	0.72724622341426	-0.15458346408769	376.73031366685	0
10.984	0.72611683094124	-0.15826598466986	376.73031366685	0
10.988	0.72496680007232	-0.16194222546409	376.73031366685	0
10.992	0.72379614401254	-0.16561209611652	376.73031366685	0
10.996	0.72260487601172	-0.16927550609462	376.73031366685	0
11	0.72139300936653	-0.17293236468226	376.73031366685	0
11.004	0.72016055742271	-0.17658258097477	376.73031366685	0
11.008	0.71890753357727	-0.18022606387407	376.73031366685	0
11.012	0.71763395128078	-0.1838627220837	376.73031366685	0
11.016	0.71633982403972	-0.1874924641039	376.73031366685	0
11.02	0.71502516541889	-0.19111519822669	376.73031366685	0
11.024	0.71368998904386	-0.1947308325309	376.73031366685	0
11.028	0.71233430860356	-0.19833927487727	376.73031366685	0
11.032	0.71095813785277	-0.20194043290346	376.73031366685	0
11.036	0.70956149061487	-0.20553421401913	376.73031366685	0
11.04	0.70814438078451	-0.20912052540098	376.73031366685	0
11.044	0.70670682233037	-0.21269927398778	376.73031366685	0
11.048	0.70524882929805	-0.2162703664754	376.73031366685	0
11.052	0.70377041581294	-0.2198337093119	376.73031366685	0
11.056	0.7022715960832	-0.22338920869249	376.73031366685	0
11.06	0.70075238440281	-0.22693677055461	376.73031366685	0
11.064	0.69921279515466	-0.23047630057293	376.73031366685	0
11.068	0.69765284281371	-0.2340077041544	376.73031366685	0
11.072	0.69607254195025	-0.23753088643324	376.73031366685	0
11.076	0.69447190723318	-0.24104575226599	376.73031366685	0
11.08	0.69285095343339	-0.24455220622649	376.73031366685	0
11.084	0.6912096954272	-0.24805015260094	376.73031366685	0
11.088	0.68954814819989	-0.25153949538287	376.73031366685	0
11.092	0.68786632684924	-0.25502013826819	376.73031366685	0
11.096	0.68616424658922	-0.25849198465017	376.73031366685	0
11.1	0.68444192275369	-0.26195493761445	376.73031366685	0
11.104	0.68269937080019	-0.26540889993408	376.73031366685	0
11.108	0.68093660631384	-0.26885377406451	376.73031366685	0
11.112	0.67915364501125	-0.27228946213857	376.73031366685	0
11.116	0.67735050274456	-0.27571586596151	376.73031366685	0
11.12	0.6755271955055	-0.27913288700601	376.73031366685	0
11.124	0.6736837394296	-0.28254042640717	376.73031366685	0
11.128	0.67182015080038	-0.28593838495752	376.73031366685	0
11.132	0.66993644605373	-0.28932666310205	376.73031366685	0
11.136	0.66803264178227	-0.2927051609332	376.73031366685	0
11.14	0.66610875473983	-0.29607377818587	376.73031366685	0
11.144	0.66416480184604	-0.29943241423246	376.73031366685	0
11.148	0.66220080019092	-0.30278096807786	376.73031366685	0
11.152	0.66021676703965	-0.3061193383545	376.73031366685	0
11.156	0.65821271983733	-0.30944742331734	376.73031366685	0
11.16	0.6561886762139	-0.31276512083894	376.73031366685	0
11.164	0.65414465398908	-0.31607232840444	376.73031366685	0
11.168	0.65208067117746	-0.31936894310664	376.73031366685	0
11.172	0.64999674599359	-0.32265486164102	376.73031366685	0
11.176	0.64789289685726	-0.3259299803008	376.73031366685	0
11.18	0.64576914239879	-0.32919419497198	376.73031366685	0
11.184	0.64362550146442	-0.3324474011284	376.73031366685	0
11.188	0.64146199312181	-0.33568949382682	376.73031366685	0
11.192	0.63927863666567	-0.33892036770198	376.73031366685	0
11.196	0.63707545162333	-0.34213991696168	376.73031366685	0
11.2	0.63485245776063	-0.34534803538189	376.73031366685	0
11.204	0.63260967508769	-0.34854461630184	376.73031366685	0
11.208	0.63034712386488	-0.35172955261912	376.73031366685	0
11.212	0.62806482460891	-0.35490273678479	376.73031366685	0
11.216	0.62576279809894	-0.35806406079857	376.73031366685	0
11.22	0.62344106538283	-0.36121341620391	376.73031366685	0
11.224	0.62109964778346	-0.36435069408319	376.73031366685	0
11.228	0.61873856690523	-0.36747578505288	376.73031366685	0
11.232	0.61635784464055	-0.37058857925872	376.73031366685	0
11.236	0.61395750317648	-0.3736889663709	376.73031366685	0
11.24	0.61153756500152	-0.37677683557933	376.73031366685	0
11.244	0.60909805291242	-0.37985207558879	376.73031366685	0
11.248	0.60663899002113	-0.38291457461425	376.73031366685	0
11.252	0.6041603997619	-0.38596422037607	376.73031366685	0
11.256	0.60166230589841	-0.38900090009534	376.73031366685	0
11.26	0.59914473253106	-0.39202450048916	376.73031366685	0
11.264	0.59660770410437	-0.39503490776595	376.73031366685	0
11.268	0.59405124541442	-0.3980320076208	376.73031366685	0
11.272	0.59147538161653	-0.40101568523087	376.73031366685	0
11.276	0.58888013823293	-0.40398582525075	376.73031366685	0
11.28	0.58626554116062	-0.40694231180785	376.73031366685	0
11.284	0.58363161667929	-0.40988502849793	376.73031366685	0
11.288	0.58097839145943	-0.41281385838047	376.73031366685	0
11.292	0.57830589257046	-0.41572868397422	376.73031366685	0
11.296	0.57561414748909	-0.41862938725274	376.73031366685	0
11.3	0.57290318410768	-0.42151584963989	376.73031366685	0
11.304	0.57017303074286	-0.42438795200549	376.73031366685	0
11.308	0.56742371614412	-0.42724557466089	376.73031366685	0
11.312	0.56465526950265	-0.43008859735466	376.73031366685	0
11.316	0.56186772046024	-0.43291689926823	376.73031366685	0
11.32	0.55906109911833	-0.43573035901166	376.73031366685	0
11.324	0.55623543604716	-0.43852885461941	376.73031366685	0
11.328	0.55339076229511	-0.44131226354608	376.73031366685	0
11.332	0.55052710939808	-0.44408046266232	376.73031366685	0
11.336	0.5476445093891	-0.4468333282507	376.73031366685	0
11.34	0.54474299480798	-0.44957073600159	376.73031366685	0
11.344	0.54182259871118	-0.45229256100922	376.73031366685	0
11.348	0.53888335468175	-0.45499867776762	376.73031366685	0
11.352	0.53592529683944	-0.45768896016676	376.73031366685	0
11.356	0.53294845985093	-0.4603632814886	376.73031366685	0
11.36	0.52995287894024	-0.46302151440333	376.73031366685	0
11.364	0.5269385898992	-0.46566353096555	376.73031366685	0
11.368	0.52390562909819	-0.46828920261057	376.73031366685	0
11.372	0.52085403349686	-0.47089840015076	376.73031366685	0
11.376	0.51778384065515	-0.47349099377192	376.73031366685	0
11.38	0.51469508874434	-0.47606685302976	376.73031366685	0
11.384	0.51158781655836	-0.47862584684643	376.73031366685	0
11.388	0.50846206352511	-0.48116784350707	376.73031366685	0
11.392	0.50531786971807	-0.48369271065653	376.73031366685	0
11.396	0.50215527586795	-0.48620031529601	376.73031366685	0
11.4	0.49897432337459	-0.48869052377994	376.73031366685	0
11.404	0.49577505431894	-0.4911632018128	376.73031366685	0
11.408	0.49255751147522	-0.49361821444607	376.73031366685	0
11.412	0.48932173832323	-0.49605542607528	376.73031366685	0
11.416	0.48606777906089	-0.49847470043709	376.73031366685	0
11.42	0.48279567861678	-0.50087590060649	376.73031366685	0
11.424	0.47950548266305	-0.50325888899405	376.73031366685	0
11.428	0.47619723762829	-0.50562352734332	376.73031366685	0
11.432	0.47287099071073	-0.50796967672828	376.73031366685	0
11.436	0.46952678989147	-0.51029719755083	376.73031366685	0
11.44	0.466164683948	-0.51260594953851	376.73031366685	0
11.444	0.46278472246778	-0.51489579174218	376.73031366685	0
11.448	0.45938695586207	-0.5171665825339	376.73031366685	0
11.452	0.45597143537989	-0.51941817960485	376.73031366685	0
11.456	0.45253821312214	-0.52165043996341	376.73031366685	0
11.46	0.44908734205595	-0.52386321993331	376.73031366685	0
11.464	0.44561887602914	-0.5260563751519	376.73031366685	0
11.468	0.44213286978489	-0.52822976056856	376.73031366685	0
11.472	0.43862937897661	-0.53038323044322	376.73031366685	0
11.476	0.4351084601829	-0.53251663834496	376.73031366685	0
11.48	0.43157017092281	-0.53462983715085	376.73031366685	0
11.484	0.42801456967118	-0.53672267904474	376.73031366685	0
11.488	0.42444171587422	-0.53879501551638	376.73031366685	0
11.492	0.42085166996525	-0.54084669736054	376.73031366685	0
11.496	0.41724449338063	-0.54287757467631	376.73031366685	0
11.5	0.41362024857585	-0.54488749686657	376.73031366685	0
11.504	0.40997899904188	-0.54687631263756	376.73031366685	0
11.508	0.40632080932162	-0.54884386999866	376.73031366685	0
11.512	0.40264574502656	-0.55079001626226	376.73031366685	0
11.516	0.39895387285369	-0.55271459804385	376.73031366685	0
11.52	0.39524526060251	-0.55461746126223	376.73031366685	0
11.524	0.39151997719232	-0.55649845113988	376.73031366685	0
11.528	0.38777809267962	-0.55835741220358	376.73031366685	0
11.532	0.38401967827574	-0.56019418828512	376.73031366685	0
11.536	0.38024480636469	-0.56200862252221	376.73031366685	0
11.54	0.37645355052116	-0.56380055735958	376.73031366685	0
11.544	0.37264598552873	-0.56556983455034	376.73031366685	0
11.548	0.36882218739831	-0.56731629515736	376.73031366685	0
11.552	0.36498223338668	-0.56903977955508	376.73031366685	0
11.556	0.36112620201535	-0.57074012743129	376.73031366685	0
11.56	0.35725417308956	-0.57241717778929	376.73031366685	0
11.564	0.35336622771742	-0.57407076895021	376.73031366685	0
11.568	0.34946244832937	-0.57570073855547	376.73031366685	0
11.572	0.34554291869775	-0.57730692356963	376.73031366685	0
11.576	0.34160772395656	-0.57888916028328	376.73031366685	0
11.58	0.33765695062151	-0.58044728431632	376.73031366685	0
11.584	0.33369068661019	-0.58198113062136	376.73031366685	0
11.588	0.32970902126244	-0.58349053348747	376.73031366685	0
11.592	0.32571204536096	-0.58497532654409	376.73031366685	0
11.596	0.32169985115212	-0.58643534276523	376.73031366685	0
11.6	0.31767253236692	-0.58787041447396	376.73031366685	0
11.604	0.31363018424217	-0.58928037334713	376.73031366685	0
11.608	0.30957290354194	-0.59066505042035	376.73031366685	0
11.612	0.30550078857909	-0.59202427609331	376.73031366685	0
11.616	0.30141393923708	-0.59335788013532	376.73031366685	0
11.62	0.29731245699194	-0.59466569169118	376.73031366685	0
11.624	0.29319644493449	-0.59594753928733	376.73031366685	0
11.628	0.28906600779267	-0.5972032508383	376.73031366685	0
11.632	0.28492125195415	-0.59843265365351	376.73031366685	0
11.636	0.28076228548909	-0.59963557444433	376.73031366685	0
11.64	0.2765892181731	-0.60081183933149	376.73031366685	0
11.644	0.27240216151041	-0.60196127385283	376.73031366685	0
11.648	0.26820122875719	-0.60308370297135	376.73031366685	0
11.652	0.26398653494515	-0.6041789510837	376.73031366685	0
11.656	0.25975819690518	-0.60524684202885	376.73031366685	0
11.66	0.25551633329137	-0.60628719909731	376.73031366685	0
11.664	0.25126106460503	-0.60729984504056	376.73031366685	0
11.668	0.246992513219	-0.60828460208096	376.73031366685	0
11.672	0.24271080340217	-0.60924129192197	376.73031366685	0
11.676	0.23841606134404	-0.61016973575881	376.73031366685	0
11.68	0.23410841517964	-0.61106975428945	376.73031366685	0
11.684	0.22978799501446	-0.61194116772608	376.73031366685	0
11.688	0.22545493294966	-0.61278379580695	376.73031366685	0
11.692	0.22110936310745	-0.61359745780859	376.73031366685	0
11.696	0.21675142165653	-0.61438197255855	376.73031366685	0
11.7	0.21238124683784	-0.61513715844849	376.73031366685	0
11.704	0.20799897899035	-0.61586283344775	376.73031366685	0
11.708	0.20360476057713	-0.61655881511738	376.73031366685	0
11.712	0.19919873621142	-0.61722492062458	376.73031366685	0
11.716	0.19478105268301	-0.61786096675768	376.73031366685	0
11.72	0.19035185898466	-0.61846676994153	376.73031366685	0
11.724	0.18591130633871	-0.61904214625342	376.73031366685	0
11.728	0.18145954822382	-0.61958691143945	376.73031366685	0
11.732	0.17699674040183	-0.62010088093147	376.73031366685	0
11.736	0.17252304094479	-0.62058386986443	376.73031366685	0
11.74	0.16803861026207	-0.62103569309436	376.73031366685	0
11.744	0.16354361112764	-0.6214561652168	376.73031366685	0
11.748	0.1590382087074	-0.62184510058578	376.73031366685	0
11.752	0.15452257058668	-0.6222023133334	376.73031366685	0
11.756	0.14999686679783	-0.62252761738988	376.73031366685	0
11.76	0.14546126984786	-0.62282082650426	376.73031366685	0
11.764	0.1409159547463	-0.62308175426561	376.73031366685	0
11.768	0.13636109903294	-0.62331021412484	376.73031366685	0
11.772	0.13179688280588	-0.62350601941714	376.73031366685	0
11.776	0.12722348874948	-0.62366898338499	376.73031366685	0
11.78	0.12264110216246	-0.62379891920177	376.73031366685	0
11.784	0.11804991098602	-0.62389563999599	376.73031366685	0
11.788	0.11345010583206	-0.62395895887623	376.73031366685	0
11.792	0.10884188001135	-0.6239886889566	376.73031366685	0
11.796	0.10422542956187	-0.62398464338292	376.73031366685	0
11.8	0.099600953277039	-0.62394663535958	376.73031366685	0
11.804	0.094968652734046	-0.62387447817702	376.73031366685	0
11.808	0.090328732322165	-0.62376798523989	376.73031366685	0
11.812	0.085681399271058	-0.62362697009595	376.73031366685	0
11.816	0.081026863679096	-0.62345124646563	376.73031366685	0
11.82	0.076365338541615	-0.62324062827227	376.73031366685	0
11.824	0.071697039779186	-0.62299492967318	376.73031366685	0
11.828	0.067022186265811	-0.62271396509128	376.73031366685	0
11.832	0.062340999857078	-0.62239754924765	376.73031366685	0
11.836	0.057653705418259	-0.62204549719464	376.73031366685	0
11.84	0.052960530852311	-0.62165762434993	376.73031366685	0
11.844	0.048261707127803	-0.62123374653119	376.73031366685	0
11.848	0.043557468306748	-0.62077367999162	376.73031366685	0
11.852	0.038848051572302	-0.62027724145624	376.73031366685	0
11.856	0.034133697256359	-0.61974424815895	376.73031366685	0
11.86	0.029414648866981	-0.61917451788048	376.73031366685	0
11.864	0.024691153115698	-0.61856786898704	376.73031366685	0
11.868	0.019963459944627	-0.6179241204699	376.73031366685	0
11.872	0.015231822553401	-0.61724309198569	376.73031366685	0
11.876	0.010496497425919	-0.61652460389767	376.73031366685	0
11.88	0.0057577443568659	-0.61576847731775	376.73031366685	0
11.884	0.001015826478009	-0.61497453414941	376.73031366685	0
11.888	-0.0037289897157449	-0.61414259713146	376.73031366685	0
11.892	-0.0084764343405724	-0.61327248988274	376.73031366685	0
11.896	-0.013226234098221	-0.61236403694764	376.73031366685	0
11.9	-0.017978112250789	-0.61141706384253	376.73031366685	0
11.904	-0.022731788595846	-0.6104313971031	376.73031366685	0
11.908	-0.027486979441857	-0.6094068643326	376.73031366685	0
11.912	-0.03224339758398	-0.60834329425102	376.73031366685	0
11.916	-0.037000752280228	-0.60724051674516	376.73031366685	0
11.92	-0.041758749228011	-0.60609836291964	376.73031366685	0
11.924	-0.04651709054112	-0.60491666514889	376.73031366685	0
11.928	-0.051275474727113	-0.60369525712999	376.73031366685	0
11.932	-0.056033596665162	-0.60243397393657	376.73031366685	0
11.936	-0.060791147584392	-0.60113265207361	376.73031366685	0
11.94	-0.065547815042694	-0.59979112953317	376.73031366685	0
11.944	-0.070303282906073	-0.59840924585118	376.73031366685	0
11.948	-0.075057231328531	-0.59698684216515	376.73031366685	0
11.952	-0.079809336732515	-0.59552376127281	376.73031366685	0
11.956	-0.084559271789966	-0.59401984769184	376.73031366685	0
11.96	-0.089306705403971	-0.59247494772053	376.73031366685	0
11.964	-0.094051302691051	-0.59088890949939	376.73031366685	0
11.968	-0.09879272496413	-0.58926158307383	376.73031366685	0
11.972	-0.10353062971618	-0.58759282045784	376.73031366685	0
11.976	-0.10826467060459	-0.58588247569856	376.73031366685	0
11.98	-0.11299449743625	-0.58413040494199	376.73031366685	0
11.984	-0.11771975615349	-0.58233646649961	376.73031366685	0
11.988	-0.12244008882067	-0.58050052091607	376.73031366685	0
11.992	-0.12715513361177	-0.57862243103781	376.73031366685	0
11.996	-0.13186452479868	-0.57670206208277	376.73031366685	0
12	-0.1365678927405	-0.57473928171102	376.73031366685	0

Curvelabel          = SZmax(1),Zmax(1)_(2)
Filename            = ^cSZmax(1)Zmax(1).sig
Npoints             = 1001
Type                = 8
Subtype             = 16
Result type         = complex:none;impedance
View type           = Cartesian
Plot type           = Magnitude dB
Parameters          = {C_off=0.16; C_on_approx=1000; Cx=0.16; Cy=1000; L1=2.9; L_diode=0.45; Lpin=0.45; R1=2.5; R_off=10; R_on=1; Rx=10; Ry=1; S1=0.3; W1=6; W2=5.3; alpha1=60; antipad_d=0.8; bias_w=0.2; common_return_y=2; eps_bond=3.52; eps_f4bm=2.65; eps_fr4=4.4; fmax=12; fmin=8; h1=3; h2=0.5; hbond=0.1; p=15; phi=0; phi_inc=0; pin_inset=0.02; sigma_cu=5.8e+07; tand_bond=0.004; tand_f4bm=0.003; tand_fr4=0.02; tcu=0.035; theta=0; theta_inc=0; via_d=0.3}
Data/Title          = S-Parameters
X/Label             = Frequency
X/Unit              = GHz
Y/Unit              = 
Y/Logfactor         = 20
Plot/wrapHeuristics = 0

8	0.89925287917969	0.22190471693192	376.73031366685	0
8.004	0.90158239299348	0.21503080560435	376.73031366685	0
8.008	0.90383459338802	0.20819272540842	376.73031366685	0
8.012	0.90601109114203	0.20139042651314	376.73031366685	0
8.016	0.90811345555699	0.19462384302655	376.73031366685	0
8.02	0.910143215536	0.18789289406519	376.73031366685	0
8.024	0.91210186063956	0.18119748476641	376.73031366685	0
8.028	0.91399084211821	0.17453750724601	376.73031366685	0
8.032	0.91581157392212	0.16791284150433	376.73031366685	0
8.036	0.91756543368747	0.16132335628325	376.73031366685	0
8.04	0.91925376369996	0.15476890987662	376.73031366685	0
8.044	0.92087787183549	0.14824935089655	376.73031366685	0
8.048	0.92243903247813	0.14176451899786	376.73031366685	0
8.052	0.92393848741577	0.13531424556265	376.73031366685	0
8.056	0.92537744671355	0.12889835434736	376.73031366685	0
8.06	0.92675708956551	0.12251666209391	376.73031366685	0
8.064	0.92807856512457	0.11616897910703	376.73031366685	0
8.068	0.92934299331134	0.1098551097994	376.73031366685	0
8.072	0.93055146560208	0.10357485320631	376.73031366685	0
8.076	0.93170504579602	0.097328003471384	376.73031366685	0
8.08	0.93280477076262	0.091114350304931	376.73031366685	0
8.084	0.93385165116899	0.084933679416273	376.73031366685	0
8.088	0.93484667218795	0.078785772921453	376.73031366685	0
8.092	0.93579079418704	0.072670409727586	376.73031366685	0
8.096	0.93668495339901	0.066587365895079	376.73031366685	0
8.1	0.93753006257399	0.060536414978855	376.73031366685	0
8.104	0.93832701161393	0.054517328349703	376.73031366685	0
8.108	0.93907666818963	0.048529875496788	376.73031366685	0
8.112	0.93977987834069	0.042573824312299	376.73031366685	0
8.116	0.94043746705895	0.036648941359168	376.73031366685	0
8.12	0.94105023885562	0.030754992122772	376.73031366685	0
8.124	0.94161897831261	0.024891741247434	376.73031366685	0
8.128	0.94214445061839	0.019058952758559	376.73031366685	0
8.132	0.94262740208883	0.013256390271101	376.73031366685	0
8.136	0.94306856067329	0.0074838171851635	376.73031366685	0
8.14	0.94346863644638	0.0017409968693465	376.73031366685	0
8.144	0.94382832208576	-0.0039723071674591	376.73031366685	0
8.148	0.94414829333633	-0.0096563311152653	376.73031366685	0
8.152	0.9444292094611	-0.015311310712532	376.73031366685	0
8.156	0.94467171367917	-0.020937481105545	376.73031366685	0
8.16	0.94487643359103	-0.026535076717078	376.73031366685	0
8.164	0.94504398159162	-0.032104331123866	376.73031366685	0
8.168	0.94517495527137	-0.037645476942378	376.73031366685	0
8.172	0.94526993780553	-0.043158745722466	376.73031366685	0
8.176	0.94532949833218	-0.048644367848434	376.73031366685	0
8.18	0.94535419231904	-0.05410257244716	376.73031366685	0
8.184	0.94534456191941	-0.059533587302827	376.73031366685	0
8.188	0.94530113631767	-0.06493763877793	376.73031366685	0
8.192	0.94522443206422	-0.070314951740178	376.73031366685	0
8.196	0.94511495340049	-0.075665749494983	376.73031366685	0
8.2	0.94497319257399	-0.080990253723172	376.73031366685	0
8.204	0.94479963014367	-0.086288684423624	376.73031366685	0
8.208	0.94459473527587	-0.091561259860534	376.73031366685	0
8.212	0.94435896603091	-0.096808196515012	376.73031366685	0
8.216	0.94409276964062	-0.10202970904071	376.73031366685	0
8.22	0.94379658277688	-0.10722601022321	376.73031366685	0
8.224	0.94347083181135	-0.11239731094291	376.73031366685	0
8.228	0.94311593306648	-0.11754382014114	376.73031366685	0
8.232	0.94273229305797	-0.12266574478913	376.73031366685	0
8.236	0.94232030872866	-0.12776328985975	376.73031366685	0
8.24	0.94188036767407	-0.13283665830154	376.73031366685	0
8.244	0.94141284835944	-0.13788605101484	376.73031366685	0
8.248	0.9409181203285	-0.14291166682968	376.73031366685	0
8.252	0.94039654440377	-0.14791370248515	376.73031366685	0
8.256	0.93984847287855	-0.15289235260975	376.73031366685	0
8.26	0.93927424970035	-0.15784780970256	376.73031366685	0
8.264	0.93867421064589	-0.16278026411456	376.73031366685	0
8.268	0.93804868348731	-0.16768990402979	376.73031366685	0
8.272	0.9373979881497	-0.17257691544573	376.73031366685	0
8.276	0.93672243685957	-0.17744148215233	376.73031366685	0
8.28	0.9360223342841	-0.18228378570887	376.73031366685	0
8.284	0.93529797766105	-0.18710400541801	376.73031366685	0
8.288	0.93454965691886	-0.19190231829581	376.73031366685	0
8.292	0.93377765478681	-0.19667889903688	376.73031366685	0
8.296	0.93298224689491	-0.20143391997303	376.73031366685	0
8.3	0.93216370186308	-0.20616755102408	376.73031366685	0
8.304	0.93132228137962	-0.21087995963879	376.73031366685	0
8.308	0.93045824026845	-0.2155713107238	376.73031366685	0
8.312	0.92957182654518	-0.22024176655783	376.73031366685	0
8.316	0.92866328146201	-0.22489148668805	376.73031366685	0
8.32	0.92773283954163	-0.22952062780483	376.73031366685	0
8.324	0.92678072860087	-0.23412934359041	376.73031366685	0
8.328	0.92580716976512	-0.2387177845362	376.73031366685	0
8.332	0.92481237747542	-0.24328609772235	376.73031366685	0
8.336	0.923796559491	-0.24783442655235	376.73031366685	0
8.34	0.92275991689153	-0.25236291043373	376.73031366685	0
8.344	0.92170264408519	-0.25687168439504	376.73031366685	0
8.348	0.92062492883101	-0.26136087862738	376.73031366685	0
8.352	0.91952695228782	-0.26583061793735	376.73031366685	0
8.356	0.91840888910591	-0.27028102109703	376.73031366685	0
8.36	0.9172709075843	-0.27471220007526	376.73031366685	0
8.364	0.91611316992347	-0.27912425913453	376.73031366685	0
8.368	0.91493583261362	-0.28351729377841	376.73031366685	0
8.372	0.91373904701119	-0.28789138953788	376.73031366685	0
8.376	0.91252296017105	-0.29224662059145	376.73031366685	0
8.38	0.91128771602067	-0.29658304822577	376.73031366685	0
8.384	0.91003345698305	-0.30090071916301	376.73031366685	0
8.388	0.90876032617722	-0.30519966381186	376.73031366685	0
8.392	0.90746847034576	-0.3094798945441	376.73031366685	0
8.396	0.90615804367238	-0.31374140416361	376.73031366685	0
8.4	0.90482921265099	-0.31798416482245	376.73031366685	0
8.404	0.90348216213658	-0.3222081277523	376.73031366685	0
8.408	0.90211710262963	-0.32641322431589	376.73031366685	0
8.412	0.90073427869322	-0.33059936902927	376.73031366685	0
8.416	0.89933397814949	-0.33476646533421	376.73031366685	0
8.42	0.89791654132736	-0.338914414957	376.73031366685	0
8.424	0.89648236913534	-0.34304313159605	376.73031366685	0
8.428	0.89503192815894	-0.34715255933046	376.73031366685	0
8.432	0.89356575045124	-0.35124269542916	376.73031366685	0
8.436	0.89208442541768	-0.35531361611008	376.73031366685	0
8.44	0.89058858149173	-0.3593655023287	376.73031366685	0
8.444	0.88907885645765	-0.36339866116061	376.73031366685	0
8.448	0.88755585743333	-0.36741353733087	376.73031366685	0
8.452	0.88602011443042	-0.37141070962321	376.73031366685	0
8.456	0.88447203430415	-0.37539086881177	376.73031366685	0
8.46	0.88291186364621	-0.37935477738077	376.73031366685	0
8.464	0.88133966869266	-0.38330321578678	376.73031366685	0
8.468	0.87975533725718	-0.38723692385532	376.73031366685	0
8.472	0.87815860281318	-0.39115654753678	376.73031366685	0
8.476	0.87654908579942	-0.3950625999269	376.73031366685	0
8.48	0.8749263437963	-0.39895544168275	376.73031366685	0
8.484	0.87328992143286	-0.40283528122516	376.73031366685	0
8.488	0.87163939258457	-0.40670219108522	376.73031366685	0
8.492	0.86997439056022	-0.41055613450678	376.73031366685	0
8.496	0.86829462526508	-0.41439699613114	376.73031366685	0
8.5	0.86659988882783	-0.41822461173207	376.73031366685	0
8.504	0.86489005252762	-0.42203879375172	376.73031366685	0
8.508	0.86316505816948	-0.42583935113917	376.73031366685	0
8.512	0.86142490668258	-0.42962610333472	376.73031366685	0
8.516	0.85966964602795	-0.43339888906719	376.73031366685	0
8.52	0.85789935977353	-0.4371575710056	376.73031366685	0
8.524	0.8561141570789	-0.44090203736756	376.73031366685	0
8.528	0.85431416438171	-0.44463220146901	376.73031366685	0
8.532	0.85249951878883	-0.44834800000695	376.73031366685	0
8.536	0.85067036301318	-0.45204939066369	376.73031366685	0
8.54	0.8488268416257	-0.45573634944136	376.73031366685	0
8.544	0.84696909837643	-0.45940886799186	376.73031366685	0
8.548	0.84509727435465	-0.46306695110045	376.73031366685	0
8.552	0.84321150678885	-0.46671061440694	376.73031366685	0
8.556	0.84131192832202	-0.47033988239815	376.73031366685	0
8.56	0.83939866663176	-0.47395478667497	376.73031366685	0
8.564	0.83747184429379	-0.47755536447867	376.73031366685	0
8.568	0.83553157881274	-0.48114165745248	376.73031366685	0
8.572	0.83357798276302	-0.48471371061006	376.73031366685	0
8.576	0.83161116399886	-0.48827157148288	376.73031366685	0
8.58	0.82963122590374	-0.49181528941952	376.73031366685	0
8.584	0.82763826765852	-0.49534491501297	376.73031366685	0
8.588	0.82563238451422	-0.49886049963449	376.73031366685	0
8.592	0.82361366805988	-0.50236209505602	376.73031366685	0
8.596	0.82158220647971	-0.5058497531454	376.73031366685	0
8.6	0.81953808479576	-0.50932352562155	376.73031366685	0
8.604	0.8174813850945	-0.51278346385871	376.73031366685	0
8.608	0.81541218673647	-0.51622961873068	376.73031366685	0
8.612	0.81333056654907	-0.51966204048779	376.73031366685	0
8.616	0.81123659900318	-0.52308077866042	376.73031366685	0
8.62	0.8091303563744	-0.52648588198413	376.73031366685	0
8.624	0.80701190889001	-0.52987739834227	376.73031366685	0
8.628	0.80488132486267	-0.53325537472281	376.73031366685	0
8.632	0.80273867081211	-0.53661985718667	376.73031366685	0
8.636	0.80058401157588	-0.53997089084526	376.73031366685	0
8.64	0.79841741041005	-0.54330851984553	376.73031366685	0
8.644	0.79623892908109	-0.54663278736098	376.73031366685	0
8.648	0.7940486279496	-0.54994373558751	376.73031366685	0
8.652	0.79184656604682	-0.55324140574306	376.73031366685	0
8.656	0.78963280114464	-0.55652583807037	376.73031366685	0
8.66	0.78740738981981	-0.55979707184201	376.73031366685	0
8.664	0.78517038751283	-0.56305514536748	376.73031366685	0
8.668	0.78292184858226	-0.56630009600156	376.73031366685	0
8.672	0.78066182635476	-0.56953196015398	376.73031366685	0
8.676	0.77839037317133	-0.57275077329978	376.73031366685	0
8.68	0.77610754043023	-0.57595656999035	376.73031366685	0
8.684	0.77381337862677	-0.57914938386494	376.73031366685	0
8.688	0.7715079373904	-0.58232924766236	376.73031366685	0
8.692	0.76919126551927	-0.58549619323298	376.73031366685	0
8.696	0.76686341101264	-0.5886502515507	376.73031366685	0
8.7	0.76452442110114	-0.59179145272501	376.73031366685	0
8.704	0.7621743422753	-0.59491982601297	376.73031366685	0
8.708	0.75981322031237	-0.59803539983106	376.73031366685	0
8.712	0.75744110030161	-0.60113820176699	376.73031366685	0
8.716	0.75505802666828	-0.60422825859122	376.73031366685	0
8.72	0.75266404319625	-0.60730559626844	376.73031366685	0
8.724	0.75025919304958	-0.61037023996879	376.73031366685	0
8.728	0.74784351879298	-0.61342221407885	376.73031366685	0
8.732	0.74541706241132	-0.61646154221247	376.73031366685	0
8.736	0.74297986532826	-0.61948824722139	376.73031366685	0
8.74	0.74053196842408	-0.62250235120561	376.73031366685	0
8.744	0.73807341205269	-0.62550387552354	376.73031366685	0
8.748	0.73560423605804	-0.62849284080202	376.73031366685	0
8.752	0.73312447978978	-0.63146926694603	376.73031366685	0
8.756	0.73063418211844	-0.63443317314822	376.73031366685	0
8.76	0.72813338144992	-0.63738457789831	376.73031366685	0
8.764	0.72562211573957	-0.64032349899217	376.73031366685	0
8.768	0.72310042250571	-0.64324995354081	376.73031366685	0
8.772	0.72056833884275	-0.64616395797915	376.73031366685	0
8.776	0.71802590143388	-0.64906552807457	376.73031366685	0
8.78	0.71547314656328	-0.65195467893536	376.73031366685	0
8.784	0.71291011012808	-0.6548314250189	376.73031366685	0
8.788	0.7103368276499	-0.65769578013977	376.73031366685	0
8.792	0.707753334286	-0.66054775747766	376.73031366685	0
8.796	0.70515966484025	-0.66338736958509	376.73031366685	0
8.8	0.70255585377371	-0.66621462839501	376.73031366685	0
8.804	0.69994193521491	-0.66902954522829	376.73031366685	0
8.808	0.69731794296993	-0.67183213080099	376.73031366685	0
8.812	0.69468391053219	-0.67462239523155	376.73031366685	0
8.816	0.69203987109197	-0.67740034804783	376.73031366685	0
8.82	0.68938585754578	-0.68016599819403	376.73031366685	0
8.824	0.6867219025054	-0.68291935403745	376.73031366685	0
8.828	0.6840480383068	-0.68566042337519	376.73031366685	0
8.832	0.68136429701882	-0.68838921344066	376.73031366685	0
8.836	0.67867071045165	-0.69110573091004	376.73031366685	0
8.84	0.67596731016513	-0.69380998190862	376.73031366685	0
8.844	0.6732541274769	-0.69650197201696	376.73031366685	0
8.848	0.67053119347032	-0.69918170627707	376.73031366685	0
8.852	0.6677985390023	-0.70184918919838	376.73031366685	0
8.856	0.66505619471091	-0.70450442476367	376.73031366685	0
8.86	0.66230419102286	-0.70714741643488	376.73031366685	0
8.864	0.65954255816085	-0.70977816715887	376.73031366685	0
8.868	0.65677132615073	-0.712396679373	376.73031366685	0
8.872	0.6539905248286	-0.71500295501074	376.73031366685	0
8.876	0.6512001838477	-0.71759699550711	376.73031366685	0
8.88	0.64840033268522	-0.72017880180405	376.73031366685	0
8.884	0.64559100064894	-0.72274837435575	376.73031366685	0
8.888	0.64277221688386	-0.72530571313387	376.73031366685	0
8.892	0.63994401037855	-0.72785081763267	376.73031366685	0
8.896	0.63710640997151	-0.73038368687409	376.73031366685	0
8.9	0.63425944435742	-0.7329043194128	376.73031366685	0
8.904	0.63140314209318	-0.73541271334106	376.73031366685	0
8.908	0.62853753160398	-0.73790886629362	376.73031366685	0
8.912	0.62566264118918	-0.74039277545253	376.73031366685	0
8.916	0.62277849902813	-0.74286443755186	376.73031366685	0
8.92	0.61988513318589	-0.74532384888235	376.73031366685	0
8.924	0.61698257161885	-0.74777100529604	376.73031366685	0
8.928	0.61407084218026	-0.75020590221083	376.73031366685	0
8.932	0.61114997262574	-0.75262853461491	376.73031366685	0
8.936	0.60821999061857	-0.75503889707126	376.73031366685	0
8.94	0.60528092373503	-0.75743698372197	376.73031366685	0
8.944	0.6023327994696	-0.75982278829259	376.73031366685	0
8.948	0.59937564524009	-0.76219630409638	376.73031366685	0
8.952	0.59640948839268	-0.76455752403853	376.73031366685	0
8.956	0.59343435620692	-0.76690644062032	376.73031366685	0
8.96	0.59045027590067	-0.76924304594323	376.73031366685	0
8.964	0.58745727463487	-0.77156733171298	376.73031366685	0
8.968	0.58445537951838	-0.77387928924362	376.73031366685	0
8.972	0.58144461761268	-0.77617890946139	376.73031366685	0
8.976	0.57842501593648	-0.77846618290875	376.73031366685	0
8.98	0.57539660147032	-0.78074109974819	376.73031366685	0
8.984	0.5723594011611	-0.78300364976608	376.73031366685	0
8.988	0.56931344192656	-0.78525382237648	376.73031366685	0
8.992	0.5662587506596	-0.78749160662488	376.73031366685	0
8.996	0.56319535423273	-0.78971699119191	376.73031366685	0
9	0.56012327950227	-0.79192996439703	376.73031366685	0
9.004	0.55704255331266	-0.79413051420212	376.73031366685	0
9.008	0.55395320250059	-0.79631862821514	376.73031366685	0
9.012	0.55085525389913	-0.79849429369362	376.73031366685	0
9.016	0.54774873434184	-0.80065749754824	376.73031366685	0
9.02	0.5446336706668	-0.80280822634628	376.73031366685	0
9.024	0.54151008972055	-0.80494646631509	376.73031366685	0
9.028	0.53837801836206	-0.80707220334551	376.73031366685	0
9.032	0.53523748346662	-0.80918542299523	376.73031366685	0
9.036	0.53208851192966	-0.8112861104922	376.73031366685	0
9.04	0.52893113067056	-0.8133742507379	376.73031366685	0
9.044	0.52576536663642	-0.81544982831066	376.73031366685	0
9.048	0.52259124680573	-0.81751282746889	376.73031366685	0
9.052	0.51940879819212	-0.81956323215437	376.73031366685	0
9.056	0.5162180478479	-0.82160102599541	376.73031366685	0
9.06	0.51301902286772	-0.82362619231004	376.73031366685	0
9.064	0.50981175039209	-0.82563871410915	376.73031366685	0
9.068	0.50659625761092	-0.82763857409963	376.73031366685	0
9.072	0.50337257176697	-0.82962575468747	376.73031366685	0
9.076	0.50014072015931	-0.83160023798081	376.73031366685	0
9.08	0.49690073014674	-0.833562005793	376.73031366685	0
9.084	0.49365262915113	-0.83551103964563	376.73031366685	0
9.088	0.49039644466079	-0.83744732077152	376.73031366685	0
9.092	0.48713220423375	-0.8393708301177	376.73031366685	0
9.096	0.48385993550106	-0.84128154834836	376.73031366685	0
9.1	0.48057966617	-0.84317945584779	376.73031366685	0
9.104	0.47729142402732	-0.84506453272331	376.73031366685	0
9.108	0.4739952369424	-0.8469367588081	376.73031366685	0
9.112	0.47069113287038	-0.84879611366416	376.73031366685	0
9.116	0.46737913985534	-0.85064257658508	376.73031366685	0
9.12	0.46405928603334	-0.85247612659893	376.73031366685	0
9.124	0.46073159963547	-0.85429674247102	376.73031366685	0
9.128	0.45739610899096	-0.85610440270676	376.73031366685	0
9.132	0.45405284253008	-0.85789908555438	376.73031366685	0
9.136	0.45070182878724	-0.85968076900773	376.73031366685	0
9.14	0.44734309640382	-0.861449430809	376.73031366685	0
9.144	0.44397667413121	-0.86320504845148	376.73031366685	0
9.148	0.44060259083365	-0.86494759918222	376.73031366685	0
9.152	0.43722087549112	-0.86667706000478	376.73031366685	0
9.156	0.4338315572022	-0.86839340768189	376.73031366685	0
9.16	0.4304346651869	-0.8700966187381	376.73031366685	0
9.164	0.42703022878948	-0.87178666946248	376.73031366685	0
9.168	0.4236182774812	-0.87346353591121	376.73031366685	0
9.172	0.42019884086313	-0.87512719391025	376.73031366685	0
9.176	0.41677194866884	-0.87677761905792	376.73031366685	0
9.18	0.41333763076715	-0.87841478672752	376.73031366685	0
9.184	0.40989591716482	-0.88003867206992	376.73031366685	0
9.188	0.40644683800922	-0.88164925001613	376.73031366685	0
9.192	0.40299042359098	-0.88324649527988	376.73031366685	0
9.196	0.39952670434664	-0.88483038236016	376.73031366685	0
9.2	0.39605571086125	-0.88640088554378	376.73031366685	0
9.204	0.39257747387097	-0.88795797890789	376.73031366685	0
9.208	0.38909202426563	-0.88950163632251	376.73031366685	0
9.212	0.38559939309132	-0.89103183145305	376.73031366685	0
9.216	0.38209961155288	-0.89254853776283	376.73031366685	0
9.22	0.37859271101645	-0.89405172851554	376.73031366685	0
9.224	0.37507872301196	-0.89554137677774	376.73031366685	0
9.228	0.37155767923563	-0.89701745542138	376.73031366685	0
9.232	0.36802961155237	-0.89847993712621	376.73031366685	0
9.236	0.36449455199829	-0.89992879438227	376.73031366685	0
9.24	0.36095253278313	-0.90136399949236	376.73031366685	0
9.244	0.35740358629261	-0.90278552457447	376.73031366685	0
9.248	0.35384774509087	-0.90419334156421	376.73031366685	0
9.252	0.35028504192284	-0.90558742221726	376.73031366685	0
9.256	0.3467155097166	-0.90696773811179	376.73031366685	0
9.26	0.34313918158571	-0.90833426065088	376.73031366685	0
9.264	0.33955609083154	-0.90968696106492	376.73031366685	0
9.268	0.33596627094561	-0.91102581041404	376.73031366685	0
9.272	0.33236975561182	-0.91235077959047	376.73031366685	0
9.276	0.32876657870881	-0.91366183932097	376.73031366685	0
9.28	0.32515677431216	-0.91495896016918	376.73031366685	0
9.284	0.32154037669667	-0.91624211253802	376.73031366685	0
9.288	0.31791742033857	-0.91751126667206	376.73031366685	0
9.292	0.31428793991776	-0.91876639265987	376.73031366685	0
9.296	0.31065197032	-0.92000746043641	376.73031366685	0
9.3	0.30700954663909	-0.92123443978534	376.73031366685	0
9.304	0.30336070417905	-0.92244730034137	376.73031366685	0
9.308	0.29970547845629	-0.92364601159265	376.73031366685	0
9.312	0.29604390520172	-0.92483054288302	376.73031366685	0
9.316	0.29237602036292	-0.92600086341439	376.73031366685	0
9.32	0.28870186010621	-0.92715694224903	376.73031366685	0
9.324	0.28502146081878	-0.92829874831187	376.73031366685	0
9.328	0.28133485911077	-0.92942625039283	376.73031366685	0
9.332	0.27764209181735	-0.93053941714906	376.73031366685	0
9.336	0.27394319600074	-0.93163821710725	376.73031366685	0
9.34	0.27023820895231	-0.93272261866587	376.73031366685	0
9.344	0.26652716819459	-0.93379259009746	376.73031366685	0
9.348	0.26281011148326	-0.93484809955085	376.73031366685	0
9.352	0.25908707680921	-0.93588911505338	376.73031366685	0
9.356	0.2553581024005	-0.93691560451314	376.73031366685	0
9.36	0.25162322672437	-0.93792753572116	376.73031366685	0
9.364	0.24788248848916	-0.93892487635358	376.73031366685	0
9.368	0.24413592664636	-0.93990759397385	376.73031366685	0
9.372	0.24038358039249	-0.94087565603484	376.73031366685	0
9.376	0.23662548917105	-0.94182902988098	376.73031366685	0
9.38	0.23286169267451	-0.94276768275038	376.73031366685	0
9.384	0.22909223084619	-0.94369158177686	376.73031366685	0
9.388	0.22531714388218	-0.94460069399208	376.73031366685	0
9.392	0.22153647223331	-0.94549498632747	376.73031366685	0
9.396	0.21775025660701	-0.94637442561627	376.73031366685	0
9.4	0.21395853796925	-0.94723897859548	376.73031366685	0
9.404	0.21016135754647	-0.94808861190778	376.73031366685	0
9.408	0.20635875682747	-0.94892329210336	376.73031366685	0
9.412	0.20255077756537	-0.94974298564181	376.73031366685	0
9.416	0.19873746177952	-0.95054765889382	376.73031366685	0
9.42	0.19491885175746	-0.95133727814299	376.73031366685	0
9.424	0.19109499005692	-0.95211180958741	376.73031366685	0
9.428	0.18726591950775	-0.95287121934131	376.73031366685	0
9.432	0.18343168321401	-0.95361547343656	376.73031366685	0
9.436	0.179592324556	-0.95434453782412	376.73031366685	0
9.44	0.17574788719234	-0.95505837837544	376.73031366685	0
9.444	0.17189841506217	-0.95575696088369	376.73031366685	0
9.448	0.16804395238736	-0.95644025106493	376.73031366685	0
9.452	0.1641845436748	-0.95710821455925	376.73031366685	0
9.456	0.1603202337188	-0.95776081693164	376.73031366685	0
9.46	0.15645106760356	-0.95839802367289	376.73031366685	0
9.464	0.15257709070585	-0.95901980020023	376.73031366685	0
9.468	0.14869834869772	-0.95962611185794	376.73031366685	0
9.472	0.14481488754949	-0.9602169239177	376.73031366685	0
9.476	0.14092675353287	-0.96079220157889	376.73031366685	0
9.48	0.13703399322436	-0.9613519099686	376.73031366685	0
9.484	0.13313665350891	-0.96189601414158	376.73031366685	0
9.488	0.12923478158387	-0.96242447907991	376.73031366685	0
9.492	0.12532842496336	-0.96293726969253	376.73031366685	0
9.496	0.12141763148303	-0.96343435081456	376.73031366685	0
9.5	0.11750244930535	-0.96391568720644	376.73031366685	0
9.504	0.11358292692541	-0.96438124355284	376.73031366685	0
9.508	0.10965911317746	-0.96483098446147	376.73031366685	0
9.512	0.10573105724214	-0.96526487446168	376.73031366685	0
9.516	0.1017988086546	-0.96568287800292	376.73031366685	0
9.52	0.097862417313661	-0.9660849594532	376.73031366685	0
9.524	0.093921933492042	-0.96647108309745	376.73031366685	0
9.528	0.089977407847954	-0.96684121313601	376.73031366685	0
9.532	0.086028891438134	-0.96719531368327	376.73031366685	0
9.536	0.082076435732577	-0.96753334876666	376.73031366685	0
9.54	0.078120092631145	-0.96785528232618	376.73031366685	0
9.544	0.074159914482292	-0.96816107821466	376.73031366685	0
9.548	0.070195954104158	-0.96845070019918	376.73031366685	0
9.552	0.066228264808236	-0.96872411196389	376.73031366685	0
9.556	0.062256900425905	-0.96898127711484	376.73031366685	0
9.56	0.058281915338016	-0.9692221591874	376.73031366685	0
9.564	0.054303364507712	-0.96944672165696	376.73031366685	0
9.568	0.050321303516626	-0.96965492795381	376.73031366685	0
9.572	0.046335788604446	-0.96984674148336	376.73031366685	0
9.576	0.042346876711712	-0.97002212565277	376.73031366685	0
9.58	0.038354625525501	-0.9701810439057	376.73031366685	0
9.584	0.034359093527307	-0.97032345976664	376.73031366685	0
9.588	0.030360340042096	-0.97044933689678	376.73031366685	0
9.592	0.026358425286929	-0.9705586391635	376.73031366685	0
9.596	0.022353410416904	-0.97065133072544	376.73031366685	0
9.6	0.018345357565371	-0.97072737613539	376.73031366685	0
9.604	0.014334329874377	-0.97078674046268	376.73031366685	0
9.608	0.010320391510184	-0.97082938943637	376.73031366685	0
9.612	0.0063036076575187	-0.97085528960981	376.73031366685	0
9.616	0.0022840444849455	-0.97086440854531	376.73031366685	0
9.62	-0.0017382309272616	-0.97085671501607	376.73031366685	0
9.624	-0.0057631507061281	-0.97083217921974	376.73031366685	0
9.628	-0.0097906463613191	-0.97079077299433	376.73031366685	0
9.632	-0.013820649025227	-0.97073247002353	376.73031366685	0
9.636	-0.017853089763851	-0.97065724601379	376.73031366685	0
9.64	-0.021887899960183	-0.97056507882141	376.73031366685	0
9.644	-0.025925011765374	-0.97045594850423	376.73031366685	0
9.648	-0.0299643586044	-0.97032983727081	376.73031366685	0
9.652	-0.034005875712502	-0.97018672930127	376.73031366685	0
9.656	-0.038049500667645	-0.97002661041916	376.73031366685	0
9.66	-0.042095173874008	-0.96984946760367	376.73031366685	0
9.664	-0.046142838944315	-0.96965528834666	376.73031366685	0
9.668	-0.050192442927266	-0.96944405987758	376.73031366685	0
9.672	-0.054243936332162	-0.96921576830004	376.73031366685	0
9.676	-0.058297272917338	-0.96897039770229	376.73031366685	0
9.68	-0.062352409231454	-0.96870792931701	376.73031366685	0
9.684	-0.066409303924304	-0.96842834080962	376.73031366685	0
9.688	-0.070467916872432	-0.96813160576629	376.73031366685	0
9.692	-0.074528208188967	-0.96781769343406	376.73031366685	0
9.696	-0.078590137202213	-0.96748656873758	376.73031366685	0
9.7	-0.08265366149033	-0.96713819256554	376.73031366685	0
9.704	-0.086718736049838	-0.96677252229019	376.73031366685	0
9.708	-0.090785312655655	-0.96638951246038	376.73031366685	0
9.712	-0.094853339444502	-0.96598911559635	376.73031366685	0
9.716	-0.098922760726476	-0.96557128301256	376.73031366685	0
9.72	-0.10299351700621	-0.96513596560348	376.73031366685	0
9.724	-0.10706554517796	-0.9646831145417	376.73031366685	0
9.728	-0.11113877884975	-0.96421268185582	376.73031366685	0
9.732	-0.11521314874951	-0.96372462087294	376.73031366685	0
9.736	-0.1192885831699	-0.96321888652607	376.73031366685	0
9.74	-0.12336500841555	-0.96269543553727	376.73031366685	0
9.744	-0.12744234922591	-0.96215422649498	376.73031366685	0
9.748	-0.1315205291552	-0.96159521984667	376.73031366685	0
9.752	-0.1355994708998	-0.96101837782861	376.73031366685	0
9.756	-0.13967909656925	-0.96042366435256	376.73031366685	0
9.76	-0.14375932790218	-0.95981104486638	376.73031366685	0
9.764	-0.14784008643147	-0.95918048620237	376.73031366685	0
9.768	-0.15192129360473	-0.95853195642348	376.73031366685	0
9.772	-0.15600287086697	-0.95786542467498	376.73031366685	0
9.776	-0.16008473971224	-0.95718086104621	376.73031366685	0
9.78	-0.16416682171082	-0.9564782364454	376.73031366685	0
9.784	-0.16824903851742	-0.95575752248878	376.73031366685	0
9.788	-0.17233131186543	-0.95501869140426	376.73031366685	0
9.792	-0.17641356355113	-0.95426171594909	376.73031366685	0
9.796	-0.18049571541118	-0.95348656934065	376.73031366685	0
9.8	-0.18457768929583	-0.952693225199	376.73031366685	0
9.804	-0.18865940703988	-0.95188165749997	376.73031366685	0
9.808	-0.19274079043285	-0.95105184053744	376.73031366685	0
9.812	-0.1968217611893	-0.95020374889341	376.73031366685	0
9.816	-0.20090224092012	-0.94933735741489	376.73031366685	0
9.82	-0.20498215110534	-0.9484526411964	376.73031366685	0
9.824	-0.20906141306858	-0.94754957556713	376.73031366685	0
9.828	-0.21313994795341	-0.94662813608212	376.73031366685	0
9.832	-0.21721767670175	-0.94568829851652	376.73031366685	0
9.836	-0.2212945200341	-0.94473003886258	376.73031366685	0
9.84	-0.22537039843173	-0.94375333332866	376.73031366685	0
9.844	-0.22944523212061	-0.94275815833998	376.73031366685	0
9.848	-0.23351894105704	-0.94174449054074	376.73031366685	0
9.852	-0.23759144491476	-0.94071230679728	376.73031366685	0
9.856	-0.24166266307358	-0.93966158420205	376.73031366685	0
9.86	-0.24573251460922	-0.93859230007825	376.73031366685	0
9.864	-0.24980091828437	-0.93750443198497	376.73031366685	0
9.868	-0.25386779254077	-0.93639795772267	376.73031366685	0
9.872	-0.25793305549228	-0.93527285533888	376.73031366685	0
9.876	-0.26199662491879	-0.93412910313414	376.73031366685	0
9.88	-0.2660584182609	-0.93296667966806	376.73031366685	0
9.884	-0.2701183526153	-0.93178556376535	376.73031366685	0
9.888	-0.27417634473072	-0.93058573452202	376.73031366685	0
9.892	-0.27823231100451	-0.92936717131145	376.73031366685	0
9.896	-0.28228616747962	-0.92812985379052	376.73031366685	0
9.9	-0.28633782984207	-0.92687376190566	376.73031366685	0
9.904	-0.29038721341882	-0.92559887589884	376.73031366685	0
9.908	-0.29443423317595	-0.92430517631356	376.73031366685	0
9.912	-0.29847880371722	-0.92299264400068	376.73031366685	0
9.916	-0.3025208392828	-0.92166126012426	376.73031366685	0
9.92	-0.3065602537484	-0.92031100616728	376.73031366685	0
9.924	-0.31059696062452	-0.91894186393734	376.73031366685	0
9.928	-0.31463087305593	-0.91755381557221	376.73031366685	0
9.932	-0.31866190382137	-0.91614684354543	376.73031366685	0
9.936	-0.32268996533338	-0.91472093067171	376.73031366685	0
9.94	-0.32671496963833	-0.91327606011237	376.73031366685	0
9.944	-0.33073682841652	-0.91181221538068	376.73031366685	0
9.948	-0.33475545298249	-0.91032938034716	376.73031366685	0
9.952	-0.33877075428541	-0.90882753924479	376.73031366685	0
9.956	-0.34278264290953	-0.90730667667422	376.73031366685	0
9.96	-0.34679102907487	-0.90576677760888	376.73031366685	0
9.964	-0.35079582263785	-0.90420782740011	376.73031366685	0
9.968	-0.35479693309209	-0.9026298117822	376.73031366685	0
9.972	-0.35879426956931	-0.9010327168774	376.73031366685	0
9.976	-0.36278774084026	-0.89941652920089	376.73031366685	0
9.98	-0.36677725531573	-0.89778123566575	376.73031366685	0
9.984	-0.37076272104766	-0.89612682358788	376.73031366685	0
9.988	-0.37474404573031	-0.89445328069085	376.73031366685	0
9.992	-0.37872113670147	-0.89276059511081	376.73031366685	0
9.996	-0.38269390094374	-0.8910487554013	376.73031366685	0
10	-0.38666224508593	-0.88931775053806	376.73031366685	0
10.004	-0.39062607540439	-0.88756756992383	376.73031366685	0
10.008	-0.39458529782455	-0.88579820339315	376.73031366685	0
10.012	-0.39853981792238	-0.88400964121705	376.73031366685	0
10.016	-0.40248954092599	-0.88220187410787	376.73031366685	0
10.02	-0.40643437171728	-0.8803748932239	376.73031366685	0
10.024	-0.41037421483355	-0.87852869017417	376.73031366685	0
10.028	-0.4143089744693	-0.87666325702307	376.73031366685	0
10.032	-0.41823855447797	-0.87477858629507	376.73031366685	0
10.036	-0.42216285837379	-0.87287467097938	376.73031366685	0
10.04	-0.42608178933364	-0.87095150453461	376.73031366685	0
10.044	-0.42999525019901	-0.86900908089341	376.73031366685	0
10.048	-0.43390314347794	-0.86704739446708	376.73031366685	0
10.052	-0.43780537134706	-0.86506644015026	376.73031366685	0
10.056	-0.4417018356537	-0.86306621332547	376.73031366685	0
10.06	-0.44559243791797	-0.86104670986777	376.73031366685	0
10.064	-0.44947707933494	-0.8590079261493	376.73031366685	0
10.068	-0.45335566077688	-0.85694985904395	376.73031366685	0
10.072	-0.45722808279551	-0.85487250593184	376.73031366685	0
10.076	-0.46109424562433	-0.85277586470397	376.73031366685	0
10.08	-0.46495404918098	-0.85065993376674	376.73031366685	0
10.084	-0.46880739306964	-0.84852471204651	376.73031366685	0
10.088	-0.47265417658352	-0.84637019899415	376.73031366685	0
10.092	-0.47649429870735	-0.84419639458956	376.73031366685	0
10.096	-0.48032765811992	-0.84200329934621	376.73031366685	0
10.1	-0.48415415319676	-0.83979091431568	376.73031366685	0
10.104	-0.48797368201269	-0.83755924109209	376.73031366685	0
10.108	-0.49178614234462	-0.83530828181672	376.73031366685	0
10.112	-0.49559143167425	-0.83303803918238	376.73031366685	0
10.116	-0.49938944719089	-0.83074851643798	376.73031366685	0
10.12	-0.50318008579431	-0.82843971739296	376.73031366685	0
10.124	-0.50696324409764	-0.82611164642175	376.73031366685	0
10.128	-0.51073881843032	-0.82376430846825	376.73031366685	0
10.132	-0.51450670484113	-0.82139770905024	376.73031366685	0
10.136	-0.51826679910118	-0.81901185426383	376.73031366685	0
10.14	-0.52201899670706	-0.81660675078789	376.73031366685	0
10.144	-0.52576319288399	-0.81418240588841	376.73031366685	0
10.148	-0.52949928258899	-0.81173882742297	376.73031366685	0
10.152	-0.53322716051417	-0.80927602384504	376.73031366685	0
10.156	-0.53694672109	-0.80679400420843	376.73031366685	0
10.16	-0.54065785848868	-0.80429277817161	376.73031366685	0
10.164	-0.54436046662755	-0.80177235600204	376.73031366685	0
10.168	-0.54805443917253	-0.79923274858055	376.73031366685	0
10.172	-0.55173966954165	-0.79667396740561	376.73031366685	0
10.176	-0.55541605090857	-0.79409602459767	376.73031366685	0
10.18	-0.55908347620624	-0.7914989329034	376.73031366685	0
10.184	-0.5627418381305	-0.78888270570004	376.73031366685	0
10.188	-0.56639102914388	-0.78624735699956	376.73031366685	0
10.192	-0.57003094147926	-0.78359290145299	376.73031366685	0
10.196	-0.57366146714377	-0.78091935435457	376.73031366685	0
10.2	-0.57728249792263	-0.778226731646	376.73031366685	0
10.204	-0.58089392538306	-0.77551504992061	376.73031366685	0
10.208	-0.58449564087827	-0.77278432642755	376.73031366685	0
10.212	-0.58808753555149	-0.77003457907587	376.73031366685	0
10.216	-0.59166950034004	-0.76726582643875	376.73031366685	0
10.22	-0.59524142597943	-0.76447808775753	376.73031366685	0
10.224	-0.59880320300763	-0.76167138294583	376.73031366685	0
10.228	-0.60235472176921	-0.75884573259361	376.73031366685	0
10.232	-0.60589587241969	-0.75600115797121	376.73031366685	0
10.236	-0.60942654492986	-0.75313768103338	376.73031366685	0
10.24	-0.61294662909018	-0.75025532442329	376.73031366685	0
10.244	-0.61645601451522	-0.74735411147646	376.73031366685	0
10.248	-0.61995459064819	-0.74443406622478	376.73031366685	0
10.252	-0.62344224676546	-0.74149521340035	376.73031366685	0
10.256	-0.62691887198116	-0.73853757843945	376.73031366685	0
10.26	-0.6303843552519	-0.7355611874864	376.73031366685	0
10.264	-0.63383858538142	-0.73256606739736	376.73031366685	0
10.268	-0.63728145102537	-0.72955224574421	376.73031366685	0
10.272	-0.64071284069615	-0.7265197508183	376.73031366685	0
10.276	-0.64413264276779	-0.72346861163424	376.73031366685	0
10.28	-0.64754074548081	-0.72039885793361	376.73031366685	0
10.284	-0.65093703694728	-0.71731052018866	376.73031366685	0
10.288	-0.6543214051558	-0.71420362960602	376.73031366685	0
10.292	-0.65769373797661	-0.71107821813027	376.73031366685	0
10.296	-0.66105392316668	-0.70793431844764	376.73031366685	0
10.3	-0.66440184837498	-0.70477196398949	376.73031366685	0
10.304	-0.66773740114764	-0.70159118893593	376.73031366685	0
10.308	-0.67106046893329	-0.69839202821929	376.73031366685	0
10.312	-0.67437093908839	-0.69517451752758	376.73031366685	0
10.316	-0.67766869888265	-0.69193869330796	376.73031366685	0
10.32	-0.68095363550444	-0.68868459277014	376.73031366685	0
10.324	-0.68422563606635	-0.6854122538897	376.73031366685	0
10.328	-0.68748458761068	-0.68212171541147	376.73031366685	0
10.332	-0.6907303771151	-0.67881301685281	376.73031366685	0
10.336	-0.69396289149829	-0.67548619850681	376.73031366685	0
10.34	-0.69718201762564	-0.67214130144558	376.73031366685	0
10.344	-0.70038764231503	-0.66877836752334	376.73031366685	0
10.348	-0.70357965234263	-0.66539743937962	376.73031366685	0
10.352	-0.70675793444876	-0.66199856044229	376.73031366685	0
10.356	-0.70992237534381	-0.65858177493064	376.73031366685	0
10.36	-0.71307286171421	-0.65514712785835	376.73031366685	0
10.364	-0.71620928022846	-0.65169466503651	376.73031366685	0
10.368	-0.71933151754314	-0.64822443307644	376.73031366685	0
10.372	-0.72243946030909	-0.64473647939264	376.73031366685	0
10.376	-0.72553299517753	-0.64123085220557	376.73031366685	0
10.38	-0.7286120088063	-0.63770760054443	376.73031366685	0
10.384	-0.73167638786611	-0.6341667742499	376.73031366685	0
10.388	-0.73472601904684	-0.6306084239768	376.73031366685	0
10.392	-0.73776078906394	-0.62703260119675	376.73031366685	0
10.396	-0.74078058466481	-0.62343935820071	376.73031366685	0
10.4	-0.74378529263524	-0.61982874810153	376.73031366685	0
10.404	-0.74677479980597	-0.61620082483646	376.73031366685	0
10.408	-0.74974899305916	-0.61255564316953	376.73031366685	0
10.412	-0.75270775933509	-0.60889325869392	376.73031366685	0
10.416	-0.7556509856387	-0.60521372783434	376.73031366685	0
10.42	-0.75857855904637	-0.60151710784926	376.73031366685	0
10.424	-0.76149036671259	-0.59780345683309	376.73031366685	0
10.428	-0.76438629587679	-0.59407283371841	376.73031366685	0
10.432	-0.76726623387013	-0.59032529827802	376.73031366685	0
10.436	-0.7701300681224	-0.58656091112699	376.73031366685	0
10.44	-0.77297768616893	-0.58277973372467	376.73031366685	0
10.444	-0.77580897565753	-0.57898182837658	376.73031366685	0
10.448	-0.77862382435554	-0.57516725823633	376.73031366685	0
10.452	-0.7814221201568	-0.57133608730739	376.73031366685	0
10.456	-0.78420375108883	-0.56748838044485	376.73031366685	0
10.46	-0.78696860531987	-0.56362420335711	376.73031366685	0
10.464	-0.78971657116614	-0.55974362260751	376.73031366685	0
10.468	-0.79244753709898	-0.5558467056159	376.73031366685	0
10.472	-0.79516139175214	-0.55193352066011	376.73031366685	0
10.476	-0.79785802392906	-0.54800413687742	376.73031366685	0
10.48	-0.80053732261023	-0.54405862426592	376.73031366685	0
10.484	-0.80319917696051	-0.54009705368582	376.73031366685	0
10.488	-0.80584347633659	-0.53611949686068	376.73031366685	0
10.492	-0.80847011029441	-0.53212602637859	376.73031366685	0
10.496	-0.81107896859665	-0.52811671569328	376.73031366685	0
10.5	-0.81366994122026	-0.52409163912517	376.73031366685	0
10.504	-0.81624291836401	-0.52005087186231	376.73031366685	0
10.508	-0.81879779045606	-0.51599448996129	376.73031366685	0
10.512	-0.82133444816165	-0.5119225703481	376.73031366685	0
10.516	-0.82385278239068	-0.50783519081884	376.73031366685	0
10.52	-0.82635268430547	-0.50373243004046	376.73031366685	0
10.524	-0.82883404532846	-0.49961436755134	376.73031366685	0
10.528	-0.83129675714998	-0.49548108376183	376.73031366685	0
10.532	-0.833740711736	-0.49133265995475	376.73031366685	0
10.536	-0.83616580133602	-0.48716917828577	376.73031366685	0
10.54	-0.83857191849089	-0.48299072178373	376.73031366685	0
10.544	-0.84095895604066	-0.47879737435089	376.73031366685	0
10.548	-0.84332680713254	-0.4745892207631	376.73031366685	0
10.552	-0.8456753652288	-0.47036634666987	376.73031366685	0
10.556	-0.84800452411478	-0.46612883859446	376.73031366685	0
10.56	-0.85031417790681	-0.46187678393371	376.73031366685	0
10.564	-0.85260422106031	-0.45761027095802	376.73031366685	0
10.568	-0.85487454837775	-0.45332938881103	376.73031366685	0
10.572	-0.85712505501679	-0.44903422750939	376.73031366685	0
10.576	-0.85935563649832	-0.44472487794235	376.73031366685	0
10.58	-0.86156618871457	-0.44040143187133	376.73031366685	0
10.584	-0.86375660793729	-0.43606398192933	376.73031366685	0
10.588	-0.86592679082584	-0.43171262162038	376.73031366685	0
10.592	-0.86807663443541	-0.4273474453188	376.73031366685	0
10.596	-0.8702060362252	-0.4229685482684	376.73031366685	0
10.6	-0.87231489406662	-0.41857602658165	376.73031366685	0
10.604	-0.87440310625152	-0.41416997723869	376.73031366685	0
10.608	-0.87647057150046	-0.40975049808634	376.73031366685	0
10.612	-0.87851718897092	-0.40531768783693	376.73031366685	0
10.616	-0.88054285826562	-0.40087164606714	376.73031366685	0
10.62	-0.88254747944079	-0.39641247321667	376.73031366685	0
10.624	-0.88453095301449	-0.3919402705869	376.73031366685	0
10.628	-0.88649317997486	-0.38745514033939	376.73031366685	0
10.632	-0.88843406178852	-0.38295718549436	376.73031366685	0
10.636	-0.89035350040888	-0.37844650992905	376.73031366685	0
10.64	-0.89225139828444	-0.37392321837595	376.73031366685	0
10.644	-0.89412765836721	-0.36938741642107	376.73031366685	0
10.648	-0.89598218412101	-0.36483921050195	376.73031366685	0
10.652	-0.89781487952985	-0.36027870790573	376.73031366685	0
10.656	-0.89962564910631	-0.35570601676703	376.73031366685	0
10.66	-0.90141439789993	-0.35112124606583	376.73031366685	0
10.664	-0.90318103150551	-0.34652450562514	376.73031366685	0
10.668	-0.90492545607157	-0.34191590610872	376.73031366685	0
10.672	-0.9066475783087	-0.33729555901858	376.73031366685	0
10.676	-0.90834730549792	-0.3326635766925	376.73031366685	0
10.68	-0.91002454549906	-0.32802007230136	376.73031366685	0
10.684	-0.91167920675916	-0.32336515984645	376.73031366685	0
10.688	-0.91331119832083	-0.31869895415668	376.73031366685	0
10.692	-0.9149204298306	-0.31402157088563	376.73031366685	0
10.696	-0.91650681154729	-0.30933312650861	376.73031366685	0
10.7	-0.91807025435038	-0.30463373831955	376.73031366685	0
10.704	-0.91961066974833	-0.29992352442782	376.73031366685	0
10.708	-0.92112796988694	-0.29520260375499	376.73031366685	0
10.712	-0.92262206755767	-0.29047109603142	376.73031366685	0
10.716	-0.92409287620595	-0.28572912179283	376.73031366685	0
10.72	-0.92554030993951	-0.28097680237679	376.73031366685	0
10.724	-0.92696428353663	-0.27621425991898	376.73031366685	0
10.728	-0.92836471245445	-0.27144161734955	376.73031366685	0
10.732	-0.92974151283723	-0.26665899838923	376.73031366685	0
10.736	-0.93109460152458	-0.26186652754543	376.73031366685	0
10.74	-0.93242389605969	-0.25706433010819	376.73031366685	0
10.744	-0.93372931469755	-0.25225253214613	376.73031366685	0
10.748	-0.93501077641311	-0.24743126050216	376.73031366685	0
10.752	-0.93626820090949	-0.24260064278924	376.73031366685	0
10.756	-0.93750150862608	-0.23776080738596	376.73031366685	0
10.76	-0.9387106207467	-0.23291188343204	376.73031366685	0
10.764	-0.93989545920764	-0.22805400082378	376.73031366685	0
10.768	-0.94105594670579	-0.22318729020932	376.73031366685	0
10.772	-0.94219200670665	-0.21831188298394	376.73031366685	0
10.776	-0.94330356345233	-0.21342791128513	376.73031366685	0
10.78	-0.94439054196957	-0.20853550798766	376.73031366685	0
10.784	-0.94545286807766	-0.20363480669851	376.73031366685	0
10.788	-0.94649046839638	-0.19872594175173	376.73031366685	0
10.792	-0.94750327035386	-0.19380904820318	376.73031366685	0
10.796	-0.94849120219449	-0.18888426182523	376.73031366685	0
10.8	-0.94945419298665	-0.18395171910127	376.73031366685	0
10.804	-0.95039217263058	-0.17901155722023	376.73031366685	0
10.808	-0.95130507186605	-0.17406391407096	376.73031366685	0
10.812	-0.9521928222801	-0.16910892823648	376.73031366685	0
10.816	-0.95305535631471	-0.16414673898824	376.73031366685	0
10.82	-0.95389260727436	-0.15917748628014	376.73031366685	0
10.824	-0.9547045093337	-0.15420131074263	376.73031366685	0
10.828	-0.95549099754499	-0.14921835367658	376.73031366685	0
10.832	-0.95625200784564	-0.14422875704709	376.73031366685	0
10.836	-0.95698747706565	-0.13923266347728	376.73031366685	0
10.84	-0.95769734293497	-0.13423021624191	376.73031366685	0
10.844	-0.95838154409088	-0.12922155926089	376.73031366685	0
10.848	-0.95904002008524	-0.12420683709284	376.73031366685	0
10.852	-0.95967271139179	-0.11918619492837	376.73031366685	0
10.856	-0.96027955941328	-0.11415977858342	376.73031366685	0
10.86	-0.96086050648863	-0.10912773449243	376.73031366685	0
10.864	-0.96141549590002	-0.10409020970147	376.73031366685	0
10.868	-0.96194447187988	-0.099047351861223	376.73031366685	0
10.872	-0.96244737961789	-0.093999309219959	376.73031366685	0
10.876	-0.96292416526788	-0.088946230616341	376.73031366685	0
10.88	-0.96337477595464	-0.083888265472196	376.73031366685	0
10.884	-0.96379915978075	-0.078825563785186	376.73031366685	0
10.888	-0.96419726583328	-0.073758276121395	376.73031366685	0
10.892	-0.96456904419046	-0.068686553607816	376.73031366685	0
10.896	-0.96491444592826	-0.063610547924774	376.73031366685	0
10.9	-0.96523342312693	-0.058530411298261	376.73031366685	0
10.904	-0.96552592887745	-0.05344629649217	376.73031366685	0
10.908	-0.96579191728793	-0.048358356800467	376.73031366685	0
10.912	-0.96603134348995	-0.043266746039273	376.73031366685	0
10.916	-0.96624416364477	-0.038171618538859	376.73031366685	0
10.92	-0.96643033494957	-0.033073129135578	376.73031366685	0
10.924	-0.96658981564348	-0.027971433163686	376.73031366685	0
10.928	-0.96672256501371	-0.022866686447115	376.73031366685	0
10.932	-0.96682854340143	-0.017759045291158	376.73031366685	0
10.936	-0.96690771220767	-0.012648666474057	376.73031366685	0
10.94	-0.96696003389916	-0.0075357072385433	376.73031366685	0
10.944	-0.96698547201404	-0.0024203252832808	376.73031366685	0
10.948	-0.96698399116747	0.0026973212457587	376.73031366685	0
10.952	-0.96695555705726	0.007817073763988	376.73031366685	0
10.956	-0.9669001364693	0.012938773256991	376.73031366685	0
10.96	-0.96681769728299	0.018062260289365	376.73031366685	0
10.964	-0.96670820847658	0.023187375013631	376.73031366685	0
10.968	-0.96657164013234	0.028313957179236	376.73031366685	0
10.972	-0.96640796344177	0.03344184614161	376.73031366685	0
10.976	-0.96621715071062	0.038570880871293	376.73031366685	0
10.98	-0.9659991753639	0.043700899963141	376.73031366685	0
10.984	-0.96575401195072	0.048831741645576	376.73031366685	0
10.988	-0.96548163614912	0.053963243789939	376.73031366685	0
10.992	-0.96518202477077	0.059095243919879	376.73031366685	0
10.996	-0.96485515576553	0.064227579220806	376.73031366685	0
11	-0.96450100822607	0.069360086549435	376.73031366685	0
11.004	-0.96411956239217	0.074492602443365	376.73031366685	0
11.008	-0.96371079965516	0.07962496313073	376.73031366685	0
11.012	-0.96327470256207	0.084757004539911	376.73031366685	0
11.016	-0.96281125481985	0.089888562309299	376.73031366685	0
11.02	-0.96232044129931	0.095019471797136	376.73031366685	0
11.024	-0.96180224803915	0.10014956809139	376.73031366685	0
11.028	-0.96125666224975	0.10527868601971	376.73031366685	0
11.032	-0.96068367231696	0.11040666015938	376.73031366685	0
11.036	-0.96008326780567	0.11553332484744	376.73031366685	0
11.04	-0.95945543946341	0.12065851419072	376.73031366685	0
11.044	-0.95880017922377	0.12578206207603	376.73031366685	0
11.048	-0.95811748020973	0.13090380218035	376.73031366685	0
11.052	-0.9574073367369	0.1360235679811	376.73031366685	0
11.056	-0.95666974431661	0.14114119276642	376.73031366685	0
11.06	-0.95590469965898	0.14625650964551	376.73031366685	0
11.064	-0.95511220067581	0.15136935155906	376.73031366685	0
11.068	-0.95429224648335	0.15647955128964	376.73031366685	0
11.072	-0.95344483740508	0.16158694147221	376.73031366685	0
11.076	-0.95256997497422	0.16669135460464	376.73031366685	0
11.08	-0.95166766193625	0.17179262305823	376.73031366685	0
11.084	-0.95073790225129	0.17689057908837	376.73031366685	0
11.088	-0.94978070109632	0.18198505484514	376.73031366685	0
11.092	-0.94879606486736	0.18707588238395	376.73031366685	0
11.096	-0.94778400118153	0.19216289367633	376.73031366685	0
11.1	-0.94674451887892	0.19724592062061	376.73031366685	0
11.104	-0.94567762802443	0.2023247950527	376.73031366685	0
11.108	-0.94458333990951	0.20739934875691	376.73031366685	0
11.112	-0.94346166705366	0.21246941347676	376.73031366685	0
11.116	-0.94231262320599	0.21753482092587	376.73031366685	0
11.12	-0.94113622334652	0.22259540279883	376.73031366685	0
11.124	-0.93993248368746	0.22765099078211	376.73031366685	0
11.128	-0.93870142167431	0.23270141656501	376.73031366685	0
11.132	-0.93744305598688	0.23774651185061	376.73031366685	0
11.136	-0.93615740654018	0.24278610836673	376.73031366685	0
11.14	-0.93484449448523	0.24782003787697	376.73031366685	0
11.144	-0.93350434220967	0.2528481321917	376.73031366685	0
11.148	-0.93213697333833	0.25787022317911	376.73031366685	0
11.152	-0.93074241273367	0.26288614277624	376.73031366685	0
11.156	-0.92932068649607	0.26789572300005	376.73031366685	0
11.16	-0.927871821964	0.2728987959585	376.73031366685	0
11.164	-0.92639584771415	0.27789519386163	376.73031366685	0
11.168	-0.92489279356132	0.28288474903267	376.73031366685	0
11.172	-0.92336269055826	0.28786729391911	376.73031366685	0
11.176	-0.92180557099545	0.29284266110385	376.73031366685	0
11.18	-0.92022146840061	0.29781068331628	376.73031366685	0
11.184	-0.91861041753822	0.30277119344342	376.73031366685	0
11.188	-0.91697245440885	0.30772402454101	376.73031366685	0
11.192	-0.91530761624845	0.31266900984467	376.73031366685	0
11.196	-0.91361594152739	0.31760598278098	376.73031366685	0
11.2	-0.91189746994951	0.32253477697863	376.73031366685	0
11.204	-0.91015224245095	0.32745522627949	376.73031366685	0
11.208	-0.90838030119898	0.33236716474976	376.73031366685	0
11.212	-0.90658168959055	0.33727042669103	376.73031366685	0
11.216	-0.90475645225086	0.34216484665139	376.73031366685	0
11.22	-0.90290463503173	0.34705025943651	376.73031366685	0
11.224	-0.90102628500989	0.3519265001207	376.73031366685	0
11.228	-0.89912145048513	0.35679340405797	376.73031366685	0
11.232	-0.89719018097834	0.36165080689305	376.73031366685	0
11.236	-0.89523252722943	0.36649854457245	376.73031366685	0
11.24	-0.89324854119509	0.37133645335542	376.73031366685	0
11.244	-0.89123827604653	0.37616436982499	376.73031366685	0
11.248	-0.88920178616701	0.38098213089889	376.73031366685	0
11.252	-0.88713912714925	0.38578957384049	376.73031366685	0
11.256	-0.88505035579281	0.39058653626977	376.73031366685	0
11.26	-0.88293553010124	0.39537285617416	376.73031366685	0
11.264	-0.8807947092792	0.40014837191943	376.73031366685	0
11.268	-0.87862795372942	0.40491292226052	376.73031366685	0
11.272	-0.87643532504953	0.40966634635236	376.73031366685	0
11.276	-0.87421688602883	0.41440848376065	376.73031366685	0
11.28	-0.87197270064486	0.41913917447259	376.73031366685	0
11.284	-0.86970283405995	0.42385825890757	376.73031366685	0
11.288	-0.86740735261758	0.4285655779279	376.73031366685	0
11.292	-0.86508632383861	0.43326097284942	376.73031366685	0
11.296	-0.86273981641753	0.43794428545208	376.73031366685	0
11.3	-0.86036790021841	0.44261535799051	376.73031366685	0
11.304	-0.85797064627085	0.44727403320456	376.73031366685	0
11.308	-0.85554812676582	0.45192015432974	376.73031366685	0
11.312	-0.85310041505133	0.45655356510768	376.73031366685	0
11.316	-0.85062758562801	0.46117410979649	376.73031366685	0
11.32	-0.84812971414463	0.46578163318109	376.73031366685	0
11.324	-0.84560687739341	0.47037598058353	376.73031366685	0
11.328	-0.8430591533053	0.47495699787322	376.73031366685	0
11.332	-0.84048662094512	0.47952453147708	376.73031366685	0
11.336	-0.83788936050659	0.48407842838972	376.73031366685	0
11.34	-0.83526745330726	0.48861853618349	376.73031366685	0
11.344	-0.83262098178332	0.49314470301851	376.73031366685	0
11.348	-0.82995002948431	0.49765677765266	376.73031366685	0
11.352	-0.82725468106773	0.50215460945144	376.73031366685	0
11.356	-0.82453502229354	0.50663804839786	376.73031366685	0
11.36	-0.82179114001855	0.51110694510221	376.73031366685	0
11.364	-0.81902312219069	0.51556115081181	376.73031366685	0
11.368	-0.81623105784321	0.52000051742061	376.73031366685	0
11.372	-0.81341503708878	0.52442489747888	376.73031366685	0
11.376	-0.81057515111344	0.52883414420265	376.73031366685	0
11.38	-0.80771149217051	0.53322811148324	376.73031366685	0
11.384	-0.80482415357433	0.53760665389662	376.73031366685	0
11.388	-0.80191322969399	0.54196962671276	376.73031366685	0
11.392	-0.79897881594687	0.54631688590485	376.73031366685	0
11.396	-0.79602100879215	0.55064828815852	376.73031366685	0
11.4	-0.79303990572421	0.55496369088093	376.73031366685	0
11.404	-0.7900356052659	0.55926295220981	376.73031366685	0
11.408	-0.78700820696174	0.56354593102241	376.73031366685	0
11.412	-0.78395781137104	0.56781248694439	376.73031366685	0
11.416	-0.78088452006093	0.57206248035862	376.73031366685	0
11.42	-0.77778843559924	0.57629577241393	376.73031366685	0
11.424	-0.7746696615474	0.5805122250337	376.73031366685	0
11.428	-0.77152830245309	0.58471170092448	376.73031366685	0
11.432	-0.76836446384299	0.58889406358443	376.73031366685	0
11.436	-0.7651782522153	0.59305917731175	376.73031366685	0
11.44	-0.76196977503223	0.59720690721296	376.73031366685	0
11.444	-0.75873914071242	0.60133711921117	376.73031366685	0
11.448	-0.75548645862323	0.60544968005416	376.73031366685	0
11.452	-0.75221183907296	0.60954445732251	376.73031366685	0
11.456	-0.74891539330307	0.61362131943751	376.73031366685	0
11.46	-0.74559723348018	0.61768013566904	376.73031366685	0
11.464	-0.7422574726881	0.62172077614337	376.73031366685	0
11.468	-0.73889622491972	0.62574311185089	376.73031366685	0
11.472	-0.7355136050689	0.62974701465362	376.73031366685	0
11.476	-0.73210972892216	0.63373235729281	376.73031366685	0
11.48	-0.72868471315043	0.6376990133963	376.73031366685	0
11.484	-0.72523867530066	0.64164685748589	376.73031366685	0
11.488	-0.72177173378734	0.64557576498451	376.73031366685	0
11.492	-0.71828400788397	0.64948561222338	376.73031366685	0
11.496	-0.71477561771452	0.65337627644904	376.73031366685	0
11.5	-0.71124668424471	0.6572476358303	376.73031366685	0
11.504	-0.70769732927331	0.66109956946503	376.73031366685	0
11.508	-0.70412767542337	0.66493195738694	376.73031366685	0
11.512	-0.70053784613329	0.66874468057221	376.73031366685	0
11.516	-0.696927965648	0.67253762094599	376.73031366685	0
11.52	-0.6932981590099	0.67631066138889	376.73031366685	0
11.524	-0.68964855204986	0.68006368574328	376.73031366685	0
11.528	-0.68597927137811	0.6837965788195	376.73031366685	0
11.532	-0.68229044437508	0.68750922640204	376.73031366685	0
11.536	-0.67858219918223	0.69120151525552	376.73031366685	0
11.54	-0.67485466469271	0.69487333313062	376.73031366685	0
11.544	-0.6711079705421	0.69852456876989	376.73031366685	0
11.548	-0.66734224709905	0.70215511191348	376.73031366685	0
11.552	-0.66355762545581	0.70576485330472	376.73031366685	0
11.556	-0.65975423741879	0.70935368469561	376.73031366685	0
11.56	-0.65593221549904	0.71292149885222	376.73031366685	0
11.564	-0.6520916929027	0.71646818956	376.73031366685	0
11.568	-0.64823280352138	0.71999365162888	376.73031366685	0
11.572	-0.6443556819225	0.72349778089842	376.73031366685	0
11.576	-0.64046046333964	0.7269804742427	376.73031366685	0
11.58	-0.63654728366274	0.73044162957521	376.73031366685	0
11.584	-0.63261627942841	0.73388114585356	376.73031366685	0
11.588	-0.62866758781006	0.73729892308415	376.73031366685	0
11.592	-0.62470134660807	0.74069486232663	376.73031366685	0
11.596	-0.62071769423994	0.74406886569836	376.73031366685	0
11.6	-0.61671676973032	0.7474208363787	376.73031366685	0
11.604	-0.61269871270114	0.75075067861315	376.73031366685	0
11.608	-0.60866366336155	0.75405829771752	376.73031366685	0
11.612	-0.604611762498	0.7573436000818	376.73031366685	0
11.616	-0.60054315146414	0.76060649317408	376.73031366685	0
11.62	-0.59645797217081	0.76384688554425	376.73031366685	0
11.624	-0.59235636707594	0.76706468682768	376.73031366685	0
11.628	-0.58823847917443	0.77025980774869	376.73031366685	0
11.632	-0.58410445198803	0.77343216012401	376.73031366685	0
11.636	-0.5799544295552	0.77658165686601	376.73031366685	0
11.64	-0.57578855642096	0.77970821198598	376.73031366685	0
11.644	-0.57160697762666	0.7828117405971	376.73031366685	0
11.648	-0.56740983869981	0.78589215891747	376.73031366685	0
11.652	-0.56319728564385	0.78894938427294	376.73031366685	0
11.656	-0.55896946492793	0.79198333509985	376.73031366685	0
11.66	-0.55472652347667	0.79499393094765	376.73031366685	0
11.664	-0.55046860865989	0.79798109248142	376.73031366685	0
11.668	-0.54619586828238	0.80094474148427	376.73031366685	0
11.672	-0.54190845057358	0.80388480085963	376.73031366685	0
11.676	-0.53760650417737	0.80680119463345	376.73031366685	0
11.68	-0.53329017814172	0.80969384795621	376.73031366685	0
11.684	-0.52895962190847	0.81256268710497	376.73031366685	0
11.688	-0.52461498530298	0.81540763948513	376.73031366685	0
11.692	-0.52025641852391	0.8182286336322	376.73031366685	0
11.696	-0.51588407213286	0.82102559921344	376.73031366685	0
11.7	-0.51149809704414	0.82379846702936	376.73031366685	0
11.704	-0.50709864451447	0.82654716901512	376.73031366685	0
11.708	-0.50268586613269	0.82927163824182	376.73031366685	0
11.712	-0.4982599138095	0.83197180891773	376.73031366685	0
11.716	-0.49382093976717	0.83464761638929	376.73031366685	0
11.72	-0.48936909652934	0.83729899714216	376.73031366685	0
11.724	-0.48490453691072	0.83992588880202	376.73031366685	0
11.728	-0.48042741400685	0.84252823013534	376.73031366685	0
11.732	-0.47593788118391	0.84510596105005	376.73031366685	0
11.736	-0.47143609206851	0.84765902259604	376.73031366685	0
11.74	-0.46692220053744	0.85018735696558	376.73031366685	0
11.744	-0.46239636070757	0.85269090749371	376.73031366685	0
11.748	-0.45785872692562	0.85516961865838	376.73031366685	0
11.752	-0.45330945375804	0.8576234360806	376.73031366685	0
11.756	-0.4487486959809	0.86005230652445	376.73031366685	0
11.76	-0.44417660856978	0.86245617789698	376.73031366685	0
11.764	-0.43959334668967	0.86483499924797	376.73031366685	0
11.768	-0.43499906568494	0.86718872076969	376.73031366685	0
11.772	-0.4303939210693	0.86951729379644	376.73031366685	0
11.776	-0.42577806851577	0.87182067080406	376.73031366685	0
11.78	-0.42115166384673	0.87409880540931	376.73031366685	0
11.784	-0.41651486302397	0.87635165236916	376.73031366685	0
11.788	-0.41186782213875	0.87857916757999	376.73031366685	0
11.792	-0.40721069740192	0.88078130807663	376.73031366685	0
11.796	-0.40254364513404	0.8829580320314	376.73031366685	0
11.8	-0.39786682175559	0.88510929875297	376.73031366685	0
11.804	-0.39318038377715	0.88723506868514	376.73031366685	0
11.808	-0.38848448778964	0.88933530340554	376.73031366685	0
11.812	-0.38377929045463	0.89140996562426	376.73031366685	0
11.816	-0.37906494849462	0.89345901918228	376.73031366685	0
11.82	-0.37434161868339	0.89548242904992	376.73031366685	0
11.824	-0.36960945783644	0.89748016132515	376.73031366685	0
11.828	-0.36486862280136	0.89945218323178	376.73031366685	0
11.832	-0.36011927044835	0.9013984631176	376.73031366685	0
11.836	-0.35536155766072	0.90331897045241	376.73031366685	0
11.84	-0.35059564132545	0.90521367582593	376.73031366685	0
11.844	-0.34582167832379	0.9070825509457	376.73031366685	0
11.848	-0.34103982552192	0.90892556863478	376.73031366685	0
11.852	-0.33625023976162	0.91074270282944	376.73031366685	0
11.856	-0.33145307785105	0.91253392857676	376.73031366685	0
11.86	-0.3266484965555	0.91429922203209	376.73031366685	0
11.864	-0.32183665258826	0.91603856045646	376.73031366685	0
11.868	-0.31701770260148	0.91775192221393	376.73031366685	0
11.872	-0.31219180317715	0.91943928676876	376.73031366685	0
11.876	-0.30735911081802	0.92110063468263	376.73031366685	0
11.88	-0.30251978193874	0.92273594761165	376.73031366685	0
11.884	-0.29767397285686	0.92434520830339	376.73031366685	0
11.888	-0.29282183978404	0.92592840059372	376.73031366685	0
11.892	-0.28796353881723	0.9274855094037	376.73031366685	0
11.896	-0.28309922592994	0.92901652073627	376.73031366685	0
11.9	-0.27822905696355	0.93052142167295	376.73031366685	0
11.904	-0.27335318761869	0.93200020037038	376.73031366685	0
11.908	-0.26847177344666	0.93345284605685	376.73031366685	0
11.912	-0.26358496984092	0.93487934902876	376.73031366685	0
11.916	-0.25869293202867	0.93627970064691	376.73031366685	0
11.92	-0.2537958150624	0.93765389333284	376.73031366685	0
11.924	-0.24889377381162	0.939001920565	376.73031366685	0
11.928	-0.24398696295455	0.9403237768749	376.73031366685	0
11.932	-0.23907553696992	0.94161945784319	376.73031366685	0
11.936	-0.23415965012884	0.9428889600956	376.73031366685	0
11.94	-0.22923945648672	0.94413228129893	376.73031366685	0
11.944	-0.22431510987523	0.94534942015687	376.73031366685	0
11.948	-0.21938676389434	0.94654037640576	376.73031366685	0
11.952	-0.21445457190448	0.94770515081039	376.73031366685	0
11.956	-0.20951868701866	0.94884374515955	376.73031366685	0
11.96	-0.20457926209477	0.94995616226172	376.73031366685	0
11.964	-0.19963644972782	0.95104240594054	376.73031366685	0
11.968	-0.19469040224239	0.95210248103027	376.73031366685	0
11.972	-0.18974127168501	0.95313639337123	376.73031366685	0
11.976	-0.18478920981672	0.9541441498051	376.73031366685	0
11.98	-0.17983436810563	0.95512575817025	376.73031366685	0
11.984	-0.17487689771956	0.95608122729691	376.73031366685	0
11.988	-0.16991694951879	0.95701056700237	376.73031366685	0
11.992	-0.16495467404881	0.95791378808607	376.73031366685	0
11.996	-0.15999022153321	0.95879090232468	376.73031366685	0
12	-0.15502374186661	0.95964192246708	376.73031366685	0

Curvelabel          = SZmax(1),Zmax(1)_(3)
Filename            = ^cSZmax(1)Zmax(1).sig
Npoints             = 1001
Type                = 8
Subtype             = 16
Result type         = complex:none;impedance
View type           = Cartesian
Plot type           = Magnitude dB
Parameters          = {C_off=0.16; C_on_approx=1000; Cx=1000; Cy=1000; L1=2.9; L_diode=0.45; Lpin=0.45; R1=2.5; R_off=10; R_on=1; Rx=1; Ry=1; S1=0.3; W1=6; W2=5.3; alpha1=60; antipad_d=0.8; bias_w=0.2; common_return_y=2; eps_bond=3.52; eps_f4bm=2.65; eps_fr4=4.4; fmax=12; fmin=8; h1=3; h2=0.5; hbond=0.1; p=15; phi=0; phi_inc=0; pin_inset=0.02; sigma_cu=5.8e+07; tand_bond=0.004; tand_f4bm=0.003; tand_fr4=0.02; tcu=0.035; theta=0; theta_inc=0; via_d=0.3}
Data/Title          = S-Parameters
X/Label             = Frequency
X/Unit              = GHz
Y/Unit              = 
Y/Logfactor         = 20
Plot/wrapHeuristics = 0

8	0.81398667412542	0.40674380117631	376.73031366685	0
8.004	0.81886820760929	0.39993846292594	376.73031366685	0
8.008	0.82362799513027	0.39312498301194	376.73031366685	0
8.012	0.82826794348419	0.3863054287857	376.73031366685	0
8.016	0.83278995977415	0.37948177625137	376.73031366685	0
8.02	0.8371959488715	0.37265591275401	376.73031366685	0
8.024	0.84148781105483	0.36582963965628	376.73031366685	0
8.028	0.84566743981901	0.35900467499714	376.73031366685	0
8.032	0.84973671984678	0.35218265612719	376.73031366685	0
8.036	0.85369752513526	0.34536514231533	376.73031366685	0
8.04	0.85755171726999	0.33855361732256	376.73031366685	0
8.044	0.86130114383932	0.33174949193868	376.73031366685	0
8.048	0.86494763698194	0.32495410647858	376.73031366685	0
8.052	0.86849301206092	0.31816873323493	376.73031366685	0
8.056	0.87193906645729	0.31139457888483	376.73031366685	0
8.06	0.87528757847698	0.30463278684792	376.73031366685	0
8.064	0.87854030636463	0.29788443959436	376.73031366685	0
8.068	0.88169898741839	0.29115056090081	376.73031366685	0
8.072	0.88476533719984	0.28443211805346	376.73031366685	0
8.076	0.88774104883342	0.27773002399691	376.73031366685	0
8.08	0.89062779239002	0.27104513942817	376.73031366685	0
8.084	0.89342721434957	0.26437827483554	376.73031366685	0
8.088	0.89614093713773	0.25773019248169	376.73031366685	0
8.092	0.8987705587319	0.25110160833122	376.73031366685	0
8.096	0.90131765233207	0.2444931939225	376.73031366685	0
8.1	0.90378376609224	0.23790557818418	376.73031366685	0
8.104	0.90617042290838	0.23133934919666	376.73031366685	0
8.108	0.90847912025875	0.22479505589907	376.73031366685	0
8.112	0.91071133009329	0.21827320974229	376.73031366685	0
8.116	0.91286849876828	0.21177428628875	376.73031366685	0
8.12	0.91495204702294	0.20529872675984	376.73031366685	0
8.124	0.91696336999508	0.19884693953172	376.73031366685	0
8.128	0.9189038372724	0.19241930158041	376.73031366685	0
8.132	0.92077479297701	0.18601615987724	376.73031366685	0
8.136	0.92257755588026	0.1796378327357	376.73031366685	0
8.14	0.9243134195454	0.17328461111062	376.73031366685	0
8.144	0.92598365249585	0.1669567598508	376.73031366685	0
8.148	0.92758949840651	0.16065451890637	376.73031366685	0
8.152	0.92913217631656	0.15437810449178	376.73031366685	0
8.156	0.9306128808611	0.14812771020571	376.73031366685	0
8.16	0.93203278252027	0.1419035081091	376.73031366685	0
8.164	0.93339302788406	0.13570564976223	376.73031366685	0
8.168	0.93469473993084	0.12953426722232	376.73031366685	0
8.172	0.93593901831852	0.12338947400254	376.73031366685	0
8.176	0.9371269396866	0.11727136599377	376.73031366685	0
8.18	0.93825955796797	0.11118002235009	376.73031366685	0
8.184	0.93933790470902	0.10511550633926	376.73031366685	0
8.188	0.94036298939721	0.099077866159234	376.73031366685	0
8.192	0.94133579979456	0.093067135721847	376.73031366685	0
8.196	0.94225730227659	0.087083335404656	376.73031366685	0
8.2	0.94312844217531	0.081126472772184	376.73031366685	0
8.204	0.94395014412568	0.075196543267408	376.73031366685	0
8.208	0.94472331241469	0.06929353087456	376.73031366685	0
8.212	0.94544883133213	0.063417408754441	376.73031366685	0
8.216	0.9461275655227	0.05756813985287	376.73031366685	0
8.22	0.94676036033848	0.051745677483473	376.73031366685	0
8.224	0.9473480421915	0.045949965885738	376.73031366685	0
8.228	0.94789141890552	0.04018094075905	376.73031366685	0
8.232	0.94839128006692	0.034438529773786	376.73031366685	0
8.236	0.9488483973739	0.028722653060222	376.73031366685	0
8.24	0.94926352498387	0.023033223676097	376.73031366685	0
8.244	0.94963739985837	0.017370148053654	376.73031366685	0
8.248	0.94997074210548	0.011733326426924	376.73031366685	0
8.252	0.95026425531916	0.0061226532400319	376.73031366685	0
8.256	0.9505186269154	0.00053801753724136	376.73031366685	0
8.26	0.95073452846488	-0.0050206966645636	376.73031366685	0
8.264	0.95091261602183	-0.010553610020237	376.73031366685	0
8.268	0.95105353044915	-0.016060847516919	376.73031366685	0
8.272	0.95115789773919	-0.02154253815012	376.73031366685	0
8.276	0.95122632933054	-0.026998814614792	376.73031366685	0
8.28	0.95125942242023	-0.032429813010645	376.73031366685	0
8.284	0.95125776027159	-0.037835672561283	376.73031366685	0
8.288	0.95122191251736	-0.043216535346459	376.73031366685	0
8.292	0.95115243545824	-0.048572546047034	376.73031366685	0
8.296	0.95104987235661	-0.053903851702046	376.73031366685	0
8.3	0.95091475372546	-0.059210601477368	376.73031366685	0
8.304	0.95074759761243	-0.064492946445581	376.73031366685	0
8.308	0.95054890987905	-0.069751039376453	376.73031366685	0
8.312	0.95031918447496	-0.074985034537682	376.73031366685	0
8.316	0.95005890370724	-0.080195087505423	376.73031366685	0
8.32	0.94976853850485	-0.085381354984208	376.73031366685	0
8.324	0.94944854867813	-0.090543994635828	376.73031366685	0
8.328	0.9490993831733	-0.095683164916793	376.73031366685	0
8.332	0.94872148032223	-0.10079902492409	376.73031366685	0
8.336	0.94831526808721	-0.10589173424872	376.73031366685	0
8.34	0.94788116430093	-0.11096145283678	376.73031366685	0
8.344	0.94741957690166	-0.11600834085781	376.73031366685	0
8.348	0.9469309041637	-0.1210325585799	376.73031366685	0
8.352	0.94641553492307	-0.12603426625151	376.73031366685	0
8.356	0.94587384879854	-0.1310136239894	376.73031366685	0
8.36	0.94530621640808	-0.13597079167275	376.73031366685	0
8.364	0.9447129995808	-0.14090592884283	376.73031366685	0
8.368	0.94409455156422	-0.14581919460827	376.73031366685	0
8.372	0.94345121722738	-0.15071074755545	376.73031366685	0
8.376	0.94278333325927	-0.15558074566398	376.73031366685	0
8.38	0.94209122836326	-0.16042934622678	376.73031366685	0
8.384	0.94137522344706	-0.16525670577482	376.73031366685	0
8.388	0.94063563180861	-0.17006298000606	376.73031366685	0
8.392	0.9398727593179	-0.17484832371859	376.73031366685	0
8.396	0.93908690459473	-0.17961289074758	376.73031366685	0
8.4	0.93827835918251	-0.18435683390602	376.73031366685	0
8.404	0.93744740771816	-0.18908030492894	376.73031366685	0
8.408	0.93659432809832	-0.19378345442103	376.73031366685	0
8.412	0.93571939164168	-0.19846643180736	376.73031366685	0
8.416	0.93482286324777	-0.20312938528722	376.73031366685	0
8.42	0.93390500155216	-0.20777246179071	376.73031366685	0
8.424	0.93296605907809	-0.21239580693814	376.73031366685	0
8.428	0.93200628238477	-0.21699956500191	376.73031366685	0
8.432	0.93102591221231	-0.22158387887075	376.73031366685	0
8.436	0.9300251836234	-0.22614889001641	376.73031366685	0
8.44	0.92900432614178	-0.23069473846227	376.73031366685	0
8.444	0.92796356388766	-0.23522156275405	376.73031366685	0
8.448	0.92690311571012	-0.23972949993244	376.73031366685	0
8.452	0.92582319531658	-0.24421868550731	376.73031366685	0
8.456	0.92472401139942	-0.24868925343373	376.73031366685	0
8.46	0.92360576775989	-0.25314133608933	376.73031366685	0
8.464	0.92246866342933	-0.2575750642531	376.73031366685	0
8.468	0.92131289278785	-0.26199056708546	376.73031366685	0
8.472	0.92013864568057	-0.2663879721094	376.73031366685	0
8.476	0.91894610753144	-0.27076740519279	376.73031366685	0
8.48	0.91773545945488	-0.27512899053134	376.73031366685	0
8.484	0.91650687836528	-0.27947285063267	376.73031366685	0
8.488	0.9152605370844	-0.28379910630077	376.73031366685	0
8.492	0.91399660444704	-0.28810787662122	376.73031366685	0
8.496	0.91271524540482	-0.29239927894672	376.73031366685	0
8.5	0.91141662112847	-0.29667342888304	376.73031366685	0
8.504	0.9101008891086	-0.30093044027513	376.73031366685	0
8.508	0.9087682032553	-0.30517042519334	376.73031366685	0
8.512	0.90741871399663	-0.30939349391959	376.73031366685	0
8.516	0.90605256837628	-0.31359975493345	376.73031366685	0
8.52	0.90466991015062	-0.31778931489786	376.73031366685	0
8.524	0.90327087988544	-0.32196227864457	376.73031366685	0
8.528	0.90185561505261	-0.32611874915901	376.73031366685	0
8.532	0.90042425012708	-0.33025882756457	376.73031366685	0
8.536	0.89897691668452	-0.33438261310619	376.73031366685	0
8.54	0.8975137435001	-0.33849020313312	376.73031366685	0
8.544	0.89603485664885	-0.34258169308077	376.73031366685	0
8.548	0.89454037960813	-0.3466571764516	376.73031366685	0
8.552	0.89303043336297	-0.35071674479512	376.73031366685	0
8.556	0.89150513651479	-0.35476048768675	376.73031366685	0
8.56	0.88996460539452	-0.35878849270582	376.73031366685	0
8.564	0.88840895418098	-0.36280084541277	376.73031366685	0
8.568	0.88683829502552	-0.36679762932561	376.73031366685	0
8.572	0.88525273818429	-0.37077892589616	376.73031366685	0
8.576	0.88365239215943	-0.37474481448633	376.73031366685	0
8.58	0.8820373638508	-0.37869537234515	376.73031366685	0
8.584	0.88040775872005	-0.38263067458747	376.73031366685	0
8.588	0.87876368096908	-0.38655079417531	376.73031366685	0
8.592	0.87710523373521	-0.39045580190363	376.73031366685	0
8.596	0.8754325193055	-0.3943457663924	376.73031366685	0
8.6	0.87374563935316	-0.39822075408765	376.73031366685	0
8.604	0.87204469519915	-0.40208082927495	376.73031366685	0
8.608	0.87032978810214	-0.4059260541096	376.73031366685	0
8.612	0.86860101958049	-0.40975648866929	376.73031366685	0
8.616	0.86685849176951	-0.41357219103608	376.73031366685	0
8.62	0.86510230781768	-0.41737321741678	376.73031366685	0
8.624	0.86333257232438	-0.42115962231268	376.73031366685	0
8.628	0.86154939182153	-0.42493145875258	376.73031366685	0
8.632	0.85975287529938	-0.42868877860586	376.73031366685	0
8.636	0.85794313477489	-0.43243163299634	376.73031366685	0
8.64	0.85612028589713	-0.43616007284154	376.73031366685	0
8.644	0.8542844485793	-0.43987414954667	376.73031366685	0
8.648	0.85243574763934	-0.44357391588701	376.73031366685	0
8.652	0.85057431342113	-0.44725942711692	376.73031366685	0
8.656	0.8487002823547	-0.45093074234651	376.73031366685	0
8.66	0.84681379739625	-0.45458792622807	376.73031366685	0
8.664	0.84491500826598	-0.45823105099104	376.73031366685	0
8.668	0.84300407137502	-0.46186019885451	376.73031366685	0
8.672	0.84108114930065	-0.46547546482649	376.73031366685	0
8.676	0.8391464096353	-0.46907695986588	376.73031366685	0
8.68	0.83720002300272	-0.47266481433021	376.73031366685	0
8.684	0.83524216001076	-0.47623918155738	376.73031366685	0
8.688	0.83327298690721	-0.47980024132755	376.73031366685	0
8.692	0.83129265973618	-0.48334820282501	376.73031366685	0
8.696	0.82930131687884	-0.48688330657686	376.73031366685	0
8.7	0.8272990700229	-0.49040582470502	376.73031366685	0
8.704	0.82528599385545	-0.49391605872652	376.73031366685	0
8.708	0.82326211511442	-0.49741433412352	376.73031366685	0
8.712	0.82122740203662	-0.5009009910411	376.73031366685	0
8.716	0.81918175564022	-0.50437637081342	376.73031366685	0
8.72	0.81712500456448	-0.50784079859478	376.73031366685	0
8.724	0.8150569052231	-0.51129456314449	376.73031366685	0
8.728	0.81297714867787	-0.51473789566066	376.73031366685	0
8.732	0.81088537484722	-0.51817095026667	376.73031366685	0
8.736	0.80878119349732	-0.52159378907272	376.73031366685	0
8.74	0.8066642101481	-0.52500637445663	376.73031366685	0
8.744	0.80453405390274	-0.52840857027551	376.73031366685	0
8.748	0.80239040362865	-0.5318001522883	376.73031366685	0
8.752	0.80023300909329	-0.53518082648741	376.73031366685	0
8.756	0.79806170457181	-0.53855025272758	376.73031366685	0
8.76	0.79587641383772	-0.54190807034134	376.73031366685	0
8.764	0.79367714692972	-0.54525392247259	376.73031366685	0
8.768	0.79146399028366	-0.54858747653725	376.73031366685	0
8.772	0.78923709249757	-0.55190843925988	376.73031366685	0
8.776	0.78699664812026	-0.5552165658265	376.73031366685	0
8.78	0.78474288153695	-0.55851166358856	376.73031366685	0
8.784	0.78247603245901	-0.56179359132685	376.73031366685	0
8.788	0.78019634389895	-0.56506225532685	376.73031366685	0
8.792	0.77790405295955	-0.56831760349861	376.73031366685	0
8.796	0.77559938435789	-0.57155961859017	376.73031366685	0
8.8	0.77328254635235	-0.57478831128879	376.73031366685	0
8.804	0.77095372862237	-0.57800371374378	376.73031366685	0
8.808	0.76861310162955	-0.58120587382083	376.73031366685	0
8.812	0.76626081702798	-0.58439485022514	376.73031366685	0
8.816	0.76389700876075	-0.58757070851063	376.73031366685	0
8.82	0.76152179455742	-0.59073351791855	376.73031366685	0
8.824	0.75913527762122	-0.59388334894866	376.73031366685	0
8.828	0.75673754835782	-0.59702027155088	376.73031366685	0
8.832	0.75432868604838	-0.60014435382526	376.73031366685	0
8.836	0.75190876040791	-0.60325566112703	376.73031366685	0
8.84	0.74947783299785	-0.60635425548681	376.73031366685	0
8.844	0.74703595848067	-0.60944019527039	376.73031366685	0
8.848	0.7445831857172	-0.61251353501637	376.73031366685	0
8.852	0.74211955871471	-0.61557432540284	376.73031366685	0
8.856	0.7396451174384	-0.61862261330474	376.73031366685	0
8.86	0.73715989850043	-0.62165844191258	376.73031366685	0
8.864	0.73466393574158	-0.6246818508906	376.73031366685	0
8.868	0.73215726071958	-0.62769287655791	376.73031366685	0
8.872	0.72963990311747	-0.63069155208085	376.73031366685	0
8.876	0.72711189108387	-0.63367790766808	376.73031366685	0
8.88	0.7245732515156	-0.63665197076268	376.73031366685	0
8.884	0.722024010292	-0.6396137662272	376.73031366685	0
8.888	0.71946419246861	-0.64256331651947	376.73031366685	0
8.892	0.71689382243701	-0.6455006418576	376.73031366685	0
8.896	0.71431292405663	-0.64842576037345	376.73031366685	0
8.9	0.71172152076303	-0.65133868825473	376.73031366685	0
8.904	0.70911963565702	-0.65423943987564	376.73031366685	0
8.908	0.70650729157765	-0.65712802791667	376.73031366685	0
8.912	0.70388451116212	-0.66000446347418	376.73031366685	0
8.916	0.70125131689478	-0.66286875616034	376.73031366685	0
8.92	0.6986077311472	-0.66572091419423	376.73031366685	0
8.924	0.69595377621092	-0.66856094448479	376.73031366685	0
8.928	0.69328947432421	-0.67138885270633	376.73031366685	0
8.932	0.69061484769386	-0.67420464336721	376.73031366685	0
8.936	0.687929918513	-0.67700831987247	376.73031366685	0
8.94	0.68523470897563	-0.67979988458077	376.73031366685	0
8.944	0.68252924128849	-0.68257933885641	376.73031366685	0
8.948	0.67981353768079	-0.68534668311675	376.73031366685	0
8.952	0.67708762041216	-0.68810191687557	376.73031366685	0
8.956	0.67435151177928	-0.69084503878276	376.73031366685	0
8.96	0.67160523412125	-0.69357604666066	376.73031366685	0
8.964	0.66884880982422	-0.6962949375375	376.73031366685	0
8.968	0.66608226132522	-0.69900170767806	376.73031366685	0
8.972	0.66330561111547	-0.701696352612	376.73031366685	0
8.976	0.6605188817432	-0.70437886716	376.73031366685	0
8.98	0.65772209581626	-0.70704924545789	376.73031366685	0
8.984	0.65491527600437	-0.70970748097912	376.73031366685	0
8.988	0.65209844504121	-0.71235356655553	376.73031366685	0
8.992	0.64927162572643	-0.71498749439677	376.73031366685	0
8.996	0.64643484092751	-0.71760925610839	376.73031366685	0
9	0.64358811358161	-0.72021884270874	376.73031366685	0
9.004	0.64073146669736	-0.72281624464486	376.73031366685	0
9.008	0.63786492335661	-0.72540145180733	376.73031366685	0
9.012	0.63498850671629	-0.72797445354437	376.73031366685	0
9.016	0.63210224001017	-0.73053523867498	376.73031366685	0
9.02	0.62920614655071	-0.73308379550152	376.73031366685	0
9.024	0.6263002497309	-0.73562011182156	376.73031366685	0
9.028	0.62338457302618	-0.7381441749391	376.73031366685	0
9.032	0.62045913999636	-0.74065597167529	376.73031366685	0
9.036	0.61752397428758	-0.74315548837869	376.73031366685	0
9.04	0.61457909963431	-0.74564271093495	376.73031366685	0
9.044	0.61162453986139	-0.74811762477618	376.73031366685	0
9.048	0.60866031888612	-0.75058021488991	376.73031366685	0
9.052	0.6056864607203	-0.75303046582764	376.73031366685	0
9.056	0.60270298947242	-0.75546836171314	376.73031366685	0
9.06	0.59970992934979	-0.75789388625039	376.73031366685	0
9.064	0.59670730466071	-0.76030702273126	376.73031366685	0
9.068	0.59369513981669	-0.76270775404298	376.73031366685	0
9.072	0.59067345933463	-0.76509606267523	376.73031366685	0
9.076	0.5876422878391	-0.76747193072722	376.73031366685	0
9.08	0.58460165006454	-0.76983533991433	376.73031366685	0
9.084	0.58155157085755	-0.77218627157475	376.73031366685	0
9.088	0.57849207517913	-0.77452470667582	376.73031366685	0
9.092	0.57542318810696	-0.77685062582024	376.73031366685	0
9.096	0.57234493483766	-0.77916400925214	376.73031366685	0
9.1	0.56925734068907	-0.78146483686297	376.73031366685	0
9.104	0.5661604311025	-0.78375308819728	376.73031366685	0
9.108	0.56305423164505	-0.78602874245831	376.73031366685	0
9.112	0.55993876801182	-0.78829177851353	376.73031366685	0
9.116	0.55681406602816	-0.79054217490002	376.73031366685	0
9.12	0.55368015165198	-0.79277990982977	376.73031366685	0
9.124	0.55053705097593	-0.79500496119479	376.73031366685	0
9.128	0.54738479022965	-0.79721730657226	376.73031366685	0
9.132	0.544223395782	-0.79941692322945	376.73031366685	0
9.136	0.54105289414322	-0.80160378812863	376.73031366685	0
9.14	0.53787331196719	-0.80377787793187	376.73031366685	0
9.144	0.53468467605353	-0.80593916900574	376.73031366685	0
9.148	0.53148701334982	-0.80808763742596	376.73031366685	0
9.152	0.52828035095372	-0.81022325898199	376.73031366685	0
9.156	0.52506471611507	-0.81234600918146	376.73031366685	0
9.16	0.52184013623807	-0.81445586325464	376.73031366685	0
9.164	0.51860663888331	-0.81655279615878	376.73031366685	0
9.168	0.51536425176984	-0.81863678258238	376.73031366685	0
9.172	0.5121130027773	-0.82070779694945	376.73031366685	0
9.176	0.50885291994787	-0.82276581342364	376.73031366685	0
9.18	0.50558403148833	-0.8248108059124	376.73031366685	0
9.184	0.50230636577208	-0.82684274807096	376.73031366685	0
9.188	0.49901995134105	-0.82886161330641	376.73031366685	0
9.192	0.49572481690774	-0.8308673747816	376.73031366685	0
9.196	0.4924209913571	-0.83286000541903	376.73031366685	0
9.2	0.48910850374849	-0.83483947790473	376.73031366685	0
9.204	0.48578738331754	-0.83680576469204	376.73031366685	0
9.208	0.48245765947807	-0.83875883800537	376.73031366685	0
9.212	0.47911936182393	-0.8406986698439	376.73031366685	0
9.216	0.47577252013086	-0.84262523198525	376.73031366685	0
9.22	0.47241716435827	-0.84453849598913	376.73031366685	0
9.224	0.46905332465111	-0.84643843320086	376.73031366685	0
9.228	0.46568103134159	-0.84832501475497	376.73031366685	0
9.232	0.46230031495099	-0.85019821157867	376.73031366685	0
9.236	0.45891120619138	-0.85205799439534	376.73031366685	0
9.24	0.45551373596736	-0.8539043337279	376.73031366685	0
9.244	0.45210793537777	-0.85573719990228	376.73031366685	0
9.248	0.44869383571738	-0.85755656305072	376.73031366685	0
9.252	0.44527146847856	-0.8593623931151	376.73031366685	0
9.256	0.44184086535293	-0.86115465985022	376.73031366685	0
9.26	0.43840205823302	-0.86293333282709	376.73031366685	0
9.264	0.43495507921389	-0.8646983814361	376.73031366685	0
9.268	0.43149996059469	-0.86644977489024	376.73031366685	0
9.272	0.42803673488032	-0.86818748222826	376.73031366685	0
9.276	0.42456543478295	-0.86991147231778	376.73031366685	0
9.28	0.42108609322358	-0.8716217138584	376.73031366685	0
9.284	0.41759874333361	-0.87331817538477	376.73031366685	0
9.288	0.41410341845633	-0.87500082526964	376.73031366685	0
9.292	0.41060015214846	-0.87666963172685	376.73031366685	0
9.296	0.40708897818162	-0.87832456281435	376.73031366685	0
9.3	0.40356993054383	-0.87996558643713	376.73031366685	0
9.304	0.40004304344098	-0.88159267035017	376.73031366685	0
9.308	0.39650835129825	-0.88320578216137	376.73031366685	0
9.312	0.39296588876158	-0.88480488933441	376.73031366685	0
9.316	0.38941569069908	-0.8863899591916	376.73031366685	0
9.32	0.38585779220246	-0.88796095891676	376.73031366685	0
9.324	0.38229222858841	-0.88951785555799	376.73031366685	0
9.328	0.37871903540001	-0.89106061603051	376.73031366685	0
9.332	0.37513824840808	-0.89258920711939	376.73031366685	0
9.336	0.37154990361255	-0.89410359548232	376.73031366685	0
9.34	0.36795403724385	-0.89560374765234	376.73031366685	0
9.344	0.36435068576418	-0.89708963004052	376.73031366685	0
9.348	0.3607398858689	-0.89856120893869	376.73031366685	0
9.352	0.35712167448784	-0.90001845052209	376.73031366685	0
9.356	0.35349608878659	-0.90146132085199	376.73031366685	0
9.36	0.34986316616781	-0.90288978587839	376.73031366685	0
9.364	0.3462229442725	-0.90430381144256	376.73031366685	0
9.368	0.34257546098133	-0.90570336327966	376.73031366685	0
9.372	0.33892075441587	-0.90708840702135	376.73031366685	0
9.376	0.33525886293985	-0.9084589081983	376.73031366685	0
9.38	0.33158982516044	-0.90981483224276	376.73031366685	0
9.384	0.32791367992946	-0.91115614449109	376.73031366685	0
9.388	0.32423046634465	-0.91248281018627	376.73031366685	0
9.392	0.3205402237509	-0.9137947944804	376.73031366685	0
9.396	0.31684299174141	-0.91509206243715	376.73031366685	0
9.4	0.31313881015901	-0.91637457903429	376.73031366685	0
9.404	0.30942771909726	-0.91764230916609	376.73031366685	0
9.408	0.30570975890172	-0.91889521764578	376.73031366685	0
9.412	0.30198497017111	-0.92013326920799	376.73031366685	0
9.416	0.2982533937585	-0.92135642851115	376.73031366685	0
9.42	0.29451507077252	-0.9225646601399	376.73031366685	0
9.424	0.29077004257847	-0.92375792860746	376.73031366685	0
9.428	0.28701835079957	-0.92493619835805	376.73031366685	0
9.432	0.28326003731806	-0.92609943376922	376.73031366685	0
9.436	0.27949514427637	-0.92724759915423	376.73031366685	0
9.44	0.2757237140783	-0.92838065876438	376.73031366685	0
9.444	0.27194578939014	-0.92949857679136	376.73031366685	0
9.448	0.26816141314181	-0.93060131736957	376.73031366685	0
9.452	0.26437062852803	-0.93168884457846	376.73031366685	0
9.456	0.26057347900941	-0.93276112244479	376.73031366685	0
9.46	0.25677000831361	-0.93381811494498	376.73031366685	0
9.464	0.25296026043645	-0.93485978600738	376.73031366685	0
9.468	0.24914427964305	-0.93588609951457	376.73031366685	0
9.472	0.24532211046892	-0.93689701930559	376.73031366685	0
9.476	0.24149379772108	-0.93789250917829	376.73031366685	0
9.48	0.23765938647921	-0.93887253289151	376.73031366685	0
9.484	0.23381892209669	-0.93983705416742	376.73031366685	0
9.488	0.22997245020177	-0.94078603669369	376.73031366685	0
9.492	0.22612001669861	-0.94171944412579	376.73031366685	0
9.496	0.22226166776842	-0.94263724008921	376.73031366685	0
9.5	0.21839744987057	-0.94353938818171	376.73031366685	0
9.504	0.21452740974361	-0.94442585197554	376.73031366685	0
9.508	0.21065159440644	-0.94529659501966	376.73031366685	0
9.512	0.20677005115935	-0.94615158084197	376.73031366685	0
9.516	0.20288282758514	-0.94699077295155	376.73031366685	0
9.52	0.19898997155017	-0.94781413484085	376.73031366685	0
9.524	0.19509153120544	-0.9486216299879	376.73031366685	0
9.528	0.19118755498773	-0.94941322185855	376.73031366685	0
9.532	0.18727809162059	-0.95018887390866	376.73031366685	0
9.536	0.18336319011549	-0.9509485495863	376.73031366685	0
9.54	0.17944289977285	-0.95169221233399	376.73031366685	0
9.544	0.17551727018314	-0.95241982559086	376.73031366685	0
9.548	0.17158635122793	-0.95313135279488	376.73031366685	0
9.552	0.16765019308097	-0.95382675738508	376.73031366685	0
9.556	0.16370884620926	-0.95450600280373	376.73031366685	0
9.56	0.15976236137413	-0.95516905249854	376.73031366685	0
9.564	0.15581078963227	-0.95581586992487	376.73031366685	0
9.568	0.15185418233683	-0.95644641854797	376.73031366685	0
9.572	0.14789259113847	-0.95706066184513	376.73031366685	0
9.576	0.14392606798643	-0.95765856330795	376.73031366685	0
9.58	0.13995466512957	-0.95824008644449	376.73031366685	0
9.584	0.13597843511746	-0.95880519478154	376.73031366685	0
9.588	0.13199743080142	-0.95935385186679	376.73031366685	0
9.592	0.12801170533558	-0.95988602127109	376.73031366685	0
9.596	0.12402131217797	-0.96040166659063	376.73031366685	0
9.6	0.12002630509152	-0.96090075144922	376.73031366685	0
9.604	0.11602673814514	-0.96138323950045	376.73031366685	0
9.608	0.11202266571482	-0.96184909443001	376.73031366685	0
9.612	0.1080141424846	-0.96229827995785	376.73031366685	0
9.616	0.1040012234477	-0.96273075984047	376.73031366685	0
9.62	0.099983963907508	-0.96314649787316	376.73031366685	0
9.624	0.095962419478694	-0.96354545789226	376.73031366685	0
9.628	0.091936646088211	-0.96392760377741	376.73031366685	0
9.632	0.087906699976361	-0.96429289945381	376.73031366685	0
9.636	0.083872637697848	-0.96464130889452	376.73031366685	0
9.64	0.079834516122813	-0.96497279612275	376.73031366685	0
9.644	0.075792392437897	-0.96528732521408	376.73031366685	0
9.648	0.071746324147266	-0.96558486029884	376.73031366685	0
9.652	0.067696369073664	-0.96586536556437	376.73031366685	0
9.656	0.06364258535946	-0.96612880525733	376.73031366685	0
9.66	0.059585031467675	-0.96637514368604	376.73031366685	0
9.664	0.055523766183032	-0.9666043452228	376.73031366685	0
9.668	0.05145884861299	-0.9668163743062	376.73031366685	0
9.672	0.047390338188778	-0.96701119544355	376.73031366685	0
9.676	0.043318294666437	-0.96718877321314	376.73031366685	0
9.68	0.039242778127839	-0.96734907226667	376.73031366685	0
9.684	0.03516384898173	-0.9674920573316	376.73031366685	0
9.688	0.031081567964752	-0.96761769321357	376.73031366685	0
9.692	0.026995996142476	-0.96772594479876	376.73031366685	0
9.696	0.022907194910418	-0.96781677705633	376.73031366685	0
9.7	0.018815225995067	-0.96789015504083	376.73031366685	0
9.704	0.0147201514549	-0.96794604389465	376.73031366685	0
9.708	0.010622033681411	-0.96798440885043	376.73031366685	0
9.712	0.0065209354001097	-0.96800521523358	376.73031366685	0
9.716	0.002416919671543	-0.9680084284647	376.73031366685	0
9.72	-0.001689950107699	-0.96799401406208	376.73031366685	0
9.724	-0.0057996102039724	-0.9679619376442	376.73031366685	0
9.728	-0.0099119965455848	-0.96791216493226	376.73031366685	0
9.732	-0.014027044721791	-0.96784466175269	376.73031366685	0
9.736	-0.0181446899818	-0.96775939403967	376.73031366685	0
9.74	-0.022264867233776	-0.96765632783774	376.73031366685	0
9.744	-0.026387511043861	-0.96753542930431	376.73031366685	0
9.748	-0.030512555635183	-0.96739666471228	376.73031366685	0
9.752	-0.034639934886881	-0.96724000045265	376.73031366685	0
9.756	-0.03876958233312	-0.96706540303711	376.73031366685	0
9.76	-0.042901431162135	-0.96687283910067	376.73031366685	0
9.764	-0.047035414215255	-0.96666227540433	376.73031366685	0
9.768	-0.051171463985944	-0.96643367883775	376.73031366685	0
9.772	-0.055309512618841	-0.96618701642189	376.73031366685	0
9.776	-0.059449491908821	-0.96592225531177	376.73031366685	0
9.78	-0.06359133330004	-0.96563936279912	376.73031366685	0
9.784	-0.067734967885003	-0.96533830631517	376.73031366685	0
9.788	-0.071880326403621	-0.96501905343337	376.73031366685	0
9.792	-0.076027339242298	-0.96468157187216	376.73031366685	0
9.796	-0.080175936433003	-0.96432582949778	376.73031366685	0
9.8	-0.084326047652362	-0.96395179432705	376.73031366685	0
9.804	-0.088477602220743	-0.96355943453022	376.73031366685	0
9.808	-0.092630529101369	-0.96314871843379	376.73031366685	0
9.812	-0.09678475689942	-0.9627196145234	376.73031366685	0
9.816	-0.10094021386116	-0.96227209144668	376.73031366685	0
9.82	-0.10509682787303	-0.9618061180162	376.73031366685	0
9.824	-0.10925452646083	-0.96132166321235	376.73031366685	0
9.828	-0.11341323678884	-0.96081869618629	376.73031366685	0
9.832	-0.11757288565896	-0.96029718626296	376.73031366685	0
9.836	-0.12173339950985	-0.95975710294398	376.73031366685	0
9.84	-0.12589470441619	-0.95919841591076	376.73031366685	0
9.844	-0.13005672608774	-0.95862109502742	376.73031366685	0
9.848	-0.13421938986864	-0.95802511034394	376.73031366685	0
9.852	-0.13838262073652	-0.95741043209914	376.73031366685	0
9.856	-0.14254634330177	-0.95677703072384	376.73031366685	0
9.86	-0.14671048180675	-0.95612487684395	376.73031366685	0
9.864	-0.15087496012502	-0.95545394128358	376.73031366685	0
9.868	-0.15503970176057	-0.95476419506824	376.73031366685	0
9.872	-0.15920462984711	-0.95405560942802	376.73031366685	0
9.876	-0.16336966714731	-0.95332815580074	376.73031366685	0
9.88	-0.16753473605213	-0.95258180583526	376.73031366685	0
9.884	-0.17169975858005	-0.95181653139466	376.73031366685	0
9.888	-0.17586465637645	-0.95103230455955	376.73031366685	0
9.892	-0.18002935071287	-0.95022909763136	376.73031366685	0
9.896	-0.18419376248641	-0.94940688313565	376.73031366685	0
9.9	-0.18835781221904	-0.9485656338255	376.73031366685	0
9.904	-0.192521420057	-0.9477053226848	376.73031366685	0
9.908	-0.19668450577014	-0.94682592293173	376.73031366685	0
9.912	-0.20084698875139	-0.9459274080221	376.73031366685	0
9.916	-0.2050087880161	-0.94500975165287	376.73031366685	0
9.92	-0.20916982220153	-0.94407292776554	376.73031366685	0
9.924	-0.21333000956628	-0.94311691054971	376.73031366685	0
9.928	-0.21748926798976	-0.94214167444654	376.73031366685	0
9.932	-0.22164751497168	-0.94114719415235	376.73031366685	0
9.936	-0.22580466763153	-0.94013344462213	376.73031366685	0
9.94	-0.22996064270816	-0.93910040107317	376.73031366685	0
9.944	-0.23411535655926	-0.93804803898867	376.73031366685	0
9.948	-0.23826872516097	-0.93697633412138	376.73031366685	0
9.952	-0.24242066410743	-0.93588526249726	376.73031366685	0
9.956	-0.2465710886104	-0.93477480041921	376.73031366685	0
9.96	-0.25071991349888	-0.93364492447073	376.73031366685	0
9.964	-0.25486705321878	-0.93249561151974	376.73031366685	0
9.968	-0.25901242183254	-0.9313268387223	376.73031366685	0
9.972	-0.26315593301887	-0.93013858352643	376.73031366685	0
9.976	-0.26729750007242	-0.92893082367593	376.73031366685	0
9.98	-0.27143703590356	-0.92770353721423	376.73031366685	0
9.984	-0.27557445303811	-0.92645670248827	376.73031366685	0
9.988	-0.27970966361713	-0.9251902981524	376.73031366685	0
9.992	-0.28384257939677	-0.92390430317233	376.73031366685	0
9.996	-0.28797311174803	-0.92259869682906	376.73031366685	0
10	-0.2921011716567	-0.92127345872287	376.73031366685	0
10.004	-0.2962266697232	-0.91992856877733	376.73031366685	0
10.008	-0.30034951616251	-0.91856400724336	376.73031366685	0
10.012	-0.30446962080413	-0.91717975470326	376.73031366685	0
10.016	-0.308586893092	-0.9157757920748	376.73031366685	0
10.02	-0.31270124208457	-0.91435210061535	376.73031366685	0
10.024	-0.31681257645479	-0.91290866192603	376.73031366685	0
10.028	-0.32092080449016	-0.91144545795585	376.73031366685	0
10.032	-0.32502583409283	-0.90996247100593	376.73031366685	0
10.036	-0.32912757277973	-0.90845968373371	376.73031366685	0
10.04	-0.33322592768272	-0.90693707915718	376.73031366685	0
10.044	-0.33732080554876	-0.90539464065919	376.73031366685	0
10.048	-0.34141211274011	-0.90383235199173	376.73031366685	0
10.052	-0.34549975523462	-0.90225019728023	376.73031366685	0
10.056	-0.34958363862599	-0.90064816102796	376.73031366685	0
10.06	-0.35366366812407	-0.89902622812038	376.73031366685	0
10.064	-0.35773974855524	-0.89738438382954	376.73031366685	0
10.068	-0.36181178436277	-0.89572261381852	376.73031366685	0
10.072	-0.36587967960727	-0.89404090414588	376.73031366685	0
10.076	-0.3699433379671	-0.89233924127013	376.73031366685	0
10.08	-0.37400266273893	-0.89061761205425	376.73031366685	0
10.084	-0.37805755683821	-0.88887600377022	376.73031366685	0
10.088	-0.38210792279979	-0.88711440410358	376.73031366685	0
10.092	-0.38615366277848	-0.88533280115797	376.73031366685	0
10.096	-0.39019467854975	-0.88353118345979	376.73031366685	0
10.1	-0.39423087151037	-0.8817095399628	376.73031366685	0
10.104	-0.3982621426792	-0.87986786005278	376.73031366685	0
10.108	-0.40228839269788	-0.87800613355219	376.73031366685	0
10.112	-0.40630952183171	-0.87612435072492	376.73031366685	0
10.116	-0.41032542997047	-0.87422250228097	376.73031366685	0
10.12	-0.41433601662934	-0.87230057938119	376.73031366685	0
10.124	-0.4183411809498	-0.87035857364212	376.73031366685	0
10.128	-0.42234082170067	-0.86839647714071	376.73031366685	0
10.132	-0.4263348372791	-0.86641428241918	376.73031366685	0
10.136	-0.43032312571165	-0.86441198248984	376.73031366685	0
10.14	-0.43430558465542	-0.86238957083999	376.73031366685	0
10.144	-0.43828211139924	-0.86034704143674	376.73031366685	0
10.148	-0.44225260286482	-0.85828438873199	376.73031366685	0
10.152	-0.4462169556081	-0.85620160766729	376.73031366685	0
10.156	-0.45017506582047	-0.85409869367884	376.73031366685	0
10.16	-0.45412682933021	-0.85197564270244	376.73031366685	0
10.164	-0.45807214160386	-0.84983245117846	376.73031366685	0
10.168	-0.46201089774768	-0.84766911605688	376.73031366685	0
10.172	-0.46594299250917	-0.84548563480231	376.73031366685	0
10.176	-0.46986832027865	-0.84328200539903	376.73031366685	0
10.18	-0.47378677509084	-0.84105822635605	376.73031366685	0
10.184	-0.47769825062656	-0.83881429671224	376.73031366685	0
10.188	-0.48160264021444	-0.83655021604135	376.73031366685	0
10.192	-0.48549983683269	-0.83426598445723	376.73031366685	0
10.196	-0.48938973311094	-0.83196160261888	376.73031366685	0
10.2	-0.49327222133213	-0.82963707173566	376.73031366685	0
10.204	-0.49714719343445	-0.82729239357244	376.73031366685	0
10.208	-0.50101454101332	-0.82492757045479	376.73031366685	0
10.212	-0.50487415532348	-0.82254260527418	376.73031366685	0
10.216	-0.50872592728108	-0.82013750149319	376.73031366685	0
10.22	-0.51256974746586	-0.81771226315076	376.73031366685	0
10.224	-0.51640550612338	-0.81526689486741	376.73031366685	0
10.228	-0.52023309316731	-0.81280140185051	376.73031366685	0
10.232	-0.52405239818179	-0.81031578989955	376.73031366685	0
10.236	-0.52786331042385	-0.80781006541141	376.73031366685	0
10.24	-0.53166571882584	-0.80528423538569	376.73031366685	0
10.244	-0.53545951199802	-0.80273830742995	376.73031366685	0
10.248	-0.53924457823113	-0.80017228976508	376.73031366685	0
10.252	-0.54302080549906	-0.79758619123061	376.73031366685	0
10.256	-0.54678808146158	-0.79498002129003	376.73031366685	0
10.26	-0.55054629346712	-0.79235379003615	376.73031366685	0
10.264	-0.55429532855562	-0.78970750819641	376.73031366685	0
10.268	-0.55803507346148	-0.78704118713829	376.73031366685	0
10.272	-0.56176541461653	-0.78435483887465	376.73031366685	0
10.276	-0.56548623815306	-0.78164847606907	376.73031366685	0
10.28	-0.56919742990699	-0.77892211204127	376.73031366685	0
10.284	-0.57289887542102	-0.77617576077245	376.73031366685	0
10.288	-0.5765904599479	-0.77340943691071	376.73031366685	0
10.292	-0.58027206845377	-0.77062315577638	376.73031366685	0
10.296	-0.58394358562154	-0.76781693336746	376.73031366685	0
10.3	-0.58760489585435	-0.76499078636496	376.73031366685	0
10.304	-0.59125588327913	-0.76214473213833	376.73031366685	0
10.308	-0.59489643175019	-0.75927878875082	376.73031366685	0
10.312	-0.5985264248529	-0.75639297496487	376.73031366685	0
10.316	-0.60214574590744	-0.75348731024749	376.73031366685	0
10.32	-0.60575427797266	-0.75056181477567	376.73031366685	0
10.324	-0.6093519038499	-0.74761650944171	376.73031366685	0
10.328	-0.61293850608705	-0.74465141585864	376.73031366685	0
10.332	-0.61651396698252	-0.74166655636555	376.73031366685	0
10.336	-0.6200781685894	-0.73866195403297	376.73031366685	0
10.34	-0.62363099271965	-0.73563763266823	376.73031366685	0
10.344	-0.62717232094837	-0.73259361682078	376.73031366685	0
10.348	-0.63070203461811	-0.72952993178756	376.73031366685	0
10.352	-0.63422001484336	-0.7264466036183	376.73031366685	0
10.356	-0.63772614251497	-0.72334365912086	376.73031366685	0
10.36	-0.64122029830479	-0.7202211258665	376.73031366685	0
10.364	-0.64470236267029	-0.7170790321952	376.73031366685	0
10.368	-0.64817221585929	-0.71391740722093	376.73031366685	0
10.372	-0.65162973791478	-0.71073628083691	376.73031366685	0
10.376	-0.6550748086798	-0.70753568372085	376.73031366685	0
10.38	-0.65850730780241	-0.70431564734021	376.73031366685	0
10.384	-0.66192711474074	-0.70107620395734	376.73031366685	0
10.388	-0.66533410876811	-0.69781738663477	376.73031366685	0
10.392	-0.66872816897821	-0.69453922924029	376.73031366685	0
10.396	-0.67210917429045	-0.69124176645217	376.73031366685	0
10.4	-0.67547700345525	-0.68792503376425	376.73031366685	0
10.404	-0.67883153505954	-0.68458906749104	376.73031366685	0
10.408	-0.68217264753227	-0.68123390477284	376.73031366685	0
10.412	-0.68550021915	-0.67785958358076	376.73031366685	0
10.416	-0.68881412804264	-0.67446614272175	376.73031366685	0
10.42	-0.69211425219916	-0.67105362184361	376.73031366685	0
10.424	-0.6954004694735	-0.66762206143996	376.73031366685	0
10.428	-0.69867265759045	-0.66417150285519	376.73031366685	0
10.432	-0.70193069415173	-0.66070198828934	376.73031366685	0
10.436	-0.70517445664204	-0.65721356080299	376.73031366685	0
10.44	-0.70840382243528	-0.65370626432213	376.73031366685	0
10.444	-0.71161866880078	-0.6501801436429	376.73031366685	0
10.448	-0.7148188729097	-0.64663524443645	376.73031366685	0
10.452	-0.71800431184139	-0.64307161325358	376.73031366685	0
10.456	-0.72117486258998	-0.63948929752951	376.73031366685	0
10.46	-0.72433040207093	-0.63588834558849	376.73031366685	0
10.464	-0.72747080712772	-0.63226880664842	376.73031366685	0
10.468	-0.73059595453863	-0.62863073082543	376.73031366685	0
10.472	-0.73370572102358	-0.62497416913839	376.73031366685	0
10.476	-0.73679998325104	-0.62129917351341	376.73031366685	0
10.48	-0.73987861784507	-0.61760579678825	376.73031366685	0
10.484	-0.74294150139242	-0.61389409271673	376.73031366685	0
10.488	-0.74598851044968	-0.61016411597306	376.73031366685	0
10.492	-0.74901952155056	-0.60641592215608	376.73031366685	0
10.496	-0.75203441121324	-0.60264956779359	376.73031366685	0
10.5	-0.75503305594779	-0.59886511034642	376.73031366685	0
10.504	-0.75801533226368	-0.59506260821265	376.73031366685	0
10.508	-0.76098111667738	-0.59124212073161	376.73031366685	0
10.512	-0.76393028572002	-0.58740370818793	376.73031366685	0
10.516	-0.76686271594516	-0.58354743181549	376.73031366685	0
10.52	-0.76977828393661	-0.57967335380129	376.73031366685	0
10.524	-0.77267686631639	-0.57578153728932	376.73031366685	0
10.528	-0.77555833975268	-0.5718720463843	376.73031366685	0
10.532	-0.77842258096791	-0.56794494615537	376.73031366685	0
10.536	-0.78126946674696	-0.56400030263978	376.73031366685	0
10.54	-0.78409887394536	-0.56003818284641	376.73031366685	0
10.544	-0.78691067949764	-0.55605865475931	376.73031366685	0
10.548	-0.7897047604257	-0.5520617873411	376.73031366685	0
10.552	-0.79248099384731	-0.54804765053636	376.73031366685	0
10.556	-0.79523925698467	-0.5440163152749	376.73031366685	0
10.56	-0.79797942717304	-0.53996785347497	376.73031366685	0
10.564	-0.80070138186943	-0.53590233804644	376.73031366685	0
10.568	-0.80340499866144	-0.53181984289379	376.73031366685	0
10.572	-0.80609015527609	-0.52772044291915	376.73031366685	0
10.576	-0.80875672958877	-0.5236042140252	376.73031366685	0
10.58	-0.81140459963223	-0.51947123311796	376.73031366685	0
10.584	-0.81403364360575	-0.51532157810954	376.73031366685	0
10.588	-0.81664373988422	-0.5111553279208	376.73031366685	0
10.592	-0.81923476702742	-0.50697256248393	376.73031366685	0
10.596	-0.82180660378933	-0.50277336274491	376.73031366685	0
10.6	-0.82435912912751	-0.4985578106659	376.73031366685	0
10.604	-0.82689222221256	-0.49432598922757	376.73031366685	0
10.608	-0.82940576243763	-0.49007798243128	376.73031366685	0
10.612	-0.83189962942803	-0.48581387530122	376.73031366685	0
10.616	-0.83437370305087	-0.48153375388642	376.73031366685	0
10.62	-0.83682786342485	-0.47723770526268	376.73031366685	0
10.624	-0.83926199092997	-0.47292581753441	376.73031366685	0
10.628	-0.84167596621747	-0.46859817983635	376.73031366685	0
10.632	-0.84406967021972	-0.46425488233522	376.73031366685	0
10.636	-0.84644298416022	-0.45989601623122	376.73031366685	0
10.64	-0.84879578956368	-0.45552167375949	376.73031366685	0
10.644	-0.85112796826608	-0.45113194819143	376.73031366685	0
10.648	-0.85343940242493	-0.44672693383588	376.73031366685	0
10.652	-0.85572997452945	-0.44230672604028	376.73031366685	0
10.656	-0.85799956741088	-0.43787142119167	376.73031366685	0
10.66	-0.86024806425285	-0.43342111671754	376.73031366685	0
10.664	-0.8624753486018	-0.42895591108664	376.73031366685	0
10.668	-0.86468130437742	-0.42447590380968	376.73031366685	0
10.672	-0.86686581588319	-0.41998119543983	376.73031366685	0
10.676	-0.86902876781695	-0.41547188757319	376.73031366685	0
10.68	-0.87117004528156	-0.41094808284915	376.73031366685	0
10.684	-0.87328953379552	-0.40640988495051	376.73031366685	0
10.688	-0.87538711930373	-0.40185739860367	376.73031366685	0
10.692	-0.87746268818829	-0.39729072957852	376.73031366685	0
10.696	-0.87951612727926	-0.39270998468834	376.73031366685	0
10.7	-0.88154732386559	-0.38811527178949	376.73031366685	0
10.704	-0.88355616570597	-0.38350669978104	376.73031366685	0
10.708	-0.88554254103986	-0.37888437860423	376.73031366685	0
10.712	-0.88750633859838	-0.37424841924182	376.73031366685	0
10.716	-0.88944744761544	-0.36959893371731	376.73031366685	0
10.72	-0.89136575783876	-0.36493603509408	376.73031366685	0
10.724	-0.89326115954096	-0.36025983747426	376.73031366685	0
10.728	-0.89513354353075	-0.35557045599766	376.73031366685	0
10.732	-0.89698280116407	-0.35086800684043	376.73031366685	0
10.736	-0.8988088243553	-0.34615260721363	376.73031366685	0
10.74	-0.90061150558848	-0.34142437536166	376.73031366685	0
10.744	-0.90239073792861	-0.33668343056057	376.73031366685	0
10.748	-0.90414641503289	-0.33192989311625	376.73031366685	0
10.752	-0.90587843116207	-0.3271638843624	376.73031366685	0
10.756	-0.90758668119177	-0.32238552665847	376.73031366685	0
10.76	-0.90927106062382	-0.31759494338739	376.73031366685	0
10.764	-0.91093146559766	-0.31279225895316	376.73031366685	0
10.768	-0.91256779290172	-0.30797759877836	376.73031366685	0
10.772	-0.91417993998481	-0.30315108930148	376.73031366685	0
10.776	-0.91576780496759	-0.29831285797404	376.73031366685	0
10.78	-0.91733128665393	-0.2934630332577	376.73031366685	0
10.784	-0.9188702845424	-0.28860174462115	376.73031366685	0
10.788	-0.92038469883773	-0.28372912253681	376.73031366685	0
10.792	-0.9218744304622	-0.27884529847752	376.73031366685	0
10.796	-0.92333938106717	-0.27395040491292	376.73031366685	0
10.8	-0.92477945304449	-0.2690445753058	376.73031366685	0
10.804	-0.92619454953798	-0.2641279441083	376.73031366685	0
10.808	-0.92758457445487	-0.25920064675785	376.73031366685	0
10.812	-0.92894943247729	-0.2542628196731	376.73031366685	0
10.816	-0.93028902907365	-0.24931460024964	376.73031366685	0
10.82	-0.93160327051013	-0.2443561268555	376.73031366685	0
10.824	-0.93289206386208	-0.23938753882665	376.73031366685	0
10.828	-0.93415531702544	-0.23440897646223	376.73031366685	0
10.832	-0.93539293872812	-0.22942058101967	376.73031366685	0
10.836	-0.93660483854141	-0.22442249470963	376.73031366685	0
10.84	-0.9377909268913	-0.21941486069086	376.73031366685	0
10.844	-0.93895111506983	-0.21439782306482	376.73031366685	0
10.848	-0.94008531524642	-0.20937152687018	376.73031366685	0
10.852	-0.94119344047912	-0.20433611807721	376.73031366685	0
10.856	-0.9422754047259	-0.19929174358194	376.73031366685	0
10.86	-0.94333112285584	-0.19423855120024	376.73031366685	0
10.864	-0.94436051066036	-0.18917668966167	376.73031366685	0
10.868	-0.94536348486435	-0.18410630860325	376.73031366685	0
10.872	-0.94633996313728	-0.17902755856303	376.73031366685	0
10.876	-0.94728986410431	-0.17394059097351	376.73031366685	0
10.88	-0.94821310735726	-0.16884555815494	376.73031366685	0
10.884	-0.9491096134657	-0.16374261330841	376.73031366685	0
10.888	-0.94997930398778	-0.15863191050882	376.73031366685	0
10.892	-0.95082210148119	-0.15351360469774	376.73031366685	0
10.896	-0.95163792951398	-0.14838785167598	376.73031366685	0
10.9	-0.95242671267533	-0.14325480809619	376.73031366685	0
10.904	-0.9531883765863	-0.13811463145513	376.73031366685	0
10.908	-0.95392284791047	-0.13296748008592	376.73031366685	0
10.912	-0.95463005436457	-0.12781351315007	376.73031366685	0
10.916	-0.955309924729	-0.12265289062937	376.73031366685	0
10.92	-0.9559623888583	-0.11748577331762	376.73031366685	0
10.924	-0.95658737769157	-0.11231232281225	376.73031366685	0
10.928	-0.95718482326278	-0.10713270150573	376.73031366685	0
10.932	-0.95775465871105	-0.10194707257685	376.73031366685	0
10.936	-0.95829681829081	-0.096755599981892	376.73031366685	0
10.94	-0.9588112373819	-0.091558448445592	376.73031366685	0
10.944	-0.9592978524996	-0.086355783451979	376.73031366685	0
10.948	-0.95975660130458	-0.081147771235069	376.73031366685	0
10.952	-0.96018742261268	-0.075934578769416	376.73031366685	0
10.956	-0.96059025640477	-0.070716373760491	376.73031366685	0
10.96	-0.96096504383632	-0.065493324634943	376.73031366685	0
10.964	-0.96131172724703	-0.060265600530711	376.73031366685	0
10.968	-0.9616302501703	-0.055033371286966	376.73031366685	0
10.972	-0.9619205573426	-0.049796807433945	376.73031366685	0
10.976	-0.96218259471273	-0.044556080182619	376.73031366685	0
10.98	-0.96241630945103	-0.03931136141423	376.73031366685	0
10.984	-0.96262164995841	-0.034062823669689	376.73031366685	0
10.988	-0.96279856587533	-0.028810640138824	376.73031366685	0
10.992	-0.96294700809067	-0.023554984649504	376.73031366685	0
10.996	-0.96306692875039	-0.018296031656622	376.73031366685	0
11	-0.96315828126624	-0.013033956230936	376.73031366685	0
11.004	-0.9632210203242	-0.0077689340477826	376.73031366685	0
11.008	-0.96325510189288	-0.0025011413756617	376.73031366685	0
11.012	-0.96326048323178	0.0027692449353224	376.73031366685	0
11.016	-0.96323712289941	0.0080420474651296	376.73031366685	0
11.02	-0.96318498076134	0.013317088235608	376.73031366685	0
11.024	-0.96310401799802	0.018594188722424	376.73031366685	0
11.028	-0.96299419711255	0.023873169867113	376.73031366685	0
11.032	-0.9628554819383	0.029153852089282	376.73031366685	0
11.036	-0.96268783764639	0.034436055298903	376.73031366685	0
11.04	-0.96249123075299	0.039719598908745	376.73031366685	0
11.044	-0.96226562912656	0.045004301846919	376.73031366685	0
11.048	-0.9620110019949	0.050289982569531	376.73031366685	0
11.052	-0.96172731995202	0.055576459073473	376.73031366685	0
11.056	-0.96141455496495	0.060863548909304	376.73031366685	0
11.06	-0.96107268038031	0.066151069194245	376.73031366685	0
11.064	-0.96070167093084	0.0714388366253	376.73031366685	0
11.068	-0.96030150274162	0.076726667492465	376.73031366685	0
11.072	-0.95987215333631	0.082014377692053	376.73031366685	0
11.076	-0.9594136016431	0.087301782740117	376.73031366685	0
11.08	-0.95892582800055	0.092588697785968	376.73031366685	0
11.084	-0.95840881416331	0.097874937625815	376.73031366685	0
11.088	-0.95786254330757	0.10316031671647	376.73031366685	0
11.092	-0.95728700003649	0.10844464918918	376.73031366685	0
11.096	-0.95668217038533	0.1137277488635	376.73031366685	0
11.1	-0.95604804182646	0.11900942926134	376.73031366685	0
11.104	-0.95538460327428	0.124289503621	376.73031366685	0
11.108	-0.95469184508982	0.12956778491138	376.73031366685	0
11.112	-0.95396975908528	0.13484408584619	376.73031366685	0
11.116	-0.95321833852836	0.14011821889831	376.73031366685	0
11.12	-0.95243757814641	0.14538999631419	376.73031366685	0
11.124	-0.95162747413039	0.15065923012835	376.73031366685	0
11.128	-0.95078802413869	0.15592573217791	376.73031366685	0
11.132	-0.94991922730073	0.16118931411723	376.73031366685	0
11.136	-0.94902108422042	0.16644978743259	376.73031366685	0
11.14	-0.94809359697935	0.171706963457	376.73031366685	0
11.144	-0.94713676913993	0.17696065338494	376.73031366685	0
11.148	-0.94615060574822	0.18221066828732	376.73031366685	0
11.152	-0.94513511333661	0.18745681912635	376.73031366685	0
11.156	-0.94409029992638	0.19269891677057	376.73031366685	0
11.16	-0.94301617502997	0.19793677200989	376.73031366685	0
11.164	-0.9419127496531	0.20317019557068	376.73031366685	0
11.168	-0.94078003629673	0.20839899813087	376.73031366685	0
11.172	-0.93961804895875	0.21362299033518	376.73031366685	0
11.176	-0.93842680313557	0.2188419828103	376.73031366685	0
11.18	-0.93720631582346	0.22405578618018	376.73031366685	0
11.184	-0.93595660551966	0.22926421108125	376.73031366685	0
11.188	-0.9346776922234	0.23446706817784	376.73031366685	0
11.192	-0.93336959743659	0.23966416817744	376.73031366685	0
11.196	-0.93203234416445	0.2448553218461	376.73031366685	0
11.2	-0.93066595691581	0.25004034002384	376.73031366685	0
11.204	-0.92927046170331	0.25521903364006	376.73031366685	0
11.208	-0.92784588604333	0.26039121372893	376.73031366685	0
11.212	-0.92639225895581	0.26555669144488	376.73031366685	0
11.216	-0.92490961096372	0.27071527807803	376.73031366685	0
11.22	-0.9233979740925	0.27586678506964	376.73031366685	0
11.224	-0.92185738186919	0.28101102402758	376.73031366685	0
11.228	-0.92028786932135	0.28614780674179	376.73031366685	0
11.232	-0.91868947297586	0.29127694519973	376.73031366685	0
11.236	-0.91706223085746	0.29639825160186	376.73031366685	0
11.24	-0.91540618248707	0.30151153837705	376.73031366685	0
11.244	-0.91372136887997	0.30661661819801	376.73031366685	0
11.248	-0.91200783254369	0.31171330399676	376.73031366685	0
11.252	-0.91026561747582	0.31680140897994	376.73031366685	0
11.256	-0.90849476916148	0.32188074664426	376.73031366685	0
11.26	-0.90669533457069	0.32695113079184	376.73031366685	0
11.264	-0.90486736215548	0.33201237554547	376.73031366685	0
11.268	-0.90301090184684	0.337064295364	376.73031366685	0
11.272	-0.90112600505141	0.3421067050575	376.73031366685	0
11.276	-0.89921272464806	0.34713941980255	376.73031366685	0
11.28	-0.89727111498414	0.35216225515738	376.73031366685	0
11.284	-0.89530123187167	0.35717502707704	376.73031366685	0
11.288	-0.89330313258321	0.36217755192844	376.73031366685	0
11.292	-0.89127687584763	0.36716964650542	376.73031366685	0
11.296	-0.88922252184559	0.37215112804373	376.73031366685	0
11.3	-0.88714013220489	0.37712181423597	376.73031366685	0
11.304	-0.88502976999558	0.38208152324641	376.73031366685	0
11.308	-0.88289149972491	0.38703007372585	376.73031366685	0
11.312	-0.88072538733205	0.39196728482633	376.73031366685	0
11.316	-0.87853150018263	0.39689297621581	376.73031366685	0
11.32	-0.87630990706309	0.40180696809277	376.73031366685	0
11.324	-0.87406067817484	0.40670908120071	376.73031366685	0
11.328	-0.87178388512819	0.41159913684263	376.73031366685	0
11.332	-0.86947960093615	0.41647695689538	376.73031366685	0
11.336	-0.86714790000798	0.4213423638239	376.73031366685	0
11.34	-0.86478885814263	0.4261951806955	376.73031366685	0
11.344	-0.86240255252187	0.43103523119385	376.73031366685	0
11.348	-0.85998906170337	0.4358623396331	376.73031366685	0
11.352	-0.85754846561352	0.4406763309717	376.73031366685	0
11.356	-0.85508084554005	0.44547703082626	376.73031366685	0
11.36	-0.85258628412452	0.45026426548526	376.73031366685	0
11.364	-0.85006486535461	0.45503786192263	376.73031366685	0
11.368	-0.84751667455623	0.45979764781128	376.73031366685	0
11.372	-0.84494179838545	0.46454345153645	376.73031366685	0
11.376	-0.84234032482024	0.46927510220903	376.73031366685	0
11.38	-0.83971234315209	0.47399242967867	376.73031366685	0
11.384	-0.8370579439774	0.47869526454686	376.73031366685	0
11.388	-0.83437721918871	0.48338343817981	376.73031366685	0
11.392	-0.83167026196581	0.48805678272126	376.73031366685	0
11.396	-0.82893716676663	0.49271513110516	376.73031366685	0
11.4	-0.82617802931798	0.49735831706817	376.73031366685	0
11.404	-0.82339294660616	0.50198617516209	376.73031366685	0
11.408	-0.82058201686734	0.50659854076614	376.73031366685	0
11.412	-0.81774533957788	0.51119525009905	376.73031366685	0
11.416	-0.81488301544438	0.51577614023109	376.73031366685	0
11.42	-0.81199514639372	0.5203410490959	376.73031366685	0
11.424	-0.80908183556278	0.52488981550221	376.73031366685	0
11.428	-0.80614318728815	0.52942227914537	376.73031366685	0
11.432	-0.80317930709562	0.5339382806188	376.73031366685	0
11.436	-0.80019030168959	0.5384376614252	376.73031366685	0
11.44	-0.79717627894222	0.5429202639877	376.73031366685	0
11.444	-0.7941373478826	0.54738593166078	376.73031366685	0
11.448	-0.79107361868564	0.55183450874106	376.73031366685	0
11.452	-0.78798520266092	0.55626584047794	376.73031366685	0
11.456	-0.78487221224136	0.56067977308405	376.73031366685	0
11.46	-0.78173476097177	0.5650761537456	376.73031366685	0
11.464	-0.77857296349733	0.56945483063243	376.73031366685	0
11.468	-0.77538693555182	0.57381565290806	376.73031366685	0
11.472	-0.77217679394587	0.57815847073945	376.73031366685	0
11.476	-0.76894265655498	0.58248313530664	376.73031366685	0
11.48	-0.76568464230752	0.58678949881218	376.73031366685	0
11.484	-0.76240287117252	0.59107741449044	376.73031366685	0
11.488	-0.75909746414746	0.59534673661668	376.73031366685	0
11.492	-0.75576854324583	0.59959732051599	376.73031366685	0
11.496	-0.75241623148469	0.60382902257201	376.73031366685	0
11.5	-0.74904065287207	0.60804170023552	376.73031366685	0
11.504	-0.74564193239431	0.61223521203279	376.73031366685	0
11.508	-0.74222019600327	0.61640941757378	376.73031366685	0
11.512	-0.73877557060347	0.62056417756013	376.73031366685	0
11.516	-0.7353081840391	0.62469935379302	376.73031366685	0
11.52	-0.73181816508106	0.62881480918073	376.73031366685	0
11.524	-0.72830564341374	0.63291040774614	376.73031366685	0
11.528	-0.72477074962188	0.63698601463395	376.73031366685	0
11.532	-0.72121361517725	0.64104149611772	376.73031366685	0
11.536	-0.71763437242532	0.64507671960676	376.73031366685	0
11.54	-0.71403315457181	0.64909155365278	376.73031366685	0
11.544	-0.71041009566923	0.65308586795637	376.73031366685	0
11.548	-0.70676533060328	0.65705953337326	376.73031366685	0
11.552	-0.70309899507924	0.6610124219204	376.73031366685	0
11.556	-0.69941122560833	0.66494440678187	376.73031366685	0
11.56	-0.69570215949392	0.66885536231451	376.73031366685	0
11.564	-0.69197193481778	0.67274516405345	376.73031366685	0
11.568	-0.68822069042624	0.67661368871735	376.73031366685	0
11.572	-0.68444856591632	0.68046081421351	376.73031366685	0
11.576	-0.68065570162177	0.68428641964275	376.73031366685	0
11.58	-0.67684223859916	0.68809038530406	376.73031366685	0
11.584	-0.67300831861387	0.69187259269912	376.73031366685	0
11.588	-0.66915408412603	0.69563292453652	376.73031366685	0
11.592	-0.6652796782765	0.69937126473587	376.73031366685	0
11.596	-0.66138524487278	0.70308749843168	376.73031366685	0
11.6	-0.65747092837488	0.70678151197697	376.73031366685	0
11.604	-0.65353687388124	0.71045319294679	376.73031366685	0
11.608	-0.64958322711452	0.71410243014145	376.73031366685	0
11.612	-0.64561013440754	0.71772911358956	376.73031366685	0
11.616	-0.64161774268901	0.72133313455094	376.73031366685	0
11.62	-0.63760619946943	0.7249143855192	376.73031366685	0
11.624	-0.6335756528269	0.72847276022423	376.73031366685	0
11.628	-0.62952625139294	0.73200815363442	376.73031366685	0
11.632	-0.6254581443383	0.73552046195872	376.73031366685	0
11.636	-0.62137148135882	0.73900958264847	376.73031366685	0
11.64	-0.61726641266128	0.74247541439902	376.73031366685	0
11.644	-0.61314308894923	0.74591785715119	376.73031366685	0
11.648	-0.60900166140886	0.74933681209249	376.73031366685	0
11.652	-0.60484228169493	0.75273218165815	376.73031366685	0
11.656	-0.60066510191665	0.75610386953195	376.73031366685	0
11.66	-0.59647027462362	0.75945178064687	376.73031366685	0
11.664	-0.59225795279179	0.7627758211855	376.73031366685	0
11.668	-0.58802828980949	0.76607589858029	376.73031366685	0
11.672	-0.58378143946344	0.76935192151361	376.73031366685	0
11.676	-0.5795175559248	0.77260379991752	376.73031366685	0
11.68	-0.57523679373533	0.77583144497351	376.73031366685	0
11.684	-0.5709393077935	0.77903476911187	376.73031366685	0
11.688	-0.5666252533407	0.78221368601101	376.73031366685	0
11.692	-0.56229478594749	0.78536811059648	376.73031366685	0
11.696	-0.55794806149994	0.78849795903986	376.73031366685	0
11.7	-0.55358523618592	0.79160314875745	376.73031366685	0
11.704	-0.54920646648157	0.79468359840875	376.73031366685	0
11.708	-0.54481190913774	0.79773922789474	376.73031366685	0
11.712	-0.54040172116658	0.80076995835607	376.73031366685	0
11.716	-0.5359760598281	0.80377571217092	376.73031366685	0
11.72	-0.53153508261686	0.80675641295275	376.73031366685	0
11.724	-0.52707894724876	0.80971198554792	376.73031366685	0
11.728	-0.52260781164781	0.81264235603301	376.73031366685	0
11.732	-0.51812183393307	0.81554745171206	376.73031366685	0
11.736	-0.51362117240561	0.81842720111356	376.73031366685	0
11.74	-0.50910598553562	0.82128153398731	376.73031366685	0
11.744	-0.50457643194954	0.82411038130111	376.73031366685	0
11.748	-0.50003267041729	0.82691367523721	376.73031366685	0
11.752	-0.49547485983963	0.82969134918866	376.73031366685	0
11.756	-0.49090315923557	0.83244333775547	376.73031366685	0
11.76	-0.48631772772994	0.83516957674055	376.73031366685	0
11.764	-0.48171872454093	0.83787000314557	376.73031366685	0
11.768	-0.47710630896792	0.84054455516659	376.73031366685	0
11.772	-0.47248064037923	0.84319317218953	376.73031366685	0
11.776	-0.4678418782001	0.84581579478552	376.73031366685	0
11.78	-0.46319018190073	0.84841236470604	376.73031366685	0
11.784	-0.45852571098441	0.85098282487795	376.73031366685	0
11.788	-0.45384862497584	0.8535271193983	376.73031366685	0
11.792	-0.44915908340946	0.85604519352906	376.73031366685	0
11.796	-0.44445724581799	0.85853699369165	376.73031366685	0
11.8	-0.43974327172107	0.86100246746133	376.73031366685	0
11.804	-0.43501732061394	0.86344156356144	376.73031366685	0
11.808	-0.43027955195639	0.8658542318575	376.73031366685	0
11.812	-0.4255301251617	0.86824042335119	376.73031366685	0
11.816	-0.4207691995858	0.87060009017411	376.73031366685	0
11.82	-0.41599693451651	0.8729331855815	376.73031366685	0
11.824	-0.41121348916292	0.87523966394577	376.73031366685	0
11.828	-0.40641902264493	0.87751948074986	376.73031366685	0
11.832	-0.40161369398293	0.87977259258058	376.73031366685	0
11.836	-0.39679766208753	0.88199895712168	376.73031366685	0
11.84	-0.39197108574959	0.88419853314691	376.73031366685	0
11.844	-0.38713412363021	0.88637128051285	376.73031366685	0
11.848	-0.38228693425103	0.88851716015175	376.73031366685	0
11.852	-0.37742967598453	0.89063613406409	376.73031366685	0
11.856	-0.37256250704463	0.89272816531116	376.73031366685	0
11.86	-0.36768558547725	0.89479321800742	376.73031366685	0
11.864	-0.36279906915123	0.89683125731285	376.73031366685	0
11.868	-0.35790311574923	0.89884224942505	376.73031366685	0
11.872	-0.35299788275885	0.9008261615714	376.73031366685	0
11.876	-0.34808352746396	0.90278296200097	376.73031366685	0
11.88	-0.34316020693608	0.90471261997639	376.73031366685	0
11.884	-0.33822807802597	0.90661510576562	376.73031366685	0
11.888	-0.33328729735543	0.90849039063361	376.73031366685	0
11.892	-0.32833802130913	0.91033844683387	376.73031366685	0
11.896	-0.32338040602676	0.91215924759994	376.73031366685	0
11.9	-0.3184146073952	0.91395276713676	376.73031366685	0
11.904	-0.31344078104097	0.915718980612	376.73031366685	0
11.908	-0.30845908232275	0.9174578641472	376.73031366685	0
11.912	-0.30346966632413	0.91916939480899	376.73031366685	0
11.916	-0.29847268784649	0.92085355060002	376.73031366685	0
11.92	-0.29346830140211	0.92251031045005	376.73031366685	0
11.924	-0.28845666120736	0.92413965420673	376.73031366685	0
11.928	-0.28343792117611	0.92574156262649	376.73031366685	0
11.932	-0.27841223491333	0.92731601736527	376.73031366685	0
11.936	-0.27337975570884	0.92886300096918	376.73031366685	0
11.94	-0.26834063653119	0.93038249686516	376.73031366685	0
11.944	-0.26329503002181	0.93187448935149	376.73031366685	0
11.948	-0.25824308848927	0.93333896358831	376.73031366685	0
11.952	-0.2531849639037	0.93477590558807	376.73031366685	0
11.956	-0.24812080789146	0.9361853022059	376.73031366685	0
11.96	-0.24305077172989	0.93756714112993	376.73031366685	0
11.964	-0.23797500634234	0.93892141087162	376.73031366685	0
11.968	-0.23289366229328	0.94024810075596	376.73031366685	0
11.972	-0.22780688978369	0.94154720091171	376.73031366685	0
11.976	-0.22271483864654	0.94281870226151	376.73031366685	0
11.98	-0.21761765834247	0.94406259651203	376.73031366685	0
11.984	-0.21251549795575	0.94527887614407	376.73031366685	0
11.988	-0.20740850619021	0.94646753440259	376.73031366685	0
11.992	-0.20229683136561	0.94762856528673	376.73031366685	0
11.996	-0.19718062141398	0.94876196353984	376.73031366685	0
12	-0.19206002387623	0.94986772463943	376.73031366685	0

Curvelabel          = SZmax(1),Zmax(1)_(4)
Filename            = ^cSZmax(1)Zmax(1).sig
Npoints             = 1001
Type                = 8
Subtype             = 16
Result type         = complex:none;impedance
View type           = Cartesian
Plot type           = Magnitude dB
Parameters          = {C_off=0.16; C_on_approx=1000; Cx=1000; Cy=0.16; L1=2.9; L_diode=0.45; Lpin=0.45; R1=2.5; R_off=10; R_on=1; Rx=1; Ry=10; S1=0.3; W1=6; W2=5.3; alpha1=60; antipad_d=0.8; bias_w=0.2; common_return_y=2; eps_bond=3.52; eps_f4bm=2.65; eps_fr4=4.4; fmax=12; fmin=8; h1=3; h2=0.5; hbond=0.1; p=15; phi=0; phi_inc=0; pin_inset=0.02; sigma_cu=5.8e+07; tand_bond=0.004; tand_f4bm=0.003; tand_fr4=0.02; tcu=0.035; theta=0; theta_inc=0; via_d=0.3}
Data/Title          = S-Parameters
X/Label             = Frequency
X/Unit              = GHz
Y/Unit              = 
Y/Logfactor         = 20
Plot/wrapHeuristics = 0

8	-0.071789628969286	-0.94581753002482	376.73031366685	0
8.004	-0.077370375079396	-0.94508995080765	376.73031366685	0
8.008	-0.082955735348401	-0.94432673741974	376.73031366685	0
8.012	-0.088545466946344	-0.9435277459979	376.73031366685	0
8.016	-0.094139324675163	-0.94269283416192	376.73031366685	0
8.02	-0.099737060970691	-0.94182186104882	376.73031366685	0
8.024	-0.10533842590507	-0.94091468734733	376.73031366685	0
8.028	-0.11094316718965	-0.93997117533262	376.73031366685	0
8.032	-0.11655103017836	-0.93899118890121	376.73031366685	0
8.036	-0.12216175787156	-0.93797459360606	376.73031366685	0
8.04	-0.12777509092038	-0.93692125669194	376.73031366685	0
8.044	-0.13339076763153	-0.93583104713088	376.73031366685	0
8.048	-0.13900852397264	-0.93470383565793	376.73031366685	0
8.052	-0.1446280935781	-0.93353949480698	376.73031366685	0
8.056	-0.15024920775539	-0.93233789894685	376.73031366685	0
8.06	-0.15587159549197	-0.9310989243175	376.73031366685	0
8.064	-0.16149498346268	-0.92982244906641	376.73031366685	0
8.068	-0.16711909603765	-0.92850835328509	376.73031366685	0
8.072	-0.17274365529079	-0.92715651904584	376.73031366685	0
8.076	-0.17836838100881	-0.92576683043846	376.73031366685	0
8.08	-0.18399299070082	-0.92433917360732	376.73031366685	0
8.084	-0.18961719960842	-0.92287343678835	376.73031366685	0
8.088	-0.19524072071643	-0.92136951034629	376.73031366685	0
8.092	-0.20086326476421	-0.91982728681196	376.73031366685	0
8.096	-0.20648454025742	-0.9182466609197	376.73031366685	0
8.1	-0.21210425348059	-0.91662752964486	376.73031366685	0
8.104	-0.21772210851006	-0.91496979224137	376.73031366685	0
8.108	-0.22333780722767	-0.91327335027938	376.73031366685	0
8.112	-0.22895104933498	-0.91153810768306	376.73031366685	0
8.116	-0.23456153236814	-0.90976397076829	376.73031366685	0
8.12	-0.24016895171332	-0.90795084828054	376.73031366685	0
8.124	-0.24577300062287	-0.90609865143274	376.73031366685	0
8.128	-0.25137337023194	-0.90420729394314	376.73031366685	0
8.132	-0.25696974957591	-0.90227669207327	376.73031366685	0
8.136	-0.26256182560835	-0.90030676466583	376.73031366685	0
8.14	-0.26814928321962	-0.89829743318261	376.73031366685	0
8.144	-0.27373180525616	-0.89624862174243	376.73031366685	0
8.148	-0.27930907254045	-0.89416025715901	376.73031366685	0
8.152	-0.28488076389153	-0.89203226897879	376.73031366685	0
8.156	-0.2904465561463	-0.8898645895188	376.73031366685	0
8.16	-0.29600612418136	-0.88765715390439	376.73031366685	0
8.164	-0.30155914093567	-0.88540990010687	376.73031366685	0
8.168	-0.30710527743372	-0.8831227689812	376.73031366685	0
8.172	-0.31264420280952	-0.88079570430344	376.73031366685	0
8.176	-0.31817558433113	-0.87842865280821	376.73031366685	0
8.18	-0.32369908742604	-0.87602156422597	376.73031366685	0
8.184	-0.32921437570704	-0.87357439132021	376.73031366685	0
8.188	-0.33472111099898	-0.87108708992447	376.73031366685	0
8.192	-0.34021895336605	-0.86855961897926	376.73031366685	0
8.196	-0.34570756113987	-0.86599194056875	376.73031366685	0
8.2	-0.35118659094824	-0.86338401995735	376.73031366685	0
8.204	-0.35665569774453	-0.86073582562605	376.73031366685	0
8.208	-0.3621145348379	-0.8580473293086	376.73031366685	0
8.212	-0.36756275392406	-0.85531850602741	376.73031366685	0
8.216	-0.37300000511692	-0.85254933412934	376.73031366685	0
8.22	-0.37842593698074	-0.84973979532108	376.73031366685	0
8.224	-0.38384019656315	-0.84688987470445	376.73031366685	0
8.228	-0.3892424294288	-0.84399956081132	376.73031366685	0
8.232	-0.39463227969373	-0.84106884563826	376.73031366685	0
8.236	-0.40000939006043	-0.8380977246809	376.73031366685	0
8.24	-0.40537340185364	-0.83508619696806	376.73031366685	0
8.244	-0.41072395505683	-0.8320342650954	376.73031366685	0
8.248	-0.41606068834936	-0.82894193525886	376.73031366685	0
8.252	-0.42138323914445	-0.82580921728768	376.73031366685	0
8.256	-0.42669124362765	-0.82263612467709	376.73031366685	0
8.26	-0.43198433679629	-0.81942267462059	376.73031366685	0
8.264	-0.43726215249932	-0.81616888804185	376.73031366685	0
8.268	-0.44252432347812	-0.81287478962616	376.73031366685	0
8.272	-0.4477704814078	-0.80954040785156	376.73031366685	0
8.276	-0.45300025693932	-0.80616577501935	376.73031366685	0
8.28	-0.45821327974223	-0.80275092728433	376.73031366685	0
8.284	-0.46340917854811	-0.79929590468446	376.73031366685	0
8.288	-0.4685875811947	-0.79580075117006	376.73031366685	0
8.292	-0.47374811467072	-0.79226551463248	376.73031366685	0
8.296	-0.47889040516129	-0.78869024693234	376.73031366685	0
8.3	-0.48401407809411	-0.78507500392715	376.73031366685	0
8.304	-0.48911875818624	-0.78141984549841	376.73031366685	0
8.308	-0.49420406949154	-0.77772483557819	376.73031366685	0
8.312	-0.49926963544882	-0.77399004217507	376.73031366685	0
8.316	-0.50431507893052	-0.77021553739952	376.73031366685	0
8.32	-0.50934002229216	-0.7664013974887	376.73031366685	0
8.324	-0.51434408742229	-0.76254770283059	376.73031366685	0
8.328	-0.51932689579318	-0.75865453798753	376.73031366685	0
8.332	-0.52428806851205	-0.75472199171905	376.73031366685	0
8.336	-0.52922722637293	-0.75075015700413	376.73031366685	0
8.34	-0.5341439899091	-0.74673913106267	376.73031366685	0
8.344	-0.5390379794462	-0.74268901537636	376.73031366685	0
8.348	-0.54390881515579	-0.73859991570875	376.73031366685	0
8.352	-0.54875611710957	-0.73447194212472	376.73031366685	0
8.356	-0.55357950533421	-0.73030520900905	376.73031366685	0
8.36	-0.55837859986656	-0.72609983508441	376.73031366685	0
8.364	-0.56315302080961	-0.72185594342842	376.73031366685	0
8.368	-0.56790238838883	-0.7175736614901	376.73031366685	0
8.372	-0.57262632300907	-0.71325312110534	376.73031366685	0
8.376	-0.57732444531201	-0.70889445851172	376.73031366685	0
8.38	-0.58199637623408	-0.70449781436242	376.73031366685	0
8.384	-0.58664173706484	-0.70006333373934	376.73031366685	0
8.388	-0.59126014950584	-0.69559116616534	376.73031366685	0
8.392	-0.59585123572999	-0.69108146561559	376.73031366685	0
8.396	-0.60041461844133	-0.68653439052818	376.73031366685	0
8.4	-0.6049499209352	-0.68195010381364	376.73031366685	0
8.404	-0.6094567671589	-0.67732877286375	376.73031366685	0
8.408	-0.61393478177274	-0.67267056955932	376.73031366685	0
8.412	-0.61838359021141	-0.66797567027708	376.73031366685	0
8.416	-0.62280281874581	-0.66324425589568	376.73031366685	0
8.42	-0.62719209454519	-0.65847651180062	376.73031366685	0
8.424	-0.63155104573966	-0.65367262788838	376.73031366685	0
8.428	-0.63587930148299	-0.64883279856946	376.73031366685	0
8.432	-0.64017649201576	-0.64395722277049	376.73031366685	0
8.436	-0.64444224872877	-0.63904610393533	376.73031366685	0
8.44	-0.64867620422679	-0.63409965002522	376.73031366685	0
8.444	-0.65287799239247	-0.6291180735178	376.73031366685	0
8.448	-0.65704724845058	-0.62410159140527	376.73031366685	0
8.452	-0.66118360903243	-0.61905042519139	376.73031366685	0
8.456	-0.66528671224051	-0.61396480088749	376.73031366685	0
8.46	-0.66935619771335	-0.60884494900746	376.73031366685	0
8.464	-0.67339170669043	-0.60369110456163	376.73031366685	0
8.468	-0.67739288207744	-0.59850350704961	376.73031366685	0
8.472	-0.68135936851146	-0.59328240045208	376.73031366685	0
8.476	-0.6852908124264	-0.58802803322146	376.73031366685	0
8.48	-0.68918686211847	-0.58274065827157	376.73031366685	0
8.484	-0.69304716781174	-0.57742053296606	376.73031366685	0
8.488	-0.69687138172372	-0.57206791910593	376.73031366685	0
8.492	-0.70065915813104	-0.56668308291577	376.73031366685	0
8.496	-0.70441015343504	-0.561266295029	376.73031366685	0
8.5	-0.70812402622745	-0.55581783047199	376.73031366685	0
8.504	-0.71180043735599	-0.55033796864699	376.73031366685	0
8.508	-0.71543904998989	-0.54482699331403	376.73031366685	0
8.512	-0.71903952968542	-0.53928519257166	376.73031366685	0
8.516	-0.72260154445121	-0.53371285883653	376.73031366685	0
8.52	-0.72612476481358	-0.52811028882189	376.73031366685	0
8.524	-0.72960886388162	-0.52247778351491	376.73031366685	0
8.528	-0.73305351741218	-0.51681564815296	376.73031366685	0
8.532	-0.73645840387463	-0.51112419219863	376.73031366685	0
8.536	-0.73982320451547	-0.50540372931368	376.73031366685	0
8.54	-0.74314760342263	-0.49965457733189	376.73031366685	0
8.544	-0.74643128758961	-0.4938770582307	376.73031366685	0
8.548	-0.7496739469793	-0.4880714981018	376.73031366685	0
8.552	-0.75287527458745	-0.48223822712047	376.73031366685	0
8.556	-0.75603496650598	-0.47637757951391	376.73031366685	0
8.56	-0.75915272198576	-0.47048989352841	376.73031366685	0
8.564	-0.76222824349916	-0.46457551139531	376.73031366685	0
8.568	-0.76526123680215	-0.45863477929597	376.73031366685	0
8.572	-0.76825141099602	-0.45266804732552	376.73031366685	0
8.576	-0.77119847858866	-0.44667566945556	376.73031366685	0
8.58	-0.77410215555535	-0.44065800349568	376.73031366685	0
8.584	-0.77696216139914	-0.43461541105399	376.73031366685	0
8.588	-0.77977821921068	-0.42854825749641	376.73031366685	0
8.592	-0.78255005572753	-0.422456911905	376.73031366685	0
8.596	-0.78527740139293	-0.41634174703511	376.73031366685	0
8.6	-0.78795999041403	-0.41020313927152	376.73031366685	0
8.604	-0.79059756081949	-0.40404146858348	376.73031366685	0
8.608	-0.79318985451647	-0.39785711847867	376.73031366685	0
8.612	-0.795736617347	-0.39165047595617	376.73031366685	0
8.616	-0.79823759914372	-0.38542193145832	376.73031366685	0
8.62	-0.80069255378486	-0.37917187882161	376.73031366685	0
8.624	-0.80310123924861	-0.3729007152265	376.73031366685	0
8.628	-0.80546341766672	-0.36660884114628	376.73031366685	0
8.632	-0.80777885537732	-0.36029666029486	376.73031366685	0
8.636	-0.81004732297708	-0.35396457957365	376.73031366685	0
8.64	-0.81226859537249	-0.34761300901744	376.73031366685	0
8.644	-0.81444245183037	-0.34124236173932	376.73031366685	0
8.648	-0.81656867602754	-0.33485305387462	376.73031366685	0
8.652	-0.81864705609966	-0.32844550452397	376.73031366685	0
8.656	-0.82067738468922	-0.32202013569543	376.73031366685	0
8.66	-0.82265945899254	-0.3155773722457	376.73031366685	0
8.664	-0.82459308080605	-0.30911764182047	376.73031366685	0
8.668	-0.82647805657144	-0.30264137479383	376.73031366685	0
8.672	-0.82831419742001	-0.29614900420696	376.73031366685	0
8.676	-0.83010131921602	-0.28964096570585	376.73031366685	0
8.68	-0.83183924259899	-0.28311769747826	376.73031366685	0
8.684	-0.83352779302513	-0.27657964018986	376.73031366685	0
8.688	-0.83516680080765	-0.27002723691966	376.73031366685	0
8.692	-0.83675610115607	-0.26346093309452	376.73031366685	0
8.696	-0.83829553421449	-0.25688117642309	376.73031366685	0
8.7	-0.83978494509879	-0.25028841682889	376.73031366685	0
8.704	-0.84122418393276	-0.24368310638276	376.73031366685	0
8.708	-0.84261310588308	-0.23706569923462	376.73031366685	0
8.712	-0.84395157119328	-0.23043665154447	376.73031366685	0
8.716	-0.84523944521648	-0.22379642141292	376.73031366685	0
8.72	-0.84647659844706	-0.21714546881092	376.73031366685	0
8.724	-0.84766290655115	-0.21048425550902	376.73031366685	0
8.728	-0.84879825039594	-0.20381324500596	376.73031366685	0
8.732	-0.84988251607784	-0.19713290245676	376.73031366685	0
8.736	-0.85091559494941	-0.19044369460026	376.73031366685	0
8.74	-0.85189738364514	-0.18374608968616	376.73031366685	0
8.744	-0.85282778410597	-0.17704055740153	376.73031366685	0
8.748	-0.85370670360261	-0.1703275687969	376.73031366685	0
8.752	-0.85453405475762	-0.16360759621192	376.73031366685	0
8.756	-0.85530975556622	-0.15688111320054	376.73031366685	0
8.76	-0.85603372941592	-0.15014859445586	376.73031366685	0
8.764	-0.8567059051048	-0.14341051573459	376.73031366685	0
8.768	-0.85732621685855	-0.13666735378118	376.73031366685	0
8.772	-0.85789460434631	-0.12991958625161	376.73031366685	0
8.776	-0.85841101269509	-0.12316769163687	376.73031366685	0
8.78	-0.858875392503	-0.11641214918627	376.73031366685	0
8.784	-0.85928769985116	-0.10965343883037	376.73031366685	0
8.788	-0.85964789631429	-0.1028920411038	376.73031366685	0
8.792	-0.85995594897003	-0.096128437067866	376.73031366685	0
8.796	-0.86021183040692	-0.089363108232932	376.73031366685	0
8.8	-0.86041551873108	-0.082596536480741	376.73031366685	0
8.804	-0.86056699757156	-0.075829203986596	376.73031366685	0
8.808	-0.86066625608441	-0.069061593141422	376.73031366685	0
8.812	-0.8607132889554	-0.062294186473814	376.73031366685	0
8.816	-0.86070809640143	-0.055527466572019	376.73031366685	0
8.82	-0.86065068417062	-0.04876191600593	376.73031366685	0
8.824	-0.86054106354104	-0.041998017249073	376.73031366685	0
8.828	-0.86037925131824	-0.035236252600659	376.73031366685	0
8.832	-0.8601652698313	-0.02847710410769	376.73031366685	0
8.836	-0.85989914692768	-0.021721053487184	376.73031366685	0
8.84	-0.85958091596673	-0.014968582048479	376.73031366685	0
8.844	-0.85921061581186	-0.0082201706157293	376.73031366685	0
8.848	-0.85878829082146	-0.0014762994505425	376.73031366685	0
8.852	-0.85831399083841	0.0052625518251594	376.73031366685	0
8.856	-0.85778777117845	0.011995904306084	376.73031366685	0
8.86	-0.85720969261712	0.018723279880237	376.73031366685	0
8.864	-0.85657982137547	0.025444201305332	376.73031366685	0
8.868	-0.85589822910451	0.032158192284882	376.73031366685	0
8.872	-0.85516499286834	0.038864777543997	376.73031366685	0
8.876	-0.85438019512606	0.045563482904803	376.73031366685	0
8.88	-0.85354392371238	0.052253835361497	376.73031366685	0
8.884	-0.85265627181701	0.058935363154998	376.73031366685	0
8.888	-0.85171733796283	0.065607595847198	376.73031366685	0
8.892	-0.85072722598276	0.072270064394732	376.73031366685	0
8.896	-0.84968604499553	0.078922301222309	376.73031366685	0
8.9	-0.84859390938009	0.085563840295517	376.73031366685	0
8.904	-0.84745093874896	0.092194217193152	376.73031366685	0
8.908	-0.84625725792033	0.098812969178969	376.73031366685	0
8.912	-0.84501299688897	0.1054196352729	376.73031366685	0
8.916	-0.84371829079607	0.11201375632165	376.73031366685	0
8.92	-0.84237327989779	0.11859487506876	376.73031366685	0
8.924	-0.84097810953286	0.12516253622395	376.73031366685	0
8.928	-0.83953293008886	0.13171628653187	376.73031366685	0
8.932	-0.8380378969676	0.13825567484019	376.73031366685	0
8.936	-0.83649317054923	0.14478025216694	376.73031366685	0
8.94	-0.83489891615541	0.15128957176725	376.73031366685	0
8.944	-0.83325530401137	0.15778318919922	376.73031366685	0
8.948	-0.83156250920691	0.16426066238914	376.73031366685	0
8.952	-0.82982071165642	0.17072155169592	376.73031366685	0
8.956	-0.82803009605787	0.17716541997473	376.73031366685	0
8.96	-0.82619085185081	0.18359183263985	376.73031366685	0
8.964	-0.8243031731734	0.19000035772664	376.73031366685	0
8.968	-0.82236725881852	0.19639056595274	376.73031366685	0
8.972	-0.82038331218889	0.20276203077843	376.73031366685	0
8.976	-0.8183515412513	0.209114328466	376.73031366685	0
8.98	-0.81627215848997	0.2154470381384	376.73031366685	0
8.984	-0.81414538085898	0.2217597418368	376.73031366685	0
8.988	-0.81197142973392	0.22805202457745	376.73031366685	0
8.992	-0.80975053086258	0.23432347440739	376.73031366685	0
8.996	-0.80748291431499	0.24057368245936	376.73031366685	0
9	-0.80516881443249	0.24680224300572	376.73031366685	0
9.004	-0.80280846977618	0.25300875351138	376.73031366685	0
9.008	-0.80040212307447	0.2591928146857	376.73031366685	0
9.012	-0.79795002117004	0.26535403053355	376.73031366685	0
9.016	-0.79545241496598	0.27149200840515	376.73031366685	0
9.02	-0.79290955937128	0.27760635904509	376.73031366685	0
9.024	-0.79032171324565	0.28369669664019	376.73031366685	0
9.028	-0.78768913934372	0.28976263886636	376.73031366685	0
9.032	-0.78501210425855	0.29580380693447	376.73031366685	0
9.036	-0.78229087836461	0.30181982563506	376.73031366685	0
9.04	-0.7795257357601	0.30781032338205	376.73031366685	0
9.044	-0.77671695420882	0.31377493225543	376.73031366685	0
9.048	-0.77386481508139	0.3197132880427	376.73031366685	0
9.052	-0.77096960329602	0.32562503027943	376.73031366685	0
9.056	-0.76803160725881	0.33150980228861	376.73031366685	0
9.06	-0.76505111880352	0.33736725121888	376.73031366685	0
9.064	-0.76202843313091	0.34319702808176	376.73031366685	0
9.068	-0.75896384874773	0.34899878778769	376.73031366685	0
9.072	-0.7558576674052	0.35477218918097	376.73031366685	0
9.076	-0.75271019403718	0.36051689507365	376.73031366685	0
9.08	-0.74952173669799	0.3662325722782	376.73031366685	0
9.084	-0.74629260649986	0.37191889163912	376.73031366685	0
9.088	-0.74302311755009	0.37757552806346	376.73031366685	0
9.092	-0.73971358688794	0.38320216055012	376.73031366685	0
9.096	-0.7363643344212	0.38879847221813	376.73031366685	0
9.1	-0.73297568286261	0.39436415033372	376.73031366685	0
9.104	-0.72954795766597	0.39989888633632	376.73031366685	0
9.108	-0.72608148696209	0.40540237586339	376.73031366685	0
9.112	-0.72257660149459	0.41087431877418	376.73031366685	0
9.116	-0.71903363455549	0.41631441917231	376.73031366685	0
9.12	-0.71545292192069	0.42172238542728	376.73031366685	0
9.124	-0.71183480178542	0.4270979301948	376.73031366685	0
9.128	-0.70817961469941	0.43244077043608	376.73031366685	0
9.132	-0.70448770350223	0.43775062743594	376.73031366685	0
9.136	-0.7007594132584	0.44302722681985	376.73031366685	0
9.14	-0.69699509119254	0.44827029856984	376.73031366685	0
9.144	-0.69319508662456	0.45347957703932	376.73031366685	0
9.148	-0.68935975090477	0.45865480096681	376.73031366685	0
9.152	-0.68548943734912	0.4637957134886	376.73031366685	0
9.156	-0.68158450117445	0.46890206215023	376.73031366685	0
9.16	-0.67764529943379	0.47397359891702	376.73031366685	0
9.164	-0.67367219095185	0.47901008018346	376.73031366685	0
9.168	-0.6696655362605	0.48401126678151	376.73031366685	0
9.172	-0.66562569753451	0.48897692398789	376.73031366685	0
9.176	-0.66155303852733	0.4939068215303	376.73031366685	0
9.18	-0.65744792450716	0.49880073359261	376.73031366685	0
9.184	-0.65331072219309	0.50365843881899	376.73031366685	0
9.188	-0.64914179969155	0.50847972031705	376.73031366685	0
9.192	-0.64494152643293	0.51326436565989	376.73031366685	0
9.196	-0.64071027310846	0.51801216688727	376.73031366685	0
9.2	-0.63644841160735	0.52272292050565	376.73031366685	0
9.204	-0.63215631495423	0.52739642748732	376.73031366685	0
9.208	-0.62783435724685	0.53203249326852	376.73031366685	0
9.212	-0.6234829135941	0.53663092774663	376.73031366685	0
9.216	-0.6191023600544	0.54119154527634	376.73031366685	0
9.22	-0.61469307357437	0.54571416466496	376.73031366685	0
9.224	-0.6102554319279	0.55019860916669	376.73031366685	0
9.228	-0.6057898136556	0.55464470647609	376.73031366685	0
9.232	-0.60129659800459	0.55905228872054	376.73031366685	0
9.236	-0.59677616486874	0.56342119245183	376.73031366685	0
9.24	-0.59222889472934	0.56775125863689	376.73031366685	0
9.244	-0.58765516859612	0.57204233264763	376.73031366685	0
9.248	-0.58305536794882	0.57629426424991	376.73031366685	0
9.252	-0.57842987467912	0.58050690759166	376.73031366685	0
9.256	-0.57377907103312	0.5846801211902	376.73031366685	0
9.26	-0.56910333955424	0.58881376791867	376.73031366685	0
9.264	-0.56440306302665	0.59290771499174	376.73031366685	0
9.268	-0.55967862441921	0.59696183395044	376.73031366685	0
9.272	-0.55493040682988	0.60097600064628	376.73031366685	0
9.276	-0.55015879343072	0.60495009522455	376.73031366685	0
9.28	-0.54536416741338	0.60888400210687	376.73031366685	0
9.284	-0.54054691193517	0.61277760997307	376.73031366685	0
9.288	-0.53570741006567	0.61663081174223	376.73031366685	0
9.292	-0.53084604473388	0.62044350455311	376.73031366685	0
9.296	-0.52596319867606	0.62421558974384	376.73031366685	0
9.3	-0.52105925438396	0.62794697283093	376.73031366685	0
9.304	-0.51613459405388	0.63163756348758	376.73031366685	0
9.308	-0.51118959953612	0.63528727552145	376.73031366685	0
9.312	-0.50622465228515	0.63889602685162	376.73031366685	0
9.316	-0.50124013331041	0.64246373948511	376.73031366685	0
9.32	-0.49623642312767	0.64599033949262	376.73031366685	0
9.324	-0.49121390171105	0.64947575698381	376.73031366685	0
9.328	-0.48617294844568	0.65291992608193	376.73031366685	0
9.332	-0.48111394208102	0.65632278489792	376.73031366685	0
9.336	-0.47603726068481	0.65968427550389	376.73031366685	0
9.34	-0.47094328159761	0.66300434390619	376.73031366685	0
9.344	-0.46583238138816	0.66628294001784	376.73031366685	0
9.348	-0.46070493580923	0.66952001763053	376.73031366685	0
9.352	-0.45556131975424	0.67271553438608	376.73031366685	0
9.356	-0.45040190721453	0.67586945174746	376.73031366685	0
9.36	-0.4452270712373	0.67898173496934	376.73031366685	0
9.364	-0.44003718388419	0.68205235306818	376.73031366685	0
9.368	-0.43483261619067	0.68508127879191	376.73031366685	0
9.372	-0.42961373812591	0.68806848858915	376.73031366685	0
9.376	-0.42438091855354	0.69101396257812	376.73031366685	0
9.38	-0.41913452519299	0.69391768451504	376.73031366685	0
9.384	-0.41387492458151	0.69677964176223	376.73031366685	0
9.388	-0.40860248203696	0.69959982525588	376.73031366685	0
9.392	-0.40331756162122	0.70237822947336	376.73031366685	0
9.396	-0.39802052610433	0.70511485240035	376.73031366685	0
9.4	-0.39271173692932	0.7078096954975	376.73031366685	0
9.404	-0.38739155417773	0.71046276366691	376.73031366685	0
9.408	-0.38206033653585	0.71307406521827	376.73031366685	0
9.412	-0.3767184412616	0.71564361183468	376.73031366685	0
9.416	-0.37136622415218	0.71817141853831	376.73031366685	0
9.42	-0.36600403951236	0.72065750365572	376.73031366685	0
9.424	-0.36063224012345	0.72310188878301	376.73031366685	0
9.428	-0.35525117721306	0.72550459875067	376.73031366685	0
9.432	-0.34986120042543	0.72786566158831	376.73031366685	0
9.436	-0.34446265779253	0.73018510848916	376.73031366685	0
9.44	-0.3390558957058	0.73246297377435	376.73031366685	0
9.444	-0.33364125888862	0.73469929485704	376.73031366685	0
9.448	-0.32821909036945	0.73689411220646	376.73031366685	0
9.452	-0.32278973145562	0.73904746931169	376.73031366685	0
9.456	-0.31735352170783	0.74115941264539	376.73031366685	0
9.46	-0.3119107989153	0.74322999162738	376.73031366685	0
9.464	-0.30646189907167	0.7452592585881	376.73031366685	0
9.468	-0.30100715635144	0.747247268732	376.73031366685	0
9.472	-0.29554690308716	0.74919408010083	376.73031366685	0
9.476	-0.29008146974731	0.75109975353683	376.73031366685	0
9.48	-0.28461118491475	0.75296435264594	376.73031366685	0
9.484	-0.27913637526588	0.75478794376082	376.73031366685	0
9.488	-0.27365736555044	0.75657059590398	376.73031366685	0
9.492	-0.26817447857196	0.75831238075075	376.73031366685	0
9.496	-0.26268803516885	0.76001337259235	376.73031366685	0
9.5	-0.2571983541961	0.76167364829882	376.73031366685	0
9.504	-0.25170575250765	0.76329328728209	376.73031366685	0
9.508	-0.24621054493937	0.76487237145893	376.73031366685	0
9.512	-0.24071304429266	0.76641098521401	376.73031366685	0
9.516	-0.23521356131867	0.76790921536298	376.73031366685	0
9.52	-0.2297124047031	0.76936715111552	376.73031366685	0
9.524	-0.22420988105169	0.77078488403854	376.73031366685	0
9.528	-0.21870629487621	0.77216250801936	376.73031366685	0
9.532	-0.2132019485811	0.773500119229	376.73031366685	0
9.536	-0.2076971424507	0.77479781608551	376.73031366685	0
9.54	-0.20219217463702	0.77605569921744	376.73031366685	0
9.544	-0.19668734114815	0.77727387142735	376.73031366685	0
9.548	-0.19118293583718	0.77845243765544	376.73031366685	0
9.552	-0.18567925039173	0.77959150494329	376.73031366685	0
9.556	-0.18017657432398	0.78069118239772	376.73031366685	0
9.56	-0.17467519496136	0.78175158115477	376.73031366685	0
9.564	-0.16917539743765	0.78277281434382	376.73031366685	0
9.568	-0.1636774646847	0.78375499705184	376.73031366685	0
9.572	-0.15818167742467	0.78469824628777	376.73031366685	0
9.576	-0.15268831416282	0.78560268094712	376.73031366685	0
9.58	-0.14719765118073	0.78646842177663	376.73031366685	0
9.584	-0.14170996253014	0.78729559133918	376.73031366685	0
9.588	-0.13622552002723	0.78808431397885	376.73031366685	0
9.592	-0.13074459324742	0.78883471578614	376.73031366685	0
9.596	-0.12526744952064	0.78954692456338	376.73031366685	0
9.6	-0.11979435392712	0.79022106979035	376.73031366685	0
9.604	-0.11432556929365	0.79085728259012	376.73031366685	0
9.608	-0.10886135619026	0.79145569569498	376.73031366685	0
9.612	-0.10340197292744	0.79201644341275	376.73031366685	0
9.616	-0.09794767555377	0.79253966159313	376.73031366685	0
9.62	-0.092498717854005	0.79302548759441	376.73031366685	0
9.624	-0.087055351347615	0.79347406025031	376.73031366685	0
9.628	-0.081617825287744	0.79388551983708	376.73031366685	0
9.632	-0.076186386660615	0.79426000804084	376.73031366685	0
9.636	-0.070761280185345	0.79459766792514	376.73031366685	0
9.64	-0.065342748314173	0.79489864389879	376.73031366685	0
9.644	-0.059931031233114	0.79516308168387	376.73031366685	0
9.648	-0.054526366862979	0.79539112828406	376.73031366685	0
9.652	-0.049128990860821	0.79558293195322	376.73031366685	0
9.656	-0.043739136621753	0.79573864216414	376.73031366685	0
9.66	-0.038357035281139	0.79585840957764	376.73031366685	0
9.664	-0.032982915717169	0.7959423860119	376.73031366685	0
9.668	-0.027617004553789	0.79599072441205	376.73031366685	0
9.672	-0.022259526163998	0.79600357882006	376.73031366685	0
9.676	-0.016910702673494	0.79598110434483	376.73031366685	0
9.68	-0.011570753964648	0.79592345713262	376.73031366685	0
9.684	-0.0062398976808412	0.79583079433776	376.73031366685	0
9.688	-0.00091834923111008	0.79570327409358	376.73031366685	0
9.692	0.0043936782048643	0.79554105548366	376.73031366685	0
9.696	0.0096959736714774	0.79534429851339	376.73031366685	0
9.7	0.014988328431588	0.79511316408174	376.73031366685	0
9.704	0.020270535960619	0.7948478139534	376.73031366685	0
9.708	0.02554239194034	0.79454841073115	376.73031366685	0
9.712	0.030803694252398	0.79421511782852	376.73031366685	0
9.716	0.036054242971525	0.79384809944282	376.73031366685	0
9.72	0.041293840358497	0.79344752052835	376.73031366685	0
9.724	0.046522290852805	0.79301354676997	376.73031366685	0
9.728	0.051739401065082	0.79254634455698	376.73031366685	0
9.732	0.056944979769256	0.79204608095725	376.73031366685	0
9.736	0.062138837894461	0.79151292369168	376.73031366685	0
9.74	0.067320788516699	0.79094704110892	376.73031366685	0
9.744	0.072490646850276	0.79034860216048	376.73031366685	0
9.748	0.077648230238992	0.78971777637599	376.73031366685	0
9.752	0.082793358147117	0.78905473383891	376.73031366685	0
9.756	0.087925852150133	0.78835964516246	376.73031366685	0
9.76	0.093045535925286	0.78763268146585	376.73031366685	0
9.764	0.098152235241911	0.78687401435086	376.73031366685	0
9.768	0.10324577795157	0.78608381587864	376.73031366685	0
9.772	0.10832599397796	0.78526225854691	376.73031366685	0
9.776	0.11339271530671	0.78440951526739	376.73031366685	0
9.78	0.1184457759749	0.78352575934353	376.73031366685	0
9.784	0.12348501206046	0.78261116444859	376.73031366685	0
9.788	0.12851026167138	0.781665904604	376.73031366685	0
9.792	0.13352136493477	0.78069015415795	376.73031366685	0
9.796	0.13851816398572	0.77968408776443	376.73031366685	0
9.8	0.14350050295606	0.77864788036239	376.73031366685	0
9.804	0.14846822796289	0.77758170715536	376.73031366685	0
9.808	0.15342118709708	0.77648574359123	376.73031366685	0
9.812	0.15835923041149	0.77536016534244	376.73031366685	0
9.816	0.1632822099092	0.77420514828638	376.73031366685	0
9.82	0.16818997953146	0.77302086848613	376.73031366685	0
9.824	0.17308239514569	0.77180750217151	376.73031366685	0
9.828	0.17795931453317	0.77056522572034	376.73031366685	0
9.832	0.18282059737676	0.76929421564009	376.73031366685	0
9.836	0.18766610524848	0.76799464854975	376.73031366685	0
9.84	0.19249570159689	0.76666670116205	376.73031366685	0
9.844	0.19730925173453	0.76531055026589	376.73031366685	0
9.848	0.20210662282513	0.76392637270912	376.73031366685	0
9.852	0.20688768387076	0.76251434538157	376.73031366685	0
9.856	0.21165230569897	0.7610746451984	376.73031366685	0
9.86	0.21640036094973	0.75960744908369	376.73031366685	0
9.864	0.22113172406239	0.75811293395433	376.73031366685	0
9.868	0.22584627126249	0.75659127670417	376.73031366685	0
9.872	0.23054388054856	0.75504265418851	376.73031366685	0
9.876	0.23522443167883	0.75346724320877	376.73031366685	0
9.88	0.23988780615787	0.75186522049749	376.73031366685	0
9.884	0.24453388722318	0.75023676270363	376.73031366685	0
9.888	0.24916255983172	0.74858204637804	376.73031366685	0
9.892	0.25377371064643	0.74690124795934	376.73031366685	0
9.896	0.25836722802265	0.7451945437599	376.73031366685	0
9.9	0.26294300199449	0.74346210995226	376.73031366685	0
9.904	0.26750092426125	0.74170412255563	376.73031366685	0
9.908	0.27204088817371	0.73992075742284	376.73031366685	0
9.912	0.27656278872042	0.73811219022736	376.73031366685	0
9.916	0.28106652251399	0.73627859645076	376.73031366685	0
9.92	0.2855519877773	0.73442015137026	376.73031366685	0
9.924	0.29001908432976	0.73253703004662	376.73031366685	0
9.928	0.29446771357348	0.7306294073123	376.73031366685	0
9.932	0.29889777847946	0.72869745775981	376.73031366685	0
9.936	0.30330918357377	0.7267413557303	376.73031366685	0
9.94	0.30770183492373	0.72476127530248	376.73031366685	0
9.944	0.31207564012405	0.72275739028168	376.73031366685	0
9.948	0.316430508283	0.7207298741892	376.73031366685	0
9.952	0.32076635000856	0.71867890025191	376.73031366685	0
9.956	0.32508307739457	0.71660464139205	376.73031366685	0
9.96	0.32938060400693	0.71450727021728	376.73031366685	0
9.964	0.33365884486975	0.71238695901095	376.73031366685	0
9.968	0.33791771645152	0.71024387972262	376.73031366685	0
9.972	0.34215713665134	0.70807820395878	376.73031366685	0
9.976	0.34637702478511	0.70589010297382	376.73031366685	0
9.98	0.35057730157179	0.7036797476612	376.73031366685	0
9.984	0.35475788911961	0.70144730854484	376.73031366685	0
9.988	0.35891871091239	0.69919295577072	376.73031366685	0
9.992	0.36305969179582	0.69691685909876	376.73031366685	0
9.996	0.36718075796379	0.6946191878948	376.73031366685	0
10	0.37128183694474	0.69230011112288	376.73031366685	0
10.004	0.37536285758808	0.68995979733768	376.73031366685	0
10.008	0.3794237500506	0.68759841467721	376.73031366685	0
10.012	0.3834644457829	0.68521613085565	376.73031366685	0
10.016	0.38748487751594	0.68281311315641	376.73031366685	0
10.02	0.39148497924755	0.68038952842542	376.73031366685	0
10.024	0.395464686229	0.67794554306459	376.73031366685	0
10.028	0.39942393495165	0.67548132302541	376.73031366685	0
10.032	0.40336266313361	0.67299703380287	376.73031366685	0
10.036	0.40728080970643	0.67049284042945	376.73031366685	0
10.04	0.41117831480191	0.66796890746935	376.73031366685	0
10.044	0.41505511973887	0.66542539901289	376.73031366685	0
10.048	0.41891116701004	0.66286247867112	376.73031366685	0
10.052	0.42274640026897	0.66028030957055	376.73031366685	0
10.056	0.42656076431701	0.65767905434814	376.73031366685	0
10.06	0.43035420509033	0.65505887514639	376.73031366685	0
10.064	0.43412666964703	0.65241993360864	376.73031366685	0
10.068	0.43787810615424	0.64976239087455	376.73031366685	0
10.072	0.44160846387537	0.6470864075757	376.73031366685	0
10.076	0.44531769315737	0.64439214383145	376.73031366685	0
10.08	0.44900574541804	0.64167975924485	376.73031366685	0
10.084	0.45267257313343	0.63894941289879	376.73031366685	0
10.088	0.45631812982532	0.63620126335227	376.73031366685	0
10.092	0.45994237004871	0.6334354686369	376.73031366685	0
10.096	0.46354524937942	0.63065218625342	376.73031366685	0
10.1	0.4671267244018	0.62785157316851	376.73031366685	0
10.104	0.47068675269637	0.6250337858117	376.73031366685	0
10.108	0.47422529282768	0.62219898007238	376.73031366685	0
10.112	0.47774230433216	0.61934731129704	376.73031366685	0
10.116	0.48123774770608	0.61647893428661	376.73031366685	0
10.12	0.48471158439351	0.61359400329393	376.73031366685	0
10.124	0.48816377677446	0.61069267202143	376.73031366685	0
10.128	0.49159428815303	0.60777509361883	376.73031366685	0
10.132	0.49500308274563	0.60484142068111	376.73031366685	0
10.136	0.49839012566928	0.60189180524652	376.73031366685	0
10.14	0.50175538293004	0.59892639879474	376.73031366685	0
10.144	0.50509882141142	0.59594535224524	376.73031366685	0
10.148	0.50842040886296	0.59294881595566	376.73031366685	0
10.152	0.51172011388884	0.58993693972037	376.73031366685	0
10.156	0.51499790593656	0.58690987276922	376.73031366685	0
10.16	0.51825375528573	0.58386776376626	376.73031366685	0
10.164	0.52148763303693	0.58081076080874	376.73031366685	0
10.168	0.52469951110063	0.57773901142614	376.73031366685	0
10.172	0.52788936218621	0.57465266257929	376.73031366685	0
10.176	0.53105715979108	0.57155186065973	376.73031366685	0
10.18	0.53420287818982	0.56843675148904	376.73031366685	0
10.184	0.53732649242346	0.56530748031839	376.73031366685	0
10.188	0.54042797828883	0.56216419182814	376.73031366685	0
10.192	0.54350731232794	0.55900703012755	376.73031366685	0
10.196	0.54656447181756	0.55583613875463	376.73031366685	0
10.2	0.54959943475873	0.55265166067609	376.73031366685	0
10.204	0.55261217986648	0.54945373828735	376.73031366685	0
10.208	0.55560268655956	0.54624251341268	376.73031366685	0
10.212	0.55857093495031	0.54301812730549	376.73031366685	0
10.216	0.56151690583453	0.5397807206486	376.73031366685	0
10.22	0.56444058068154	0.53653043355472	376.73031366685	0
10.224	0.56734194162421	0.53326740556695	376.73031366685	0
10.228	0.57022097144919	0.52999177565945	376.73031366685	0
10.232	0.57307765358714	0.52670368223808	376.73031366685	0
10.236	0.57591197210305	0.52340326314126	376.73031366685	0
10.24	0.57872391168672	0.52009065564086	376.73031366685	0
10.244	0.58151345764319	0.51676599644314	376.73031366685	0
10.248	0.58428059588343	0.51342942168983	376.73031366685	0
10.252	0.58702531291491	0.51008106695932	376.73031366685	0
10.256	0.58974759583246	0.5067210672678	376.73031366685	0
10.26	0.59244743230906	0.50334955707065	376.73031366685	0
10.264	0.59512481058676	0.4999666702638	376.73031366685	0
10.268	0.59777971946776	0.49657254018517	376.73031366685	0
10.272	0.60041214830542	0.49316729961627	376.73031366685	0
10.276	0.60302208699552	0.48975108078376	376.73031366685	0
10.28	0.60560952596747	0.48632401536116	376.73031366685	0
10.284	0.60817445617568	0.48288623447065	376.73031366685	0
10.288	0.61071686909103	0.47943786868485	376.73031366685	0
10.292	0.6132367566923	0.47597904802874	376.73031366685	0
10.296	0.61573411145787	0.47250990198167	376.73031366685	0
10.3	0.61820892635731	0.46903055947933	376.73031366685	0
10.304	0.62066119484324	0.46554114891592	376.73031366685	0
10.308	0.62309091084309	0.46204179814628	376.73031366685	0
10.312	0.62549806875109	0.45853263448813	376.73031366685	0
10.316	0.62788266342026	0.45501378472437	376.73031366685	0
10.32	0.63024469015454	0.45148537510543	376.73031366685	0
10.324	0.63258414470089	0.44794753135169	376.73031366685	0
10.328	0.63490102324166	0.44440037865594	376.73031366685	0
10.332	0.63719532238683	0.44084404168593	376.73031366685	0
10.336	0.63946703916651	0.43727864458692	376.73031366685	0
10.34	0.6417161710234	0.43370431098438	376.73031366685	0
10.344	0.64394271580538	0.43012116398661	376.73031366685	0
10.348	0.64614667175821	0.42652932618755	376.73031366685	0
10.352	0.64832803751822	0.42292891966955	376.73031366685	0
10.356	0.65048681210519	0.41932006600623	376.73031366685	0
10.36	0.65262299491523	0.41570288626537	376.73031366685	0
10.364	0.65473658571376	0.41207750101184	376.73031366685	0
10.368	0.65682758462859	0.40844403031066	376.73031366685	0
10.372	0.65889599214307	0.40480259372998	376.73031366685	0
10.376	0.66094180908929	0.40115331034417	376.73031366685	0
10.38	0.66296503664138	0.39749629873701	376.73031366685	0
10.384	0.66496567630892	0.39383167700478	376.73031366685	0
10.388	0.66694372993036	0.39015956275956	376.73031366685	0
10.392	0.66889919966657	0.38648007313246	376.73031366685	0
10.396	0.67083208799448	0.38279332477688	376.73031366685	0
10.4	0.67274239770069	0.37909943387194	376.73031366685	0
10.404	0.6746301318753	0.37539851612578	376.73031366685	0
10.408	0.67649529390575	0.37169068677902	376.73031366685	0
10.412	0.67833788747069	0.36797606060821	376.73031366685	0
10.416	0.68015791653399	0.36425475192933	376.73031366685	0
10.42	0.68195538533883	0.36052687460132	376.73031366685	0
10.424	0.68373029840181	0.35679254202961	376.73031366685	0
10.428	0.68548266050717	0.35305186716979	376.73031366685	0
10.432	0.68721247670109	0.34930496253118	376.73031366685	0
10.436	0.68891975228603	0.34555194018053	376.73031366685	0
10.44	0.69060449281519	0.34179291174569	376.73031366685	0
10.444	0.69226670408701	0.3380279884194	376.73031366685	0
10.448	0.69390639213972	0.33425728096295	376.73031366685	0
10.452	0.69552356324605	0.3304808997101	376.73031366685	0
10.456	0.69711822390789	0.32669895457078	376.73031366685	0
10.46	0.69869038085113	0.322911555035	376.73031366685	0
10.464	0.70024004102052	0.31911881017675	376.73031366685	0
10.468	0.70176721157459	0.31532082865783	376.73031366685	0
10.472	0.70327189988066	0.31151771873185	376.73031366685	0
10.476	0.70475411350994	0.30770958824816	376.73031366685	0
10.48	0.70621386023265	0.30389654465582	376.73031366685	0
10.484	0.70765114801325	0.30007869500763	376.73031366685	0
10.488	0.7090659850057	0.29625614596417	376.73031366685	0
10.492	0.71045837954888	0.29242900379782	376.73031366685	0
10.496	0.71182834016193	0.28859737439688	376.73031366685	0
10.5	0.71317587553978	0.28476136326963	376.73031366685	0
10.504	0.71450099454871	0.28092107554851	376.73031366685	0
10.508	0.71580370622197	0.27707661599421	376.73031366685	0
10.512	0.71708401975546	0.27322808899987	376.73031366685	0
10.516	0.71834194450351	0.26937559859528	376.73031366685	0
10.52	0.71957748997466	0.26551924845102	376.73031366685	0
10.524	0.72079066582761	0.2616591418828	376.73031366685	0
10.528	0.72198148186712	0.25779538185559	376.73031366685	0
10.532	0.72314994804006	0.25392807098797	376.73031366685	0
10.536	0.72429607443148	0.25005731155638	376.73031366685	0
10.54	0.72541987126078	0.24618320549942	376.73031366685	0
10.544	0.72652134887789	0.24230585442219	376.73031366685	0
10.548	0.72760051775958	0.2384253596006	376.73031366685	0
10.552	0.72865738850578	0.23454182198575	376.73031366685	0
10.556	0.72969197183597	0.23065534220828	376.73031366685	0
10.56	0.7307042785857	0.22676602058275	376.73031366685	0
10.564	0.73169431970305	0.22287395711209	376.73031366685	0
10.568	0.73266210624526	0.21897925149195	376.73031366685	0
10.572	0.73360764937538	0.21508200311516	376.73031366685	0
10.576	0.734530960359	0.21118231107619	376.73031366685	0
10.58	0.73543205056096	0.20728027417561	376.73031366685	0
10.584	0.73631093144227	0.20337599092452	376.73031366685	0
10.588	0.73716761455695	0.19946955954907	376.73031366685	0
10.592	0.73800211154901	0.19556107799498	376.73031366685	0
10.596	0.73881443414945	0.191650643932	376.73031366685	0
10.6	0.73960459417339	0.18773835475849	376.73031366685	0
10.604	0.74037260351712	0.18382430760591	376.73031366685	0
10.608	0.74111847415536	0.1799085993434	376.73031366685	0
10.612	0.74184221813852	0.17599132658233	376.73031366685	0
10.616	0.74254384758997	0.17207258568086	376.73031366685	0
10.62	0.74322337470344	0.16815247274855	376.73031366685	0
10.624	0.74388081174044	0.16423108365094	376.73031366685	0
10.628	0.74451617102777	0.16030851401414	376.73031366685	0
10.632	0.74512946495505	0.15638485922948	376.73031366685	0
10.636	0.7457207059723	0.15246021445809	376.73031366685	0
10.64	0.74628990658767	0.14853467463557	376.73031366685	0
10.644	0.74683707936508	0.14460833447664	376.73031366685	0
10.648	0.74736223692205	0.14068128847975	376.73031366685	0
10.652	0.74786539192751	0.13675363093179	376.73031366685	0
10.656	0.74834655709968	0.13282545591272	376.73031366685	0
10.66	0.74880574520404	0.12889685730031	376.73031366685	0
10.664	0.74924296905131	0.12496792877475	376.73031366685	0
10.668	0.74965824149553	0.12103876382343	376.73031366685	0
10.672	0.75005157543214	0.11710945574558	376.73031366685	0
10.676	0.75042298379616	0.11318009765705	376.73031366685	0
10.68	0.75077247956043	0.10925078249494	376.73031366685	0
10.684	0.75110007573388	0.10532160302243	376.73031366685	0
10.688	0.75140578535985	0.10139265183347	376.73031366685	0
10.692	0.75168962151448	0.097464021357501	376.73031366685	0
10.696	0.75195159730517	0.093535803864263	376.73031366685	0
10.7	0.75219172586908	0.089608091468515	376.73031366685	0
10.704	0.75241002037164	0.085680976134813	376.73031366685	0
10.708	0.7526064940052	0.081754549682295	376.73031366685	0
10.712	0.75278115998769	0.077828903789441	376.73031366685	0
10.716	0.75293403156129	0.073904129998873	376.73031366685	0
10.72	0.75306512199124	0.069980319722153	376.73031366685	0
10.724	0.75317444456467	0.066057564244567	376.73031366685	0
10.728	0.75326201258942	0.062135954729948	376.73031366685	0
10.732	0.75332783939302	0.058215582225478	376.73031366685	0
10.736	0.75337193832166	0.054296537666509	376.73031366685	0
10.74	0.75339432273921	0.050378911881394	376.73031366685	0
10.744	0.75339500602635	0.046462795596309	376.73031366685	0
10.748	0.75337400157964	0.042548279440089	376.73031366685	0
10.752	0.75333132281081	0.038635453949082	376.73031366685	0
10.756	0.75326698314591	0.034724409571982	376.73031366685	0
10.76	0.75318099602471	0.030815236674689	376.73031366685	0
10.764	0.75307337489998	0.026908025545169	376.73031366685	0
10.768	0.75294413323692	0.023002866398312	376.73031366685	0
10.772	0.75279328451265	0.01909984938081	376.73031366685	0
10.776	0.75262084221569	0.015199064576024	376.73031366685	0
10.78	0.75242681984553	0.011300602008862	376.73031366685	0
10.784	0.75221123091229	0.0074045516506731	376.73031366685	0
10.788	0.75197408893634	0.0035110034241275	376.73031366685	0
10.792	0.75171540744805	-0.00037995279188513	376.73031366685	0
10.796	0.75143519998759	-0.0042682271573567	376.73031366685	0
10.8	0.75113348010472	-0.0081537298662586	376.73031366685	0
10.804	0.75081026135871	-0.012036371141626	376.73031366685	0
10.808	0.75046555731828	-0.015916061230655	376.73031366685	0
10.812	0.75009938156157	-0.01979271039978	376.73031366685	0
10.816	0.74971174767619	-0.023666228929743	376.73031366685	0
10.82	0.74930266925934	-0.027536527110685	376.73031366685	0
10.824	0.74887215991795	-0.031403515237196	376.73031366685	0
10.828	0.74842023326886	-0.03526710360339	376.73031366685	0
10.832	0.74794690293914	-0.039127202497963	376.73031366685	0
10.836	0.74745218256633	-0.042983722199244	376.73031366685	0
10.84	0.74693608579888	-0.046836572970254	376.73031366685	0
10.844	0.7463986262965	-0.05068566505375	376.73031366685	0
10.848	0.7458398177307	-0.054530908667265	376.73031366685	0
10.852	0.74525967378527	-0.058372213998155	376.73031366685	0
10.856	0.7446582081569	-0.062209491198623	376.73031366685	0
10.86	0.74403543455579	-0.066042650380762	376.73031366685	0
10.864	0.74339136670634	-0.069871601611578	376.73031366685	0
10.868	0.74272601834794	-0.073696254908009	376.73031366685	0
10.872	0.74203940323573	-0.077516520231952	376.73031366685	0
10.876	0.74133153514145	-0.081332307485277	376.73031366685	0
10.88	0.74060242785441	-0.08514352650484	376.73031366685	0
10.884	0.7398520951824	-0.088950087057491	376.73031366685	0
10.888	0.73908055095273	-0.092751898835076	376.73031366685	0
10.892	0.73828780901332	-0.096548871449448	376.73031366685	0
10.896	0.73747388323385	-0.10034091442746	376.73031366685	0
10.9	0.7366387875069	-0.10412793720597	376.73031366685	0
10.904	0.73578253574926	-0.1079098491268	376.73031366685	0
10.908	0.73490514190319	-0.11168655943178	376.73031366685	0
10.912	0.73400661993781	-0.11545797725769	376.73031366685	0
10.916	0.73308698385051	-0.11922401163125	376.73031366685	0
10.92	0.73214624766843	-0.12298457146413	376.73031366685	0
10.924	0.73118442545001	-0.12673956554788	376.73031366685	0
10.928	0.73020153128653	-0.13048890254895	376.73031366685	0
10.932	0.72919757930385	-0.13423249100362	376.73031366685	0
10.936	0.72817258366405	-0.13797023931302	376.73031366685	0
10.94	0.72712655856722	-0.14170205573803	376.73031366685	0
10.944	0.72605951825331	-0.14542784839432	376.73031366685	0
10.948	0.72497147700401	-0.14914752524725	376.73031366685	0
10.952	0.72386244914468	-0.15286099410686	376.73031366685	0
10.956	0.72273244904639	-0.15656816262282	376.73031366685	0
10.96	0.72158149112799	-0.16026893827939	376.73031366685	0
10.964	0.7204095898582	-0.16396322839038	376.73031366685	0
10.968	0.71921675975787	-0.16765094009409	376.73031366685	0
10.972	0.71800301540221	-0.17133198034825	376.73031366685	0
10.976	0.71676837142307	-0.17500625592501	376.73031366685	0
10.98	0.7155128425114	-0.17867367340585	376.73031366685	0
10.984	0.71423644341962	-0.18233413917654	376.73031366685	0
10.988	0.71293918896419	-0.18598755942208	376.73031366685	0
10.992	0.71162109402814	-0.18963384012168	376.73031366685	0
10.996	0.71028217356374	-0.19327288704364	376.73031366685	0
11	0.70892244259519	-0.19690460574034	376.73031366685	0
11.004	0.70754191622136	-0.2005289015432	376.73031366685	0
11.008	0.70614060961871	-0.20414567955756	376.73031366685	0
11.012	0.70471853804408	-0.20775484465767	376.73031366685	0
11.016	0.70327571683777	-0.21135630148165	376.73031366685	0
11.02	0.70181216142648	-0.21494995442637	376.73031366685	0
11.024	0.70032788732647	-0.21853570764247	376.73031366685	0
11.028	0.69882291014676	-0.22211346502923	376.73031366685	0
11.032	0.69729724559227	-0.2256831302296	376.73031366685	0
11.036	0.69575090946724	-0.22924460662505	376.73031366685	0
11.04	0.69418391767857	-0.23279779733063	376.73031366685	0
11.044	0.69259628623926	-0.23634260518982	376.73031366685	0
11.048	0.69098803127195	-0.23987893276956	376.73031366685	0
11.052	0.68935916901253	-0.24340668235515	376.73031366685	0
11.056	0.68770971581377	-0.24692575594525	376.73031366685	0
11.06	0.68603968814912	-0.25043605524682	376.73031366685	0
11.064	0.68434910261648	-0.25393748167008	376.73031366685	0
11.068	0.68263797594211	-0.2574299363235	376.73031366685	0
11.072	0.6809063249846	-0.26091332000875	376.73031366685	0
11.076	0.6791541667389	-0.2643875332157	376.73031366685	0
11.08	0.67738151834046	-0.26785247611736	376.73031366685	0
11.084	0.67558839706939	-0.27130804856493	376.73031366685	0
11.088	0.67377482035479	-0.27475415008273	376.73031366685	0
11.092	0.67194080577904	-0.27819067986322	376.73031366685	0
11.096	0.67008637108228	-0.281617536762	376.73031366685	0
11.1	0.66821153416689	-0.28503461929284	376.73031366685	0
11.104	0.66631631310211	-0.28844182562267	376.73031366685	0
11.108	0.6644007261287	-0.29183905356661	376.73031366685	0
11.112	0.66246479166368	-0.29522620058299	376.73031366685	0
11.116	0.6605085283052	-0.29860316376842	376.73031366685	0
11.12	0.65853195483744	-0.30196983985282	376.73031366685	0
11.124	0.65653509023563	-0.30532612519446	376.73031366685	0
11.128	0.65451795367114	-0.30867191577506	376.73031366685	0
11.132	0.65248056451664	-0.31200710719484	376.73031366685	0
11.136	0.65042294235141	-0.31533159466761	376.73031366685	0
11.14	0.64834510696662	-0.3186452730159	376.73031366685	0
11.144	0.64624707837086	-0.32194803666603	376.73031366685	0
11.148	0.64412887679559	-0.32523977964325	376.73031366685	0
11.152	0.64199052270082	-0.32852039556686	376.73031366685	0
11.156	0.63983203678078	-0.33178977764542	376.73031366685	0
11.16	0.63765343996975	-0.33504781867181	376.73031366685	0
11.164	0.63545475344794	-0.3382944110185	376.73031366685	0
11.168	0.6332359986475	-0.34152944663271	376.73031366685	0
11.172	0.63099719725856	-0.34475281703162	376.73031366685	0
11.176	0.62873837123547	-0.34796441329758	376.73031366685	0
11.18	0.62645954280304	-0.35116412607339	376.73031366685	0
11.184	0.62416073446291	-0.35435184555753	376.73031366685	0
11.188	0.62184196900003	-0.35752746149947	376.73031366685	0
11.192	0.61950326948924	-0.36069086319496	376.73031366685	0
11.196	0.61714465930192	-0.36384193948134	376.73031366685	0
11.2	0.61476616211276	-0.36698057873292	376.73031366685	0
11.204	0.61236780190668	-0.37010666885629	376.73031366685	0
11.208	0.60994960298573	-0.37322009728576	376.73031366685	0
11.212	0.60751158997624	-0.37632075097878	376.73031366685	0
11.216	0.60505378783594	-0.37940851641133	376.73031366685	0
11.22	0.60257622186132	-0.38248327957342	376.73031366685	0
11.224	0.60007891769497	-0.38554492596458	376.73031366685	0
11.228	0.59756190133312	-0.38859334058938	376.73031366685	0
11.232	0.59502519913321	-0.39162840795297	376.73031366685	0
11.236	0.59246883782168	-0.39465001205666	376.73031366685	0
11.24	0.58989284450174	-0.39765803639355	376.73031366685	0
11.244	0.58729724666137	-0.40065236394416	376.73031366685	0
11.248	0.58468207218133	-0.4036328771721	376.73031366685	0
11.252	0.58204734934337	-0.40659945801979	376.73031366685	0
11.256	0.5793931068385	-0.4095519879042	376.73031366685	0
11.26	0.57671937377541	-0.41249034771266	376.73031366685	0
11.264	0.57402617968896	-0.41541441779862	376.73031366685	0
11.268	0.57131355454887	-0.41832407797759	376.73031366685	0
11.272	0.56858152876843	-0.42121920752298	376.73031366685	0
11.276	0.56583013321342	-0.42409968516208	376.73031366685	0
11.28	0.56305939921106	-0.42696538907204	376.73031366685	0
11.284	0.5602693585592	-0.42981619687587	376.73031366685	0
11.288	0.55746004353551	-0.43265198563857	376.73031366685	0
11.292	0.5546314869069	-0.43547263186323	376.73031366685	0
11.296	0.55178372193898	-0.43827801148719	376.73031366685	0
11.3	0.54891678240569	-0.44106799987831	376.73031366685	0
11.304	0.54603070259908	-0.4438424718312	376.73031366685	0
11.308	0.54312551733916	-0.44660130156358	376.73031366685	0
11.312	0.54020126198394	-0.44934436271267	376.73031366685	0
11.316	0.53725797243955	-0.45207152833162	376.73031366685	0
11.32	0.53429568517055	-0.45478267088601	376.73031366685	0
11.324	0.5313144372103	-0.45747766225045	376.73031366685	0
11.328	0.52831426617152	-0.46015637370515	376.73031366685	0
11.332	0.52529521025698	-0.46281867593268	376.73031366685	0
11.336	0.52225730827033	-0.46546443901467	376.73031366685	0
11.34	0.51920059962702	-0.46809353242865	376.73031366685	0
11.344	0.51612512436541	-0.47070582504496	376.73031366685	0
11.348	0.51303092315802	-0.47330118512372	376.73031366685	0
11.352	0.50991803732289	-0.47587948031184	376.73031366685	0
11.356	0.50678650883511	-0.47844057764016	376.73031366685	0
11.36	0.50363638033847	-0.48098434352066	376.73031366685	0
11.364	0.50046769515728	-0.4835106437437	376.73031366685	0
11.368	0.49728049730831	-0.48601934347541	376.73031366685	0
11.372	0.49407483151292	-0.48851030725512	376.73031366685	0
11.376	0.49085074320924	-0.49098339899287	376.73031366685	0
11.38	0.48760827856467	-0.49343848196708	376.73031366685	0
11.384	0.48434748448832	-0.49587541882222	376.73031366685	0
11.388	0.48106840864378	-0.49829407156662	376.73031366685	0
11.392	0.47777109946193	-0.50069430157039	376.73031366685	0
11.396	0.47445560615398	-0.50307596956342	376.73031366685	0
11.4	0.47112197872459	-0.50543893563347	376.73031366685	0
11.404	0.46777026798519	-0.50778305922437	376.73031366685	0
11.408	0.46440052556748	-0.51010819913437	376.73031366685	0
11.412	0.46101280393699	-0.51241421351456	376.73031366685	0
11.416	0.45760715640694	-0.51470095986737	376.73031366685	0
11.42	0.45418363715211	-0.51696829504527	376.73031366685	0
11.424	0.450742301223	-0.5192160752495	376.73031366685	0
11.428	0.44728320456006	-0.52144415602902	376.73031366685	0
11.432	0.44380640400811	-0.52365239227947	376.73031366685	0
11.436	0.44031195733095	-0.52584063824236	376.73031366685	0
11.44	0.43679992322608	-0.52800874750433	376.73031366685	0
11.444	0.43327036133965	-0.53015657299655	376.73031366685	0
11.448	0.42972333228149	-0.53228396699431	376.73031366685	0
11.452	0.4261588976404	-0.53439078111666	376.73031366685	0
11.456	0.42257711999955	-0.53647686632626	376.73031366685	0
11.46	0.41897806295202	-0.53854207292939	376.73031366685	0
11.464	0.41536179111659	-0.54058625057604	376.73031366685	0
11.468	0.41172837015366	-0.54260924826021	376.73031366685	0
11.472	0.40807786678126	-0.54461091432037	376.73031366685	0
11.476	0.40441034879141	-0.54659109644005	376.73031366685	0
11.48	0.40072588506643	-0.54854964164862	376.73031366685	0
11.484	0.39702454559564	-0.5504863963222	376.73031366685	0
11.488	0.39330640149204	-0.55240120618484	376.73031366685	0
11.492	0.38957152500929	-0.55429391630975	376.73031366685	0
11.496	0.3858199895588	-0.55616437112078	376.73031366685	0
11.5	0.38205186972703	-0.5580124143941	376.73031366685	0
11.504	0.37826724129294	-0.55983788926006	376.73031366685	0
11.508	0.37446618124558	-0.56164063820518	376.73031366685	0
11.512	0.37064876780194	-0.56342050307442	376.73031366685	0
11.516	0.3668150804249	-0.56517732507363	376.73031366685	0
11.52	0.36296519984137	-0.56691094477217	376.73031366685	0
11.524	0.35909920806061	-0.56862120210578	376.73031366685	0
11.528	0.35521718839276	-0.57030793637968	376.73031366685	0
11.532	0.35131922546746	-0.5719709862718	376.73031366685	0
11.536	0.34740540525271	-0.57361018983639	376.73031366685	0
11.54	0.34347581507389	-0.57522538450769	376.73031366685	0
11.544	0.33953054363294	-0.57681640710394	376.73031366685	0
11.548	0.33556968102772	-0.57838309383162	376.73031366685	0
11.552	0.33159331877156	-0.57992528028991	376.73031366685	0
11.556	0.32760154981293	-0.58144280147539	376.73031366685	0
11.56	0.32359446855536	-0.58293549178704	376.73031366685	0
11.564	0.31957217087745	-0.58440318503145	376.73031366685	0
11.568	0.3155347541531	-0.58584571442834	376.73031366685	0
11.572	0.31148231727191	-0.58726291261631	376.73031366685	0
11.576	0.30741496065973	-0.5886546116589	376.73031366685	0
11.58	0.30333278629938	-0.59002064305091	376.73031366685	0
11.584	0.29923589775154	-0.591360837725	376.73031366685	0
11.588	0.29512440017581	-0.59267502605864	376.73031366685	0
11.592	0.29099840035194	-0.59396303788126	376.73031366685	0
11.596	0.28685800670122	-0.59522470248181	376.73031366685	0
11.6	0.28270332930799	-0.59645984861654	376.73031366685	0
11.604	0.27853447994142	-0.59766830451718	376.73031366685	0
11.608	0.27435157207729	-0.59884989789936	376.73031366685	0
11.612	0.27015472092011	-0.60000445597141	376.73031366685	0
11.616	0.26594404342522	-0.6011318054435	376.73031366685	0
11.62	0.26171965832118	-0.60223177253709	376.73031366685	0
11.624	0.25748168613224	-0.60330418299474	376.73031366685	0
11.628	0.25323024920098	-0.60434886209027	376.73031366685	0
11.632	0.24896547171109	-0.6053656346393	376.73031366685	0
11.636	0.24468747971031	-0.60635432501014	376.73031366685	0
11.64	0.2403964011335	-0.60731475713502	376.73031366685	0
11.644	0.23609236582585	-0.60824675452179	376.73031366685	0
11.648	0.23177550556627	-0.60915014026591	376.73031366685	0
11.652	0.22744595409081	-0.61002473706291	376.73031366685	0
11.656	0.22310384711633	-0.61087036722116	376.73031366685	0
11.66	0.21874932236425	-0.61168685267516	376.73031366685	0
11.664	0.2143825195844	-0.61247401499917	376.73031366685	0
11.668	0.210003580579	-0.61323167542125	376.73031366685	0
11.672	0.20561264922684	-0.61395965483781	376.73031366685	0
11.676	0.20120987150744	-0.61465777382847	376.73031366685	0
11.68	0.19679539552541	-0.61532585267153	376.73031366685	0
11.684	0.19236937153492	-0.61596371135971	376.73031366685	0
11.688	0.18793195196422	-0.61657116961647	376.73031366685	0
11.692	0.1834832914403	-0.61714804691279	376.73031366685	0
11.696	0.17902354681362	-0.61769416248431	376.73031366685	0
11.7	0.17455287718293	-0.61820933534914	376.73031366685	0
11.704	0.17007144392021	-0.61869338432593	376.73031366685	0
11.708	0.16557941069564	-0.61914612805266	376.73031366685	0
11.712	0.16107694350266	-0.61956738500577	376.73031366685	0
11.716	0.15656421068311	-0.61995697351987	376.73031366685	0
11.72	0.15204138295242	-0.62031471180795	376.73031366685	0
11.724	0.14750863342484	-0.62064041798215	376.73031366685	0
11.728	0.14296613763877	-0.620933910075	376.73031366685	0
11.732	0.13841407358207	-0.62119500606127	376.73031366685	0
11.736	0.13385262171747	-0.6214235238803	376.73031366685	0
11.74	0.12928196500792	-0.62161928145898	376.73031366685	0
11.744	0.12470228894209	-0.62178209673519	376.73031366685	0
11.748	0.12011378155977	-0.62191178768187	376.73031366685	0
11.752	0.11551663347733	-0.62200817233172	376.73031366685	0
11.756	0.11091103791319	-0.62207106880235	376.73031366685	0
11.76	0.10629719071323	-0.62210029532218	376.73031366685	0
11.764	0.10167529037626	-0.62209567025684	376.73031366685	0
11.768	0.097045538079408	-0.62205701213621	376.73031366685	0
11.772	0.092408137703477	-0.62198413968214	376.73031366685	0
11.776	0.087763295858295	-0.6218768718367	376.73031366685	0
11.78	0.08311122190798	-0.62173502779113	376.73031366685	0
11.784	0.078452127996168	-0.62155842701541	376.73031366685	0
11.788	0.073786229071143	-0.62134688928852	376.73031366685	0
11.792	0.069113742910907	-0.62110023472929	376.73031366685	0
11.796	0.064434890148159	-0.62081828382799	376.73031366685	0
11.8	0.059749894295153	-0.62050085747856	376.73031366685	0
11.804	0.055058981768467	-0.6201477770115	376.73031366685	0
11.808	0.050362381913628	-0.61975886422753	376.73031366685	0
11.812	0.045660327029603	-0.61933394143183	376.73031366685	0
11.816	0.040953052393167	-0.61887283146909	376.73031366685	0
11.82	0.036240796283068	-0.61837535775926	376.73031366685	0
11.824	0.031523800004056	-0.61784134433392	376.73031366685	0
11.828	0.026802307910711	-0.61727061587351	376.73031366685	0
11.832	0.022076567431072	-0.61666299774523	376.73031366685	0
11.836	0.017346829090066	-0.61601831604166	376.73031366685	0
11.84	0.012613346532688	-0.61533639762017	376.73031366685	0
11.844	0.0078763765469629	-0.61461707014309	376.73031366685	0
11.848	0.0031361790866477	-0.61386016211858	376.73031366685	0
11.852	-0.001606982706344	-0.61306550294234	376.73031366685	0
11.856	-0.0063528424797852	-0.61223292294005	376.73031366685	0
11.86	-0.011101130649301	-0.61136225341061	376.73031366685	0
11.864	-0.015851574376831	-0.61045332667016	376.73031366685	0
11.868	-0.020603897549421	-0.60950597609688	376.73031366685	0
11.872	-0.025357820758385	-0.60852003617662	376.73031366685	0
11.876	-0.030113061278811	-0.60749534254928	376.73031366685	0
11.88	-0.034869333049453	-0.60643173205607	376.73031366685	0
11.884	-0.039626346653031	-0.60532904278751	376.73031366685	0
11.888	-0.044383809296935	-0.6041871141323	376.73031366685	0
11.892	-0.049141424794383	-0.60300578682699	376.73031366685	0
11.896	-0.053898893546016	-0.60178490300646	376.73031366685	0
11.9	-0.05865591252197	-0.60052430625527	376.73031366685	0
11.904	-0.063412175244455	-0.59922384165984	376.73031366685	0
11.908	-0.068167371770828	-0.5978833558614	376.73031366685	0
11.912	-0.072921188677206	-0.59650269710988	376.73031366685	0
11.916	-0.077673309042639	-0.59508171531856	376.73031366685	0
11.92	-0.082423412433835	-0.59362026211963	376.73031366685	0
11.924	-0.087171174890515	-0.59211819092053	376.73031366685	0
11.928	-0.091916268911351	-0.59057535696121	376.73031366685	0
11.932	-0.096658363440556	-0.58899161737221	376.73031366685	0
11.936	-0.10139712385514	-0.58736683123355	376.73031366685	0
11.94	-0.10613221195284	-0.58570085963453	376.73031366685	0
11.944	-0.11086328594077	-0.5839935657344	376.73031366685	0
11.948	-0.11559000042477	-0.58224481482378	376.73031366685	0
11.952	-0.12031200639955	-0.58045447438704	376.73031366685	0
11.956	-0.12502895123956	-0.57862241416547	376.73031366685	0
11.96	-0.12974047869074	-0.57674850622133	376.73031366685	0
11.964	-0.134446228863	-0.57483262500271	376.73031366685	0
11.968	-0.13914583822362	-0.57287464740927	376.73031366685	0
11.972	-0.14383893959151	-0.57087445285879	376.73031366685	0
11.976	-0.14852516213236	-0.56883192335458	376.73031366685	0
11.98	-0.15320413135471	-0.56674694355374	376.73031366685	0
11.984	-0.15787546910703	-0.56461940083617	376.73031366685	0
11.988	-0.16253879357571	-0.56244918537448	376.73031366685	0
11.992	-0.16719371928409	-0.5602361902047	376.73031366685	0
11.996	-0.17183985709254	-0.55798031129779	376.73031366685	0
12	-0.17647681419958	-0.55568144763192	376.73031366685	0

Curvelabel          = SZmax(1),Zmax(1)_(5)
Filename            = ^cSZmax(1)Zmax(1).sig
Npoints             = 1001
Type                = 8
Subtype             = 16
Result type         = complex:none;impedance
View type           = Cartesian
Plot type           = Magnitude dB
Parameters          = {C_off=0.16; C_on_approx=1000; Cx=0.16; Cy=0.16; L1=2.9; L_diode=0.45; Lpin=0.45; R1=2.5; R_off=10; R_on=1; Rx=10; Ry=10; S1=0.3; W1=6; W2=5.3; alpha1=60; antipad_d=0.8; bias_w=0.2; common_return_y=2; eps_bond=3.52; eps_f4bm=2.65; eps_fr4=4.4; fmax=14; fmin=6; h1=3; h2=0.5; hbond=0.1; p=15; phi=0; phi_inc=0; pin_inset=0.02; sigma_cu=5.8e+07; tand_bond=0.004; tand_f4bm=0.003; tand_fr4=0.02; tcu=0.035; theta=0; theta_inc=0; via_d=0.3}
Data/Title          = S-Parameters
X/Label             = Frequency
X/Unit              = GHz
Y/Unit              = 
Y/Logfactor         = 20
Plot/wrapHeuristics = 0

6	0.92205575232029	0.36443528527165	376.73031366685	0
6.008	0.92443017234929	0.35859360510893	376.73031366685	0
6.016	0.92676339495972	0.35273973151456	376.73031366685	0
6.024	0.92905557908059	0.34687363635917	376.73031366685	0
6.032	0.93130687196675	0.340995293675	376.73031366685	0
6.04	0.93351740956997	0.33510467968742	376.73031366685	0
6.048	0.93568731689408	0.32920177284434	376.73031366685	0
6.056	0.93781670833475	0.32328655384357	376.73031366685	0
6.064	0.93990568800481	0.31735900565863	376.73031366685	0
6.072	0.94195435004571	0.31141911356282	376.73031366685	0
6.08	0.94396277892583	0.30546686515211	376.73031366685	0
6.088	0.94593104972628	0.29950225036675	376.73031366685	0
6.096	0.94785922841469	0.29352526151178	376.73031366685	0
6.104	0.94974737210775	0.28753589327679	376.73031366685	0
6.112	0.95159552932279	0.28153414275473	376.73031366685	0
6.12	0.95340374021908	0.27552000946016	376.73031366685	0
6.128	0.95517203682937	0.26949349534689	376.73031366685	0
6.136	0.95690044328183	0.26345460482525	376.73031366685	0
6.144	0.95858897601331	0.25740334477886	376.73031366685	0
6.152	0.9602376439738	0.25133972458128	376.73031366685	0
6.16	0.96184644882291	0.24526375611237	376.73031366685	0
6.168	0.96341538511852	0.23917545377453	376.73031366685	0
6.176	0.96494444049799	0.23307483450896	376.73031366685	0
6.184	0.96643359585232	0.22696191781186	376.73031366685	0
6.192	0.96788282549352	0.22083672575071	376.73031366685	0
6.2	0.96929209731553	0.21469928298071	376.73031366685	0
6.208	0.970661372949	0.20854961676137	376.73031366685	0
6.216	0.97199060791011	0.20238775697331	376.73031366685	0
6.224	0.97327975174388	0.19621373613539	376.73031366685	0
6.232	0.97452874816197	0.19002758942199	376.73031366685	0
6.24	0.97573753517548	0.18382935468086	376.73031366685	0
6.248	0.97690604522275	0.17761907245113	376.73031366685	0
6.256	0.97803420529252	0.17139678598188	376.73031366685	0
6.264	0.97912193704262	0.16516254125107	376.73031366685	0
6.272	0.98016915691437	0.15891638698496	376.73031366685	0
6.28	0.98117577624292	0.15265837467804	376.73031366685	0
6.288	0.98214170136367	0.14638855861346	376.73031366685	0
6.296	0.98306683371494	0.14010699588401	376.73031366685	0
6.304	0.98395106993719	0.13381374641364	376.73031366685	0
6.312	0.98479430196872	0.12750887297963	376.73031366685	0
6.32	0.98559641713817	0.12119244123527	376.73031366685	0
6.328	0.98635729825399	0.11486451973322	376.73031366685	0
6.336	0.98707682369087	0.1085251799495	376.73031366685	0
6.344	0.98775486747338	0.10217449630813	376.73031366685	0
6.352	0.98839129935699	0.095812546206406	376.73031366685	0
6.36	0.9889859849064	0.089439410040913	376.73031366685	0
6.368	0.98953878557159	0.083055171234171	376.73031366685	0
6.376	0.99004955876137	0.076659916262036	376.73031366685	0
6.384	0.99051815791491	0.07025373468179	376.73031366685	0
6.392	0.99094443257099	0.063836719160969	376.73031366685	0
6.4	0.99132822843539	0.057408965506948	376.73031366685	0
6.408	0.99166938744626	0.050970572697223	376.73031366685	0
6.416	0.99196774783783	0.044521642910527	376.73031366685	0
6.424	0.99222314420223	0.038062281558647	376.73031366685	0
6.432	0.9924354075499	0.031592597319065	376.73031366685	0
6.44	0.99260436536827	0.025112702168353	376.73031366685	0
6.448	0.99272984167914	0.018622711416382	376.73031366685	0
6.456	0.9928116570946	0.012122743741325	376.73031366685	0
6.464	0.99284962887176	0.0056129212254681	376.73031366685	0
6.472	0.99284357096614	-0.00090663060815912	376.73031366685	0
6.48	0.99279329408408	-0.0074357827583348	376.73031366685	0
6.488	0.99269860573398	-0.013974402707365	376.73031366685	0
6.496	0.99255931027658	-0.020522354381961	376.73031366685	0
6.504	0.99237520897435	-0.027079498113284	376.73031366685	0
6.512	0.99214610003999	-0.033645690596148	376.73031366685	0
6.52	0.99187177868415	-0.040220784847332	376.73031366685	0
6.528	0.99155203716247	-0.046804630163097	376.73031366685	0
6.536	0.99118666482191	-0.053397072075772	376.73031366685	0
6.544	0.99077544814648	-0.059997952309515	376.73031366685	0
6.552	0.99031817080249	-0.066607108735181	376.73031366685	0
6.56	0.98981461368327	-0.073224375324314	376.73031366685	0
6.568	0.98926455495348	-0.079849582102253	376.73031366685	0
6.576	0.98866777009306	-0.086482555100359	376.73031366685	0
6.584	0.9880240319409	-0.093123116307333	376.73031366685	0
6.592	0.98733311073819	-0.099771083619657	376.73031366685	0
6.6	0.98659477417165	-0.10642627079112	376.73031366685	0
6.608	0.98580878741658	-0.11308848738144	376.73031366685	0
6.616	0.98497491317979	-0.11975753870399	376.73031366685	0
6.624	0.98409291174255	-0.12643322577262	376.73031366685	0
6.632	0.98316254100352	-0.13311534524753	376.73031366685	0
6.64	0.98218355652173	-0.13980368938026	376.73031366685	0
6.648	0.98115571155972	-0.14649804595776	376.73031366685	0
6.656	0.98007875712681	-0.15319819824553	376.73031366685	0
6.664	0.97895244202257	-0.15990392492982	376.73031366685	0
6.672	0.97777651288061	-0.16661500005896	376.73031366685	0
6.68	0.97655071421267	-0.17333119298371	376.73031366685	0
6.688	0.97527478845301	-0.18005226829668	376.73031366685	0
6.696	0.9739484760033	-0.18677798577091	376.73031366685	0
6.704	0.97257151527793	-0.19350810029739	376.73031366685	0
6.712	0.97114364274982	-0.20024236182176	376.73031366685	0
6.72	0.96966459299685	-0.20698051528004	376.73031366685	0
6.728	0.9681340987488	-0.21372230053341	376.73031366685	0
6.736	0.96655189093504	-0.22046745230215	376.73031366685	0
6.744	0.96491769873289	-0.22721570009853	376.73031366685	0
6.752	0.96323124961672	-0.23396676815887	376.73031366685	0
6.76	0.96149226940789	-0.24072037537468	376.73031366685	0
6.768	0.95970048232552	-0.24747623522284	376.73031366685	0
6.776	0.95785561103816	-0.25423405569485	376.73031366685	0
6.784	0.95595737671641	-0.26099353922527	376.73031366685	0
6.792	0.9540054990866	-0.26775438261915	376.73031366685	0
6.8	0.95199969648543	-0.2745162769786	376.73031366685	0
6.808	0.94993968591576	-0.28127890762847	376.73031366685	0
6.816	0.9478251831036	-0.28804195404115	376.73031366685	0
6.824	0.94565590255617	-0.29480508976047	376.73031366685	0
6.832	0.94343155762138	-0.3015679823247	376.73031366685	0
6.84	0.94115186054848	-0.30833029318878	376.73031366685	0
6.848	0.93881652255014	-0.31509167764555	376.73031366685	0
6.856	0.93642525386591	-0.32185178474629	376.73031366685	0
6.864	0.93397776382714	-0.32861025722029	376.73031366685	0
6.872	0.93147376092344	-0.33536673139367	376.73031366685	0
6.88	0.92891295287068	-0.34212083710737	376.73031366685	0
6.888	0.92629504668059	-0.34887219763432	376.73031366685	0
6.896	0.92361974873207	-0.35562042959586	376.73031366685	0
6.904	0.92088676484422	-0.36236514287737	376.73031366685	0
6.912	0.9180958003511	-0.36910594054309	376.73031366685	0
6.92	0.91524656017837	-0.37584241875032	376.73031366685	0
6.928	0.91233874892183	-0.38257416666277	376.73031366685	0
6.936	0.90937207092781	-0.38930076636331	376.73031366685	0
6.944	0.90634623037564	-0.39602179276594	376.73031366685	0
6.952	0.90326093136215	-0.40273681352717	376.73031366685	0
6.96	0.9001158779882	-0.40944538895671	376.73031366685	0
6.968	0.89691077444749	-0.41614707192758	376.73031366685	0
6.976	0.89364532511742	-0.42284140778557	376.73031366685	0
6.984	0.89031923465234	-0.42952793425814	376.73031366685	0
6.992	0.886932208079	-0.4362061813628	376.73031366685	0
7	0.88348395089449	-0.44287567131493	376.73031366685	0
7.008	0.87997416916643	-0.44953591843509	376.73031366685	0
7.016	0.87640256963572	-0.4561864290559	376.73031366685	0
7.024	0.87276885982178	-0.4628267014284	376.73031366685	0
7.032	0.86907274813028	-0.46945622562807	376.73031366685	0
7.04	0.86531394396355	-0.47607448346036	376.73031366685	0
7.048	0.86149215783349	-0.48268094836594	376.73031366685	0
7.056	0.85760710147726	-0.48927508532549	376.73031366685	0
7.064	0.85365848797555	-0.49585635076428	376.73031366685	0
7.072	0.84964603187367	-0.50242419245633	376.73031366685	0
7.08	0.84556944930525	-0.50897804942835	376.73031366685	0
7.088	0.84142845811877	-0.51551735186337	376.73031366685	0
7.096	0.83722277800678	-0.52204152100402	376.73031366685	0
7.104	0.83295213063789	-0.52854996905565	376.73031366685	0
7.112	0.82861623979136	-0.53504209908905	376.73031366685	0
7.12	0.82421483149448	-0.54151730494282	376.73031366685	0
7.128	0.81974763416248	-0.54797497112546	376.73031366685	0
7.136	0.81521437874093	-0.55441447271685	376.73031366685	0
7.144	0.81061479885059	-0.56083517526934	376.73031366685	0
7.152	0.80594863093451	-0.56723643470797	376.73031366685	0
7.16	0.80121561440716	-0.57361759722993	376.73031366685	0
7.168	0.79641549180544	-0.57997799920279	376.73031366685	0
7.176	0.79154800894118	-0.58631696706128	376.73031366685	0
7.184	0.78661291505478	-0.5926338172021	376.73031366685	0
7.192	0.78160996296965	-0.59892785587624	376.73031366685	0
7.2	0.77653890924663	-0.60519837907795	376.73031366685	0
7.208	0.77139951433792	-0.6114446724294	376.73031366685	0
7.216	0.76619154273957	-0.61766601105965	376.73031366685	0
7.224	0.76091476314141	-0.62386165947609	376.73031366685	0
7.232	0.75556894857326	-0.63003087142605	376.73031366685	0
7.24	0.75015387654576	-0.63617288974529	376.73031366685	0
7.248	0.74466932918396	-0.64228694618906	376.73031366685	0
7.256	0.73911509335152	-0.64837226124001	376.73031366685	0
7.264	0.73349096076277	-0.6544280438848	376.73031366685	0
7.272	0.72779672807985	-0.66045349134858	376.73031366685	0
7.28	0.72203219699166	-0.66644778877215	376.73031366685	0
7.288	0.7161971742715	-0.67241010881045	376.73031366685	0
7.296	0.71029147181133	-0.67833961112251	376.73031366685	0
7.304	0.70431490663222	-0.68423544171007	376.73031366685	0
7.312	0.69826730087608	-0.69009673204346	376.73031366685	0
7.32	0.69214848179343	-0.69592259788589	376.73031366685	0
7.328	0.68595828176251	-0.70171213768599	376.73031366685	0
7.336	0.67969653841454	-0.70746443034824	376.73031366685	0
7.344	0.67336309501632	-0.71317853210097	376.73031366685	0
7.352	0.66695780140982	-0.7188534720534	376.73031366685	0
7.36	0.66048051609498	-0.72448824585752	376.73031366685	0
7.368	0.65393111059874	-0.7300818066813	376.73031366685	0
7.376	0.64730947834982	-0.73563305254482	376.73031366685	0
7.384	0.64061555233228	-0.74114080929397	376.73031366685	0
7.392	0.63384933954848	-0.74660381008211	376.73031366685	0
7.4	0.62701098649891	-0.75202067796166	376.73031366685	0
7.408	0.62010089711469	-0.75738993487101	376.73031366685	0
7.416	0.61311992087489	-0.76271010109272	376.73031366685	0
7.424	0.60606956733515	-0.76798002252844	376.73031366685	0
7.432	0.59895197735386	-0.77319959276979	376.73031366685	0
7.44	0.59176899570873	-0.77837066278973	376.73031366685	0
7.448	0.58452001359052	-0.78349677602427	376.73031366685	0
7.456	0.57720065311829	-0.78858023328315	376.73031366685	0
7.464	0.56980535571632	-0.7936190101535	376.73031366685	0
7.472	0.56233136155276	-0.79860792932582	376.73031366685	0
7.48	0.55477922212771	-0.80354213149711	376.73031366685	0
7.488	0.54715083417837	-0.80841859332198	376.73031366685	0
7.496	0.53944796804033	-0.81323570110763	376.73031366685	0
7.504	0.53167185955612	-0.81799248668386	376.73031366685	0
7.512	0.52382328919757	-0.82268816308759	376.73031366685	0
7.52	0.51590274763617	-0.82732193037025	376.73031366685	0
7.528	0.50791056384335	-0.83189291718945	376.73031366685	0
7.536	0.49984698484857	-0.83640017517255	376.73031366685	0
7.544	0.49171222151928	-0.84084268932909	376.73031366685	0
7.552	0.48350647402401	-0.84521939090385	376.73031366685	0
7.56	0.47522994587077	-0.84952916850062	376.73031366685	0
7.568	0.46688285167106	-0.85377087670779	376.73031366685	0
7.576	0.45846542148434	-0.85794334250876	376.73031366685	0
7.584	0.44997790330137	-0.86204536997816	376.73031366685	0
7.592	0.44142056451567	-0.86607574372279	376.73031366685	0
7.6	0.43279369284694	-0.87003323142485	376.73031366685	0
7.608	0.42409759697149	-0.87391658574956	376.73031366685	0
7.616	0.41533260700002	-0.87772454580386	376.73031366685	0
7.624	0.40649907488014	-0.88145583827777	376.73031366685	0
7.632	0.39759737476613	-0.88510917836127	376.73031366685	0
7.64	0.38862790337868	-0.88868327050201	376.73031366685	0
7.648	0.37959108036662	-0.89217680905052	376.73031366685	0
7.656	0.37048734867638	-0.89558847882605	376.73031366685	0
7.664	0.36131717493163	-0.89891695562722	376.73031366685	0
7.672	0.35208104982354	-0.90216090670494	376.73031366685	0
7.68	0.3427794885114	-0.90531899121062	376.73031366685	0
7.688	0.33341303103252	-0.90838986062909	376.73031366685	0
7.696	0.32398224272032	-0.91137215920369	376.73031366685	0
7.704	0.31448771462943	-0.91426452435885	376.73031366685	0
7.712	0.30493006396665	-0.91706558712447	376.73031366685	0
7.72	0.2953099345265	-0.91977397256541	376.73031366685	0
7.728	0.28562799713042	-0.9223883002186	376.73031366685	0
7.736	0.27588495006853	-0.92490718453993	376.73031366685	0
7.744	0.26608151954308	-0.9273292353625	376.73031366685	0
7.752	0.25621846011258	-0.92965305836768	376.73031366685	0
7.76	0.24629655513583	-0.93187725557003	376.73031366685	0
7.768	0.23631661721509	-0.93400042581708	376.73031366685	0
7.776	0.22627948863743	-0.93602116530472	376.73031366685	0
7.784	0.21618604181371	-0.93793806810891	376.73031366685	0
7.792	0.20603717971426	-0.93974972673431	376.73031366685	0
7.8	0.19583383630061	-0.94145473268029	376.73031366685	0
7.808	0.18557697695252	-0.94305167702485	376.73031366685	0
7.816	0.17526759888956	-0.94453915102671	376.73031366685	0
7.824	0.16490673158654	-0.9459157467461	376.73031366685	0
7.832	0.15449543718196	-0.94718005768436	376.73031366685	0
7.84	0.14403481087887	-0.94833067944272	376.73031366685	0
7.848	0.13352598133727	-0.94936621040049	376.73031366685	0
7.856	0.12297011105729	-0.95028525241285	376.73031366685	0
7.864	0.1123683967525	-0.95108641152834	376.73031366685	0
7.872	0.10172206971237	-0.95176829872627	376.73031366685	0
7.88	0.091032396153245	-0.9523295306741	376.73031366685	0
7.888	0.080300677556887	-0.95276873050492	376.73031366685	0
7.896	0.069528250995892	-0.95308452861501	376.73031366685	0
7.904	0.058716489445017	-0.95327556348155	376.73031366685	0
7.912	0.047866802077628	-0.95334048250037	376.73031366685	0
7.92	0.036980634546392	-0.95327794284388	376.73031366685	0
7.928	0.026059469247321	-0.9530866123389	376.73031366685	0
7.936	0.015104825566273	-0.95276517036437	376.73031366685	0
7.944	0.0041182601070281	-0.95231230876884	376.73031366685	0
7.952	-0.0068986331000184	-0.95172673280745	376.73031366685	0
7.96	-0.017944222409433	-0.9510071620983	376.73031366685	0
7.968	-0.029016838393555	-0.95015233159784	376.73031366685	0
7.976	-0.040114773697477	-0.94916099259513	376.73031366685	0
7.984	-0.051236282917152	-0.94803191372453	376.73031366685	0
7.992	-0.062379582501586	-0.94676388199646	376.73031366685	0
8	-0.073542850680087	-0.9453557038459	376.73031366685	0
8.008	-0.084724227415532	-0.94380620619814	376.73031366685	0
8.016	-0.095921814384638	-0.94211423755123	376.73031366685	0
8.024	-0.10713367498618	-0.94027866907465	376.73031366685	0
8.032	-0.11835783437819	-0.9382983957237	376.73031366685	0
8.04	-0.12959227954502	-0.93617233736876	376.73031366685	0
8.048	-0.14083495939534	-0.93389943993899	376.73031366685	0
8.056	-0.15208378489191	-0.93147867657959	376.73031366685	0
8.064	-0.1633366292142	-0.92890904882193	376.73031366685	0
8.072	-0.17459132795474	-0.92618958776566	376.73031366685	0
8.08	-0.18584567935009	-0.92331935527207	376.73031366685	0
8.088	-0.19709744454742	-0.92029744516759	376.73031366685	0
8.096	-0.20834434790761	-0.91712298445665	376.73031366685	0
8.104	-0.21958407734563	-0.91379513454275	376.73031366685	0
8.112	-0.23081428470918	-0.91031309245675	376.73031366685	0
8.12	-0.24203258619641	-0.90667609209123	376.73031366685	0
8.128	-0.25323656281346	-0.90288340543974	376.73031366685	0
8.136	-0.26442376087264	-0.89893434383979	376.73031366685	0
8.144	-0.27559169253201	-0.89482825921815	376.73031366685	0
8.152	-0.28673783637706	-0.89056454533737	376.73031366685	0
8.16	-0.29785963804515	-0.88614263904194	376.73031366685	0
8.168	-0.30895451089336	-0.88156202150277	376.73031366685	0
8.176	-0.32001983671034	-0.87682221945852	376.73031366685	0
8.184	-0.33105296647266	-0.87192280645227	376.73031366685	0
8.192	-0.34205122114627	-0.86686340406189	376.73031366685	0
8.2	-0.35301189253334	-0.86164368312261	376.73031366685	0
8.208	-0.3639322441651	-0.8562633649401	376.73031366685	0
8.216	-0.3748095122407	-0.85072222249235	376.73031366685	0
8.224	-0.38564090661269	-0.8450200816186	376.73031366685	0
8.232	-0.39642361181911	-0.83915682219364	376.73031366685	0
8.24	-0.40715478816238	-0.83313237928555	376.73031366685	0
8.248	-0.41783157283511	-0.82694674429518	376.73031366685	0
8.256	-0.42845108109277	-0.82059996607538	376.73031366685	0
8.264	-0.43901040747316	-0.81409215202807	376.73031366685	0
8.272	-0.4495066270626	-0.80742346917743	376.73031366685	0
8.28	-0.45993679680844	-0.80059414521693	376.73031366685	0
8.288	-0.47029795687779	-0.79360446952859	376.73031366685	0
8.296	-0.48058713206189	-0.78645479417215	376.73031366685	0
8.304	-0.49080133322579	-0.77914553484242	376.73031366685	0
8.312	-0.50093755880257	-0.77167717179268	376.73031366685	0
8.32	-0.51099279633174	-0.7640502507221	376.73031366685	0
8.328	-0.52096402404067	-0.75626538362527	376.73031366685	0
8.336	-0.53084821246868	-0.74832324960168	376.73031366685	0
8.344	-0.54064232613236	-0.74022459562338	376.73031366685	0
8.352	-0.55034332523146	-0.73197023725851	376.73031366685	0
8.36	-0.55994816739408	-0.72356105934913	376.73031366685	0
8.368	-0.56945380945987	-0.71499801664095	376.73031366685	0
8.376	-0.57885720930002	-0.7062821343635	376.73031366685	0
8.384	-0.5881553276726	-0.69741450875844	376.73031366685	0
8.392	-0.59734513011168	-0.68839630755442	376.73031366685	0
8.4	-0.6064235888487	-0.6792287703866	376.73031366685	0
8.408	-0.61538768476423	-0.669913209159	376.73031366685	0
8.416	-0.62423440936857	-0.66045100834806	376.73031366685	0
8.424	-0.63296076680898	-0.6508436252457	376.73031366685	0
8.432	-0.64156377590181	-0.64109259014032	376.73031366685	0
8.44	-0.6500404721873	-0.63119950643409	376.73031366685	0
8.448	-0.65838791000497	-0.62116605069531	376.73031366685	0
8.456	-0.66660316458723	-0.61099397264421	376.73031366685	0
8.464	-0.674683334169	-0.60068509507105	376.73031366685	0
8.472	-0.68262554211087	-0.59024131368527	376.73031366685	0
8.48	-0.69042693903325	-0.57966459689452	376.73031366685	0
8.488	-0.69808470495907	-0.56895698551271	376.73031366685	0
8.496	-0.70559605146226	-0.55812059239596	376.73031366685	0
8.504	-0.71295822381938	-0.54715760200575	376.73031366685	0
8.512	-0.72016850316166	-0.5360702698986	376.73031366685	0
8.52	-0.72722420862458	-0.52486092214164	376.73031366685	0
8.528	-0.73412269949213	-0.51353195465362	376.73031366685	0
8.536	-0.74086137733294	-0.50208583247097	376.73031366685	0
8.544	-0.74743768812516	-0.49052508893882	376.73031366685	0
8.552	-0.75384912436721	-0.47885232482673	376.73031366685	0
8.56	-0.76009322717147	-0.46707020736934	376.73031366685	0
8.568	-0.76616758833769	-0.45518146923191	376.73031366685	0
8.576	-0.77206985240323	-0.4431889074013	376.73031366685	0
8.584	-0.77779771866701	-0.43109538200262	376.73031366685	0
8.592	-0.78334894318416	-0.4189038150423	376.73031366685	0
8.6	-0.78872134072828	-0.40661718907823	376.73031366685	0
8.608	-0.79391278671834	-0.39423854581781	376.73031366685	0
8.616	-0.79892121910708	-0.38177098464505	376.73031366685	0
8.624	-0.80374464022818	-0.3692176610777	376.73031366685	0
8.632	-0.80838111859893	-0.35658178515585	376.73031366685	0
8.64	-0.81282879067574	-0.34386661976335	376.73031366685	0
8.648	-0.81708586255958	-0.33107547888361	376.73031366685	0
8.656	-0.82115061164847	-0.31821172579153	376.73031366685	0
8.664	-0.82502138823439	-0.30527877118345	376.73031366685	0
8.672	-0.82869661704188	-0.29228007124688	376.73031366685	0
8.68	-0.83217479870576	-0.2792191256724	376.73031366685	0
8.688	-0.83545451118555	-0.26609947560971	376.73031366685	0
8.696	-0.83853441111409	-0.2529247015703	376.73031366685	0
8.704	-0.84141323507799	-0.2396984212792	376.73031366685	0
8.712	-0.84408980082802	-0.22642428747831	376.73031366685	0
8.72	-0.8465630084169	-0.21310598568407	376.73031366685	0
8.728	-0.84883184126291	-0.19974723190219	376.73031366685	0
8.736	-0.85089536713725	-0.18635177030241	376.73031366685	0
8.744	-0.8527527390735	-0.17292337085609	376.73031366685	0
8.752	-0.85440319619753	-0.15946582693992	376.73031366685	0
8.76	-0.85584606447656	-0.14598295290864	376.73031366685	0
8.768	-0.85708075738583	-0.13247858164011	376.73031366685	0
8.776	-0.85810677649187	-0.118956562056	376.73031366685	0
8.784	-0.85892371195134	-0.1054207566213	376.73031366685	0
8.792	-0.85953124292449	-0.091875038826153	376.73031366685	0
8.8	-0.8599291379026	-0.078323290653335	376.73031366685	0
8.808	-0.86011725494879	-0.064769400034819	376.73031366685	0
8.816	-0.86009554185181	-0.051217258300924	376.73031366685	0
8.824	-0.85986403619263	-0.037670757625507	376.73031366685	0
8.832	-0.85942286532355	-0.024133788470688	376.73031366685	0
8.84	-0.85877224626017	-0.010610237034587	376.73031366685	0
8.848	-0.85791248548626	0.002896017294453	376.73031366685	0
8.856	-0.8568439786719	0.016381104473661	376.73031366685	0
8.864	-0.85556721030564	0.029841166328244	376.73031366685	0
8.872	-0.85408275324116	0.043272359056996	376.73031366685	0
8.88	-0.85239126815935	0.056670855717736	376.73031366685	0
8.888	-0.85049350294691	0.070032848689252	376.73031366685	0
8.896	-0.84839029199248	0.083354552106485	376.73031366685	0
8.904	-0.8460825554017	0.096632204265768	376.73031366685	0
8.912	-0.8435712981326	0.10986206999699	376.73031366685	0
8.92	-0.84085760905284	0.12304044299959	376.73031366685	0
8.928	-0.83794265992062	0.13616364813946	376.73031366685	0
8.936	-0.83482770429102	0.14922804370381	376.73031366685	0
8.944	-0.8315140763497	0.16223002361132	376.73031366685	0
8.952	-0.82800318967608	0.17516601957472	376.73031366685	0
8.96	-0.8242965359382	0.18803250321337	376.73031366685	0
8.968	-0.82039568352149	0.2008259881133	376.73031366685	0
8.976	-0.81630227609384	0.21354303183232	376.73031366685	0
8.984	-0.81201803110951	0.22618023784802	376.73031366685	0
8.992	-0.8075447382544	0.23873425744654	376.73031366685	0
9	-0.8028842578353	0.25120179155008	376.73031366685	0
9.008	-0.79803851911585	0.26357959248128	376.73031366685	0
9.016	-0.79300951860212	0.2758644656628	376.73031366685	0
9.024	-0.78779931828038	0.28805327125043	376.73031366685	0
9.032	-0.78241004381022	0.30014292569836	376.73031366685	0
9.04	-0.7768438826758	0.31213040325509	376.73031366685	0
9.048	-0.77110308229829	0.32401273738905	376.73031366685	0
9.056	-0.76518994811247	0.33578702214261	376.73031366685	0
9.064	-0.75910684161052	0.34745041341372	376.73031366685	0
9.072	-0.75285617835606	0.3590001301643	376.73031366685	0
9.08	-0.7464404259716	0.3704334555548	376.73031366685	0
9.088	-0.73986210210233	0.38174773800424	376.73031366685	0
9.096	-0.73312377235947	0.39294039217551	376.73031366685	0
9.104	-0.72622804824619	0.40400889988557	376.73031366685	0
9.112	-0.71917758506923	0.41495081094027	376.73031366685	0
9.12	-0.71197507983932	0.42576374389395	376.73031366685	0
9.128	-0.70462326916345	0.43644538673377	376.73031366685	0
9.136	-0.69712492713209	0.44699349748893	376.73031366685	0
9.144	-0.68948286320441	0.45740590476509	376.73031366685	0
9.152	-0.68169992009475	0.46768050820441	376.73031366685	0
9.16	-0.6737789716632	0.47781527887158	376.73031366685	0
9.168	-0.6657229208136	0.48780825956652	376.73031366685	0
9.176	-0.6575346974022	0.49765756506426	376.73031366685	0
9.184	-0.64921725616001	0.50736138228294	376.73031366685	0
9.192	-0.64077357463248	0.51691797038054	376.73031366685	0
9.2	-0.63220665113974	0.52632566078141	376.73031366685	0
9.208	-0.62351950276137	0.53558285713374	376.73031366685	0
9.216	-0.61471516334943	0.54468803519888	376.73031366685	0
9.224	-0.60579668157418	0.55363974267427	376.73031366685	0
9.232	-0.59676711900721	0.56243659895144	376.73031366685	0
9.24	-0.58762954824728	0.57107729481112	376.73031366685	0
9.248	-0.57838705109504	0.57956059205833	376.73031366685	0
9.256	-0.56904271678348	0.5878853231005	376.73031366685	0
9.264	-0.55959964027228	0.59605039047363	376.73031366685	0
9.272	-0.55006092061553	0.60405476632253	376.73031366685	0
9.28	-0.54042965941389	0.61189749184411	376.73031366685	0
9.288	-0.53070895936367	0.61957767670614	376.73031366685	0
9.296	-0.52090192291745	0.62709449845913	376.73031366685	0
9.304	-0.51101165107152	0.63444720196633	376.73031366685	0
9.312	-0.50104124229595	0.64163509888723	376.73031366685	0
9.32	-0.49099379162047	0.64865756726436	376.73031366685	0
9.328	-0.48087238988253	0.65551405128211	376.73031366685	0
9.336	-0.47068012312894	0.6622040612918	376.73031366685	0
9.344	-0.46042007213372	0.66872717422686	376.73031366685	0
9.352	-0.45009531194362	0.67508303456587	376.73031366685	0
9.36	-0.4397089112792	0.68127135602838	376.73031366685	0
9.368	-0.42926393148785	0.68729192419467	376.73031366685	0
9.376	-0.41876342455816	0.69314460018916	376.73031366685	0
9.384	-0.40821042946462	0.69882932540419	376.73031366685	0
9.392	-0.39760796586339	0.70434612688288	376.73031366685	0
9.4	-0.38695902402576	0.70969512233965	376.73031366685	0
9.408	-0.37626655012082	0.71487652284377	376.73031366685	0
9.416	-0.36553342690949	0.71989063008517	376.73031366685	0
9.424	-0.35476245193425	0.72473782442928	376.73031366685	0
9.432	-0.34395631830501	0.72941854066281	376.73031366685	0
9.44	-0.33311760609866	0.73393323156873	376.73031366685	0
9.448	-0.32224879286114	0.7382823253791	376.73031366685	0
9.456	-0.31135228723421	0.74246618947945	376.73031366685	0
9.464	-0.30043048034599	0.74648511489361	376.73031366685	0
9.472	-0.28948579985701	0.75033933032433	376.73031366685	0
9.48	-0.27852074835719	0.75402904242371	376.73031366685	0
9.488	-0.26753791438943	0.75755448778614	376.73031366685	0
9.496	-0.25653995657807	0.76091597906327	376.73031366685	0
9.504	-0.24552957120311	0.76411393341129	376.73031366685	0
9.512	-0.23450945623997	0.7671488808945	376.73031366685	0
9.52	-0.22348228140356	0.77002145757023	376.73031366685	0
9.528	-0.21245066817697	0.77273239044429	376.73031366685	0
9.536	-0.2014171794517	0.77528248041837	376.73031366685	0
9.544	-0.1903843163106	0.777672586942	376.73031366685	0
9.552	-0.17935451916147	0.77990361588919	376.73031366685	0
9.56	-0.16833017098768	0.78197651077783	376.73031366685	0
9.568	-0.15731360125184	0.78389224678895	376.73031366685	0
9.576	-0.14630708964207	0.7856518268632	376.73031366685	0
9.584	-0.13531286929729	0.78725627921319	376.73031366685	0
9.592	-0.12433312941158	0.78870665573524	376.73031366685	0
9.6	-0.11337001725149	0.79000403095427	376.73031366685	0
9.608	-0.10242563967576	0.79114950125883	376.73031366685	0
9.616	-0.091502064259595	0.79214418427416	376.73031366685	0
9.624	-0.08060132011836	0.7929892182832	376.73031366685	0
9.632	-0.069725398510262	0.79368576164584	376.73031366685	0
9.64	-0.058876253281548	0.79423499219203	376.73031366685	0
9.648	-0.048055801202884	0.79463810657896	376.73031366685	0
9.656	-0.037265922233299	0.79489631961148	376.73031366685	0
9.664	-0.026508459738563	0.79501086352893	376.73031366685	0
9.672	-0.015785220683324	0.79498298726389	376.73031366685	0
9.68	-0.0050979758109297	0.79481395567893	376.73031366685	0
9.688	0.0055515401793639	0.7945050487874	376.73031366685	0
9.696	0.01616162845098	0.79405756096367	376.73031366685	0
9.704	0.026730625839882	0.79347280014783	376.73031366685	0
9.712	0.037256904652634	0.79275208704912	376.73031366685	0
9.72	0.047738872450857	0.79189675435162	376.73031366685	0
9.728	0.058174971820942	0.79090814592526	376.73031366685	0
9.736	0.068563680128605	0.78978761604473	376.73031366685	0
9.744	0.078903509258134	0.78853652861835	376.73031366685	0
9.752	0.089193005336599	0.78715625642865	376.73031366685	0
9.76	0.099430748443358	0.785648180386	376.73031366685	0
9.768	0.10961535230547	0.78401368879656	376.73031366685	0
9.776	0.11974546397958	0.78225417664539	376.73031366685	0
9.784	0.12981976352101	0.78037104489545	376.73031366685	0
9.792	0.13983696364069	0.77836569980316	376.73031366685	0
9.8	0.14979580935082	0.77623955225094	376.73031366685	0
9.808	0.15969507759978	0.77399401709697	376.73031366685	0
9.816	0.16953357689722	0.77163051254263	376.73031366685	0
9.824	0.17931014692996	0.76915045951762	376.73031366685	0
9.832	0.18902365816935	0.76655528108295	376.73031366685	0
9.84	0.19867301147095	0.76384640185178	376.73031366685	0
9.848	0.20825713766702	0.76102524742827	376.73031366685	0
9.856	0.21777499715258	0.75809324386414	376.73031366685	0
9.864	0.22722557946562	0.75505181713314	376.73031366685	0
9.872	0.2366079028621	0.75190239262312	376.73031366685	0
9.88	0.24592101388634	0.74864639464561	376.73031366685	0
9.888	0.25516398693726	0.74528524596288	376.73031366685	0
9.896	0.26433592383118	0.74182036733204	376.73031366685	0
9.904	0.27343595336154	0.73825317706622	376.73031366685	0
9.912	0.28246323085618	0.73458509061255	376.73031366685	0
9.92	0.29141693773254	0.73081752014655	376.73031366685	0
9.928	0.30029628105132	0.72695187418298	376.73031366685	0
9.936	0.30910049306907	0.72298955720259	376.73031366685	0
9.944	0.31782883078996	0.71893196929478	376.73031366685	0
9.952	0.32648057551742	0.71478050581564	376.73031366685	0
9.96	0.33505503240573	0.71053655706138	376.73031366685	0
9.968	0.34355153001216	0.70620150795656	376.73031366685	0
9.976	0.3519694198499	0.70177673775712	376.73031366685	0
9.984	0.36030807594212	0.69726361976768	376.73031366685	0
9.992	0.36856689437753	0.69266352107301	376.73031366685	0
10	0.37674529286769	0.6879778022832	376.73031366685	0
10.008	0.38484271030638	0.68320781729243	376.73031366685	0
10.016	0.39285860633128	0.6783549130508	376.73031366685	0
10.024	0.40079246088828	0.67342042934916	376.73031366685	0
10.032	0.40864377379859	0.66840569861647	376.73031366685	0
10.04	0.41641206432888	0.66331204572945	376.73031366685	0
10.048	0.42409687076477	0.65814078783425	376.73031366685	0
10.056	0.4316977499877	0.65289323417983	376.73031366685	0
10.064	0.43921427705555	0.64757068596265	376.73031366685	0
10.072	0.4466460447871	0.64217443618259	376.73031366685	0
10.08	0.45399266335044	0.63670576950957	376.73031366685	0
10.088	0.46125375985558	0.63116596216081	376.73031366685	0
10.096	0.46842897795146	0.62555628178819	376.73031366685	0
10.104	0.47551797742725	0.61987798737572	376.73031366685	0
10.112	0.48252043381837	0.61413232914659	376.73031366685	0
10.12	0.48943603801714	0.60832054847963	376.73031366685	0
10.128	0.49626449588816	0.60244387783494	376.73031366685	0
10.136	0.50300552788874	0.59650354068836	376.73031366685	0
10.144	0.50965886869415	0.59050075147454	376.73031366685	0
10.152	0.51622426682801	0.58443671553837	376.73031366685	0
10.16	0.5227014842978	0.57831262909442	376.73031366685	0
10.168	0.52909029623558	0.57212967919433	376.73031366685	0
10.176	0.5353904905439	0.5658890437017	376.73031366685	0
10.184	0.54160186754707	0.55959189127433	376.73031366685	0
10.192	0.54772423964778	0.55323938135362	376.73031366685	0
10.2	0.55375743098903	0.54683266416079	376.73031366685	0
10.208	0.55970127712156	0.54037288069977	376.73031366685	0
10.216	0.56555562467668	0.53386116276652	376.73031366685	0
10.224	0.57132033104452	0.52729863296453	376.73031366685	0
10.232	0.5769952640578	0.52068640472638	376.73031366685	0
10.24	0.58258030168107	0.51402558234097	376.73031366685	0
10.248	0.58807533170545	0.50731726098646	376.73031366685	0
10.256	0.59348025144879	0.50056252676852	376.73031366685	0
10.264	0.5987949674614	0.49376245676375	376.73031366685	0
10.272	0.6040193952372	0.48691811906819	376.73031366685	0
10.28	0.60915345893033	0.48003057285055	376.73031366685	0
10.288	0.61419709107725	0.47310086841016	376.73031366685	0
10.296	0.61915023232423	0.46613004723933	376.73031366685	0
10.304	0.62401283116026	0.45911914209003	376.73031366685	0
10.312	0.62878484365534	0.45206917704468	376.73031366685	0
10.32	0.63346623320416	0.44498116759098	376.73031366685	0
10.328	0.63805697027506	0.43785612070043	376.73031366685	0
10.336	0.64255703216431	0.43069503491066	376.73031366685	0
10.344	0.64696640275566	0.42349890041115	376.73031366685	0
10.352	0.65128507228512	0.41626869913244	376.73031366685	0
10.36	0.6555130371109	0.40900540483848	376.73031366685	0
10.368	0.65965029948854	0.40170998322216	376.73031366685	0
10.376	0.66369686735114	0.39438339200377	376.73031366685	0
10.384	0.66765275409462	0.38702658103235	376.73031366685	0
10.392	0.67151797836811	0.37964049238977	376.73031366685	0
10.4	0.67529256386919	0.37222606049736	376.73031366685	0
10.408	0.67897653914415	0.36478421222515	376.73031366685	0
10.416	0.68256993739318	0.35731586700344	376.73031366685	0
10.424	0.68607279628028	0.34982193693665	376.73031366685	0
10.432	0.68948515774811	0.34230332691941	376.73031366685	0
10.44	0.69280706783749	0.33476093475467	376.73031366685	0
10.448	0.69603857651165	0.32719565127394	376.73031366685	0
10.456	0.69917973748517	0.31960836045924	376.73031366685	0
10.464	0.70223060805748	0.31199993956707	376.73031366685	0
10.472	0.7051912489509	0.30437125925399	376.73031366685	0
10.48	0.70806172415331	0.29672318370391	376.73031366685	0
10.488	0.71084210076517	0.28905657075694	376.73031366685	0
10.496	0.71353244885102	0.28137227203978	376.73031366685	0
10.504	0.71613284129534	0.27367113309748	376.73031366685	0
10.512	0.71864335366275	0.26595399352667	376.73031366685	0
10.52	0.72106406406248	0.25822168710999	376.73031366685	0
10.528	0.7233950530171	0.25047504195182	376.73031366685	0
10.536	0.7256364033354	0.24271488061518	376.73031366685	0
10.544	0.72778819998947	0.23494202025979	376.73031366685	0
10.552	0.72985052999585	0.22715727278109	376.73031366685	0
10.56	0.73182348230079	0.21936144495044	376.73031366685	0
10.568	0.73370714766942	0.21155533855616	376.73031366685	0
10.576	0.7355016185791	0.20373975054554	376.73031366685	0
10.584	0.73720698911649	0.19591547316777	376.73031366685	0
10.592	0.73882335487869	0.18808329411763	376.73031366685	0
10.6	0.74035081287816	0.18024399668003	376.73031366685	0
10.608	0.74178946145153	0.1723983598753	376.73031366685	0
10.616	0.74313940017211	0.16454715860518	376.73031366685	0
10.624	0.74440072976632	0.15669116379954	376.73031366685	0
10.632	0.74557355203366	0.1488311425637	376.73031366685	0
10.64	0.74665796977054	0.14096785832646	376.73031366685	0
10.648	0.74765408669769	0.1331020709886	376.73031366685	0
10.656	0.74856200739122	0.1252345370721	376.73031366685	0
10.664	0.74938183721732	0.11736600986975	376.73031366685	0
10.672	0.75011368227054	0.10949723959543	376.73031366685	0
10.68	0.75075764931562	0.10162897353475	376.73031366685	0
10.688	0.75131384573283	0.093761956196287	376.73031366685	0
10.696	0.75178237946695	0.085896929463161	376.73031366685	0
10.704	0.75216335897957	0.078034632745146	376.73031366685	0
10.712	0.75245689320503	0.070175803131145	376.73031366685	0
10.72	0.75266309150978	0.062321175542073	376.73031366685	0
10.728	0.75278206365509	0.054471482884143	376.73031366685	0
10.736	0.75281391976339	0.046627456202519	376.73031366685	0
10.744	0.75275877028785	0.038789824835313	376.73031366685	0
10.752	0.75261672598552	0.030959316567943	376.73031366685	0
10.76	0.75238789789379	0.023136657787816	376.73031366685	0
10.768	0.75207239731027	0.015322573639342	376.73031366685	0
10.776	0.75167033577614	0.0075177881792491	376.73031366685	0
10.784	0.75118182506281	-0.00027697546779935	376.73031366685	0
10.792	0.75060697716198	-0.0080609949532904	376.73031366685	0
10.8	0.74994590427923	-0.015833548548665	376.73031366685	0
10.808	0.74919871883081	-0.023593914988854	376.73031366685	0
10.816	0.74836553344401	-0.031341373315549	376.73031366685	0
10.824	0.74744646096088	-0.039075202720213	376.73031366685	0
10.832	0.74644161444532	-0.04679468238684	376.73031366685	0
10.84	0.74535110719375	-0.05449909133448	376.73031366685	0
10.848	0.74417505274908	-0.062187708259534	376.73031366685	0
10.856	0.74291356491821	-0.06985981137782	376.73031366685	0
10.864	0.74156675779304	-0.077514678266414	376.73031366685	0
10.872	0.74013474577496	-0.085151585705302	376.73031366685	0
10.88	0.73861764360282	-0.092769809518821	376.73031366685	0
10.888	0.73701556638452	-0.10036862441691	376.73031366685	0
10.896	0.73532862963212	-0.10794730383618	376.73031366685	0
10.904	0.73355694930059	-0.11550511978082	376.73031366685	0
10.912	0.73170064183014	-0.12304134266332	376.73031366685	0
10.92	0.7297598241923	-0.13055524114507	376.73031366685	0
10.928	0.72773461393959	-0.13804608197682	376.73031366685	0
10.936	0.72562512925903	-0.14551312983896	376.73031366685	0
10.944	0.72343148902933	-0.1529556471818	376.73031366685	0
10.952	0.72115381288198	-0.16037289406561	376.73031366685	0
10.96	0.71879222126616	-0.16776412800067	376.73031366685	0
10.968	0.71634683551752	-0.17512860378727	376.73031366685	0
10.976	0.71381777793098	-0.18246557335556	376.73031366685	0
10.984	0.71120517183751	-0.18977428560545	376.73031366685	0
10.992	0.70850914168494	-0.19705398624651	376.73031366685	0
11	0.7057298131229	-0.20430391763781	376.73031366685	0
11.008	0.70286731309197	-0.21152331862786	376.73031366685	0
11.016	0.69992176991695	-0.21871142439457	376.73031366685	0
11.024	0.69689331340456	-0.22586746628535	376.73031366685	0
11.032	0.69378207494539	-0.23299067165724	376.73031366685	0
11.04	0.69058818762032	-0.24008026371727	376.73031366685	0
11.048	0.6873117863114	-0.24713546136301	376.73031366685	0
11.056	0.68395300781735	-0.25415547902319	376.73031366685	0
11.064	0.68051199097365	-0.26113952649879	376.73031366685	0
11.072	0.67698887677731	-0.26808680880426	376.73031366685	0
11.08	0.67338380851656	-0.27499652600915	376.73031366685	0
11.088	0.66969693190527	-0.2818678730801	376.73031366685	0
11.096	0.6659283952224	-0.28870003972327	376.73031366685	0
11.104	0.66207834945652	-0.29549221022728	376.73031366685	0
11.112	0.65814694845538	-0.30224356330662	376.73031366685	0
11.12	0.65413434908077	-0.30895327194576	376.73031366685	0
11.128	0.65004071136869	-0.31562050324382	376.73031366685	0
11.136	0.64586619869486	-0.32224441826001	376.73031366685	0
11.144	0.64161097794588	-0.32882417185992	376.73031366685	0
11.152	0.63727521969581	-0.33535891256254	376.73031366685	0
11.16	0.63285909838866	-0.34184778238837	376.73031366685	0
11.168	0.62836279252653	-0.34828991670851	376.73031366685	0
11.176	0.62378648486374	-0.35468444409478	376.73031366685	0
11.184	0.61913036260702	-0.36103048617122	376.73031366685	0
11.192	0.61439461762178	-0.3673271574667	376.73031366685	0
11.2	0.60957944664466	-0.37357356526909	376.73031366685	0
11.208	0.60468505150243	-0.37976880948086	376.73031366685	0
11.216	0.5997116393374	-0.3859119824763	376.73031366685	0
11.224	0.59465942283942	-0.39200216896054	376.73031366685	0
11.232	0.58952862048456	-0.39803844583033	376.73031366685	0
11.24	0.58431945678069	-0.40401988203695	376.73031366685	0
11.248	0.57903216251997	-0.40994553845112	376.73031366685	0
11.256	0.57366697503849	-0.41581446773026	376.73031366685	0
11.264	0.56822413848304	-0.42162571418815	376.73031366685	0
11.272	0.56270390408527	-0.42737831366717	376.73031366685	0
11.28	0.55710653044333	-0.43307129341324	376.73031366685	0
11.288	0.55143228381107	-0.4387036719538	376.73031366685	0
11.296	0.54568143839493	-0.44427445897871	376.73031366685	0
11.304	0.53985427665878	-0.44978265522457	376.73031366685	0
11.312	0.53395108963666	-0.45522725236245	376.73031366685	0
11.32	0.52797217725363	-0.46060723288931	376.73031366685	0
11.328	0.52191784865493	-0.46592157002334	376.73031366685	0
11.336	0.5157884225434	-0.47116922760338	376.73031366685	0
11.344	0.50958422752553	-0.47634915999272	376.73031366685	0
11.352	0.50330560246601	-0.48146031198747	376.73031366685	0
11.36	0.49695289685111	-0.48650161872979	376.73031366685	0
11.368	0.49052647116091	-0.49147200562622	376.73031366685	0
11.376	0.48402669725058	-0.49637038827138	376.73031366685	0
11.384	0.47745395874067	-0.50119567237732	376.73031366685	0
11.392	0.47080865141676	-0.50594675370888	376.73031366685	0
11.4	0.46409118363842	-0.51062251802526	376.73031366685	0
11.408	0.45730197675767	-0.51522184102821	376.73031366685	0
11.416	0.45044146554695	-0.51974358831707	376.73031366685	0
11.424	0.44351009863689	-0.52418661535116	376.73031366685	0
11.432	0.43650833896376	-0.52854976741972	376.73031366685	0
11.44	0.42943666422692	-0.53283187961983	376.73031366685	0
11.448	0.42229556735616	-0.53703177684271	376.73031366685	0
11.456	0.41508555698915	-0.54114827376882	376.73031366685	0
11.464	0.40780715795901	-0.54518017487203	376.73031366685	0
11.472	0.40046091179215	-0.54912627443349	376.73031366685	0
11.48	0.39304737721632	-0.55298535656546	376.73031366685	0
11.488	0.38556713067903	-0.55675619524569	376.73031366685	0
11.496	0.37802076687639	-0.56043755436265	376.73031366685	0
11.504	0.37040889929233	-0.56402818777238	376.73031366685	0
11.512	0.36273216074824	-0.56752683936705	376.73031366685	0
11.52	0.35499120396317	-0.57093224315619	376.73031366685	0
11.528	0.34718670212442	-0.57424312336078	376.73031366685	0
11.536	0.3393193494686	-0.57745819452088	376.73031366685	0
11.544	0.33138986187315	-0.58057616161741	376.73031366685	0
11.552	0.32339897745825	-0.58359572020862	376.73031366685	0
11.56	0.31534745719906	-0.58651555658172	376.73031366685	0
11.568	0.30723608554824	-0.58933434792054	376.73031366685	0
11.576	0.29906567106866	-0.59205076248962	376.73031366685	0
11.584	0.29083704707621	-0.59466345983551	376.73031366685	0
11.592	0.2825510722925	-0.5971710910059	376.73031366685	0
11.6	0.27420863150742	-0.59957229878719	376.73031366685	0
11.608	0.2658106362513	-0.60186571796143	376.73031366685	0
11.616	0.25735802547653	-0.60404997558298	376.73031366685	0
11.624	0.24885176624836	-0.60612369127603	376.73031366685	0
11.632	0.24029285444473	-0.60808547755334	376.73031366685	0
11.64	0.23168231546474	-0.60993394015729	376.73031366685	0
11.648	0.22302120494555	-0.61166767842381	376.73031366685	0
11.656	0.2143106094873	-0.61328528567	376.73031366685	0
11.664	0.20555164738579	-0.61478534960642	376.73031366685	0
11.672	0.19674546937242	-0.61616645277464	376.73031366685	0
11.68	0.18789325936096	-0.61742717301106	376.73031366685	0
11.688	0.17899623520077	-0.61856608393773	376.73031366685	0
11.696	0.17005564943586	-0.61958175548119	376.73031366685	0
11.704	0.16107279006931	-0.62047275441995	376.73031366685	0
11.712	0.15204898133237	-0.62123764496178	376.73031366685	0
11.72	0.14298558445773	-0.62187498935154	376.73031366685	0
11.728	0.13388399845616	-0.62238334851039	376.73031366685	0
11.736	0.12474566089582	-0.6227612827075	376.73031366685	0
11.744	0.11557204868357	-0.62300735226499	376.73031366685	0
11.752	0.10636467884723	-0.62312011829705	376.73031366685	0
11.76	0.097125109318135	-0.62309814348429	376.73031366685	0
11.768	0.087854939712887	-0.622939992884	376.73031366685	0
11.776	0.078555812113405	-0.62264423477752	376.73031366685	0
11.784	0.069229411844143	-0.62220944155542	376.73031366685	0
11.792	0.05987746824543	-0.62163419064146	376.73031366685	0
11.8	0.050501755441706	-0.62091706545635	376.73031366685	0
11.808	0.041104093103437	-0.62005665642195	376.73031366685	0
11.816	0.031686347201386	-0.61905156200711	376.73031366685	0
11.824	0.022250430751877	-0.61790038981574	376.73031366685	0
11.832	0.012798304551611	-0.61660175771808	376.73031366685	0
11.84	0.003331977900493	-0.61515429502602	376.73031366685	0
11.848	-0.0061464906890978	-0.61355664371315	376.73031366685	0
11.856	-0.015634992798263	-0.61180745968047	376.73031366685	0
11.864	-0.025131369424498	-0.60990541406832	376.73031366685	0
11.872	-0.034633410323397	-0.60784919461537	376.73031366685	0
11.88	-0.044138853371038	-0.60563750706524	376.73031366685	0
11.888	-0.053645383949002	-0.60326907662143	376.73031366685	0
11.896	-0.063150634354097	-0.60074264945103	376.73031366685	0
11.904	-0.072652183234928	-0.59805699423782	376.73031366685	0
11.912	-0.082147555057518	-0.59521090378509	376.73031366685	0
11.92	-0.091634219602269	-0.59220319666872	376.73031366685	0
11.928	-0.10110959149465	-0.58903271894065	376.73031366685	0
11.936	-0.11057102977207	-0.58569834588307	376.73031366685	0
11.944	-0.1200158374895	-0.58219898381352	376.73031366685	0
11.952	-0.12944126136642	-0.57853357194083	376.73031366685	0
11.96	-0.1388444914778	-0.57470108427204	376.73031366685	0
11.968	-0.14822266099195	-0.57070053156998	376.73031366685	0
11.976	-0.15757284595802	-0.56653096336143	376.73031366685	0
11.984	-0.16689206514612	-0.56219146999539	376.73031366685	0
11.992	-0.17617727994301	-0.55768118475106	376.73031366685	0
12	-0.18542539430654	-0.55299928599489	376.73031366685	0
12.008	-0.19463325478187	-0.54814499938591	376.73031366685	0
12.016	-0.20379765058262	-0.54311760012862	376.73031366685	0
12.024	-0.21291531374043	-0.53791641527212	376.73031366685	0
12.032	-0.22198291932595	-0.53254082605466	376.73031366685	0
12.04	-0.23099708574481	-0.52699027029188	376.73031366685	0
12.048	-0.23995437511191	-0.52126424480745	376.73031366685	0
12.056	-0.2488512937074	-0.5153623079044	376.73031366685	0
12.064	-0.25768429251792	-0.50928408187504	376.73031366685	0
12.072	-0.26644976786647	-0.50302925554764	376.73031366685	0
12.08	-0.27514406213446	-0.49659758686734	376.73031366685	0
12.088	-0.28376346457937	-0.48998890550904	376.73031366685	0
12.096	-0.29230421225162	-0.48320311551928	376.73031366685	0
12.104	-0.300762491014	-0.47624019798442	376.73031366685	0
12.112	-0.3091344366671	-0.46910021372175	376.73031366685	0
12.12	-0.31741613618426	-0.46178330599035	376.73031366685	0
12.128	-0.3256036290592	-0.45428970321784	376.73031366685	0
12.136	-0.33369290876983	-0.44661972173929	376.73031366685	0
12.144	-0.3416799243612	-0.43877376854415	376.73031366685	0
12.152	-0.34956058215091	-0.43075234402677	376.73031366685	0
12.16	-0.35733074755978	-0.42255604473595	376.73031366685	0
12.168	-0.36498624707085	-0.41418556611853	376.73031366685	0
12.176	-0.37252287031929	-0.40564170525204	376.73031366685	0
12.184	-0.37993637231579	-0.39692536356083	376.73031366685	0
12.192	-0.38722247580597	-0.38803754951023	376.73031366685	0
12.2	-0.39437687376782	-0.37897938127261	376.73031366685	0
12.208	-0.40139523204927	-0.36975208935932	376.73031366685	0
12.216	-0.40827319214761	-0.36035701921216	376.73031366685	0
12.224	-0.41500637413226	-0.35079563374745	376.73031366685	0
12.232	-0.42159037971209	-0.34106951584621	376.73031366685	0
12.24	-0.42802079544827	-0.33118037078289	376.73031366685	0
12.248	-0.4342931961132	-0.32113002858576	376.73031366685	0
12.256	-0.44040314819593	-0.31092044632099	376.73031366685	0
12.264	-0.44634621355381	-0.30055371029298	376.73031366685	0
12.272	-0.45211795321012	-0.29003203815286	376.73031366685	0
12.28	-0.45771393129672	-0.2793577809071	376.73031366685	0
12.288	-0.4631297191405	-0.26853342481797	376.73031366685	0
12.296	-0.46836089949203	-0.25756159318749	376.73031366685	0
12.304	-0.47340307089405	-0.24644504801633	376.73031366685	0
12.312	-0.47825185218748	-0.23518669152916	376.73031366685	0
12.32	-0.48290288715164	-0.22378956755772	376.73031366685	0
12.328	-0.48735184927522	-0.2122568627729	376.73031366685	0
12.336	-0.49159444665372	-0.2005919077573	376.73031366685	0
12.344	-0.49562642700896	-0.18879817790937	376.73031366685	0
12.352	-0.49944358282522	-0.17687929417063	376.73031366685	0
12.36	-0.50304175659644	-0.1648390235674	376.73031366685	0
12.368	-0.50641684617814	-0.15268127955855	376.73031366685	0
12.376	-0.50956481023704	-0.14041012218102	376.73031366685	0
12.384	-0.51248167379128	-0.12802975798505	376.73031366685	0
12.392	-0.51516353383276	-0.11554453975115	376.73031366685	0
12.4	-0.51760656502342	-0.10295896598119	376.73031366685	0
12.408	-0.51980702545606	-0.090277680156497	376.73031366685	0
12.416	-0.52176126246998	-0.077505469755727	376.73031366685	0
12.424	-0.52346571851132	-0.064647265026073	376.73031366685	0
12.432	-0.52491693702697	-0.051708137501688	376.73031366685	0
12.44	-0.52611156838102	-0.038693298263564	376.73031366685	0
12.448	-0.52704637578156	-0.025608095935719	376.73031366685	0
12.456	-0.5277182412057	-0.012458014413116	376.73031366685	0
12.464	-0.52812417130977	0.00075132968277116	376.73031366685	0
12.472	-0.5282613033116	0.014014189824063	376.73031366685	0
12.48	-0.52812691083099	0.027324692675008	376.73031366685	0
12.488	-0.5277184096745	0.040676841470959	376.73031366685	0
12.496	-0.52703336354992	0.054064519678951	376.73031366685	0
12.504	-0.52606948969602	0.067481494940468	376.73031366685	0
12.512	-0.52482466441231	0.080921423295941	376.73031366685	0
12.52	-0.52329692847379	0.094377853689897	376.73031366685	0
12.528	-0.52148449241551	0.10784423275454	376.73031366685	0
12.536	-0.51938574167115	0.12131390986897	376.73031366685	0
12.544	-0.5169992415506	0.13478014248999	376.73031366685	0
12.552	-0.51432374204066	0.14823610174987	376.73031366685	0
12.56	-0.51135818241384	0.1616748783151	376.73031366685	0
12.568	-0.50810169562976	0.17508948849963	376.73031366685	0
12.576	-0.50455361251416	0.18847288062468	376.73031366685	0
12.584	-0.5007134657008	0.20181794161674	376.73031366685	0
12.592	-0.49658099332173	0.21511750383395	376.73031366685	0
12.6	-0.49215614243186	0.22836435211036	376.73031366685	0
12.608	-0.4874390721542	0.24155123100678	376.73031366685	0
12.616	-0.48243015653283	0.2546708522555	376.73031366685	0
12.624	-0.47712998708086	0.26771590238591	376.73031366685	0
12.632	-0.47153937501194	0.2806790505167	376.73031366685	0
12.64	-0.46565935314374	0.29355295629972	376.73031366685	0
12.648	-0.45949117746357	0.30633027799982	376.73031366685	0
12.656	-0.45303632834632	0.31900368069409	376.73031366685	0
12.664	-0.44629651141633	0.33156584457339	376.73031366685	0
12.672	-0.43927365804552	0.34400947332832	376.73031366685	0
12.68	-0.43196992548118	0.35632730260124	376.73031366685	0
12.688	-0.42438769659788	0.36851210848555	376.73031366685	0
12.696	-0.416529579269	0.3805567160527	376.73031366685	0
12.704	-0.40839840535459	0.39245400788733	376.73031366685	0
12.712	-0.39999722930337	0.40419693261051	376.73031366685	0
12.72	-0.39132932636781	0.41577851337078	376.73031366685	0
12.728	-0.38239819043269	0.42719185628265	376.73031366685	0
12.736	-0.37320753145841	0.43843015879199	376.73031366685	0
12.744	-0.36376127254179	0.44948671794803	376.73031366685	0
12.752	-0.35406354659834	0.46035493856146	376.73031366685	0
12.76	-0.34411869267104	0.47102834122857	376.73031366685	0
12.768	-0.33393125187214	0.48150057020147	376.73031366685	0
12.776	-0.32350596296537	0.49176540108487	376.73031366685	0
12.784	-0.31284775759758	0.50181674834034	376.73031366685	0
12.792	-0.30196175518946	0.51164867257939	376.73031366685	0
12.8	-0.29085325749664	0.5212553876274	376.73031366685	0
12.808	-0.2795277428531	0.53063126734103	376.73031366685	0
12.816	-0.26799086011023	0.53977085216261	376.73031366685	0
12.824	-0.2562484222855	0.54866885539551	376.73031366685	0
12.832	-0.24430639993607	0.55732016918589	376.73031366685	0
12.84	-0.23217091427298	0.56571987019656	376.73031366685	0
12.848	-0.21984823003298	0.57386322496014	376.73031366685	0
12.856	-0.20734474812529	0.58174569489949	376.73031366685	0
12.864	-0.19466699807142	0.58936294100471	376.73031366685	0
12.872	-0.18182163025698	0.59671082815679	376.73031366685	0
12.88	-0.1688154080144	0.60378542908945	376.73031366685	0
12.888	-0.15565519955646	0.61058302798193	376.73031366685	0
12.896	-0.14234796978057	0.61710012367626	376.73031366685	0
12.904	-0.12890077196388	0.62333343251448	376.73031366685	0
12.912	-0.1153207393699	0.62927989079175	376.73031366685	0
12.92	-0.10161507678688	0.63493665682321	376.73031366685	0
12.928	-0.087791052018729	0.64030111262316	376.73031366685	0
12.936	-0.073855987348626	0.64537086519662	376.73031366685	0
12.944	-0.059817250995807	0.65014374744464	376.73031366685	0
12.952	-0.045682248585489	0.65461781868556	376.73031366685	0
12.96	-0.031458414651648	0.65879136479586	376.73031366685	0
12.968	-0.017153204192015	0.66266289797544	376.73031366685	0
12.976	-0.0027740842941514	0.66623115614289	376.73031366685	0
12.984	0.011671474149028	0.66949510196776	376.73031366685	0
12.992	0.026176004616581	0.67245392154763	376.73031366685	0
13	0.040732053012437	0.67510702273868	376.73031366685	0
13.008	0.05533218557767	0.67745403314965	376.73031366685	0
13.016	0.069968996646282	0.67949479780946	376.73031366685	0
13.024	0.084635116229693	0.68122937652006	376.73031366685	0
13.032	0.099323217415977	0.68265804090639	376.73031366685	0
13.04	0.11402602357051	0.68378127117609	376.73031366685	0
13.048	0.12873631532592	0.6845997526024	376.73031366685	0
13.056	0.14344693734981	0.68511437174385	376.73031366685	0
13.064	0.15815080488002	0.68532621241524	376.73031366685	0
13.072	0.17284091001788	0.68523655142419	376.73031366685	0
13.08	0.18751032777094	0.68484685408851	376.73031366685	0
13.088	0.20215222183765	0.68415876954958	376.73031366685	0
13.096	0.21675985012756	0.68317412589692	376.73031366685	0
13.104	0.23132657001123	0.68189492511974	376.73031366685	0
13.112	0.24584584329543	0.68032333790082	376.73031366685	0
13.12	0.2603112409197	0.67846169826855	376.73031366685	0
13.128	0.27471644737168	0.6763124981224	376.73031366685	0
13.136	0.2890552648192	0.67387838164746	376.73031366685	0
13.144	0.3033216169582	0.67116213963329	376.73031366685	0
13.152	0.31750955257628	0.66816670371181	376.73031366685	0
13.16	0.33161324883241	0.66489514052951	376.73031366685	0
13.168	0.34562701425461	0.661350645868	376.73031366685	0
13.176	0.35954529145731	0.65753653872738	376.73031366685	0
13.184	0.37336265958168	0.65345625538578	376.73031366685	0
13.192	0.38707383646226	0.64911334344881	376.73031366685	0
13.2	0.40067368052428	0.64451145590145	376.73031366685	0
13.208	0.4141571924163	0.63965434517499	376.73031366685	0
13.216	0.42751951638368	0.6345458572407	376.73031366685	0
13.224	0.44075594138864	0.62918992574191	376.73031366685	0
13.232	0.45386190198331	0.6235905661749	376.73031366685	0
13.24	0.46683297894243	0.61775187012927	376.73031366685	0
13.248	0.479664899663	0.6116779995973	376.73031366685	0
13.256	0.49235353833815	0.60537318136136	376.73031366685	0
13.264	0.50489491591322	0.59884170146818	376.73031366685	0
13.272	0.51728519983189	0.5920878997977	376.73031366685	0
13.28	0.52952070358084	0.58511616473401	376.73031366685	0
13.288	0.54159788604108	0.57793092794512	376.73031366685	0
13.296	0.55351335065488	0.57053665927802	376.73031366685	0
13.304	0.56526384441666	0.56293786177427	376.73031366685	0
13.312	0.57684625669691	0.5551390668118	376.73031366685	0
13.32	0.58825761790768	0.5471448293769	376.73031366685	0
13.328	0.59949509801864	0.53895972347088	376.73031366685	0
13.336	0.61055600493251	0.53058833765472	376.73031366685	0
13.344	0.62143778272838	0.52203527073471	376.73031366685	0
13.352	0.63213800978204	0.51330512759163	376.73031366685	0
13.36	0.64265439677144	0.50440251515551	376.73031366685	0
13.368	0.65298478457607	0.49533203852761	376.73031366685	0
13.376	0.66312714207849	0.48609829725057	376.73031366685	0
13.384	0.67307956387615	0.47670588172785	376.73031366685	0
13.392	0.68284026791157	0.46715936979242	376.73031366685	0
13.4	0.69240759302867	0.45746332342477	376.73031366685	0
13.408	0.70177999646284	0.44762228562021	376.73031366685	0
13.416	0.7109560512721	0.4376407774041	376.73031366685	0
13.424	0.71993444371676	0.42752329499456	376.73031366685	0
13.432	0.72871397059406	0.41727430711102	376.73031366685	0
13.44	0.73729353653504	0.4068982524272	376.73031366685	0
13.448	0.74567215126958	0.39639953716649	376.73031366685	0
13.456	0.75384892686612	0.38578253283781	376.73031366685	0
13.464	0.76182307495194	0.37505157410959	376.73031366685	0
13.472	0.7695939039195	0.36421095681947	376.73031366685	0
13.48	0.77716081612449	0.35326493611695	376.73031366685	0
13.488	0.78452330508063	0.34221772473628	376.73031366685	0
13.496	0.79168095265607	0.33107349139654	376.73031366685	0
13.504	0.79863342627613	0.31983635932604	376.73031366685	0
13.512	0.8053804761367	0.3085104049076	376.73031366685	0
13.52	0.8119219324324	0.2970996564416	376.73031366685	0
13.528	0.81825770260345	0.28560809302346	376.73031366685	0
13.536	0.82438776860484	0.27403964353209	376.73031366685	0
13.544	0.83031218420115	0.26239818572587	376.73031366685	0
13.552	0.83603107229028	0.25068754544266	376.73031366685	0
13.56	0.84154462225893	0.23891149590031	376.73031366685	0
13.568	0.84685308737253	0.22707375709423	376.73031366685	0
13.576	0.85195678220225	0.21517799528834	376.73031366685	0
13.584	0.85685608009111	0.20322782259593	376.73031366685	0
13.592	0.86155141066161	0.191226796647	376.73031366685	0
13.6	0.86604325736643	0.17917842033844	376.73031366685	0
13.608	0.87033215508413	0.16708614166371	376.73031366685	0
13.616	0.87441868776126	0.15495335361852	376.73031366685	0
13.624	0.87830348610228	0.14278339417912	376.73031366685	0
13.632	0.88198722530842	0.13057954635007	376.73031366685	0
13.64	0.88547062286648	0.11834503827779	376.73031366685	0
13.648	0.88875443638876	0.10608304342728	376.73031366685	0
13.656	0.89183946150412	0.093796680818243	376.73031366685	0
13.664	0.89472652980171	0.081489015317906	376.73031366685	0
13.672	0.89741650682712	0.069163057987598	376.73031366685	0
13.68	0.89991029013161	0.056821766479711	376.73031366685	0
13.688	0.90220880737459	0.04446804548272	376.73031366685	0
13.696	0.90431301447958	0.032104747211124	376.73031366685	0
13.704	0.90622389384352	0.01973467193772	376.73031366685	0
13.712	0.90794245259949	0.0073605685656482	376.73031366685	0
13.72	0.90946972093262	-0.0050148647625014	376.73031366685	0
13.728	0.91080675044919	-0.017388980020632	376.73031366685	0
13.736	0.91195461259812	-0.029759178622982	376.73031366685	0
13.744	0.91291439714519	-0.042122910717685	376.73031366685	0
13.752	0.91368721069882	-0.054477674452535	376.73031366685	0
13.76	0.91427417528755	-0.06682101521498	376.73031366685	0
13.768	0.91467642698835	-0.079150524848484	376.73031366685	0
13.776	0.9148951146051	-0.091463840846878	376.73031366685	0
13.784	0.91493139839694	-0.10375864552917	376.73031366685	0
13.792	0.91478644885548	-0.11603266519594	376.73031366685	0
13.8	0.9144614455306	-0.12828366926955	376.73031366685	0
13.808	0.91395757590339	-0.14050946941959	376.73031366685	0
13.816	0.91327603430639	-0.15270791867511	376.73031366685	0
13.824	0.91241802088953	-0.1648769105252	376.73031366685	0
13.832	0.91138474063167	-0.17701437800936	376.73031366685	0
13.84	0.91017740239619	-0.18911829279898	376.73031366685	0
13.848	0.90879721803059	-0.20118666427109	376.73031366685	0
13.856	0.90724540150865	-0.21321753857587	376.73031366685	0
13.864	0.90552316811472	-0.22520899769887	376.73031366685	0
13.872	0.90363173366895	-0.23715915851902	376.73031366685	0
13.88	0.90157231379282	-0.24906617186363	376.73031366685	0
13.888	0.89934612321439	-0.2609282215612	376.73031366685	0
13.896	0.89695437511169	-0.27274352349297	376.73031366685	0
13.904	0.89439828049422	-0.28451032464425	376.73031366685	0
13.912	0.89167904762122	-0.29622690215605	376.73031366685	0
13.92	0.88879788145613	-0.30789156237803	376.73031366685	0
13.928	0.88575598315622	-0.31950263992333	376.73031366685	0
13.936	0.88255454959689	-0.33105849672607	376.73031366685	0
13.944	0.8791947729296	-0.34255752110196	376.73031366685	0
13.952	0.87567784017272	-0.3539981268129	376.73031366685	0
13.96	0.87200493283463	-0.36537875213573	376.73031366685	0
13.968	0.86817722656824	-0.37669785893598	376.73031366685	0
13.976	0.86419589085624	-0.3879539317469	376.73031366685	0
13.984	0.86006208872637	-0.39914547685423	376.73031366685	0
13.992	0.85577697649604	-0.41027102138716	376.73031366685	0
14	0.85134170354556	-0.42132911241582	376.73031366685	0

Curvelabel          = SZmax(1),Zmax(1)_(6)
Filename            = ^cSZmax(1)Zmax(1).sig
Npoints             = 1001
Type                = 8
Subtype             = 16
Result type         = complex:none;impedance
View type           = Cartesian
Plot type           = Magnitude dB
Parameters          = {C_off=0.16; C_on_approx=1000; Cx=0.16; Cy=1000; L1=2.9; L_diode=0.45; Lpin=0.45; R1=2.5; R_off=10; R_on=1; Rx=10; Ry=1; S1=0.3; W1=6; W2=5.3; alpha1=60; antipad_d=0.8; bias_w=0.2; common_return_y=2; eps_bond=3.52; eps_f4bm=2.65; eps_fr4=4.4; fmax=14; fmin=6; h1=3; h2=0.5; hbond=0.1; p=15; phi=0; phi_inc=0; pin_inset=0.02; sigma_cu=5.8e+07; tand_bond=0.004; tand_f4bm=0.003; tand_fr4=0.02; tcu=0.035; theta=0; theta_inc=0; via_d=0.3}
Data/Title          = S-Parameters
X/Label             = Frequency
X/Unit              = GHz
Y/Unit              = 
Y/Logfactor         = 20
Plot/wrapHeuristics = 0

6	0.93371620834072	0.34395665716847	376.73031366685	0
6.008	0.93554047284685	0.33888392761197	376.73031366685	0
6.016	0.93734246282392	0.33378462503875	376.73031366685	0
6.024	0.93912192138728	0.32865857066212	376.73031366685	0
6.032	0.9408785865851	0.32350558211493	376.73031366685	0
6.04	0.94261219124533	0.31832547336921	376.73031366685	0
6.048	0.94432246281732	0.31311805465407	376.73031366685	0
6.056	0.94600912320776	0.3078831323716	376.73031366685	0
6.064	0.94767188861062	0.30262050901092	376.73031366685	0
6.072	0.94931046933108	0.29732998306015	376.73031366685	0
6.08	0.95092456960292	0.2920113489165	376.73031366685	0
6.088	0.95251388739938	0.28666439679406	376.73031366685	0
6.096	0.95407811423697	0.28128891262981	376.73031366685	0
6.104	0.95561693497214	0.27588467798725	376.73031366685	0
6.112	0.95713002759028	0.27045146995787	376.73031366685	0
6.12	0.95861706298696	0.26498906106063	376.73031366685	0
6.128	0.96007770474104	0.25949721913891	376.73031366685	0
6.136	0.961511608879	0.25397570725539	376.73031366685	0
6.144	0.96291842363073	0.24842428358443	376.73031366685	0
6.152	0.96429778917557	0.24284270130238	376.73031366685	0
6.16	0.96564933737903	0.23723070847513	376.73031366685	0
6.168	0.96697269151929	0.23158804794361	376.73031366685	0
6.176	0.96826746600294	0.22591445720666	376.73031366685	0
6.184	0.96953326607007	0.22020966830146	376.73031366685	0
6.192	0.97076968748748	0.21447340768155	376.73031366685	0
6.2	0.97197631623008	0.2087053960922	376.73031366685	0
6.208	0.97315272814962	0.20290534844349	376.73031366685	0
6.216	0.97429848863047	0.19707297368068	376.73031366685	0
6.224	0.97541315223144	0.19120797465219	376.73031366685	0
6.232	0.97649626231339	0.18531004797483	376.73031366685	0
6.24	0.97754735065201	0.17937888389672	376.73031366685	0
6.248	0.97856593703447	0.17341416615759	376.73031366685	0
6.256	0.97955152884031	0.16741557184662	376.73031366685	0
6.264	0.98050362060461	0.16138277125783	376.73031366685	0
6.272	0.98142169356351	0.15531542774289	376.73031366685	0
6.28	0.98230521518105	0.14921319756159	376.73031366685	0
6.288	0.98315363865593	0.14307572973029	376.73031366685	0
6.296	0.98396640240809	0.13690266586742	376.73031366685	0
6.304	0.98474292954368	0.13069364003748	376.73031366685	0
6.312	0.98548262729714	0.12444827859257	376.73031366685	0
6.32	0.98618488644999	0.11816620001194	376.73031366685	0
6.328	0.98684908072475	0.11184701473973	376.73031366685	0
6.336	0.98747456615249	0.10549032502105	376.73031366685	0
6.344	0.98806068041375	0.099095724736555	376.73031366685	0
6.352	0.98860674215042	0.092662799235439	376.73031366685	0
6.36	0.98911205024777	0.086191125167313	376.73031366685	0
6.368	0.98957588308509	0.07968027031359	376.73031366685	0
6.376	0.98999749775325	0.073129793417799	376.73031366685	0
6.384	0.99037612923779	0.066539244015696	376.73031366685	0
6.392	0.99071098956523	0.059908162265523	376.73031366685	0
6.4	0.99100126691188	0.053236078778631	376.73031366685	0
6.408	0.99124612467182	0.04652251445098	376.73031366685	0
6.416	0.99144470048315	0.03976698029591	376.73031366685	0
6.424	0.99159610520993	0.032968977278705	376.73031366685	0
6.432	0.99169942187751	0.026127996154211	376.73031366685	0
6.44	0.99175370455892	0.019243517306479	376.73031366685	0
6.448	0.99175797720994	0.01231501059343	376.73031366685	0
6.456	0.99171123244992	0.0053419351954403	376.73031366685	0
6.464	0.99161243028574	-0.0016762605302515	376.73031366685	0
6.472	0.99146049677603	-0.0087401391887142	376.73031366685	0
6.48	0.99125432263212	-0.015850274478667	376.73031366685	0
6.488	0.99099276175268	-0.023007251314992	376.73031366685	0
6.496	0.99067462968911	-0.03021166594153	376.73031366685	0
6.504	0.99029870203612	-0.037464126031462	376.73031366685	0
6.512	0.9898637127462	-0.044765250775244	376.73031366685	0
6.52	0.98936835236179	-0.052115670953258	376.73031366685	0
6.528	0.98881126616124	-0.059516028991052	376.73031366685	0
6.536	0.98819105221471	-0.066966978996463	376.73031366685	0
6.544	0.98750625934421	-0.074469186774258	376.73031366685	0
6.552	0.98675538498283	-0.08202332981757	376.73031366685	0
6.56	0.985936872928	-0.08963009727198	376.73031366685	0
6.568	0.98504911098255	-0.097290189869742	376.73031366685	0
6.576	0.98409042847751	-0.10500431983067	376.73031366685	0
6.584	0.9830590936706	-0.1127732107251	376.73031366685	0
6.592	0.98195331101265	-0.1205975972969	376.73031366685	0
6.6	0.98077121827558	-0.12847822523912	376.73031366685	0
6.608	0.97951088353374	-0.13641585091907	376.73031366685	0
6.616	0.97817030199046	-0.14441124104748	376.73031366685	0
6.624	0.97674739264126	-0.15246517228475	376.73031366685	0
6.632	0.97523999476483	-0.16057843077756	376.73031366685	0
6.64	0.97364586423194	-0.16875181161993	376.73031366685	0
6.648	0.97196266962177	-0.17698611822921	376.73031366685	0
6.656	0.97018798813548	-0.18528216162875	376.73031366685	0
6.664	0.96831930129539	-0.19364075962797	376.73031366685	0
6.672	0.96635399041763	-0.20206273588826	376.73031366685	0
6.68	0.96428933184571	-0.21054891886389	376.73031366685	0
6.688	0.96212249193138	-0.21910014060464	376.73031366685	0
6.696	0.95985052174922	-0.227717235406	376.73031366685	0
6.704	0.95747035152922	-0.23640103829148	376.73031366685	0
6.712	0.95497878479267	-0.24515238330987	376.73031366685	0
6.72	0.95237249217355	-0.25397210162874	376.73031366685	0
6.728	0.94964800490983	-0.26286101940338	376.73031366685	0
6.736	0.94680170798451	-0.27181995539833	376.73031366685	0
6.744	0.94382983289871	-0.28084971833669	376.73031366685	0
6.752	0.94072845005614	-0.28995110394948	376.73031366685	0
6.76	0.93749346073831	-0.2991248916946	376.73031366685	0
6.768	0.93412058864817	-0.30837184111211	376.73031366685	0
6.776	0.93060537099997	-0.31769268777902	376.73031366685	0
6.784	0.9269431491311	-0.32708813882278	376.73031366685	0
6.792	0.92312905861182	-0.33655886794968	376.73031366685	0
6.8	0.91915801882756	-0.34610550993725	376.73031366685	0
6.808	0.9150247220071	-0.35572865453858	376.73031366685	0
6.816	0.91072362167071	-0.3654288397371	376.73031366685	0
6.824	0.90624892047056	-0.37520654428724	376.73031366685	0
6.832	0.90159455739612	-0.38506217946696	376.73031366685	0
6.84	0.89675419431656	-0.39499607996406	376.73031366685	0
6.848	0.89172120183282	-0.40500849380655	376.73031366685	0
6.856	0.88648864441221	-0.4150995712404	376.73031366685	0
6.864	0.88104926477964	-0.42526935244782	376.73031366685	0
6.872	0.87539546753971	-0.43551775398768	376.73031366685	0
6.88	0.86951930200771	-0.44584455382793	376.73031366685	0
6.888	0.86341244422883	-0.4562493748265	376.73031366685	0
6.896	0.85706617816868	-0.46673166650305	376.73031366685	0
6.904	0.85047137606297	-0.47729068492673	376.73031366685	0
6.912	0.84361847792007	-0.48792547052888	376.73031366685	0
6.92	0.83649747017692	-0.49863482362888	376.73031366685	0
6.928	0.82909786351823	-0.50941727744153	376.73031366685	0
6.936	0.82140866987922	-0.52027106830984	376.73031366685	0
6.944	0.81341837866672	-0.53119410288262	376.73031366685	0
6.952	0.80511493224841	-0.54218392192853	376.73031366685	0
6.96	0.79648570078044	-0.55323766044808	376.73031366685	0
6.968	0.7875174564673	-0.56435200371243	376.73031366685	0
6.976	0.77819634737556	-0.57552313882331	376.73031366685	0
6.984	0.76850787095728	-0.58674670134978	376.73031366685	0
6.992	0.75843684747828	-0.5980177165576	376.73031366685	0
7	0.74796739359498	-0.60933053470351	376.73031366685	0
7.008	0.73708289637814	-0.62067875982124	376.73031366685	0
7.016	0.72576598814893	-0.63205517137817	376.73031366685	0
7.024	0.71399852257017	-0.64345163813125	376.73031366685	0
7.032	0.70176155252614	-0.65485902346058	376.73031366685	0
7.04	0.68903531043173	-0.6662670814066	376.73031366685	0
7.048	0.6757991917351	-0.67766434258662	376.73031366685	0
7.056	0.6620317425232	-0.68903798911779	376.73031366685	0
7.064	0.64771065230745	-0.70037371762874	376.73031366685	0
7.072	0.63281275326051	-0.71165558940557	376.73031366685	0
7.08	0.61731402740002	-0.72286586668986	376.73031366685	0
7.088	0.60118962347216	-0.73398483413433	376.73031366685	0
7.096	0.5844138855832	-0.74499060442909	376.73031366685	0
7.104	0.56696039596362	-0.75585890714521	376.73031366685	0
7.112	0.54880203463124	-0.76656285991193	376.73031366685	0
7.12	0.52991105915038	-0.7770727211579	376.73031366685	0
7.128	0.51025920816752	-0.78735562381943	376.73031366685	0
7.136	0.48981783294155	-0.79737528966341	376.73031366685	0
7.144	0.46855806167962	-0.80709172420875	376.73031366685	0
7.152	0.4464510021376	-0.81646089267816	376.73031366685	0
7.16	0.4234679886415	-0.82543437799715	376.73031366685	0
7.168	0.39958088042641	-0.83395902260846	376.73031366685	0
7.176	0.37476241895863	-0.84197655681984	376.73031366685	0
7.184	0.34898665268469	-0.8494232175889	376.73031366685	0
7.192	0.32222943841055	-0.85622936310975	376.73031366685	0
7.2	0.2944690292159	-0.86231909034603	376.73031366685	0
7.208	0.26568675940545	-0.86760986479784	376.73031366685	0
7.216	0.23586783742666	-0.8720121743398	376.73031366685	0
7.224	0.20500225787258	-0.87542922196678	376.73031366685	0
7.232	0.17308584355809	-0.87775667577084	376.73031366685	0
7.24	0.14012142812688	-0.87888249848998	376.73031366685	0
7.248	0.10612018865794	-0.87868688356284	376.73031366685	0
7.256	0.071103136267573	-0.87704232988778	376.73031366685	0
7.264	0.035102770819596	-0.87381389362889	376.73031366685	0
7.272	-0.0018350962463967	-0.868859662925	376.73031366685	0
7.28	-0.039649348928436	-0.86203151139473	376.73031366685	0
7.288	-0.07826140295566	-0.85317620147816	376.73031366685	0
7.296	-0.11757287219599	-0.84213693455173	376.73031366685	0
7.304	-0.1574630712746	-0.82875549313834	376.73031366685	0
7.312	-0.19778638596267	-0.81287521404523	376.73031366685	0
7.32	-0.23836964290929	-0.79434520619265	376.73031366685	0
7.328	-0.27900994281505	-0.77302650915594	376.73031366685	0
7.336	-0.31947437263739	-0.7488011363905	376.73031366685	0
7.344	-0.3595052037073	-0.72158424301033	376.73031366685	0
7.352	-0.39883709627629	-0.69133495980272	376.73031366685	0
7.36	-0.43722875213724	-0.65804880156503	376.73031366685	0
7.368	-0.47448159082166	-0.62170812350328	376.73031366685	0
7.376	-0.51038413554103	-0.58222123149106	376.73031366685	0
7.384	-0.54460479145859	-0.53945944169086	376.73031366685	0
7.392	-0.5766828071683	-0.49338574603852	376.73031366685	0
7.4	-0.60612970529335	-0.44411337280269	376.73031366685	0
7.408	-0.63250375165937	-0.39186592336341	376.73031366685	0
7.416	-0.65542003017657	-0.33692970120223	376.73031366685	0
7.424	-0.67454006959042	-0.2796343783784	376.73031366685	0
7.432	-0.68956703346645	-0.22034966414482	376.73031366685	0
7.44	-0.70024857734559	-0.15948459228991	376.73031366685	0
7.448	-0.70638346825372	-0.097484391568055	376.73031366685	0
7.456	-0.70782885189304	-0.03482417057489	376.73031366685	0
7.464	-0.7045064174391	0.028000057477645	376.73031366685	0
7.472	-0.69640653978032	0.090482220331029	376.73031366685	0
7.48	-0.6835899342514	0.15211809595731	376.73031366685	0
7.488	-0.66618664743262	0.21241750803467	376.73031366685	0
7.496	-0.64439242994304	0.27091607985568	376.73031366685	0
7.504	-0.6184627248806	0.32718589790441	376.73031366685	0
7.512	-0.58870465991907	0.38084454988492	376.73031366685	0
7.52	-0.55546754408543	0.43156214586146	376.73031366685	0
7.528	-0.51913243457953	0.47906609369324	376.73031366685	0
7.536	-0.48010135228527	0.52314356563108	376.73031366685	0
7.544	-0.43878669041092	0.56364174615145	376.73031366685	0
7.552	-0.39560128777682	0.6004660788534	376.73031366685	0
7.56	-0.35094953874547	0.63357682400048	376.73031366685	0
7.568	-0.30521979901136	0.66298429458784	376.73031366685	0
7.576	-0.25877823292984	0.68874315890511	376.73031366685	0
7.584	-0.21196414401865	0.71094618636691	376.73031366685	0
7.592	-0.16508674281007	0.72971777807839	376.73031366685	0
7.6	-0.11842323922571	0.74520757227026	376.73031366685	0
7.608	-0.072218100995917	0.75758435513172	376.73031366685	0
7.616	-0.026683293977026	0.7670304463396	376.73031366685	0
7.624	0.018000688360716	0.77373667081898	376.73031366685	0
7.632	0.061683194137942	0.77789797737286	376.73031366685	0
7.64	0.10424135437109	0.77970972266683	376.73031366685	0
7.648	0.14557774926702	0.77936460624061	376.73031366685	0
7.656	0.18561792884302	0.7770502184026	376.73031366685	0
7.664	0.22430789298499	0.77294714710015	376.73031366685	0
7.672	0.2616116128521	0.76722758086879	376.73031366685	0
7.68	0.29750865447116	0.76005434135752	376.73031366685	0
7.688	0.33199194703946	0.751580279375	376.73031366685	0
7.696	0.36506572310948	0.74194797169162	376.73031366685	0
7.704	0.39674364542172	0.7312896609642	376.73031366685	0
7.712	0.42704712547091	0.71972738731014	376.73031366685	0
7.72	0.45600383162076	0.70737326663175	376.73031366685	0
7.728	0.48364637936562	0.69432987734009	376.73031366685	0
7.736	0.51001119281326	0.68069072334453	376.73031366685	0
7.744	0.53513752428983	0.66654074687927	376.73031366685	0
7.752	0.55906661784357	0.65195686982987	376.73031366685	0
7.76	0.5818410020854	0.63700854666486	376.73031366685	0
7.768	0.60350389803482	0.62175831588189	376.73031366685	0
7.776	0.62409872826482	0.60626234007652	376.73031366685	0
7.784	0.64366871451551	0.59057092739315	376.73031366685	0
7.792	0.66225655197424	0.57472902927828	376.73031366685	0
7.8	0.67990414951256	0.55877671119421	376.73031366685	0
7.808	0.69665242627593	0.54274959432519	376.73031366685	0
7.816	0.71254115609714	0.52667926737719	376.73031366685	0
7.824	0.7276088522229	0.51059366838772	376.73031366685	0
7.832	0.74189268579011	0.4945174370706	376.73031366685	0
7.84	0.75542843235312	0.47847223865991	376.73031366685	0
7.848	0.768250441545	0.46247706052332	376.73031366685	0
7.856	0.78039162565307	0.44654848301462	376.73031366685	0
7.864	0.79188346350733	0.43070092615226	376.73031366685	0
7.872	0.80275601662278	0.41494687376453	376.73031366685	0
7.88	0.81303795501117	0.39929707674824	376.73031366685	0
7.888	0.8227565904885	0.38376073705908	376.73031366685	0
7.896	0.83193791566014	0.36834567399772	376.73031366685	0
7.904	0.84060664707036	0.35305847428469	376.73031366685	0
7.912	0.84878627126469	0.33790462733528	376.73031366685	0
7.92	0.85649909273559	0.32288864705689	376.73031366685	0
7.928	0.86376628291126	0.30801418140026	376.73031366685	0
7.936	0.87060792950725	0.29328411080494	376.73031366685	0
7.944	0.87704308569478	0.27870063658932	376.73031366685	0
7.952	0.88308981865353	0.26426536025012	376.73031366685	0
7.96	0.88876525717027	0.24997935455311	376.73031366685	0
7.968	0.89408563802431	0.23584322722029	376.73031366685	0
7.976	0.89906635096551	0.22185717794546	376.73031366685	0
7.984	0.90372198214473	0.20802104940322	376.73031366685	0
7.992	0.9080663559007	0.19433437285419	376.73031366685	0
8	0.91211257484375	0.1807964088914	376.73031366685	0
8.008	0.91587305820549	0.16740618382108	376.73031366685	0
8.016	0.91935957844778	0.15416252212233	376.73031366685	0
8.024	0.92258329614237	0.14106407538703	376.73031366685	0
8.032	0.92555479314794	0.12810934810119	376.73031366685	0
8.04	0.92828410412194	0.11529672059309	376.73031366685	0
8.048	0.93078074641398	0.10262446944105	376.73031366685	0
8.056	0.93305374839337	0.090090785603861	376.73031366685	0
8.064	0.93511167626808	0.077693790510525	376.73031366685	0
8.072	0.93696265945538	0.065431550321784	376.73031366685	0
8.08	0.93861441456606	0.053302088554386	376.73031366685	0
8.088	0.94007426806507	0.041303397239404	376.73031366685	0
8.096	0.94134917767103	0.029433446768527	376.73031366685	0
8.104	0.94244575255672	0.017690194566337	376.73031366685	0
8.112	0.94337027241136	0.0060715927125339	376.73031366685	0
8.12	0.9441287054238	-0.0054244053747113	376.73031366685	0
8.128	0.94472672524425	-0.016799839094606	376.73031366685	0
8.136	0.94516972697977	-0.02805673556921	376.73031366685	0
8.144	0.94546284227695	-0.039197105218377	376.73031366685	0
8.152	0.94561095354269	-0.050222937932052	376.73031366685	0
8.16	0.94561870735188	-0.061136199775486	376.73031366685	0
8.168	0.94549052708831	-0.071938830169337	376.73031366685	0
8.176	0.94523062486302	-0.082632739492738	376.73031366685	0
8.184	0.94484301275199	-0.093219807062726	376.73031366685	0
8.192	0.94433151339284	-0.10370187944823	376.73031366685	0
8.2	0.94369976997808	-0.11408076908108	376.73031366685	0
8.208	0.94295125568044	-0.12435825313027	376.73031366685	0
8.216	0.94208928254392	-0.13453607260945	376.73031366685	0
8.224	0.9411170098721	-0.14461593169011	376.73031366685	0
8.232	0.94003745214362	-0.15459949719637	376.73031366685	0
8.24	0.93885348648319	-0.16448839825895	376.73031366685	0
8.248	0.93756785971465	-0.17428422610875	376.73031366685	0
8.256	0.93618319502142	-0.18398853399166	376.73031366685	0
8.264	0.93470199823833	-0.19360283718844	376.73031366685	0
8.272	0.93312666379773	-0.20312861312436	376.73031366685	0
8.28	0.93145948035204	-0.21256730155492	376.73031366685	0
8.288	0.92970263609436	-0.22192030481454	376.73031366685	0
8.296	0.9278582237987	-0.23118898811628	376.73031366685	0
8.304	0.92592824560211	-0.24037467989096	376.73031366685	0
8.312	0.92391461755256	-0.24947867215547	376.73031366685	0
8.32	0.92181917394939	-0.25850222090077	376.73031366685	0
8.328	0.91964367150801	-0.26744654649324	376.73031366685	0
8.336	0.91738979338836	-0.27631283408768	376.73031366685	0
8.344	0.91505915313717	-0.28510223406093	376.73031366685	0
8.352	0.91265329860828	-0.29381586249551	376.73031366685	0
8.36	0.91017371593931	-0.30245480178124	376.73031366685	0
8.368	0.9076218336674	-0.311020101472	376.73031366685	0
8.376	0.90499902703529	-0.3195127796506	376.73031366685	0
8.384	0.90230662241296	-0.32793382522171	376.73031366685	0
8.392	0.89954590143074	-0.33628420172922	376.73031366685	0
8.4	0.8967181037475	-0.34456485329109	376.73031366685	0
8.408	0.89382442635442	-0.3527767125854	376.73031366685	0
8.416	0.89086601656154	-0.36092070876759	376.73031366685	0
8.424	0.88784395724776	-0.36899776962521	376.73031366685	0
8.432	0.88475924903567	-0.3770088099403	376.73031366685	0
8.44	0.88161280293599	-0.38495470339408	376.73031366685	0
8.448	0.87840545758414	-0.39283625058227	376.73031366685	0
8.456	0.87513801796227	-0.40065416637266	376.73031366685	0
8.464	0.87181129196444	-0.40840909737795	376.73031366685	0
8.472	0.86842610357162	-0.41610165526029	376.73031366685	0
8.48	0.86498328320224	-0.423732443458	376.73031366685	0
8.488	0.861483649948	-0.43130206766974	376.73031366685	0
8.496	0.85792799760516	-0.43881113408848	376.73031366685	0
8.504	0.85431708785795	-0.4462602429752	376.73031366685	0
8.512	0.85065164892017	-0.45364998246795	376.73031366685	0
8.52	0.84693237701302	-0.46098092430981	376.73031366685	0
8.528	0.84315993884194	-0.46825362146473	376.73031366685	0
8.536	0.83933497414461	-0.47546860707365	376.73031366685	0
8.544	0.83545809795959	-0.482626394223	376.73031366685	0
8.552	0.83152990254468	-0.48972747615451	376.73031366685	0
8.56	0.82755095898143	-0.49677232669102	376.73031366685	0
8.568	0.82352181852968	-0.5037614007525	376.73031366685	0
8.576	0.81944301379183	-0.51069513489692	376.73031366685	0
8.584	0.81531505973483	-0.51757394785426	376.73031366685	0
8.592	0.81113845460493	-0.52439824103996	376.73031366685	0
8.6	0.80691368076029	-0.53116839904319	376.73031366685	0
8.608	0.80264120543902	-0.53788479008959	376.73031366685	0
8.616	0.79832148147509	-0.54454776648016	376.73031366685	0
8.624	0.79395494797093	-0.55115766500828	376.73031366685	0
8.632	0.78954203093275	-0.55771480735722	376.73031366685	0
8.64	0.7850831438735	-0.5642195004802	376.73031366685	0
8.648	0.78057868838673	-0.57067203696469	376.73031366685	0
8.656	0.77602905469416	-0.5770726953825	376.73031366685	0
8.664	0.77143462216899	-0.583421740627	376.73031366685	0
8.672	0.76679575983678	-0.5897194242384	376.73031366685	0
8.68	0.76211282685541	-0.59596598471802	376.73031366685	0
8.688	0.75738617297529	-0.60216164783237	376.73031366685	0
8.696	0.75261613898109	-0.60830662690755	376.73031366685	0
8.704	0.74780305711584	-0.61440112311465	376.73031366685	0
8.712	0.74294725148854	-0.62044532574647	376.73031366685	0
8.72	0.73804903846584	-0.62643941248611	376.73031366685	0
8.728	0.73310872704894	-0.63238354966776	376.73031366685	0
8.736	0.72812661923605	-0.63827789253004	376.73031366685	0
8.744	0.72310301037141	-0.6441225854621	376.73031366685	0
8.752	0.71803818948138	-0.64991776224294	376.73031366685	0
8.76	0.71293243959821	-0.65566354627404	376.73031366685	0
8.768	0.70778603807208	-0.66136005080569	376.73031366685	0
8.776	0.70259925687201	-0.66700737915711	376.73031366685	0
8.784	0.69737236287605	-0.67260562493069	376.73031366685	0
8.792	0.69210561815136	-0.67815487222055	376.73031366685	0
8.8	0.68679928022455	-0.68365519581549	376.73031366685	0
8.808	0.68145360234278	-0.68910666139672	376.73031366685	0
8.816	0.67606883372604	-0.69450932573041	376.73031366685	0
8.824	0.67064521981097	-0.69986323685524	376.73031366685	0
8.832	0.66518300248665	-0.70516843426523	376.73031366685	0
8.84	0.65968242032267	-0.71042494908787	376.73031366685	0
8.848	0.65414370878993	-0.7156328042578	376.73031366685	0
8.856	0.64856710047431	-0.72079201468621	376.73031366685	0
8.864	0.64295282528376	-0.725902587426	376.73031366685	0
8.872	0.63730111064892	-0.73096452183299	376.73031366685	0
8.88	0.63161218171761	-0.73597780972315	376.73031366685	0
8.888	0.62588626154354	-0.74094243552617	376.73031366685	0
8.896	0.62012357126937	-0.74585837643535	376.73031366685	0
8.904	0.61432433030445	-0.75072560255403	376.73031366685	0
8.912	0.60848875649745	-0.75554407703862	376.73031366685	0
8.92	0.60261706630411	-0.76031375623841	376.73031366685	0
8.928	0.59670947495031	-0.76503458983226	376.73031366685	0
8.936	0.59076619659068	-0.76970652096221	376.73031366685	0
8.944	0.58478744446292	-0.77432948636425	376.73031366685	0
8.952	0.57877343103805	-0.77890341649627	376.73031366685	0
8.96	0.57272436816673	-0.78342823566331	376.73031366685	0
8.968	0.56664046722183	-0.78790386214022	376.73031366685	0
8.976	0.56052193923744	-0.79233020829182	376.73031366685	0
8.984	0.55436899504442	-0.79670718069069	376.73031366685	0
8.992	0.54818184540269	-0.80103468023263	376.73031366685	0
9	0.5419607011303	-0.80531260224991	376.73031366685	0
9.008	0.53570577322961	-0.80954083662243	376.73031366685	0
9.016	0.52941727301046	-0.81371926788679	376.73031366685	0
9.024	0.52309541221063	-0.81784777534348	376.73031366685	0
9.032	0.51674040311366	-0.82192623316213	376.73031366685	0
9.04	0.51035245866405	-0.82595451048499	376.73031366685	0
9.048	0.50393179258014	-0.82993247152876	376.73031366685	0
9.056	0.49747861946452	-0.83385997568469	376.73031366685	0
9.064	0.49099315491233	-0.83773687761718	376.73031366685	0
9.072	0.48447561561727	-0.84156302736087	376.73031366685	0
9.08	0.47792621947563	-0.84533827041635	376.73031366685	0
9.088	0.47134518568837	-0.84906244784443	376.73031366685	0
9.096	0.46473273486114	-0.85273539635922	376.73031366685	0
9.104	0.45808908910267	-0.85635694841994	376.73031366685	0
9.112	0.45141447212122	-0.85992693232162	376.73031366685	0
9.12	0.44470910931947	-0.86344517228463	376.73031366685	0
9.128	0.4379732278877	-0.86691148854327	376.73031366685	0
9.136	0.43120705689544	-0.87032569743331	376.73031366685	0
9.144	0.42441082738162	-0.87368761147868	376.73031366685	0
9.152	0.41758477244322	-0.87699703947725	376.73031366685	0
9.16	0.4107291273226	-0.88025378658583	376.73031366685	0
9.168	0.40384412949338	-0.88345765440444	376.73031366685	0
9.176	0.39693001874509	-0.88660844105982	376.73031366685	0
9.184	0.38998703726656	-0.88970594128836	376.73031366685	0
9.192	0.38301542972806	-0.89274994651841	376.73031366685	0
9.2	0.37601544336227	-0.89574024495205	376.73031366685	0
9.208	0.36898732804414	-0.89867662164632	376.73031366685	0
9.216	0.36193133636963	-0.90155885859405	376.73031366685	0
9.224	0.35484772373336	-0.9043867348043	376.73031366685	0
9.232	0.34773674840528	-0.90716002638234	376.73031366685	0
9.24	0.34059867160627	-0.90987850660944	376.73031366685	0
9.248	0.33343375758282	-0.91254194602226	376.73031366685	0
9.256	0.32624227368069	-0.91515011249212	376.73031366685	0
9.264	0.3190244904177	-0.91770277130402	376.73031366685	0
9.272	0.31178068155561	-0.92019968523548	376.73031366685	0
9.28	0.30451112417107	-0.92264061463537	376.73031366685	0
9.288	0.29721609872574	-0.92502531750252	376.73031366685	0
9.296	0.28989588913554	-0.92735354956445	376.73031366685	0
9.304	0.28255078283913	-0.92962506435597	376.73031366685	0
9.312	0.27518107086547	-0.9318396132979	376.73031366685	0
9.32	0.26778704790066	-0.93399694577584	376.73031366685	0
9.328	0.26036901235397	-0.936096809219	376.73031366685	0
9.336	0.25292726642305	-0.93813894917926	376.73031366685	0
9.344	0.24546211615842	-0.94012310941032	376.73031366685	0
9.352	0.23797387152719	-0.94204903194709	376.73031366685	0
9.36	0.23046284647597	-0.94391645718535	376.73031366685	0
9.368	0.22292935899311	-0.94572512396159	376.73031366685	0
9.376	0.21537373117012	-0.94747476963325	376.73031366685	0
9.384	0.20779628926242	-0.9491651301592	376.73031366685	0
9.392	0.20019736374925	-0.95079594018066	376.73031366685	0
9.4	0.19257728939297	-0.95236693310242	376.73031366685	0
9.408	0.1849364052975	-0.95387784117453	376.73031366685	0
9.416	0.17727505496609	-0.95532839557442	376.73031366685	0
9.424	0.16959358635833	-0.95671832648948	376.73031366685	0
9.432	0.16189235194638	-0.95804736320011	376.73031366685	0
9.44	0.15417170877055	-0.95931523416332	376.73031366685	0
9.448	0.14643201849397	-0.96052166709688	376.73031366685	0
9.456	0.13867364745665	-0.96166638906397	376.73031366685	0
9.464	0.13089696672867	-0.96274912655848	376.73031366685	0
9.472	0.12310235216266	-0.9637696055909	376.73031366685	0
9.48	0.11529018444542	-0.96472755177485	376.73031366685	0
9.488	0.10746084914885	-0.96562269041425	376.73031366685	0
9.496	0.099614736779946	-0.96645474659117	376.73031366685	0
9.504	0.091752242830101	-0.96722344525435	376.73031366685	0
9.512	0.083873767823491	-0.96792851130851	376.73031366685	0
9.52	0.075979717364665	-0.96856966970429	376.73031366685	0
9.528	0.068070502185251	-0.96914664552901	376.73031366685	0
9.536	0.060146538189809	-0.9696591640982	376.73031366685	0
9.544	0.052208246500778	-0.97010695104785	376.73031366685	0
9.552	0.044256053502545	-0.97048973242751	376.73031366685	0
9.56	0.036290390884559	-0.97080723479425	376.73031366685	0
9.568	0.028311695683539	-0.97105918530732	376.73031366685	0
9.576	0.020320410324699	-0.97124531182381	376.73031366685	0
9.584	0.01231698266201	-0.97136534299505	376.73031366685	0
9.592	0.0043018660174525	-0.97141900836393	376.73031366685	0
9.6	-0.0037244807807312	-0.97140603846312	376.73031366685	0
9.608	-0.011761593360853	-0.97132616491413	376.73031366685	0
9.616	-0.019809001771626	-0.97117912052736	376.73031366685	0
9.624	-0.027866230447131	-0.97096463940294	376.73031366685	0
9.632	-0.035932798172858	-0.97068245703266	376.73031366685	0
9.64	-0.044008218052913	-0.97033231040266	376.73031366685	0
9.648	-0.05209199747836	-0.9699139380972	376.73031366685	0
9.656	-0.060183638096768	-0.96942708040327	376.73031366685	0
9.664	-0.068282635782947	-0.96887147941626	376.73031366685	0
9.672	-0.076388480610948	-0.96824687914648	376.73031366685	0
9.68	-0.084500656827299	-0.96755302562675	376.73031366685	0
9.688	-0.092618642825564	-0.96678966702084	376.73031366685	0
9.696	-0.1007419111222	-0.96595655373301	376.73031366685	0
9.704	-0.10886992833378	-0.96505343851839	376.73031366685	0
9.712	-0.1170021551556	-0.96408007659446	376.73031366685	0
9.72	-0.12513804634167	-0.96303622575338	376.73031366685	0
9.728	-0.13327705068618	-0.96192164647541	376.73031366685	0
9.736	-0.14141861100644	-0.96073610204322	376.73031366685	0
9.744	-0.14956216412729	-0.95947935865717	376.73031366685	0
9.752	-0.15770714086708	-0.95815118555162	376.73031366685	0
9.76	-0.1658529660252	-0.95675135511215	376.73031366685	0
9.768	-0.17399905837125	-0.95527964299371	376.73031366685	0
9.776	-0.18214483063578	-0.9537358282398	376.73031366685	0
9.784	-0.19028968950277	-0.9521196934025	376.73031366685	0
9.792	-0.19843303560378	-0.95043102466352	376.73031366685	0
9.8	-0.20657426351384	-0.94866961195611	376.73031366685	0
9.808	-0.21471276174911	-0.94683524908791	376.73031366685	0
9.816	-0.22284791276638	-0.94492773386468	376.73031366685	0
9.824	-0.23097909296438	-0.94294686821496	376.73031366685	0
9.832	-0.23910567268698	-0.94089245831558	376.73031366685	0
9.84	-0.24722701622835	-0.93876431471802	376.73031366685	0
9.848	-0.25534248183997	-0.93656225247563	376.73031366685	0
9.856	-0.26345142173976	-0.93428609127167	376.73031366685	0
9.864	-0.27155318212314	-0.93193565554819	376.73031366685	0
9.872	-0.2796471031762	-0.92951077463564	376.73031366685	0
9.88	-0.28773251909094	-0.92701128288331	376.73031366685	0
9.888	-0.29580875808268	-0.92443701979047	376.73031366685	0
9.896	-0.30387514240963	-0.92178783013829	376.73031366685	0
9.904	-0.31193098839466	-0.91906356412236	376.73031366685	0
9.912	-0.31997560644935	-0.91626407748605	376.73031366685	0
9.92	-0.32800830110026	-0.91338923165431	376.73031366685	0
9.928	-0.33602837101764	-0.91043889386829	376.73031366685	0
9.936	-0.34403510904635	-0.90741293732039	376.73031366685	0
9.944	-0.35202780223932	-0.90431124129001	376.73031366685	0
9.952	-0.36000573189337	-0.90113369127968	376.73031366685	0
9.96	-0.36796817358746	-0.89788017915182	376.73031366685	0
9.968	-0.37591439722354	-0.89455060326588	376.73031366685	0
9.976	-0.38384366706992	-0.89114486861593	376.73031366685	0
9.984	-0.39175524180714	-0.88766288696864	376.73031366685	0
9.992	-0.39964837457654	-0.88410457700158	376.73031366685	0
10	-0.40752231303147	-0.88046986444189	376.73031366685	0
10.008	-0.41537629939113	-0.87675868220512	376.73031366685	0
10.016	-0.42320957049717	-0.87297097053442	376.73031366685	0
10.024	-0.43102135787306	-0.8691066771398	376.73031366685	0
10.032	-0.43881088778618	-0.86516575733754	376.73031366685	0
10.04	-0.44657738131278	-0.8611481741898	376.73031366685	0
10.048	-0.45432005440581	-0.85705389864408	376.73031366685	0
10.056	-0.46203811796553	-0.85288290967286	376.73031366685	0
10.064	-0.46973077791313	-0.84863519441304	376.73031366685	0
10.072	-0.4773972352673	-0.84431074830532	376.73031366685	0
10.08	-0.48503668622366	-0.83990957523343	376.73031366685	0
10.088	-0.49264832223729	-0.83543168766311	376.73031366685	0
10.096	-0.50023133010826	-0.83087710678079	376.73031366685	0
10.104	-0.50778489207022	-0.82624586263202	376.73031366685	0
10.112	-0.51530818588203	-0.82153799425935	376.73031366685	0
10.12	-0.52280038492254	-0.81675354983993	376.73031366685	0
10.128	-0.53026065828845	-0.81189258682246	376.73031366685	0
10.136	-0.53768817089538	-0.80695517206357	376.73031366685	0
10.144	-0.54508208358208	-0.80194138196365	376.73031366685	0
10.152	-0.55244155321779	-0.79685130260184	376.73031366685	0
10.16	-0.55976573281286	-0.79168502987033	376.73031366685	0
10.168	-0.56705377163261	-0.78644266960772	376.73031366685	0
10.176	-0.57430481531437	-0.78112433773156	376.73031366685	0
10.184	-0.58151800598783	-0.77573016036985	376.73031366685	0
10.192	-0.58869248239863	-0.77026027399142	376.73031366685	0
10.2	-0.59582738003525	-0.76471482553531	376.73031366685	0
10.208	-0.60292183125921	-0.75909397253876	376.73031366685	0
10.216	-0.60997496543848	-0.75339788326408	376.73031366685	0
10.224	-0.61698590908434	-0.74762673682406	376.73031366685	0
10.232	-0.62395378599144	-0.7417807233059	376.73031366685	0
10.24	-0.6308777173812	-0.73586004389376	376.73031366685	0
10.248	-0.63775682204855	-0.72986491098955	376.73031366685	0
10.256	-0.64459021651199	-0.72379554833214	376.73031366685	0
10.264	-0.65137701516693	-0.71765219111473	376.73031366685	0
10.272	-0.65811633044236	-0.71143508610043	376.73031366685	0
10.28	-0.66480727296083	-0.7051444917359	376.73031366685	0
10.288	-0.67144895170173	-0.69878067826289	376.73031366685	0
10.296	-0.67804047416782	-0.69234392782782	376.73031366685	0
10.304	-0.68458094655508	-0.68583453458901	376.73031366685	0
10.312	-0.69106947392578	-0.67925280482178	376.73031366685	0
10.32	-0.69750516038479	-0.67259905702106	376.73031366685	0
10.328	-0.70388710925919	-0.66587362200164	376.73031366685	0
10.336	-0.71021442328092	-0.65907684299582	376.73031366685	0
10.344	-0.71648620477279	-0.65220907574847	376.73031366685	0
10.352	-0.72270155583751	-0.64527068860933	376.73031366685	0
10.36	-0.72885957854987	-0.63826206262257	376.73031366685	0
10.368	-0.73495937515205	-0.63118359161332	376.73031366685	0
10.376	-0.74100004825193	-0.62403568227139	376.73031366685	0
10.384	-0.74698070102448	-0.61681875423173	376.73031366685	0
10.392	-0.75290043741605	-0.60953324015188	376.73031366685	0
10.4	-0.75875836235168	-0.602179585786	376.73031366685	0
10.408	-0.76455358194522	-0.59475825005571	376.73031366685	0
10.416	-0.7702852037124	-0.58726970511737	376.73031366685	0
10.424	-0.7759523367866	-0.57971443642588	376.73031366685	0
10.432	-0.78155409213741	-0.57209294279484	376.73031366685	0
10.44	-0.78708958279187	-0.56440573645303	376.73031366685	0
10.448	-0.79255792405837	-0.55665334309708	376.73031366685	0
10.456	-0.79795823375307	-0.54883630194022	376.73031366685	0
10.464	-0.80328963242886	-0.54095516575708	376.73031366685	0
10.472	-0.80855124360675	-0.53301050092449	376.73031366685	0
10.48	-0.81374219400965	-0.52500288745803	376.73031366685	0
10.488	-0.81886161379843	-0.5169329190444	376.73031366685	0
10.496	-0.8239086368102	-0.5088012030695	376.73031366685	0
10.504	-0.82888240079877	-0.50060836064206	376.73031366685	0
10.512	-0.83378204767714	-0.49235502661285	376.73031366685	0
10.52	-0.83860672376203	-0.48404184958925	376.73031366685	0
10.528	-0.84335558002019	-0.47566949194528	376.73031366685	0
10.536	-0.84802777231669	-0.46723862982685	376.73031366685	0
10.544	-0.85262246166479	-0.45874995315221	376.73031366685	0
10.552	-0.85713881447748	-0.45020416560758	376.73031366685	0
10.56	-0.86157600282058	-0.44160198463783	376.73031366685	0
10.568	-0.86593320466719	-0.43294414143212	376.73031366685	0
10.576	-0.87020960415355	-0.42423138090449	376.73031366685	0
10.584	-0.87440439183607	-0.41546446166929	376.73031366685	0
10.592	-0.87851676494948	-0.40664415601143	376.73031366685	0
10.6	-0.88254592766596	-0.39777124985136	376.73031366685	0
10.608	-0.88649109135522	-0.38884654270463	376.73031366685	0
10.616	-0.8903514748453	-0.37987084763622	376.73031366685	0
10.624	-0.89412630468404	-0.37084499120927	376.73031366685	0
10.632	-0.89781481540108	-0.36176981342843	376.73031366685	0
10.64	-0.90141624977029	-0.35264616767761	376.73031366685	0
10.648	-0.90492985907248	-0.34347492065214	376.73031366685	0
10.656	-0.90835490335826	-0.33425695228533	376.73031366685	0
10.664	-0.91169065171097	-0.32499315566931	376.73031366685	0
10.672	-0.91493638250943	-0.31568443697019	376.73031366685	0
10.68	-0.91809138369058	-0.30633171533746	376.73031366685	0
10.688	-0.92115495301162	-0.29693592280763	376.73031366685	0
10.696	-0.92412639831177	-0.28749800420199	376.73031366685	0
10.704	-0.92700503777329	-0.2780189170187	376.73031366685	0
10.712	-0.92979020018178	-0.26849963131881	376.73031366685	0
10.72	-0.93248122518552	-0.25894112960661	376.73031366685	0
10.728	-0.93507746355375	-0.24934440670398	376.73031366685	0
10.736	-0.93757827743377	-0.23971046961891	376.73031366685	0
10.744	-0.93998304060663	-0.23004033740805	376.73031366685	0
10.752	-0.94229113874134	-0.22033504103344	376.73031366685	0
10.76	-0.94450196964747	-0.21059562321332	376.73031366685	0
10.768	-0.94661494352583	-0.20082313826699	376.73031366685	0
10.776	-0.94862948321734	-0.19101865195387	376.73031366685	0
10.784	-0.95054502444971	-0.18118324130664	376.73031366685	0
10.792	-0.95236101608186	-0.17131799445856	376.73031366685	0
10.8	-0.95407692034602	-0.16142401046493	376.73031366685	0
10.808	-0.95569221308714	-0.15150239911876	376.73031366685	0
10.816	-0.95720638399973	-0.1415542807607	376.73031366685	0
10.824	-0.95861893686174	-0.13158078608321	376.73031366685	0
10.832	-0.9599293897655	-0.12158305592901	376.73031366685	0
10.84	-0.96113727534538	-0.11156224108395	376.73031366685	0
10.848	-0.96224214100229	-0.10151950206418	376.73031366685	0
10.856	-0.9632435491246	-0.091456008897889	376.73031366685	0
10.864	-0.96414107730546	-0.081372940901448	376.73031366685	0
10.872	-0.96493431855639	-0.071271486450179	376.73031366685	0
10.88	-0.9656228815169	-0.061152842743743	376.73031366685	0
10.888	-0.96620639066013	-0.051018215566245	376.73031366685	0
10.896	-0.96668448649416	-0.040868819041117	376.73031366685	0
10.904	-0.96705682575907	-0.030705875380864	376.73031366685	0
10.912	-0.96732308161945	-0.020530614631753	376.73031366685	0
10.92	-0.96748294385228	-0.010344274413543	376.73031366685	0
10.928	-0.96753611903003	-0.00014809965435068	376.73031366685	0
10.936	-0.96748233069882	0.010056657679276	376.73031366685	0
10.944	-0.96732131955157	0.020268738856948	376.73031366685	0
10.952	-0.96705284359591	0.030486878663588	376.73031366685	0
10.96	-0.9666766783168	0.04070980568304	376.73031366685	0
10.968	-0.96619261683369	0.050936242586028	376.73031366685	0
10.976	-0.96560047005209	0.06116490642234	376.73031366685	0
10.984	-0.96490006680947	0.071394508917108	376.73031366685	0
10.992	-0.96409125401532	0.081623756771054	376.73031366685	0
11	-0.96317389678526	0.091851351964604	376.73031366685	0
11.008	-0.9621478785691	0.1020759920657	376.73031366685	0
11.016	-0.96101310127277	0.11229637054118	376.73031366685	0
11.024	-0.95976948537395	0.1225111770716	376.73031366685	0
11.032	-0.9584169700313	0.13271909786934	376.73031366685	0
11.04	-0.95695551318726	0.14291881599985	376.73031366685	0
11.048	-0.95538509166429	0.15310901170589	376.73031366685	0
11.056	-0.95370570125433	0.16328836273457	376.73031366685	0
11.064	-0.95191735680167	0.1734555446671	376.73031366685	0
11.072	-0.9500200922789	0.18360923125105	376.73031366685	0
11.08	-0.94801396085587	0.19374809473495	376.73031366685	0
11.088	-0.94589903496185	0.20387080620505	376.73031366685	0
11.096	-0.94367540634041	0.21397603592417	376.73031366685	0
11.104	-0.94134318609735	0.22406245367226	376.73031366685	0
11.112	-0.93890250474131	0.2341287290888	376.73031366685	0
11.12	-0.93635351221724	0.24417353201651	376.73031366685	0
11.128	-0.93369637793245	0.25419553284653	376.73031366685	0
11.136	-0.93093129077547	0.26419340286465	376.73031366685	0
11.144	-0.92805845912736	0.27416581459849	376.73031366685	0
11.152	-0.92507811086572	0.2841114421655	376.73031366685	0
11.16	-0.92199049336119	0.29402896162148	376.73031366685	0
11.168	-0.91879587346645	0.30391705130957	376.73031366685	0
11.176	-0.91549453749779	0.3137743922094	376.73031366685	0
11.184	-0.91208679120909	0.32359966828624	376.73031366685	0
11.192	-0.90857295975828	0.33339156684009	376.73031366685	0
11.2	-0.90495338766634	0.3431487788543	376.73031366685	0
11.208	-0.90122843876866	0.3528699993437	376.73031366685	0
11.216	-0.89739849615895	0.36255392770202	376.73031366685	0
11.224	-0.89346396212563	0.37219926804833	376.73031366685	0
11.232	-0.88942525808066	0.38180472957238	376.73031366685	0
11.24	-0.88528282448095	0.39136902687872	376.73031366685	0
11.248	-0.88103712074235	0.40089088032919	376.73031366685	0
11.256	-0.87668862514613	0.41036901638383	376.73031366685	0
11.264	-0.87223783473814	0.41980216793991	376.73031366685	0
11.272	-0.86768526522068	0.42918907466887	376.73031366685	0
11.28	-0.86303145083697	0.43852848335105	376.73031366685	0
11.288	-0.85827694424854	0.44781914820799	376.73031366685	0
11.296	-0.8534223164053	0.45705983123215	376.73031366685	0
11.304	-0.84846815640861	0.46624930251379	376.73031366685	0
11.312	-0.8434150713673	0.47538634056493	376.73031366685	0
11.32	-0.83826368624669	0.48446973264015	376.73031366685	0
11.328	-0.83301464371077	0.49349827505412	376.73031366685	0
11.336	-0.82766860395758	0.50247077349557	376.73031366685	0
11.344	-0.82222624454789	0.51138604333762	376.73031366685	0
11.352	-0.81668826022727	0.52024290994437	376.73031366685	0
11.36	-0.81105536274165	0.52904020897338	376.73031366685	0
11.368	-0.80532828064648	0.5377767866741	376.73031366685	0
11.376	-0.79950775910962	0.54645150018191	376.73031366685	0
11.384	-0.79359455970803	0.55506321780778	376.73031366685	0
11.392	-0.78758946021836	0.56361081932327	376.73031366685	0
11.4	-0.78149325440171	0.57209319624077	376.73031366685	0
11.408	-0.77530675178248	0.58050925208884	376.73031366685	0
11.416	-0.76903077742155	0.58885790268254	376.73031366685	0
11.424	-0.76266617168396	0.5971380763885	376.73031366685	0
11.432	-0.75621379000113	0.6053487143848	376.73031366685	0
11.44	-0.74967450262786	0.61348877091524	376.73031366685	0
11.448	-0.74304919439414	0.62155721353824	376.73031366685	0
11.456	-0.73633876445204	0.62955302336987	376.73031366685	0
11.464	-0.72954412601773	0.63747519532124	376.73031366685	0
11.472	-0.7226662061089	0.64532273832986	376.73031366685	0
11.48	-0.71570594527755	0.65309467558504	376.73031366685	0
11.488	-0.70866429733855	0.66079004474717	376.73031366685	0
11.496	-0.70154222909391	0.66840789816081	376.73031366685	0
11.504	-0.69434072005306	0.67594730306139	376.73031366685	0
11.512	-0.6870607621493	0.68340734177562	376.73031366685	0
11.52	-0.67970335945246	0.69078711191536	376.73031366685	0
11.528	-0.67226952787816	0.69808572656499	376.73031366685	0
11.536	-0.6647602948936	0.70530231446211	376.73031366685	0
11.544	-0.65717669922029	0.71243602017158	376.73031366685	0
11.552	-0.64951979053366	0.7194860042528	376.73031366685	0
11.56	-0.64179062915989	0.72645144342024	376.73031366685	0
11.568	-0.63399028577019	0.733331530697	376.73031366685	0
11.576	-0.62611984107239	0.74012547556155	376.73031366685	0
11.584	-0.61818038550047	0.74683250408756	376.73031366685	0
11.592	-0.6101730189018	0.75345185907666	376.73031366685	0
11.6	-0.60209885022258	0.75998280018424	376.73031366685	0
11.608	-0.5939589971914	0.76642460403822	376.73031366685	0
11.616	-0.58575458600133	0.77277656435079	376.73031366685	0
11.624	-0.57748675099055	0.77903799202301	376.73031366685	0
11.632	-0.56915663432184	0.78520821524238	376.73031366685	0
11.64	-0.5607653856609	0.79128657957336	376.73031366685	0
11.648	-0.55231416185397	0.79727244804073	376.73031366685	0
11.656	-0.54380412660465	0.80316520120595	376.73031366685	0
11.664	-0.5352364501503	0.80896423723642	376.73031366685	0
11.672	-0.52661230893802	0.81466897196765	376.73031366685	0
11.68	-0.51793288530059	0.82027883895848	376.73031366685	0
11.688	-0.50919936713231	0.82579328953925	376.73031366685	0
11.696	-0.50041294756512	0.83121179285298	376.73031366685	0
11.704	-0.49157482464505	0.83653383588965	376.73031366685	0
11.712	-0.48268620100919	0.84175892351354	376.73031366685	0
11.72	-0.47374828356334	0.84688657848372	376.73031366685	0
11.728	-0.46476228316056	0.85191634146775	376.73031366685	0
11.736	-0.45572941428072	0.85684777104859	376.73031366685	0
11.744	-0.44665089471121	0.86168044372481	376.73031366685	0
11.752	-0.437527945229	0.86641395390417	376.73031366685	0
11.76	-0.42836178928421	0.87104791389062	376.73031366685	0
11.768	-0.41915365268529	0.87558195386479	376.73031366685	0
11.776	-0.40990476328603	0.88001572185798	376.73031366685	0
11.784	-0.40061635067445	0.8843488837199	376.73031366685	0
11.792	-0.39128964586386	0.88858112308001	376.73031366685	0
11.8	-0.38192588098601	0.89271214130274	376.73031366685	0
11.808	-0.37252628898678	0.89674165743654	376.73031366685	0
11.816	-0.36309210332419	0.90066940815692	376.73031366685	0
11.824	-0.35362455766911	0.90449514770358	376.73031366685	0
11.832	-0.34412488560877	0.90821864781162	376.73031366685	0
11.84	-0.33459432035307	0.91183969763711	376.73031366685	0
11.848	-0.32503409444388	0.91535810367696	376.73031366685	0
11.856	-0.31544543946755	0.91877368968323	376.73031366685	0
11.864	-0.30582958577055	0.92208629657204	376.73031366685	0
11.872	-0.29618776217849	0.9252957823272	376.73031366685	0
11.88	-0.28652119571858	0.92840202189849	376.73031366685	0
11.888	-0.27683111134564	0.93140490709499	376.73031366685	0
11.896	-0.26711873167176	0.93430434647332	376.73031366685	0
11.904	-0.25738527669967	0.93710026522103	376.73031366685	0
11.912	-0.24763196355999	0.93979260503529	376.73031366685	0
11.92	-0.23786000625238	0.94238132399686	376.73031366685	0
11.928	-0.22807061539068	0.9448663964396	376.73031366685	0
11.936	-0.21826499795215	0.94724781281559	376.73031366685	0
11.944	-0.20844435703087	0.94952557955595	376.73031366685	0
11.952	-0.19860989159537	0.95169971892753	376.73031366685	0
11.96	-0.18876279625056	0.95377026888561	376.73031366685	0
11.968	-0.17890426100403	0.95573728292267	376.73031366685	0
11.976	-0.16903547103679	0.95760082991341	376.73031366685	0
11.984	-0.15915760647844	0.95936099395614	376.73031366685	0
11.992	-0.14927184218695	0.96101787421064	376.73031366685	0
12	-0.139379347533	0.96257158473268	376.73031366685	0
12.008	-0.12948128618891	0.96402225430522	376.73031366685	0
12.016	-0.11957881592232	0.96537002626658	376.73031366685	0
12.024	-0.10967308839452	0.96661505833551	376.73031366685	0
12.032	-0.09976524896354	0.96775752243352	376.73031366685	0
12.04	-0.089856436492076	0.96879760450431	376.73031366685	0
12.048	-0.079947783160131	0.96973550433077	376.73031366685	0
12.056	-0.070040414282557	0.97057143534937	376.73031366685	0
12.064	-0.06013544813142	0.97130562446223	376.73031366685	0
12.072	-0.050233995763225	0.97193831184702	376.73031366685	0
12.08	-0.040337160851047	0.97246975076466	376.73031366685	0
12.088	-0.030446039521539	0.97290020736513	376.73031366685	0
12.096	-0.020561720196841	0.97322996049137	376.73031366685	0
12.104	-0.010685283441389	0.97345930148154	376.73031366685	0
12.112	-0.00081780181363658	0.97358853396952	376.73031366685	0
12.12	0.0090396602773233	0.97361797368411	376.73031366685	0
12.128	0.018886046710244	0.97354794824673	376.73031366685	0
12.136	0.028720309785329	0.97337879696794	376.73031366685	0
12.144	0.038541410352942	0.9731108706428	376.73031366685	0
12.152	0.048348317937462	0.97274453134528	376.73031366685	0
12.16	0.058140010856295	0.97228015222167	376.73031366685	0
12.168	0.067915476334064	0.97171811728332	376.73031366685	0
12.176	0.077673710611976	0.97105882119864	376.73031366685	0
12.184	0.087413719052422	0.97030266908455	376.73031366685	0
12.192	0.097134516238818	0.96945007629749	376.73031366685	0
12.2	0.10683512607074	0.9685014682241	376.73031366685	0
12.208	0.11651458185432	0.96745728007159	376.73031366685	0
12.216	0.12617192638805	0.96631795665807	376.73031366685	0
12.224	0.13580621204391	0.96508395220276	376.73031366685	0
12.232	0.14541650084392	0.96375573011632	376.73031366685	0
12.24	0.15500186453218	0.96233376279127	376.73031366685	0
12.248	0.16456138464238	0.96081853139277	376.73031366685	0
12.256	0.17409415256083	0.95921052564965	376.73031366685	0
12.264	0.18359926958515	0.9575102436459	376.73031366685	0
12.272	0.19307584697851	0.95571819161276	376.73031366685	0
12.28	0.20252300601964	0.95383488372132	376.73031366685	0
12.288	0.21193987804845	0.95186084187588	376.73031366685	0
12.296	0.22132560450762	0.94979659550812	376.73031366685	0
12.304	0.23067933697981	0.94764268137203	376.73031366685	0
12.312	0.24000023722098	0.94539964333993	376.73031366685	0
12.32	0.24928747718948	0.94306803219939	376.73031366685	0
12.328	0.25854023907129	0.94064840545126	376.73031366685	0
12.336	0.2677577153012	0.93814132710895	376.73031366685	0
12.344	0.27693910858023	0.93554736749884	376.73031366685	0
12.352	0.28608363188914	0.93286710306208	376.73031366685	0
12.36	0.29519050849824	0.93010111615767	376.73031366685	0
12.368	0.30425897197352	0.92724999486708	376.73031366685	0
12.376	0.31328826617908	0.92431433280026	376.73031366685	0
12.384	0.32227764527606	0.92129472890329	376.73031366685	0
12.392	0.33122637371806	0.91819178726758	376.73031366685	0
12.4	0.34013372624307	0.91500611694078	376.73031366685	0
12.408	0.3489989878621	0.91173833173937	376.73031366685	0
12.416	0.35782145384444	0.90838905006305	376.73031366685	0
12.424	0.36660042969973	0.90495889471095	376.73031366685	0
12.432	0.37533523115677	0.90144849269965	376.73031366685	0
12.44	0.38402518413936	0.89785847508324	376.73031366685	0
12.448	0.39266962473893	0.89418947677514	376.73031366685	0
12.456	0.40126789918433	0.89044213637211	376.73031366685	0
12.464	0.40981936380863	0.88661709598015	376.73031366685	0
12.472	0.4183233850131	0.88271500104257	376.73031366685	0
12.48	0.42677933922842	0.87873650017005	376.73031366685	0
12.488	0.43518661287316	0.874682244973	376.73031366685	0
12.496	0.44354460230965	0.87055288989588	376.73031366685	0
12.504	0.45185271379722	0.86634909205393	376.73031366685	0
12.512	0.46011036344294	0.86207151107198	376.73031366685	0
12.52	0.46831697715001	0.85772080892554	376.73031366685	0
12.528	0.47647199056358	0.85329764978423	376.73031366685	0
12.536	0.48457484901443	0.84880269985742	376.73031366685	0
12.544	0.49262500746032	0.84423662724225	376.73031366685	0
12.552	0.50062193042515	0.83960010177393	376.73031366685	0
12.56	0.508565091936	0.83489379487848	376.73031366685	0
12.568	0.51645397545815	0.83011837942772	376.73031366685	0
12.576	0.52428807382803	0.8252745295968	376.73031366685	0
12.584	0.53206688918431	0.82036292072394	376.73031366685	0
12.592	0.53978993289709	0.81538422917276	376.73031366685	0
12.6	0.54745672549522	0.81033913219687	376.73031366685	0
12.608	0.55506679659198	0.80522830780705	376.73031366685	0
12.616	0.56261968480898	0.80005243464068	376.73031366685	0
12.624	0.57011493769843	0.79481219183378	376.73031366685	0
12.632	0.57755211166391	0.78950825889537	376.73031366685	0
12.64	0.58493077187953	0.78414131558434	376.73031366685	0
12.648	0.5922504922077	0.77871204178878	376.73031366685	0
12.656	0.59951085511546	0.77322111740769	376.73031366685	0
12.664	0.60671145158944	0.7676692222352	376.73031366685	0
12.672	0.61385188104962	0.76205703584726	376.73031366685	0
12.68	0.62093175126171	0.75638523749066	376.73031366685	0
12.688	0.62795067824846	0.75065450597465	376.73031366685	0
12.696	0.63490828619979	0.74486551956487	376.73031366685	0
12.704	0.6418042073818	0.7390189558798	376.73031366685	0
12.712	0.6486380820448	0.73311549178953	376.73031366685	0
12.72	0.65540955833034	0.7271558033171	376.73031366685	0
12.728	0.66211829217729	0.72114056554211	376.73031366685	0
12.736	0.66876394722699	0.71507045250681	376.73031366685	0
12.744	0.67534619472766	0.70894613712457	376.73031366685	0
12.752	0.68186471343793	0.70276829109071	376.73031366685	0
12.76	0.68831918952961	0.69653758479571	376.73031366685	0
12.768	0.69470931648981	0.69025468724081	376.73031366685	0
12.776	0.70103479502232	0.68392026595592	376.73031366685	0
12.784	0.70729533294845	0.67753498691987	376.73031366685	0
12.792	0.71349064510718	0.67109951448297	376.73031366685	0
12.8	0.71962045325487	0.66461451129196	376.73031366685	0
12.808	0.72568448596438	0.6580806382171	376.73031366685	0
12.816	0.73168247852376	0.65149855428167	376.73031366685	0
12.824	0.73761417283452	0.64486891659369	376.73031366685	0
12.832	0.74347931730944	0.63819238027985	376.73031366685	0
12.84	0.74927766677013	0.6314695984217	376.73031366685	0
12.848	0.75500898234414	0.62470122199409	376.73031366685	0
12.856	0.76067303136186	0.6178878998057	376.73031366685	0
12.864	0.76626958725312	0.61103027844189	376.73031366685	0
12.872	0.77179842944359	0.60412900220956	376.73031366685	0
12.88	0.77725934325093	0.59718471308429	376.73031366685	0
12.888	0.78265211978083	0.59019805065951	376.73031366685	0
12.896	0.78797655582283	0.58316965209782	376.73031366685	0
12.904	0.79323245374613	0.57610015208439	376.73031366685	0
12.912	0.79841962139522	0.56899018278242	376.73031366685	0
12.92	0.80353787198546	0.5618403737907	376.73031366685	0
12.928	0.80858702399868	0.55465135210312	376.73031366685	0
12.936	0.81356690107871	0.54742374207028	376.73031366685	0
12.944	0.81847733192694	0.54015816536303	376.73031366685	0
12.952	0.82331815019787	0.53285524093805	376.73031366685	0
12.96	0.82808919439483	0.5255155850053	376.73031366685	0
12.968	0.8327903077656	0.51813981099756	376.73031366685	0
12.976	0.83742133819828	0.51072852954172	376.73031366685	0
12.984	0.84198213811717	0.50328234843208	376.73031366685	0
12.992	0.84647256437883	0.49580187260553	376.73031366685	0
13	0.85089247816826	0.48828770411858	376.73031366685	0
13.008	0.85524174489526	0.48074044212621	376.73031366685	0
13.016	0.85952023409097	0.47316068286263	376.73031366685	0
13.024	0.86372781930455	0.46554901962377	376.73031366685	0
13.032	0.86786437800016	0.45790604275165	376.73031366685	0
13.04	0.87192979145411	0.45023233962047	376.73031366685	0
13.048	0.87592394465218	0.44252849462448	376.73031366685	0
13.056	0.87984672618734	0.43479508916763	376.73031366685	0
13.064	0.88369802815755	0.4270327016549	376.73031366685	0
13.072	0.88747774606394	0.41924190748542	376.73031366685	0
13.08	0.89118577870927	0.41142327904718	376.73031366685	0
13.088	0.89482202809657	0.40357738571358	376.73031366685	0
13.096	0.89838639932819	0.39570479384151	376.73031366685	0
13.104	0.90187880050509	0.38780606677113	376.73031366685	0
13.112	0.90529914262644	0.37988176482739	376.73031366685	0
13.12	0.90864733948955	0.37193244532303	376.73031366685	0
13.128	0.91192330759012	0.36395866256328	376.73031366685	0
13.136	0.91512696602278	0.35596096785221	376.73031366685	0
13.144	0.91825823638203	0.34793990950054	376.73031366685	0
13.152	0.92131704266342	0.3398960328352	376.73031366685	0
13.16	0.92430331116518	0.3318298802103	376.73031366685	0
13.168	0.92721697039004	0.3237419910198	376.73031366685	0
13.176	0.93005795094759	0.31563290171164	376.73031366685	0
13.184	0.93282618545675	0.30750314580346	376.73031366685	0
13.192	0.93552160844882	0.29935325389983	376.73031366685	0
13.2	0.93814415627069	0.29118375371103	376.73031366685	0
13.208	0.9406937669885	0.28299517007334	376.73031366685	0
13.216	0.94317038029162	0.27478802497084	376.73031366685	0
13.224	0.94557393739697	0.26656283755871	376.73031366685	0
13.232	0.94790438095367	0.25832012418807	376.73031366685	0
13.24	0.95016165494808	0.25006039843228	376.73031366685	0
13.248	0.95234570460915	0.24178417111475	376.73031366685	0
13.256	0.95445647631408	0.23349195033823	376.73031366685	0
13.264	0.95649391749439	0.22518424151563	376.73031366685	0
13.272	0.95845797654226	0.21686154740226	376.73031366685	0
13.28	0.96034860271725	0.20852436812964	376.73031366685	0
13.288	0.96216574605327	0.20017320124071	376.73031366685	0
13.296	0.96390935726598	0.19180854172664	376.73031366685	0
13.304	0.96557938766042	0.18343088206499	376.73031366685	0
13.312	0.967175789039	0.1750407122595	376.73031366685	0
13.32	0.96869851360978	0.16663851988128	376.73031366685	0
13.328	0.97014751389506	0.1582247901116	376.73031366685	0
13.336	0.97152274264026	0.14980000578604	376.73031366685	0
13.344	0.97282415272314	0.14136464744034	376.73031366685	0
13.352	0.97405169706322	0.13291919335763	376.73031366685	0
13.36	0.97520532853155	0.12446411961723	376.73031366685	0
13.368	0.97628499986076	0.11599990014504	376.73031366685	0
13.376	0.97729066355533	0.10752700676539	376.73031366685	0
13.384	0.97822227180214	0.099045909254581	376.73031366685	0
13.392	0.97907977638132	0.090557075395844	376.73031366685	0
13.4	0.97986312857729	0.082060971036024	376.73031366685	0
13.408	0.98057227909008	0.073558060143808	376.73031366685	0
13.416	0.98120717794684	0.065048804869579	376.73031366685	0
13.424	0.98176777441367	0.056533665606913	376.73031366685	0
13.432	0.98225401690757	0.048013101055736	376.73031366685	0
13.44	0.98266585290869	0.039487568287169	376.73031366685	0
13.448	0.9830032288727	0.030957522810051	376.73031366685	0
13.456	0.98326609014347	0.022423418639196	376.73031366685	0
13.464	0.98345438086585	0.013885708365396	376.73031366685	0
13.472	0.9835680438987	0.0053448432272006	376.73031366685	0
13.48	0.98360702072806	-0.0031987268155176	376.73031366685	0
13.488	0.98357125138055	-0.011744553006168	376.73031366685	0
13.496	0.98346067433688	-0.020292187714184	376.73031366685	0
13.504	0.98327522644557	-0.028841184355872	376.73031366685	0
13.512	0.98301484283682	-0.037391097313366	376.73031366685	0
13.52	0.9826794568365	-0.045941481851599	376.73031366685	0
13.528	0.98226899988034	-0.054491894033302	376.73031366685	0
13.536	0.98178340142824	-0.063041890631964	376.73031366685	0
13.544	0.98122258887872	-0.071591029042722	376.73031366685	0
13.552	0.98058648748351	-0.080138867191161	376.73031366685	0
13.56	0.97987502026225	-0.088684963439944	376.73031366685	0
13.568	0.97908810791738	-0.09722887649324	376.73031366685	0
13.576	0.97822566874908	-0.10577016529892	376.73031366685	0
13.584	0.97728761857041	-0.11430838894849	376.73031366685	0
13.592	0.97627387062252	-0.12284310657458	376.73031366685	0
13.6	0.97518433549	-0.13137387724617	376.73031366685	0
13.608	0.9740189210164	-0.13990025986129	376.73031366685	0
13.616	0.97277753221978	-0.14842181303719	376.73031366685	0
13.624	0.97146007120849	-0.156938094998	376.73031366685	0
13.632	0.97006643709701	-0.16544866345976	376.73031366685	0
13.64	0.96859652592197	-0.17395307551269	376.73031366685	0
13.648	0.96705023055827	-0.18245088750077	376.73031366685	0
13.656	0.96542744063538	-0.1909416548985	376.73031366685	0
13.664	0.96372804245376	-0.19942493218467	376.73031366685	0
13.672	0.96195191890148	-0.20790027271329	376.73031366685	0
13.68	0.96009894937099	-0.21636722858135	376.73031366685	0
13.688	0.95816900967602	-0.22482535049354	376.73031366685	0
13.696	0.9561619719688	-0.23327418762373	376.73031366685	0
13.704	0.95407770465733	-0.24171328747313	376.73031366685	0
13.712	0.95191607232303	-0.25014219572513	376.73031366685	0
13.72	0.9496769356385	-0.2585604560966	376.73031366685	0
13.728	0.9473601512856	-0.26696761018569	376.73031366685	0
13.736	0.94496557187382	-0.27536319731592	376.73031366685	0
13.744	0.94249304585896	-0.28374675437656	376.73031366685	0
13.752	0.93994241746205	-0.29211781565905	376.73031366685	0
13.76	0.93731352658876	-0.30047591268958	376.73031366685	0
13.768	0.93460620874912	-0.3088205740575	376.73031366685	0
13.776	0.93182029497764	-0.31715132523952	376.73031366685	0
13.784	0.92895561175396	-0.32546768841968	376.73031366685	0
13.792	0.92601198092392	-0.33376918230483	376.73031366685	0
13.8	0.92298921962124	-0.34205532193554	376.73031366685	0
13.808	0.91988714018968	-0.35032561849237	376.73031366685	0
13.816	0.91670555010596	-0.35857957909726	376.73031366685	0
13.824	0.91344425190321	-0.36681670661004	376.73031366685	0
13.832	0.91010304309528	-0.37503649941976	376.73031366685	0
13.84	0.9066817161018	-0.38323845123082	376.73031366685	0
13.848	0.90318005817406	-0.3914220508437	376.73031366685	0
13.856	0.89959785132185	-0.39958678193012	376.73031366685	0
13.864	0.89593487224134	-0.40773212280253	376.73031366685	0
13.872	0.89219089224393	-0.41585754617769	376.73031366685	0
13.88	0.88836567718636	-0.42396251893419	376.73031366685	0
13.888	0.884458987402	-0.43204650186383	376.73031366685	0
13.896	0.88047057763353	-0.44010894941653	376.73031366685	0
13.904	0.87640019696697	-0.44814930943867	376.73031366685	0
13.912	0.87224758876739	-0.45616702290468	376.73031366685	0
13.92	0.86801249061611	-0.46416152364167	376.73031366685	0
13.928	0.86369463424985	-0.47213223804689	376.73031366685	0
13.936	0.85929374550164	-0.48007858479775	376.73031366685	0
13.944	0.85480954424383	-0.48799997455437	376.73031366685	0
13.952	0.85024174433329	-0.49589580965425	376.73031366685	0
13.96	0.8455900535589	-0.5037654837989	376.73031366685	0
13.968	0.84085417359158	-0.5116083817323	376.73031366685	0
13.976	0.8360337999369	-0.51942387891076	376.73031366685	0
13.984	0.83112862189063	-0.52721134116412	376.73031366685	0
13.992	0.82613832249726	-0.53497012434793	376.73031366685	0
14	0.82106257851174	-0.54269957398641	376.73031366685	0

Curvelabel          = SZmax(1),Zmax(1)_(7)
Filename            = ^cSZmax(1)Zmax(1).sig
Npoints             = 1001
Type                = 8
Subtype             = 16
Result type         = complex:none;impedance
View type           = Cartesian
Plot type           = Magnitude dB
Parameters          = {C_off=0.16; C_on_approx=1000; Cx=1000; Cy=1000; L1=2.9; L_diode=0.45; Lpin=0.45; R1=2.5; R_off=10; R_on=1; Rx=1; Ry=1; S1=0.3; W1=6; W2=5.3; alpha1=60; antipad_d=0.8; bias_w=0.2; common_return_y=2; eps_bond=3.52; eps_f4bm=2.65; eps_fr4=4.4; fmax=14; fmin=6; h1=3; h2=0.5; hbond=0.1; p=15; phi=0; phi_inc=0; pin_inset=0.02; sigma_cu=5.8e+07; tand_bond=0.004; tand_f4bm=0.003; tand_fr4=0.02; tcu=0.035; theta=0; theta_inc=0; via_d=0.3}
Data/Title          = S-Parameters
X/Label             = Frequency
X/Unit              = GHz
Y/Unit              = 
Y/Logfactor         = 20
Plot/wrapHeuristics = 0

6	0.93387589718026	0.34303958938694	376.73031366685	0
6.008	0.93571804877153	0.33790907416985	376.73031366685	0
6.016	0.93753719624738	0.33275168646669	376.73031366685	0
6.024	0.93933307664669	0.32756726340038	376.73031366685	0
6.032	0.94110542199788	0.32235563909556	376.73031366685	0
6.04	0.94285395917619	0.31711664462259	376.73031366685	0
6.048	0.94457840975618	0.31185010794057	376.73031366685	0
6.056	0.94627848985946	0.30655585383946	376.73031366685	0
6.064	0.94795390999729	0.30123370388118	376.73031366685	0
6.072	0.949604374908	0.29588347633977	376.73031366685	0
6.08	0.95122958338892	0.29050498614064	376.73031366685	0
6.088	0.95282922812266	0.2850980447987	376.73031366685	0
6.096	0.95440299549761	0.27966246035574	376.73031366685	0
6.104	0.95595056542221	0.27419803731669	376.73031366685	0
6.112	0.95747161113302	0.26870457658495	376.73031366685	0
6.12	0.95896579899612	0.26318187539691	376.73031366685	0
6.128	0.96043278830175	0.25762972725535	376.73031366685	0
6.136	0.9618722310518	0.25204792186205	376.73031366685	0
6.144	0.96328377173996	0.24643624504945	376.73031366685	0
6.152	0.96466704712416	0.24079447871147	376.73031366685	0
6.16	0.96602168599107	0.2351224007334	376.73031366685	0
6.168	0.96734730891233	0.22941978492101	376.73031366685	0
6.176	0.96864352799204	0.22368640092889	376.73031366685	0
6.184	0.96990994660547	0.2179220141879	376.73031366685	0
6.192	0.97114615912825	0.21212638583205	376.73031366685	0
6.2	0.97235175065595	0.20629927262458	376.73031366685	0
6.208	0.97352629671357	0.20044042688343	376.73031366685	0
6.216	0.97466936295445	0.19454959640621	376.73031366685	0
6.224	0.97578050484826	0.18862652439456	376.73031366685	0
6.232	0.97685926735762	0.1826709493781	376.73031366685	0
6.24	0.97790518460279	0.17668260513803	376.73031366685	0
6.248	0.97891777951405	0.17066122063044	376.73031366685	0
6.256	0.9798965634712	0.16460651990944	376.73031366685	0
6.264	0.98084103592958	0.15851822205015	376.73031366685	0
6.272	0.98175068403222	0.15239604107185	376.73031366685	0
6.28	0.98262498220729	0.14623968586115	376.73031366685	0
6.288	0.98346339175051	0.14004886009554	376.73031366685	0
6.296	0.98426536039159	0.13382326216734	376.73031366685	0
6.304	0.98503032184428	0.12756258510835	376.73031366685	0
6.312	0.98575769533912	0.12126651651515	376.73031366685	0
6.32	0.98644688513831	0.11493473847554	376.73031366685	0
6.328	0.98709728003177	0.1085669274961	376.73031366685	0
6.336	0.9877082528138	0.10216275443121	376.73031366685	0
6.344	0.98827915973917	0.095721884413775	376.73031366685	0
6.352	0.9888093399581	0.089243976787944	376.73031366685	0
6.36	0.98929811492893	0.082728685044081	376.73031366685	0
6.368	0.98974478780768	0.076175656756369	376.73031366685	0
6.376	0.9901486428133	0.069584533523376	376.73031366685	0
6.384	0.99050894456778	0.062954950911984	376.73031366685	0
6.392	0.99082493740975	0.0562865384051	376.73031366685	0
6.4	0.99109584468053	0.049578919353614	376.73031366685	0
6.408	0.99132086798144	0.042831710933091	376.73031366685	0
6.416	0.99149918640088	0.036044524105757	376.73031366685	0
6.424	0.99162995571005	0.029216963588342	376.73031366685	0
6.432	0.99171230752577	0.022348627826436	376.73031366685	0
6.44	0.99174534843892	0.015439108976039	376.73031366685	0
6.448	0.99172815910691	0.0084879928930471	376.73031366685	0
6.456	0.99165979330869	0.0014948591314917	376.73031366685	0
6.464	0.99153927696034	-0.0055407190485886	376.73031366685	0
6.472	0.99136560708967	-0.012619174662706	376.73031366685	0
6.48	0.99113775076778	-0.019740946971872	376.73031366685	0
6.488	0.99085464399573	-0.026906481439826	376.73031366685	0
6.496	0.99051519054408	-0.03411622967634	376.73031366685	0
6.504	0.9901182607433	-0.041370649365281	376.73031366685	0
6.512	0.98966269022261	-0.048670204176046	376.73031366685	0
6.52	0.98914727859499	-0.056015363656793	376.73031366685	0
6.528	0.98857078808573	-0.063406603107865	376.73031366685	0
6.536	0.98793194210194	-0.070844403433554	376.73031366685	0
6.544	0.98722942374028	-0.078329250970318	376.73031366685	0
6.552	0.98646187422993	-0.085861637289299	376.73031366685	0
6.56	0.98562789130791	-0.093442058970907	376.73031366685	0
6.568	0.98472602752338	-0.10107101734896	376.73031366685	0
6.576	0.98375478846772	-0.10874901822175	376.73031366685	0
6.584	0.9827126309269	-0.11647657152713	376.73031366685	0
6.592	0.98159796095239	-0.12425419097848	376.73031366685	0
6.6	0.98040913184683	-0.13208239365814	376.73031366685	0
6.608	0.97914444206051	-0.13996169956476	376.73031366685	0
6.616	0.97780213299427	-0.14789263111036	376.73031366685	0
6.624	0.97638038670475	-0.15587571256307	376.73031366685	0
6.632	0.974877323507	-0.16391146943065	376.73031366685	0
6.64	0.97329099947003	-0.17200042777985	376.73031366685	0
6.648	0.97161940380002	-0.1801431134861	376.73031366685	0
6.656	0.96986045610607	-0.18834005140764	376.73031366685	0
6.664	0.96801200354304	-0.19659176447757	376.73031366685	0
6.672	0.96607181782573	-0.20489877270689	376.73031366685	0
6.68	0.9640375921085	-0.213261592091	376.73031366685	0
6.688	0.96190693772422	-0.22168073341143	376.73031366685	0
6.696	0.959677380776	-0.23015670092387	376.73031366685	0
6.704	0.95734635857515	-0.23868999092298	376.73031366685	0
6.712	0.95491121591846	-0.24728109017341	376.73031366685	0
6.72	0.95236920119758	-0.25593047419573	376.73031366685	0
6.728	0.94971746233315	-0.26463860539504	376.73031366685	0
6.736	0.94695304252607	-0.27340593101878	376.73031366685	0
6.744	0.94407287581802	-0.28223288092943	376.73031366685	0
6.752	0.94107378245317	-0.29111986517622	376.73031366685	0
6.76	0.93795246403278	-0.30006727134896	376.73031366685	0
6.768	0.93470549845432	-0.30907546169534	376.73031366685	0
6.776	0.93132933462647	-0.31814476998177	376.73031366685	0
6.784	0.92782028695125	-0.32727549807581	376.73031366685	0
6.792	0.92417452956458	-0.33646791222662	376.73031366685	0
6.8	0.92038809032641	-0.34572223901773	376.73031366685	0
6.808	0.91645684455166	-0.35503866096413	376.73031366685	0
6.816	0.91237650847333	-0.3644173117236	376.73031366685	0
6.824	0.90814263242924	-0.37385827088916	376.73031366685	0
6.832	0.90375059376435	-0.38336155832707	376.73031366685	0
6.84	0.89919558944081	-0.39292712802165	376.73031366685	0
6.848	0.8944726283486	-0.40255486138471	376.73031366685	0
6.856	0.88957652331025	-0.41224455998403	376.73031366685	0
6.864	0.88450188277416	-0.42199593764117	376.73031366685	0
6.872	0.87924310219197	-0.43180861184498	376.73031366685	0
6.88	0.8737943550772	-0.44168209442215	376.73031366685	0
6.888	0.86814958374359	-0.45161578140169	376.73031366685	0
6.896	0.86230248972411	-0.46160894200446	376.73031366685	0
6.904	0.85624652387371	-0.47166070668316	376.73031366685	0
6.912	0.84997487616206	-0.48177005413222	376.73031366685	0
6.92	0.84348046516573	-0.49193579717975	376.73031366685	0
6.928	0.83675592727371	-0.5021565674669	376.73031366685	0
6.936	0.82979360562447	-0.51243079881188	376.73031366685	0
6.944	0.82258553879891	-0.52275670914759	376.73031366685	0
6.952	0.81512344929968	-0.53313228091263	376.73031366685	0
6.96	0.80739873185506	-0.54355523976595	376.73031366685	0
6.968	0.79940244159468	-0.554023031485	376.73031366685	0
6.976	0.79112528215424	-0.56453279689605	376.73031366685	0
6.984	0.78255759377849	-0.57508134467387	376.73031366685	0
6.992	0.7736893415054	-0.58566512183528	376.73031366685	0
7	0.76451010353004	-0.59628018173807	376.73031366685	0
7.008	0.75500905986533	-0.60692214938266	376.73031366685	0
7.016	0.74517498143712	-0.6175861837997	376.73031366685	0
7.024	0.73499621977589	-0.62826693729115	376.73031366685	0
7.032	0.72446069749439	-0.63895851127664	376.73031366685	0
7.04	0.71355589977292	-0.64965440848087	376.73031366685	0
7.048	0.70226886711032	-0.6603474811803	376.73031366685	0
7.056	0.69058618964116	-0.67102987521082	376.73031366685	0
7.064	0.67849400336831	-0.68169296942032	376.73031366685	0
7.072	0.66597798871658	-0.69232731023269	376.73031366685	0
7.08	0.65302337187895	-0.70292254097274	376.73031366685	0
7.088	0.63961492950343	-0.7134673255847	376.73031366685	0
7.096	0.62573699735973	-0.72394926636119	376.73031366685	0
7.104	0.61137348373238	-0.73435481528583	376.73031366685	0
7.112	0.59650788841783	-0.74466917858126	376.73031366685	0
7.12	0.58112332836236	-0.75487621404865	376.73031366685	0
7.128	0.5652025711775	-0.76495832078762	376.73031366685	0
7.136	0.54872807802346	-0.77489632090509	376.73031366685	0
7.144	0.53168205768074	-0.78466933287152	376.73031366685	0
7.152	0.51404653406606	-0.79425463628942	376.73031366685	0
7.16	0.49580343003207	-0.80362752805141	376.73031366685	0
7.168	0.47693467107406	-0.81276117027502	376.73031366685	0
7.176	0.45742231360647	-0.82162643117817	376.73031366685	0
7.184	0.43724870379417	-0.8301917215058	376.73031366685	0
7.192	0.41639667443755	-0.83842283176674	376.73031366685	0
7.2	0.39484978868394	-0.84628278025794	376.73031366685	0
7.208	0.37259263909518	-0.85373168990875	376.73031366685	0
7.216	0.34961120571329	-0.86072672473142	376.73031366685	0
7.224	0.32589326060264	-0.86722213404952	376.73031366685	0
7.232	0.30142876727469	-0.873169468511	376.73031366685	0
7.24	0.27621014781269	-0.87851802330792	376.73031366685	0
7.248	0.25023218305643	-0.88321547690849	376.73031366685	0
7.256	0.22349125098056	-0.88720845040531	376.73031366685	0
7.264	0.19598381784248	-0.89044231986955	376.73031366685	0
7.272	0.16770483228301	-0.89285941979875	376.73031366685	0
7.28	0.13864764549758	-0.89439552016446	376.73031366685	0
7.288	0.10880694470963	-0.89497627246159	376.73031366685	0
7.296	0.078183977189796	-0.89451635110284	376.73031366685	0
7.304	0.046791059435483	-0.89292220681052	376.73031366685	0
7.312	0.014653066831327	-0.89009635879636	376.73031366685	0
7.32	-0.018193614131923	-0.88594055403967	376.73031366685	0
7.328	-0.051702717175485	-0.8803569401867	376.73031366685	0
7.336	-0.085818977970524	-0.87324799786996	376.73031366685	0
7.344	-0.12047804737629	-0.86451622861358	376.73031366685	0
7.352	-0.15560576730557	-0.8540641564768	376.73031366685	0
7.36	-0.19111718057505	-0.84179479539231	376.73031366685	0
7.368	-0.22691551681623	-0.82761254757694	376.73031366685	0
7.376	-0.26289128188155	-0.81142445662833	376.73031366685	0
7.384	-0.29892151613244	-0.79314175084659	376.73031366685	0
7.392	-0.33486926311295	-0.77268163157274	376.73031366685	0
7.4	-0.37058328537612	-0.74996927317338	376.73031366685	0
7.408	-0.40589806653265	-0.72494000413692	376.73031366685	0
7.416	-0.44063414180091	-0.6975416346035	376.73031366685	0
7.424	-0.47459880063033	-0.66773688682887	376.73031366685	0
7.432	-0.50758720303544	-0.63550587343056	376.73031366685	0
7.44	-0.53938394544578	-0.60084855526539	376.73031366685	0
7.448	-0.5697651017844	-0.56378709775511	376.73031366685	0
7.456	-0.59850075100346	-0.52436803271846	376.73031366685	0
7.464	-0.62535798357487	-0.48266412362952	376.73031366685	0
7.472	-0.65010435694478	-0.43877582708454	376.73031366685	0
7.48	-0.67251174461602	-0.39283224344316	376.73031366685	0
7.488	-0.69236049666771	-0.34499145625359	376.73031366685	0
7.496	-0.70944380292737	-0.29544017396421	376.73031366685	0
7.504	-0.72357212578435	-0.24439260884682	376.73031366685	0
7.512	-0.73457755006507	-0.1920885566294	376.73031366685	0
7.52	-0.74231788472698	-0.13879067493921	376.73031366685	0
7.528	-0.74668034731989	-0.084780997406022	376.73031366685	0
7.536	-0.74758466858062	-0.030356760630613	376.73031366685	0
7.544	-0.7449854717289	0.024174339831603	376.73031366685	0
7.552	-0.73887380859377	0.078499313975374	376.73031366685	0
7.56	-0.72927777116395	0.13230528511608	376.73031366685	0
7.568	-0.71626214011622	0.18528494708139	376.73031366685	0
7.576	-0.69992707819318	0.2371418721018	376.73031366685	0
7.584	-0.68040592243421	0.28759547810702	376.73031366685	0
7.592	-0.65786217165774	0.33638548328674	376.73031366685	0
7.6	-0.63248580108272	0.38327570497001	376.73031366685	0
7.608	-0.60448906212451	0.42805709656746	376.73031366685	0
7.616	-0.57410194073424	0.4705499573869	376.73031366685	0
7.624	-0.5415674517624	0.51060529226915	376.73031366685	0
7.632	-0.5071369403376	0.54810533806032	376.73031366685	0
7.64	-0.47106554563796	0.58296330928968	376.73031366685	0
7.648	-0.43360795979046	0.61512244410461	376.73031366685	0
7.656	-0.39501458737579	0.64455445238489	376.73031366685	0
7.664	-0.35552818160093	0.67125748067068	376.73031366685	0
7.672	-0.31538100387456	0.69525371346008	376.73031366685	0
7.68	-0.27479252615561	0.71658672847734	376.73031366685	0
7.688	-0.23396767142585	0.73531871596277	376.73031366685	0
7.696	-0.19309556784194	0.7515276603483	376.73031366685	0
7.704	-0.15234877694197	0.76530456833053	376.73031366685	0
7.712	-0.11188294570102	0.77675081169025	376.73031366685	0
7.72	-0.071836825917353	0.78597563738885	376.73031366685	0
7.728	-0.032332601819361	0.79309388240351	376.73031366685	0
7.736	0.0065235327496638	0.79822391709169	376.73031366685	0
7.744	0.044640603389311	0.80148582900675	376.73031366685	0
7.752	0.081941941761349	0.80299984921466	376.73031366685	0
7.76	0.11836417552012	0.8028850153119	376.73031366685	0
7.768	0.15385616118468	0.80125805941809	376.73031366685	0
7.776	0.18837789333152	0.79823250522929	376.73031366685	0
7.784	0.22189941741694	0.79391795553801	376.73031366685	0
7.792	0.25439976787325	0.788419550202	376.73031366685	0
7.8	0.28586594800348	0.78183757412528	376.73031366685	0
7.808	0.31629196370261	0.77426719516861	376.73031366685	0
7.816	0.34567791918277	0.76579831282358	376.73031366685	0
7.824	0.37402917966329	0.75651549978636	376.73031366685	0
7.832	0.4013556033647	0.74649802010615	376.73031366685	0
7.84	0.42767084306368	0.73581990924203	376.73031366685	0
7.848	0.45299171586011	0.72455010304741	376.73031366685	0
7.856	0.47733763861082	0.71275260434883	376.73031366685	0
7.864	0.50073012563223	0.70048667734393	376.73031366685	0
7.872	0.52319234470401	0.68780706148241	376.73031366685	0
7.88	0.54474872706044	0.67476419779048	376.73031366685	0
7.888	0.56542462688493	0.66140446174305	376.73031366685	0
7.896	0.58524602577713	0.64777039776986	376.73031366685	0
7.904	0.6042392776985	0.63390095129565	376.73031366685	0
7.912	0.62243088997443	0.6198316948526	376.73031366685	0
7.92	0.63984733598724	0.60559504524699	376.73031366685	0
7.928	0.65651489516403	0.59122046898266	376.73031366685	0
7.936	0.67245951563514	0.57673467308436	376.73031366685	0
7.944	0.68770669431647	0.56216177802918	376.73031366685	0
7.952	0.70228136778109	0.54752346852814	376.73031366685	0
7.96	0.71620780438267	0.53283911616181	376.73031366685	0
7.968	0.72950948210889	0.5181258650535	376.73031366685	0
7.976	0.74220892415382	0.50339866765859	376.73031366685	0
7.984	0.75432743746833	0.48867025317985	376.73031366685	0
7.992	0.76588464055546	0.4739510116983	376.73031366685	0
8	0.77689753311342	0.45924880828112	376.73031366685	0
8.008	0.78737855662892	0.44456890832783	376.73031366685	0
8.016	0.79733146237065	0.42991492190216	376.73031366685	0
8.024	0.8067430585353	0.41529457805095	376.73031366685	0
8.032	0.81557288448074	0.40074386890288	376.73031366685	0
8.04	0.8237817998414	0.38639434807395	376.73031366685	0
8.048	0.8315280515767	0.37247945087204	376.73031366685	0
8.056	0.83922606180287	0.358910362232	376.73031366685	0
8.064	0.84687994034245	0.34526066415407	376.73031366685	0
8.072	0.85420562468851	0.33145786760054	376.73031366685	0
8.08	0.86110296559812	0.31762492561323	376.73031366685	0
8.088	0.8675855709359	0.30384369149175	376.73031366685	0
8.096	0.87368560988152	0.29014972871247	376.73031366685	0
8.104	0.87943090728446	0.27655752603477	376.73031366685	0
8.112	0.88484342276424	0.2630731894412	376.73031366685	0
8.12	0.88994089900768	0.24969944908738	376.73031366685	0
8.128	0.89473828611798	0.23643758540179	376.73031366685	0
8.136	0.89924865301178	0.22328819131548	376.73031366685	0
8.144	0.90348373984988	0.2102514874057	376.73031366685	0
8.152	0.90745429509266	0.19732745932889	376.73031366685	0
8.16	0.91117028709584	0.18451592215198	376.73031366685	0
8.168	0.91464104208986	0.17181655371599	376.73031366685	0
8.176	0.91787533805244	0.15922891454795	376.73031366685	0
8.184	0.92088147145087	0.14675246177243	376.73031366685	0
8.192	0.92366730681255	0.13438656023021	376.73031366685	0
8.2	0.92624031509971	0.12213049218184	376.73031366685	0
8.208	0.92860760455953	0.10998346617597	376.73031366685	0
8.216	0.93077594635853	0.097944625315182	376.73031366685	0
8.224	0.93275179648637	0.086013055005761	376.73031366685	0
8.232	0.93454131490631	0.074187790219175	376.73031366685	0
8.24	0.93615038260935	0.062467822274213	376.73031366685	0
8.248	0.93758461702325	0.050852105145263	376.73031366685	0
8.256	0.93884938609372	0.039339561305092	376.73031366685	0
8.264	0.93994982126501	0.027929087114836	376.73031366685	0
8.272	0.94089082952727	0.016619557777937	376.73031366685	0
8.28	0.94167710465576	0.0054098318778777	376.73031366685	0
8.288	0.94231313773859	-0.0057012444782842	376.73031366685	0
8.296	0.94280322706856	-0.016714833887344	376.73031366685	0
8.304	0.94315148746023	-0.027632104224617	376.73031366685	0
8.312	0.94336185904209	-0.038454225542207	376.73031366685	0
8.32	0.94343811556599	-0.049182367267753	376.73031366685	0
8.328	0.94338387226968	-0.059817695681245	376.73031366685	0
8.336	0.94320259332351	-0.070361371648588	376.73031366685	0
8.344	0.94289759888895	-0.080814548591581	376.73031366685	0
8.352	0.9424720718134	-0.091178370675281	376.73031366685	0
8.36	0.94192906398336	-0.10145397119476	376.73031366685	0
8.368	0.94127150235627	-0.11164247114465	376.73031366685	0
8.376	0.94050219468945	-0.12174497795573	376.73031366685	0
8.384	0.93962383498322	-0.13176258438442	376.73031366685	0
8.392	0.9386390086541	-0.14169636754145	376.73031366685	0
8.4	0.93755019745281	-0.15154738804769	376.73031366685	0
8.408	0.93635978414089	-0.1613166893055	376.73031366685	0
8.416	0.93507005693883	-0.17100529687533	376.73031366685	0
8.424	0.93368321375796	-0.18061421794765	376.73031366685	0
8.432	0.93220136622733	-0.1901444409016	376.73031366685	0
8.44	0.93062654352653	-0.19959693494198	376.73031366685	0
8.448	0.92896069603444	-0.20897264980729	376.73031366685	0
8.456	0.92720569880359	-0.21827251554174	376.73031366685	0
8.464	0.92536335486905	-0.22749744232519	376.73031366685	0
8.472	0.92343539840056	-0.23664832035496	376.73031366685	0
8.48	0.92142349770576	-0.24572601977453	376.73031366685	0
8.488	0.91932925809239	-0.25473139064397	376.73031366685	0
8.496	0.91715422459651	-0.26366526294805	376.73031366685	0
8.504	0.91489988458375	-0.2725284466375	376.73031366685	0
8.512	0.9125676702299	-0.28132173170025	376.73031366685	0
8.52	0.91015896088716	-0.29004588825872	376.73031366685	0
8.528	0.90767508534185	-0.29870166669049	376.73031366685	0
8.536	0.90511732396897	-0.30728979776922	376.73031366685	0
8.544	0.90248691078904	-0.31581099282335	376.73031366685	0
8.552	0.8997850354322	-0.32426594391017	376.73031366685	0
8.56	0.89701284501415	-0.33265532400301	376.73031366685	0
8.568	0.89417144592866	-0.34097978718969	376.73031366685	0
8.576	0.89126190556078	-0.34923996888024	376.73031366685	0
8.584	0.88828525392499	-0.35743648602228	376.73031366685	0
8.592	0.88524248523213	-0.36556993732252	376.73031366685	0
8.6	0.88213455938891	-0.37364090347293	376.73031366685	0
8.608	0.87896240343361	-0.3816499473803	376.73031366685	0
8.616	0.87572691291139	-0.38959761439788	376.73031366685	0
8.624	0.87242895319271	-0.39748443255824	376.73031366685	0
8.632	0.86906936073797	-0.40531091280601	376.73031366685	0
8.64	0.8656489443116	-0.4130775492298	376.73031366685	0
8.648	0.86216848614875	-0.42078481929239	376.73031366685	0
8.656	0.85862874307767	-0.42843318405839	376.73031366685	0
8.664	0.85503044760074	-0.43602308841868	376.73031366685	0
8.672	0.8513743089373	-0.44355496131109	376.73031366685	0
8.68	0.84766101403132	-0.45102921593681	376.73031366685	0
8.688	0.84389122852711	-0.45844624997204	376.73031366685	0
8.696	0.84006559771625	-0.46580644577487	376.73031366685	0
8.704	0.83618474745916	-0.47311017058702	376.73031366685	0
8.712	0.83224928508475	-0.48035777673088	376.73031366685	0
8.72	0.82825980027196	-0.48754960180195	376.73031366685	0
8.728	0.82421686591699	-0.49468596885769	376.73031366685	0
8.736	0.8201210389906	-0.50176718660369	376.73031366685	0
8.744	0.81597286138977	-0.50879354957906	376.73031366685	0
8.752	0.81177286078868	-0.51576533834332	376.73031366685	0
8.76	0.80752155149395	-0.522682819668	376.73031366685	0
8.768	0.8032194353097	-0.52954624673752	376.73031366685	0
8.776	0.7988670024178	-0.53635585936481	376.73031366685	0
8.784	0.79446473227924	-0.54311188422936	376.73031366685	0
8.792	0.79001309456178	-0.54981453514713	376.73031366685	0
8.8	0.78551255009928	-0.55646401338448	376.73031366685	0
8.808	0.7809635518864	-0.56306050803135	376.73031366685	0
8.816	0.776366546111	-0.56960419645245	376.73031366685	0
8.824	0.7717219732237	-0.57609524483936	376.73031366685	0
8.832	0.76703026903952	-0.5825338088912	376.73031366685	0
8.84	0.76229186586057	-0.58892003465581	376.73031366685	0
8.848	0.75750719359994	-0.5952540595686	376.73031366685	0
8.856	0.75267668087493	-0.60153601372922	376.73031366685	0
8.864	0.74780075602269	-0.60776602145849	376.73031366685	0
8.872	0.74287984797093	-0.61394420317606	376.73031366685	0
8.88	0.73791438687322	-0.62007067763162	376.73031366685	0
8.888	0.73290480439039	-0.6261455645071	376.73031366685	0
8.896	0.72785153347058	-0.6321689873792	376.73031366685	0
8.904	0.72275500745328	-0.63814107698861	376.73031366685	0
8.912	0.71761565830338	-0.64406197470081	376.73031366685	0
8.92	0.71243391377935	-0.64993183596155	376.73031366685	0
8.928	0.70721019336613	-0.65575083345108	376.73031366685	0
8.936	0.70194490287296	-0.66151915953255	376.73031366685	0
8.944	0.69663842772127	-0.66723702748859	376.73031366685	0
8.952	0.69129112513542	-0.67290467097239	376.73031366685	0
8.96	0.68590331569411	-0.67852234110171	376.73031366685	0
8.968	0.6804752749781	-0.68409030073295	376.73031366685	0
8.976	0.67500722630997	-0.6896088156995	376.73031366685	0
8.984	0.6694993357531	-0.69507814318823	376.73031366685	0
8.992	0.66395171053683	-0.70049851792528	376.73031366685	0
9	0.65836440183897	-0.70587013736278	376.73031366685	0
9.008	0.65273741236655	-0.71119314747538	376.73031366685	0
9.016	0.64707070848786	-0.71646763095679	376.73031366685	0
9.024	0.64136423591543	-0.72169359945249	376.73031366685	0
9.032	0.6356179373009	-0.72687099096388	376.73031366685	0
9.04	0.62983176974778	-0.73199967279942	376.73031366685	0
9.048	0.62400572027692	-0.7370794496048	376.73031366685	0
9.056	0.61813981768051	-0.74211007527709	376.73031366685	0
9.064	0.61223413985791	-0.74709126711816	376.73031366685	0
9.072	0.60628881646785	-0.75202272048014	376.73031366685	0
9.08	0.60030402738246	-0.75690412236948	376.73031366685	0
9.088	0.59427999787443	-0.76173516290153	376.73031366685	0
9.096	0.58821699166643	-0.7665155440021	376.73031366685	0
9.104	0.5821153029501	-0.77124498522066	376.73031366685	0
9.112	0.57597524830689	-0.77592322687821	376.73031366685	0
9.12	0.56979715921215	-0.78055003099368	376.73031366685	0
9.128	0.56358137554406	-0.78512518052682	376.73031366685	0
9.136	0.55732824029238	-0.78964847747142	376.73031366685	0
9.144	0.55103809549075	-0.79411974026822	376.73031366685	0
9.152	0.54471127928228	-0.79853880091224	376.73031366685	0
9.16	0.53834812396512	-0.80290550202986	376.73031366685	0
9.168	0.53194895484029	-0.80721969411026	376.73031366685	0
9.176	0.52551408968507	-0.81148123300139	376.73031366685	0
9.184	0.51904383869222	-0.8156899777244	376.73031366685	0
9.192	0.51253850473934	-0.81984578862047	376.73031366685	0
9.2	0.50599838387856	-0.82394852581854	376.73031366685	0
9.208	0.49942376596122	-0.82799804799682	376.73031366685	0
9.216	0.49281493533406	-0.83199421140384	376.73031366685	0
9.224	0.48617217156084	-0.83593686910245	376.73031366685	0
9.232	0.47949575013788	-0.83982587040092	376.73031366685	0
9.24	0.47278594318267	-0.84366106043856	376.73031366685	0
9.248	0.46604302008307	-0.84744227989678	376.73031366685	0
9.256	0.45926724810011	-0.85116936481052	376.73031366685	0
9.264	0.45245889292205	-0.85484214645925	376.73031366685	0
9.272	0.4456182191696	-0.85846045131982	376.73031366685	0
9.28	0.43874549085435	-0.86202410106729	376.73031366685	0
9.288	0.43184097179341	-0.86553291261192	376.73031366685	0
9.296	0.42490492598373	-0.86898669816345	376.73031366685	0
9.304	0.41793761794002	-0.87238526531527	376.73031366685	0
9.312	0.41093931299989	-0.87572841714288	376.73031366685	0
9.32	0.40391027759992	-0.8790159523122	376.73031366685	0
9.328	0.39685077952598	-0.88224766519442	376.73031366685	0
9.336	0.38976108814093	-0.88542334598472	376.73031366685	0
9.344	0.38264147459243	-0.88854278082306	376.73031366685	0
9.352	0.37549221200339	-0.89160575191555	376.73031366685	0
9.36	0.36831357564722	-0.8946120376553	376.73031366685	0
9.368	0.36110584310989	-0.89756141274227	376.73031366685	0
9.376	0.35386929444042	-0.90045364830127	376.73031366685	0
9.384	0.34660421229127	-0.90328851199815	376.73031366685	0
9.392	0.33931088205006	-0.9060657681538	376.73031366685	0
9.4	0.3319895919635	-0.90878517785587	376.73031366685	0
9.408	0.32464063325473	-0.9114464990684	376.73031366685	0
9.416	0.31726430023473	-0.91404948673914	376.73031366685	0
9.424	0.30986089040859	-0.9165938929049	376.73031366685	0
9.432	0.30243070457732	-0.91907946679491	376.73031366685	0
9.44	0.29497404693559	-0.92150595493232	376.73031366685	0
9.448	0.28749122516599	-0.92387310123407	376.73031366685	0
9.456	0.27998255053015	-0.92618064710918	376.73031366685	0
9.464	0.27244833795707	-0.92842833155568	376.73031366685	0
9.472	0.26488890612894	-0.93061589125628	376.73031366685	0
9.48	0.25730457756477	-0.932743060673	376.73031366685	0
9.488	0.2496956787019	-0.93480957214076	376.73031366685	0
9.496	0.24206253997581	-0.93681515596023	376.73031366685	0
9.504	0.23440549589811	-0.93875954048993	376.73031366685	0
9.512	0.22672488513311	-0.94064245223778	376.73031366685	0
9.52	0.21902105057289	-0.94246361595221	376.73031366685	0
9.528	0.21129433941112	-0.9442227547129	376.73031366685	0
9.536	0.20354510321557	-0.94591959002124	376.73031366685	0
9.544	0.19577369799953	-0.94755384189074	376.73031366685	0
9.552	0.18798048429212	-0.94912522893722	376.73031366685	0
9.56	0.1801658272075	-0.95063346846922	376.73031366685	0
9.568	0.17233009651319	-0.95207827657831	376.73031366685	0
9.576	0.1644736666973	-0.95345936822976	376.73031366685	0
9.584	0.15659691703492	-0.95477645735332	376.73031366685	0
9.592	0.14870023165356	-0.9560292569344	376.73031366685	0
9.6	0.14078399959772	-0.95721747910559	376.73031366685	0
9.608	0.13284861489253	-0.95834083523865	376.73031366685	0
9.616	0.12489447660658	-0.95939903603694	376.73031366685	0
9.624	0.11692198891388	-0.96039179162843	376.73031366685	0
9.632	0.10893156115493	-0.96131881165933	376.73031366685	0
9.64	0.10092360789694	-0.96217980538831	376.73031366685	0
9.648	0.092898548993231	-0.96297448178142	376.73031366685	0
9.656	0.084856809641676	-0.96370254960776	376.73031366685	0
9.664	0.076798820442378	-0.96436371753591	376.73031366685	0
9.672	0.068725017454372	-0.96495769423115	376.73031366685	0
9.68	0.060635842251483	-0.96548418845351	376.73031366685	0
9.688	0.052531741977242	-0.96594290915675	376.73031366685	0
9.696	0.044413169398907	-0.96633356558818	376.73031366685	0
9.704	0.036280582960507	-0.96665586738945	376.73031366685	0
9.712	0.028134446834963	-0.9669095246983	376.73031366685	0
9.72	0.019975230975192	-0.96709424825132	376.73031366685	0
9.728	0.011803411164247	-0.96720974948769	376.73031366685	0
9.736	0.0036194690644002	-0.96725574065398	376.73031366685	0
9.744	-0.00457610773479	-0.96723193491004	376.73031366685	0
9.752	-0.012782825669513	-0.96713804643591	376.73031366685	0
9.76	-0.021000185155802	-0.96697379053994	376.73031366685	0
9.768	-0.029227680544789	-0.96673888376793	376.73031366685	0
9.776	-0.03746480007908	-0.96643304401347	376.73031366685	0
9.784	-0.045711025850331	-0.96605599062946	376.73031366685	0
9.792	-0.053965833758018	-0.96560744454074	376.73031366685	0
9.8	-0.062228693469464	-0.96508712835795	376.73031366685	0
9.808	-0.070499068381116	-0.96449476649265	376.73031366685	0
9.816	-0.078776415581151	-0.9638300852735	376.73031366685	0
9.824	-0.087060185813392	-0.96309281306385	376.73031366685	0
9.832	-0.095349823442626	-0.96228268038045	376.73031366685	0
9.84	-0.1036447664213	-0.9613994200134	376.73031366685	0
9.848	-0.11194444625768	-0.96044276714747	376.73031366685	0
9.856	-0.12024828798548	-0.9594124594845	376.73031366685	0
9.864	-0.12855571013502	-0.95830823736724	376.73031366685	0
9.872	-0.1368661247059	-0.95712984390434	376.73031366685	0
9.88	-0.14517893714135	-0.95587702509663	376.73031366685	0
9.888	-0.1534935463041	-0.95454952996476	376.73031366685	0
9.896	-0.16180934445405	-0.95314711067797	376.73031366685	0
9.904	-0.17012571722751	-0.95166952268424	376.73031366685	0
9.912	-0.17844204361838	-0.95011652484168	376.73031366685	0
9.92	-0.18675769596095	-0.94848787955118	376.73031366685	0
9.928	-0.19507203991463	-0.9467833528903	376.73031366685	0
9.936	-0.20338443445058	-0.94500271474847	376.73031366685	0
9.944	-0.21169423184027	-0.94314573896341	376.73031366685	0
9.952	-0.2200007776459	-0.94121220345877	376.73031366685	0
9.96	-0.22830341071305	-0.93920189038303	376.73031366685	0
9.968	-0.23660146316516	-0.93711458624961	376.73031366685	0
9.976	-0.24489426040033	-0.93495008207821	376.73031366685	0
9.984	-0.25318112109017	-0.93270817353729	376.73031366685	0
9.992	-0.26146135718081	-0.93038866108776	376.73031366685	0
10	-0.26973427389631	-0.92799135012787	376.73031366685	0
10.008	-0.27799916974424	-0.92551605113914	376.73031366685	0
10.016	-0.2862553365237	-0.92296257983355	376.73031366685	0
10.024	-0.29450205933563	-0.92033075730168	376.73031366685	0
10.032	-0.30273861659568	-0.91762041016207	376.73031366685	0
10.04	-0.31096428004952	-0.91483137071153	376.73031366685	0
10.048	-0.31917831479073	-0.91196347707653	376.73031366685	0
10.056	-0.32737997928116	-0.9090165733656	376.73031366685	0
10.064	-0.33556852537417	-0.90599050982262	376.73031366685	0
10.072	-0.34374319834029	-0.9028851429812	376.73031366685	0
10.08	-0.35190323689586	-0.89970033581977	376.73031366685	0
10.088	-0.36004787323428	-0.89643595791776	376.73031366685	0
10.096	-0.36817633306025	-0.89309188561241	376.73031366685	0
10.104	-0.37628783562677	-0.88966800215656	376.73031366685	0
10.112	-0.38438159377518	-0.88616419787706	376.73031366685	0
10.12	-0.39245681397815	-0.88258037033397	376.73031366685	0
10.128	-0.40051269638569	-0.87891642448044	376.73031366685	0
10.136	-0.40854843487429	-0.87517227282319	376.73031366685	0
10.144	-0.4165632170992	-0.87134783558358	376.73031366685	0
10.152	-0.42455622454979	-0.86744304085922	376.73031366685	0
10.16	-0.43252663260832	-0.86345782478608	376.73031366685	0
10.168	-0.44047361061182	-0.859392131701	376.73031366685	0
10.176	-0.4483963219174	-0.85524591430462	376.73031366685	0
10.184	-0.45629392397089	-0.85101913382457	376.73031366685	0
10.192	-0.4641655683789	-0.84671176017902	376.73031366685	0
10.2	-0.47201040098437	-0.84232377214032	376.73031366685	0
10.208	-0.47982756194557	-0.83785515749885	376.73031366685	0
10.216	-0.48761618581871	-0.83330591322697	376.73031366685	0
10.224	-0.49537540164411	-0.82867604564292	376.73031366685	0
10.232	-0.50310433303597	-0.82396557057469	376.73031366685	0
10.24	-0.5108020982759	-0.81917451352378	376.73031366685	0
10.248	-0.51846781041008	-0.81430290982879	376.73031366685	0
10.256	-0.5261005773502	-0.80935080482861	376.73031366685	0
10.264	-0.53369950197818	-0.80431825402547	376.73031366685	0
10.272	-0.54126368225475	-0.79920532324737	376.73031366685	0
10.28	-0.54879221133181	-0.79401208881016	376.73031366685	0
10.288	-0.55628417766877	-0.7887386376789	376.73031366685	0
10.296	-0.5637386651527	-0.78338506762872	376.73031366685	0
10.304	-0.57115475322257	-0.77795148740475	376.73031366685	0
10.312	-0.57853151699733	-0.77243801688134	376.73031366685	0
10.32	-0.58586802740807	-0.76684478722032	376.73031366685	0
10.328	-0.59316335133423	-0.76117194102823	376.73031366685	0
10.336	-0.60041655174379	-0.75541963251243	376.73031366685	0
10.344	-0.60762668783755	-0.74958802763606	376.73031366685	0
10.352	-0.61479281519757	-0.74367730427163	376.73031366685	0
10.36	-0.62191398593965	-0.73768765235331	376.73031366685	0
10.368	-0.62898924886992	-0.7316192740276	376.73031366685	0
10.376	-0.63601764964564	-0.72547238380255	376.73031366685	0
10.384	-0.64299823094006	-0.71924720869513	376.73031366685	0
10.392	-0.64993003261149	-0.71294398837695	376.73031366685	0
10.4	-0.65681209187651	-0.70656297531795	376.73031366685	0
10.408	-0.66364344348733	-0.70010443492816	376.73031366685	0
10.416	-0.67042311991333	-0.6935686456973	376.73031366685	0
10.424	-0.67715015152673	-0.68695589933215	376.73031366685	0
10.432	-0.68382356679243	-0.68026650089159	376.73031366685	0
10.44	-0.69044239246201	-0.67350076891919	376.73031366685	0
10.448	-0.69700565377181	-0.66665903557326	376.73031366685	0
10.456	-0.7035123746452	-0.65974164675412	376.73031366685	0
10.464	-0.70996157789888	-0.65274896222871	376.73031366685	0
10.472	-0.7163522854533	-0.6456813557522	376.73031366685	0
10.48	-0.72268351854715	-0.63853921518662	376.73031366685	0
10.488	-0.72895429795585	-0.63132294261627	376.73031366685	0
10.496	-0.73516364421404	-0.62403295446	376.73031366685	0
10.504	-0.74131057784207	-0.61666968157994	376.73031366685	0
10.512	-0.74739411957638	-0.60923356938689	376.73031366685	0
10.52	-0.75341329060382	-0.60172507794198	376.73031366685	0
10.528	-0.75936711279977	-0.59414468205463	376.73031366685	0
10.536	-0.76525460897006	-0.58649287137664	376.73031366685	0
10.544	-0.77107480309671	-0.57877015049229	376.73031366685	0
10.552	-0.77682672058724	-0.57097703900438	376.73031366685	0
10.56	-0.78250938852777	-0.56311407161595	376.73031366685	0
10.568	-0.78812183593953	-0.55518179820781	376.73031366685	0
10.576	-0.793663094039	-0.54718078391142	376.73031366685	0
10.584	-0.79913219650144	-0.53911160917735	376.73031366685	0
10.592	-0.80452817972782	-0.53097486983896	376.73031366685	0
10.6	-0.80985008311492	-0.52277117717124	376.73031366685	0
10.608	-0.81509694932884	-0.51450115794478	376.73031366685	0
10.616	-0.82026782458143	-0.50616545447466	376.73031366685	0
10.624	-0.82536175890984	-0.4977647246641	376.73031366685	0
10.632	-0.83037780645907	-0.48929964204298	376.73031366685	0
10.64	-0.83531502576721	-0.48077089580081	376.73031366685	0
10.648	-0.84017248005354	-0.47217919081426	376.73031366685	0
10.656	-0.84494923750924	-0.46352524766913	376.73031366685	0
10.664	-0.84964437159059	-0.45480980267644	376.73031366685	0
10.672	-0.8542569613146	-0.44603360788289	376.73031366685	0
10.68	-0.85878609155696	-0.4371974310752	376.73031366685	0
10.688	-0.86323085335212	-0.42830205577852	376.73031366685	0
10.696	-0.86759034419543	-0.41934828124869	376.73031366685	0
10.704	-0.87186366834727	-0.41033692245823	376.73031366685	0
10.712	-0.87604993713882	-0.40126881007604	376.73031366685	0
10.72	-0.88014826927965	-0.39214479044065	376.73031366685	0
10.728	-0.88415779116666	-0.38296572552699	376.73031366685	0
10.736	-0.88807763719455	-0.37373249290655	376.73031366685	0
10.744	-0.89190695006735	-0.36444598570084	376.73031366685	0
10.752	-0.89564488111115	-0.35510711252813	376.73031366685	0
10.76	-0.89929059058764	-0.34571679744335	376.73031366685	0
10.768	-0.90284324800849	-0.33627597987107	376.73031366685	0
10.776	-0.90630203245025	-0.3267856145315	376.73031366685	0
10.784	-0.90966613286977	-0.31724667135949	376.73031366685	0
10.792	-0.91293474841977	-0.30766013541637	376.73031366685	0
10.8	-0.91610708876458	-0.2980270067947	376.73031366685	0
10.808	-0.91918237439579	-0.28834830051579	376.73031366685	0
10.816	-0.92215983694761	-0.27862504641992	376.73031366685	0
10.824	-0.9250387195118	-0.26885828904932	376.73031366685	0
10.832	-0.92781827695199	-0.25904908752379	376.73031366685	0
10.84	-0.93049777621721	-0.24919851540896	376.73031366685	0
10.848	-0.93307649665437	-0.23930766057711	376.73031366685	0
10.856	-0.93555373031961	-0.22937762506066	376.73031366685	0
10.864	-0.93792878228825	-0.21940952489809	376.73031366685	0
10.872	-0.94020097096321	-0.20940448997252	376.73031366685	0
10.88	-0.94236962838158	-0.19936366384279	376.73031366685	0
10.888	-0.94443410051937	-0.18928820356702	376.73031366685	0
10.896	-0.94639374759394	-0.17917927951882	376.73031366685	0
10.904	-0.94824794436424	-0.16903807519597	376.73031366685	0
10.912	-0.94999608042835	-0.15886578702164	376.73031366685	0
10.92	-0.95163756051834	-0.1486636241383	376.73031366685	0
10.928	-0.95317180479218	-0.13843280819417	376.73031366685	0
10.936	-0.9545982491224	-0.12817457312228	376.73031366685	0
10.944	-0.95591634538153	-0.1178901649123	376.73031366685	0
10.952	-0.95712556172378	-0.10758084137505	376.73031366685	0
10.96	-0.95822538286314	-0.097247871899772	376.73031366685	0
10.968	-0.95921531034738	-0.086892537204278	376.73031366685	0
10.976	-0.96009486282788	-0.076516129077979	376.73031366685	0
10.984	-0.96086357632514	-0.066119950117876	376.73031366685	0
10.992	-0.96152100448969	-0.055705313457619	376.73031366685	0
11	-0.96206671885814	-0.045273542489675	376.73031366685	0
11.008	-0.96250030910437	-0.03482597058071	376.73031366685	0
11.016	-0.96282138328544	-0.024363940780303	376.73031366685	0
11.024	-0.96302956808223	-0.013888805523061	376.73031366685	0
11.032	-0.96312450903437	-0.0034019263242578	376.73031366685	0
11.04	-0.96310587076955	0.0070953265309032	376.73031366685	0
11.048	-0.96297333722682	0.017601574304254	376.73031366685	0
11.056	-0.96272661187374	0.028115430127751	376.73031366685	0
11.064	-0.96236541791726	0.038635499332551	376.73031366685	0
11.072	-0.96188949850805	0.04916037978395	376.73031366685	0
11.08	-0.96129861693816	0.059688662221997	376.73031366685	0
11.088	-0.96059255683192	0.070218930607676	376.73031366685	0
11.096	-0.95977112232966	0.080749762474486	376.73031366685	0
11.104	-0.95883413826438	0.091279729285255	376.73031366685	0
11.112	-0.957781450331	0.10180739679402	376.73031366685	0
11.12	-0.95661292524814	0.11233132541278	376.73031366685	0
11.128	-0.95532845091218	0.12285007058301	376.73031366685	0
11.136	-0.95392793654361	0.13336218315166	376.73031366685	0
11.144	-0.9524113128253	0.14386620975152	376.73031366685	0
11.152	-0.95077853203283	0.15436069318574	376.73031366685	0
11.16	-0.9490295681564	0.16484417281626	376.73031366685	0
11.168	-0.94716441701462	0.17531518495603	376.73031366685	0
11.176	-0.94518309635958	0.18577226326478	376.73031366685	0
11.184	-0.94308564597356	0.19621393914802	376.73031366685	0
11.192	-0.94087212775684	0.20663874215927	376.73031366685	0
11.2	-0.93854262580684	0.2170452004051	376.73031366685	0
11.208	-0.93609724648829	0.22743184095287	376.73031366685	0
11.216	-0.93353611849441	0.23779719024087	376.73031366685	0
11.224	-0.93085939289905	0.24813977449072	376.73031366685	0
11.232	-0.92806724319963	0.25845812012167	376.73031366685	0
11.24	-0.92515986535085	0.26875075416672	376.73031366685	0
11.248	-0.92213747778911	0.27901620469014	376.73031366685	0
11.256	-0.91900032144765	0.28925300120629	376.73031366685	0
11.264	-0.91574865976217	0.29945967509949	376.73031366685	0
11.272	-0.91238277866707	0.30963476004453	376.73031366685	0
11.28	-0.90890298658225	0.31977679242781	376.73031366685	0
11.288	-0.90530961439034	0.32988431176869	376.73031366685	0
11.296	-0.90160301540443	0.3399558611408	376.73031366685	0
11.304	-0.89778356532626	0.34998998759325	376.73031366685	0
11.312	-0.89385166219488	0.35998524257117	376.73031366685	0
11.32	-0.88980772632576	0.36994018233562	376.73031366685	0
11.328	-0.88565220024036	0.37985336838248	376.73031366685	0
11.336	-0.88138554858624	0.38972336786003	376.73031366685	0
11.344	-0.87700825804758	0.3995487539851	376.73031366685	0
11.352	-0.87252083724637	0.40932810645737	376.73031366685	0
11.36	-0.86792381663414	0.41906001187175	376.73031366685	0
11.368	-0.86321774837427	0.42874306412841	376.73031366685	0
11.376	-0.85840320621512	0.43837586484038	376.73031366685	0
11.384	-0.85348078535381	0.4479570237383	376.73031366685	0
11.392	-0.8484511022909	0.45748515907225	376.73031366685	0
11.4	-0.84331479467592	0.46695889801025	376.73031366685	0
11.408	-0.83807252114399	0.47637687703333	376.73031366685	0
11.416	-0.83272496114342	0.48573774232687	376.73031366685	0
11.424	-0.82727281475463	0.4950401501679	376.73031366685	0
11.432	-0.82171680250023	0.5042827673083	376.73031366685	0
11.44	-0.81605766514666	0.51346427135351	376.73031366685	0
11.448	-0.81029616349725	0.5225833511366	376.73031366685	0
11.456	-0.80443307817704	0.5316387070875	376.73031366685	0
11.464	-0.79846920940935	0.54062905159709	376.73031366685	0
11.472	-0.79240537678433	0.54955310937601	376.73031366685	0
11.48	-0.78624241901957	0.55840961780796	376.73031366685	0
11.488	-0.77998119371299	0.56719732729728	376.73031366685	0
11.496	-0.77362257708816	0.57591500161065	376.73031366685	0
11.504	-0.76716746373211	0.58456141821258	376.73031366685	0
11.512	-0.76061676632604	0.59313536859474	376.73031366685	0
11.52	-0.75397141536879	0.60163565859871	376.73031366685	0
11.528	-0.74723235889353	0.61006110873211	376.73031366685	0
11.536	-0.74040056217774	0.61841055447791	376.73031366685	0
11.544	-0.73347700744662	0.62668284659675	376.73031366685	0
11.552	-0.72646269357027	0.63487685142208	376.73031366685	0
11.56	-0.71935863575468	0.64299145114805	376.73031366685	0
11.568	-0.71216586522687	0.65102554410987	376.73031366685	0
11.576	-0.70488542891433	0.65897804505667	376.73031366685	0
11.584	-0.69751838911893	0.6668478854166	376.73031366685	0
11.592	-0.69006582318567	0.67463401355408	376.73031366685	0
11.6	-0.68252882316622	0.68233539501906	376.73031366685	0
11.608	-0.67490849547785	0.68995101278827	376.73031366685	0
11.616	-0.66720596055755	0.69747986749824	376.73031366685	0
11.624	-0.65942235251192	0.70492097767004	376.73031366685	0
11.632	-0.65155881876291	0.71227337992567	376.73031366685	0
11.64	-0.64361651968959	0.71953612919596	376.73031366685	0
11.648	-0.63559662826627	0.72670829891999	376.73031366685	0
11.656	-0.62750032969726	0.73378898123589	376.73031366685	0
11.664	-0.6193288210483	0.74077728716296	376.73031366685	0
11.672	-0.61108331087514	0.74767234677509	376.73031366685	0
11.68	-0.60276501884932	0.75447330936543	376.73031366685	0
11.688	-0.59437517538151	0.76117934360227	376.73031366685	0
11.696	-0.58591502124258	0.76778963767602	376.73031366685	0
11.704	-0.57738580718264	0.77430339943745	376.73031366685	0
11.712	-0.56878879354839	0.78071985652692	376.73031366685	0
11.72	-0.56012524989881	0.78703825649483	376.73031366685	0
11.728	-0.55139645461967	0.79325786691316	376.73031366685	0
11.736	-0.54260369453691	0.79937797547806	376.73031366685	0
11.744	-0.53374826452924	0.80539789010366	376.73031366685	0
11.752	-0.52483146714008	0.81131693900698	376.73031366685	0
11.76	-0.51585461218922	0.81713447078397	376.73031366685	0
11.768	-0.50681901638428	0.82284985447684	376.73031366685	0
11.776	-0.4977260029323	0.82846247963253	376.73031366685	0
11.784	-0.48857690115164	0.83397175635257	376.73031366685	0
11.792	-0.47937304608443	0.83937711533414	376.73031366685	0
11.8	-0.47011577810975	0.84467800790266	376.73031366685	0
11.808	-0.46080644255785	0.84987390603573	376.73031366685	0
11.816	-0.45144638932547	0.85496430237863	376.73031366685	0
11.824	-0.44203697249265	0.85994871025142	376.73031366685	0
11.832	-0.43257954994111	0.86482666364774	376.73031366685	0
11.84	-0.42307548297441	0.86959771722532	376.73031366685	0
11.848	-0.41352613594018	0.87426144628838	376.73031366685	0
11.856	-0.40393287585451	0.878817446762	376.73031366685	0
11.864	-0.39429707202878	0.88326533515848	376.73031366685	0
11.872	-0.384620095699	0.88760474853598	376.73031366685	0
11.88	-0.37490331965799	0.89183534444929	376.73031366685	0
11.888	-0.36514811789045	0.89595680089309	376.73031366685	0
11.896	-0.3553558652112	0.89996881623769	376.73031366685	0
11.904	-0.34552793690666	0.9038711091574	376.73031366685	0
11.912	-0.33566570837978	0.90766341855165	376.73031366685	0
11.92	-0.32577055479859	0.91134550345907	376.73031366685	0
11.928	-0.31584385074855	0.9149171429645	376.73031366685	0
11.936	-0.30588696988872	0.91837813609923	376.73031366685	0
11.944	-0.29590128461207	0.92172830173459	376.73031366685	0
11.952	-0.28588816570995	0.9249674784689	376.73031366685	0
11.96	-0.27584898204086	0.92809552450811	376.73031366685	0
11.968	-0.26578510020373	0.93111231754015	376.73031366685	0
11.976	-0.25569788421572	0.93401775460323	376.73031366685	0
11.984	-0.24558869519475	0.93681175194815	376.73031366685	0
11.992	-0.23545889104684	0.93949424489489	376.73031366685	0
12	-0.2253098261583	0.94206518768357	376.73031366685	0
12.008	-0.21514285109304	0.9445245533199	376.73031366685	0
12.016	-0.20495931229488	0.94687233341542	376.73031366685	0
12.024	-0.19476055179514	0.94910853802253	376.73031366685	0
12.032	-0.18454790692545	0.95123319546465	376.73031366685	0
12.04	-0.17432271003601	0.95324635216146	376.73031366685	0
12.048	-0.16408628821915	0.95514807244961	376.73031366685	0
12.056	-0.15383996303856	0.9569384383989	376.73031366685	0
12.064	-0.14358505026398	0.95861754962421	376.73031366685	0
12.072	-0.13332285961152	0.96018552309325	376.73031366685	0
12.08	-0.12305469448972	0.96164249293037	376.73031366685	0
12.088	-0.11278185175133	0.9629886102166	376.73031366685	0
12.096	-0.10250562145079	0.96422404278597	376.73031366685	0
12.104	-0.092227286607606	0.96534897501853	376.73031366685	0
12.112	-0.081948122975524	0.96636360762985	376.73031366685	0
12.12	-0.071669398817595	0.96726815745762	376.73031366685	0
12.128	-0.061392374687125	0.96806285724509	376.73031366685	0
12.136	-0.05111830321453	0.96874795542187	376.73031366685	0
12.144	-0.040848428900138	0.9693237158819	376.73031366685	0
12.152	-0.030583987912919	0.96979041775917	376.73031366685	0
12.16	-0.020326207895155	0.97014835520089	376.73031366685	0
12.168	-0.010076307773044	0.97039783713865	376.73031366685	0
12.176	0.00016450242673894	0.97053918705752	376.73031366685	0
12.184	0.010395021754559	0.97057274276327	376.73031366685	0
12.192	0.020614058509419	0.97049885614795	376.73031366685	0
12.2	0.030820430404664	0.97031789295387	376.73031366685	0
12.208	0.041012964727784	0.97003023253617	376.73031366685	0
12.216	0.051190498494361	0.96963626762418	376.73031366685	0
12.224	0.061351878596191	0.96913640408166	376.73031366685	0
12.232	0.071495961943598	0.96853106066601	376.73031366685	0
12.24	0.08162161560198	0.96782066878668	376.73031366685	0
12.248	0.091727716922609	0.96700567226294	376.73031366685	0
12.256	0.10181315366776	0.96608652708101	376.73031366685	0
12.264	0.11187682413017	0.96506370115078	376.73031366685	0
12.272	0.12191763724693	0.96393767406225	376.73031366685	0
12.28	0.13193451270775	0.96270893684175	376.73031366685	0
12.288	0.14192638105781	0.96137799170818	376.73031366685	0
12.296	0.1518921837951	0.95994535182919	376.73031366685	0
12.304	0.16183087346237	0.95841154107773	376.73031366685	0
12.312	0.1717414137338	0.95677709378866	376.73031366685	0
12.32	0.18162277949631	0.95504255451602	376.73031366685	0
12.328	0.19147395692574	0.95320847779059	376.73031366685	0
12.336	0.20129394355785	0.95127542787823	376.73031366685	0
12.344	0.21108174835422	0.94924397853888	376.73031366685	0
12.352	0.22083639176316	0.94711471278636	376.73031366685	0
12.36	0.23055690577569	0.94488822264917	376.73031366685	0
12.368	0.24024233397666	0.94256510893219	376.73031366685	0
12.376	0.249891731591	0.94014598097959	376.73031366685	0
12.384	0.2595041655253	0.93763145643887	376.73031366685	0
12.392	0.2690787144048	0.93502216102616	376.73031366685	0
12.4	0.27861446860568	0.93231872829293	376.73031366685	0
12.408	0.28811053028293	0.92952179939407	376.73031366685	0
12.416	0.29756601339381	0.92663202285753	376.73031366685	0
12.424	0.30698004371692	0.9236500543555	376.73031366685	0
12.432	0.31635175886709	0.92057655647723	376.73031366685	0
12.44	0.32568030830596	0.91741219850362	376.73031366685	0
12.448	0.33496485334859	0.91415765618352	376.73031366685	0
12.456	0.344204567166	0.91081361151189	376.73031366685	0
12.464	0.35339863478371	0.90738075250988	376.73031366685	0
12.472	0.36254625307651	0.90385977300679	376.73031366685	0
12.48	0.3716466307594	0.90025137242412	376.73031366685	0
12.488	0.38069898837484	0.89655625556157	376.73031366685	0
12.496	0.38970255827637	0.89277513238522	376.73031366685	0
12.504	0.39865658460871	0.8889087178178	376.73031366685	0
12.512	0.40756032328438	0.88495773153114	376.73031366685	0
12.52	0.41641304195698	0.88092289774084	376.73031366685	0
12.528	0.42521401999107	0.87680494500321	376.73031366685	0
12.536	0.43396254842897	0.8726046060145	376.73031366685	0
12.544	0.44265792995429	0.86832261741239	376.73031366685	0
12.552	0.45129947885244	0.86395971957993	376.73031366685	0
12.56	0.45988652096819	0.85951665645171	376.73031366685	0
12.568	0.46841839366021	0.8549941753226	376.73031366685	0
12.576	0.47689444575288	0.85039302665875	376.73031366685	0
12.584	0.48531403748525	0.84571396391115	376.73031366685	0
12.592	0.49367654045738	0.84095774333155	376.73031366685	0
12.6	0.50198133757396	0.83612512379094	376.73031366685	0
12.608	0.51022782298547	0.83121686660046	376.73031366685	0
12.616	0.51841540202684	0.82623373533483	376.73031366685	0
12.624	0.52654349115365	0.82117649565831	376.73031366685	0
12.632	0.53461151787601	0.81604591515315	376.73031366685	0
12.64	0.54261892069022	0.81084276315056	376.73031366685	0
12.648	0.5505651490081	0.80556781056426	376.73031366685	0
12.656	0.5584496630843	0.80022182972655	376.73031366685	0
12.664	0.56627193394143	0.79480559422687	376.73031366685	0
12.672	0.57403144329318	0.78931987875298	376.73031366685	0
12.68	0.58172768346555	0.78376545893462	376.73031366685	0
12.688	0.58936015731606	0.77814311118974	376.73031366685	0
12.696	0.5969283781512	0.77245361257329	376.73031366685	0
12.704	0.60443186964204	0.76669774062847	376.73031366685	0
12.712	0.61187016573816	0.76087627324059	376.73031366685	0
12.72	0.6192428105798	0.75498998849341	376.73031366685	0
12.728	0.62654935840847	0.74903966452802	376.73031366685	0
12.736	0.63378937347593	0.74302607940421	376.73031366685	0
12.744	0.64096242995165	0.73695001096437	376.73031366685	0
12.752	0.64806811182877	0.73081223669986	376.73031366685	0
12.76	0.65510601282867	0.72461353361986	376.73031366685	0
12.768	0.66207573630406	0.71835467812274	376.73031366685	0
12.776	0.66897689514078	0.71203644586985	376.73031366685	0
12.784	0.67580911165827	0.70565961166174	376.73031366685	0
12.792	0.68257201750882	0.69922494931694	376.73031366685	0
12.8	0.68926525357544	0.692733231553	376.73031366685	0
12.808	0.69588846986874	0.68618522987009	376.73031366685	0
12.816	0.70244132542249	0.67958171443696	376.73031366685	0
12.824	0.70892348818812	0.67292345397922	376.73031366685	0
12.832	0.71533463492814	0.66621121567014	376.73031366685	0
12.84	0.72167445110846	0.65944576502371	376.73031366685	0
12.848	0.72794263078971	0.65262786579009	376.73031366685	0
12.856	0.73413887651758	0.6457582798534	376.73031366685	0
12.864	0.74026289921211	0.63883776713184	376.73031366685	0
12.872	0.74631441805612	0.63186708548013	376.73031366685	0
12.88	0.75229316038268	0.62484699059428	376.73031366685	0
12.888	0.75819886156168	0.61777823591856	376.73031366685	0
12.896	0.7640312648855	0.61066157255491	376.73031366685	0
12.904	0.76979012145392	0.60349774917444	376.73031366685	0
12.912	0.77547519005806	0.59628751193135	376.73031366685	0
12.92	0.78108623706363	0.58903160437899	376.73031366685	0
12.928	0.78662303629331	0.58173076738817	376.73031366685	0
12.936	0.79208536890835	0.57438573906781	376.73031366685	0
12.944	0.79747302328945	0.56699725468765	376.73031366685	0
12.952	0.80278579491686	0.55956604660327	376.73031366685	0
12.96	0.80802348624971	0.55209284418331	376.73031366685	0
12.968	0.81318590660469	0.54457837373886	376.73031366685	0
12.976	0.81827287203394	0.53702335845504	376.73031366685	0
12.984	0.82328420520231	0.52942851832481	376.73031366685	0
12.992	0.82821973526384	0.52179457008492	376.73031366685	0
13	0.83307929773764	0.51412222715402	376.73031366685	0
13.008	0.83786273438303	0.50641219957303	376.73031366685	0
13.016	0.84256989307404	0.49866519394759	376.73031366685	0
13.024	0.84720062767324	0.49088191339274	376.73031366685	0
13.032	0.85175479790491	0.48306305747975	376.73031366685	0
13.04	0.85623226922756	0.47520932218513	376.73031366685	0
13.048	0.86063291270578	0.46732139984182	376.73031366685	0
13.056	0.86495660488148	0.45939997909256	376.73031366685	0
13.064	0.86920322764444	0.45144574484543	376.73031366685	0
13.072	0.87337266810226	0.44345937823161	376.73031366685	0
13.08	0.87746481844968	0.43544155656531	376.73031366685	0
13.088	0.88147957583717	0.42739295330591	376.73031366685	0
13.096	0.88541684223902	0.41931423802234	376.73031366685	0
13.104	0.88927652432069	0.41120607635965	376.73031366685	0
13.112	0.89305853330555	0.40306913000784	376.73031366685	0
13.12	0.89676278484102	0.39490405667294	376.73031366685	0
13.128	0.90038919886401	0.38671151005036	376.73031366685	0
13.136	0.9039376994658	0.37849213980049	376.73031366685	0
13.144	0.90740821475622	0.37024659152667	376.73031366685	0
13.152	0.91080067672721	0.36197550675539	376.73031366685	0
13.16	0.91411502111573	0.35367952291892	376.73031366685	0
13.168	0.9173511872661	0.34535927334024	376.73031366685	0
13.176	0.92050911799158	0.33701538722038	376.73031366685	0
13.184	0.92358875943541	0.32864848962819	376.73031366685	0
13.192	0.92659006093117	0.32025920149248	376.73031366685	0
13.2	0.92951297486248	0.31184813959675	376.73031366685	0
13.208	0.93235745652209	0.30341591657629	376.73031366685	0
13.216	0.93512346397032	0.29496314091792	376.73031366685	0
13.224	0.93781095789281	0.28649041696218	376.73031366685	0
13.232	0.94041990145774	0.27799834490826	376.73031366685	0
13.24	0.94295026017229	0.26948752082144	376.73031366685	0
13.248	0.94540200173849	0.26095853664327	376.73031366685	0
13.256	0.94777509590854	0.2524119802045	376.73031366685	0
13.264	0.95006951433933	0.24384843524068	376.73031366685	0
13.272	0.95228523044644	0.23526848141064	376.73031366685	0
13.28	0.9544222192575	0.22667269431783	376.73031366685	0
13.288	0.9564804572649	0.2180616455345	376.73031366685	0
13.296	0.95845992227792	0.20943590262887	376.73031366685	0
13.304	0.96036059327421	0.20079602919536	376.73031366685	0
13.312	0.96218245025072	0.19214258488775	376.73031366685	0
13.32	0.963925474074	0.18347612545562	376.73031366685	0
13.328	0.96558964632997	0.17479720278381	376.73031366685	0
13.336	0.96717494917303	0.16610636493526	376.73031366685	0
13.344	0.96868136517473	0.15740415619705	376.73031366685	0
13.352	0.97010887717182	0.1486911171299	376.73031366685	0
13.36	0.97145746811377	0.13996778462099	376.73031366685	0
13.368	0.97272712090987	0.13123469194039	376.73031366685	0
13.376	0.97391781827573	0.12249236880107	376.73031366685	0
13.384	0.97502954257937	0.11374134142249	376.73031366685	0
13.392	0.97606227568687	0.10498213259798	376.73031366685	0
13.4	0.97701599880758	0.096215261765933	376.73031366685	0
13.408	0.97789069233895	0.087441245084876	376.73031366685	0
13.416	0.97868633571096	0.078660595512535	376.73031366685	0
13.424	0.97940290723029	0.069873822888966	376.73031366685	0
13.432	0.98004038392409	0.061081434023837	376.73031366685	0
13.44	0.9805987413836	0.052283932787988	376.73031366685	0
13.448	0.98107795360744	0.043481820209311	376.73031366685	0
13.456	0.98147799284481	0.034675594573079	376.73031366685	0
13.464	0.98179882943846	0.025865751526842	376.73031366685	0
13.472	0.98204043166767	0.017052784189955	376.73031366685	0
13.48	0.98220276559114	0.0082371832678741	376.73031366685	0
13.488	0.98228579488984	-0.00058056282870045	376.73031366685	0
13.496	0.98228948071011	-0.0093999678596863	376.73031366685	0
13.504	0.98221378150668	-0.018220547626384	376.73031366685	0
13.512	0.9820586528861	-0.027041819837052	376.73031366685	0
13.52	0.98182404745029	-0.035863303967143	376.73031366685	0
13.528	0.98150991464052	-0.044684521114081	376.73031366685	0
13.536	0.98111620058184	-0.05350499384646	376.73031366685	0
13.544	0.98064284792795	-0.062324246047537	376.73031366685	0
13.552	0.98008979570675	-0.071141802752889	376.73031366685	0
13.56	0.97945697916657	-0.07995718998209	376.73031366685	0
13.568	0.97874432962317	-0.088769934564255	376.73031366685	0
13.576	0.97795177430769	-0.09757956395736	376.73031366685	0
13.584	0.97707923621561	-0.10638560606115	376.73031366685	0
13.592	0.97612663395687	-0.11518758902351	376.73031366685	0
13.6	0.97509388160718	-0.12398504104009	376.73031366685	0
13.608	0.97398088856086	-0.1327774901472	376.73031366685	0
13.616	0.9727875593851	-0.14156446400754	376.73031366685	0
13.624	0.97151379367595	-0.15034548968894	376.73031366685	0
13.632	0.9701594859162	-0.15912009343567	376.73031366685	0
13.64	0.9687245253352	-0.16788780043228	376.73031366685	0
13.648	0.96720879577089	-0.17664813455982	376.73031366685	0
13.656	0.96561217553422	-0.18540061814426	376.73031366685	0
13.664	0.96393453727606	-0.19414477169688	376.73031366685	0
13.672	0.96217574785692	-0.20288011364649	376.73031366685	0
13.68	0.96033566821966	-0.21160616006342	376.73031366685	0
13.688	0.95841415326529	-0.22032242437486	376.73031366685	0
13.696	0.95641105173232	-0.22902841707164	376.73031366685	0
13.704	0.9543262060797	-0.23772364540605	376.73031366685	0
13.712	0.95215945237371	-0.2464076130807	376.73031366685	0
13.72	0.94991062017907	-0.25507981992807	376.73031366685	0
13.728	0.94757953245448	-0.26373976158072	376.73031366685	0
13.736	0.94516600545306	-0.27238692913188	376.73031366685	0
13.744	0.94266984862773	-0.28102080878626	376.73031366685	0
13.752	0.94009086454214	-0.28964088150094	376.73031366685	0
13.76	0.9374288487873	-0.29824662261607	376.73031366685	0
13.768	0.93468358990435	-0.3068375014753	376.73031366685	0
13.776	0.93185486931388	-0.31541298103569	376.73031366685	0
13.784	0.92894246125203	-0.32397251746697	376.73031366685	0
13.792	0.92594613271403	-0.33251555973992	376.73031366685	0
13.8	0.9228656434054	-0.34104154920374	376.73031366685	0
13.808	0.91970074570136	-0.34954991915226	376.73031366685	0
13.816	0.91645118461488	-0.35804009437879	376.73031366685	0
13.824	0.91311669777392	-0.36651149071941	376.73031366685	0
13.832	0.90969701540827	-0.37496351458469	376.73031366685	0
13.84	0.90619186034667	-0.38339556247954	376.73031366685	0
13.848	0.9026009480246	-0.39180702051114	376.73031366685	0
13.856	0.89892398650347	-0.40019726388479	376.73031366685	0
13.864	0.89516067650171	-0.40856565638758	376.73031366685	0
13.872	0.89131071143848	-0.41691154985975	376.73031366685	0
13.88	0.88737377749056	-0.42523428365364	376.73031366685	0
13.888	0.88334955366322	-0.43353318408023	376.73031366685	0
13.896	0.87923771187566	-0.441807563843	376.73031366685	0
13.904	0.87503791706185	-0.45005672145934	376.73031366685	0
13.912	0.87074982728753	-0.45827994066922	376.73031366685	0
13.92	0.86637309388409	-0.46647648983121	376.73031366685	0
13.928	0.8619073616003	-0.47464562130592	376.73031366685	0
13.936	0.85735226877259	-0.48278657082675	376.73031366685	0
13.944	0.85270744751487	-0.49089855685809	376.73031366685	0
13.952	0.84797252392887	-0.49898077994108	376.73031366685	0
13.96	0.84314711833576	-0.50703242202688	376.73031366685	0
13.968	0.83823084553024	-0.51505264579777	376.73031366685	0
13.976	0.83322331505805	-0.52304059397621	376.73031366685	0
13.984	0.8281241315179	-0.53099538862191	376.73031366685	0
13.992	0.82293289488901	-0.53891613041742	376.73031366685	0
14	0.81764920088531	-0.54680189794228	376.73031366685	0

Curvelabel          = SZmax(1),Zmax(1)_(8)
Filename            = ^cSZmax(1)Zmax(1).sig
Npoints             = 1001
Type                = 8
Subtype             = 16
Result type         = complex:none;impedance
View type           = Cartesian
Plot type           = Magnitude dB
Parameters          = {C_off=0.16; C_on_approx=1000; Cx=1000; Cy=0.16; L1=2.9; L_diode=0.45; Lpin=0.45; R1=2.5; R_off=10; R_on=1; Rx=1; Ry=10; S1=0.3; W1=6; W2=5.3; alpha1=60; antipad_d=0.8; bias_w=0.2; common_return_y=2; eps_bond=3.52; eps_f4bm=2.65; eps_fr4=4.4; fmax=14; fmin=6; h1=3; h2=0.5; hbond=0.1; p=15; phi=0; phi_inc=0; pin_inset=0.02; sigma_cu=5.8e+07; tand_bond=0.004; tand_f4bm=0.003; tand_fr4=0.02; tcu=0.035; theta=0; theta_inc=0; via_d=0.3}
Data/Title          = S-Parameters
X/Label             = Frequency
X/Unit              = GHz
Y/Unit              = 
Y/Logfactor         = 20
Plot/wrapHeuristics = 0

6	0.9212243462527	0.36626564854036	376.73031366685	0
6.008	0.92367050106505	0.360529388208	376.73031366685	0
6.016	0.92607498623425	0.35477366816433	376.73031366685	0
6.024	0.9284378292664	0.34899875632205	376.73031366685	0
6.032	0.93075905630591	0.34320491438362	376.73031366685	0
6.04	0.93303869198222	0.33739239800948	376.73031366685	0
6.048	0.93527675926345	0.33156145698666	376.73031366685	0
6.056	0.93747327931666	0.32571233539742	376.73031366685	0
6.064	0.93962827137467	0.31984527178783	376.73031366685	0
6.072	0.94174175260917	0.31396049933608	376.73031366685	0
6.08	0.94381373800997	0.30805824602051	376.73031366685	0
6.088	0.94584424027022	0.30213873478702	376.73031366685	0
6.096	0.94783326967739	0.29620218371589	376.73031366685	0
6.104	0.94978083400988	0.29024880618795	376.73031366685	0
6.112	0.95168693843901	0.28427881104974	376.73031366685	0
6.12	0.95355158543633	0.27829240277783	376.73031366685	0
6.128	0.95537477468593	0.27228978164211	376.73031366685	0
6.136	0.95715650300178	0.26627114386792	376.73031366685	0
6.144	0.9588967642497	0.26023668179708	376.73031366685	0
6.152	0.96059554927406	0.25418658404753	376.73031366685	0
6.16	0.9622528458288	0.24812103567183	376.73031366685	0
6.168	0.96386863851284	0.2420402183142	376.73031366685	0
6.176	0.96544290870952	0.23594431036614	376.73031366685	0
6.184	0.96697563453013	0.22983348712068	376.73031366685	0
6.192	0.96846679076126	0.22370792092514	376.73031366685	0
6.2	0.96991634881579	0.21756778133231	376.73031366685	0
6.208	0.97132427668755	0.21141323525014	376.73031366685	0
6.216	0.97269053890939	0.20524444708998	376.73031366685	0
6.224	0.97401509651454	0.19906157891302	376.73031366685	0
6.232	0.97529790700117	0.19286479057543	376.73031366685	0
6.24	0.97653892430003	0.18665423987166	376.73031366685	0
6.248	0.97773809874507	0.18043008267635	376.73031366685	0
6.256	0.97889537704683	0.17419247308454	376.73031366685	0
6.264	0.9800107022686	0.16794156355034	376.73031366685	0
6.272	0.98108401380529	0.16167750502401	376.73031366685	0
6.28	0.98211524736462	0.15540044708746	376.73031366685	0
6.288	0.98310433495095	0.14911053808822	376.73031366685	0
6.296	0.98405120485131	0.14280792527186	376.73031366685	0
6.304	0.98495578162372	0.13649275491287	376.73031366685	0
6.312	0.98581798608765	0.13016517244407	376.73031366685	0
6.32	0.98663773531655	0.12382532258444	376.73031366685	0
6.328	0.98741494263238	0.11747334946564	376.73031366685	0
6.336	0.98814951760203	0.11110939675696	376.73031366685	0
6.344	0.98884136603558	0.1047336077889	376.73031366685	0
6.352	0.98949038998635	0.098346125675423	376.73031366685	0
6.36	0.99009648775259	0.091947093434704	376.73031366685	0
6.368	0.99065955388089	0.085536654108725	376.73031366685	0
6.376	0.99117947917107	0.07911495088147	376.73031366685	0
6.384	0.99165615068268	0.07268212719585	376.73031366685	0
6.392	0.99208945174283	0.066238326869484	376.73031366685	0
6.4	0.99247926195558	0.059783694209146	376.73031366685	0
6.408	0.99282545721252	0.053318374124182	376.73031366685	0
6.416	0.99312790970482	0.046842512238734	376.73031366685	0
6.424	0.99338648793642	0.040356255002816	376.73031366685	0
6.432	0.99360105673849	0.033859749802452	376.73031366685	0
6.44	0.9937714772851	0.027353145068689	376.73031366685	0
6.448	0.99389760710998	0.020836590385664	376.73031366685	0
6.456	0.99397930012441	0.014310236597705	376.73031366685	0
6.464	0.99401640663625	0.0077742359155622	376.73031366685	0
6.472	0.99400877336992	0.0012287420216512	376.73031366685	0
6.48	0.99395624348751	-0.0053260898253895	376.73031366685	0
6.488	0.99385865661078	-0.01189010268708	376.73031366685	0
6.496	0.99371584884426	-0.018463137842203	376.73031366685	0
6.504	0.99352765279921	-0.02504503468462	376.73031366685	0
6.512	0.99329389761858	-0.031635630621781	376.73031366685	0
6.52	0.99301440900289	-0.038234760973944	376.73031366685	0
6.528	0.99268900923694	-0.044842258873957	376.73031366685	0
6.536	0.99231751721761	-0.051457955167668	376.73031366685	0
6.544	0.99189974848235	-0.058081678314889	376.73031366685	0
6.552	0.99143551523864	-0.064713254290827	376.73031366685	0
6.56	0.99092462639438	-0.071352506488045	376.73031366685	0
6.568	0.99036688758909	-0.077999255618879	376.73031366685	0
6.576	0.98976210122601	-0.084653319618236	376.73031366685	0
6.584	0.98911006650508	-0.09131451354674	376.73031366685	0
6.592	0.98841057945683	-0.097982649494353	376.73031366685	0
6.6	0.98766343297707	-0.10465753648413	376.73031366685	0
6.608	0.9868684168626	-0.11133898037645	376.73031366685	0
6.616	0.98602531784774	-0.11802678377329	376.73031366685	0
6.624	0.9851339196418	-0.12472074592295	376.73031366685	0
6.632	0.98419400296747	-0.13142066262475	376.73031366685	0
6.64	0.98320534560021	-0.13812632613402	376.73031366685	0
6.648	0.98216772240855	-0.14483752506718	376.73031366685	0
6.656	0.98108090539538	-0.15155404430694	376.73031366685	0
6.664	0.97994466374032	-0.15827566490756	376.73031366685	0
6.672	0.97875876384301	-0.16500216400015	376.73031366685	0
6.68	0.97752296936761	-0.17173331469801	376.73031366685	0
6.688	0.9762370412883	-0.17846888600199	376.73031366685	0
6.696	0.97490073793594	-0.18520864270576	376.73031366685	0
6.704	0.97351381504591	-0.19195234530113	376.73031366685	0
6.712	0.97207602580723	-0.1986997498832	376.73031366685	0
6.72	0.97058712091278	-0.20545060805552	376.73031366685	0
6.728	0.96904684861106	-0.21220466683508	376.73031366685	0
6.736	0.96745495475912	-0.21896166855718	376.73031366685	0
6.744	0.9658111828771	-0.22572135078026	376.73031366685	0
6.752	0.9641152742041	-0.23248344619046	376.73031366685	0
6.76	0.9623669677558	-0.2392476825061	376.73031366685	0
6.768	0.96056600038359	-0.24601378238205	376.73031366685	0
6.776	0.95871210683559	-0.25278146331385	376.73031366685	0
6.784	0.9568050198194	-0.25955043754173	376.73031366685	0
6.792	0.95484447006692	-0.26632041195454	376.73031366685	0
6.8	0.95283018640117	-0.27309108799351	376.73031366685	0
6.808	0.95076189580541	-0.27986216155592	376.73031366685	0
6.816	0.94863932349461	-0.28663332289879	376.73031366685	0
6.824	0.94646219298949	-0.29340425654248	376.73031366685	0
6.832	0.94423022619332	-0.30017464117447	376.73031366685	0
6.84	0.94194314347167	-0.30694414955327	376.73031366685	0
6.848	0.93960066373544	-0.31371244841258	376.73031366685	0
6.856	0.93720250452737	-0.3204791983659	376.73031366685	0
6.864	0.9347483821124	-0.32724405381185	376.73031366685	0
6.872	0.93223801157225	-0.33400666284019	376.73031366685	0
6.88	0.9296711069046	-0.34076666713917	376.73031366685	0
6.888	0.92704738112743	-0.34752370190426	376.73031366685	0
6.896	0.92436654638899	-0.35427739574902	376.73031366685	0
6.904	0.92162831408407	-0.36102737061857	376.73031366685	0
6.912	0.9188323949773	-0.36777324170638	376.73031366685	0
6.92	0.91597849933425	-0.37451461737554	376.73031366685	0
6.928	0.91306633706131	-0.38125109908557	376.73031366685	0
6.936	0.91009561785534	-0.38798228132641	376.73031366685	0
6.944	0.90706605136434	-0.39470775156168	376.73031366685	0
6.952	0.90397734736026	-0.40142709018368	376.73031366685	0
6.96	0.90082921592555	-0.40813987048354	376.73031366685	0
6.968	0.89762136765458	-0.41484565864073	376.73031366685	0
6.976	0.89435351387164	-0.42154401373743	376.73031366685	0
6.984	0.89102536686647	-0.42823448780498	376.73031366685	0
6.992	0.88763664014826	-0.43491662591139	376.73031366685	0
7	0.88418704871808	-0.44158996630194	376.73031366685	0
7.008	0.88067630935822	-0.44825404060809	376.73031366685	0
7.016	0.87710414093459	-0.45490837414457	376.73031366685	0
7.024	0.8734702647043	-0.46155248631975	376.73031366685	0
7.032	0.86977440461407	-0.46818589119186	376.73031366685	0
7.04	0.86601628756523	-0.47480809821135	376.73031366685	0
7.048	0.86219564360538	-0.48141861319964	376.73031366685	0
7.056	0.85831220598303	-0.48801693962431	376.73031366685	0
7.064	0.85436571096548	-0.49460258023866	376.73031366685	0
7.072	0.85035589726714	-0.50117503915631	376.73031366685	0
7.08	0.84628250485836	-0.50773382441886	376.73031366685	0
7.088	0.84214527281792	-0.51427845107277	376.73031366685	0
7.096	0.83794393575103	-0.52080844467265	376.73031366685	0
7.104	0.83367821812735	-0.52732334492842	376.73031366685	0
7.112	0.82934782573356	-0.53382270884902	376.73031366685	0
7.12	0.82495243337557	-0.54030611212199	376.73031366685	0
7.128	0.82049166820386	-0.54677314653934	376.73031366685	0
7.136	0.81596508892941	-0.55322341007006	376.73031366685	0
7.144	0.81137216326402	-0.55965648502803	376.73031366685	0
7.152	0.80671224963317	-0.56607189964385	376.73031366685	0
7.16	0.80198459434871	-0.57246907104125	376.73031366685	0
7.168	0.79718835983534	-0.57884723538559	376.73031366685	0
7.176	0.79232269802155	-0.58520538433528	376.73031366685	0
7.184	0.78738686905436	-0.59154224070069	376.73031366685	0
7.192	0.78238037812831	-0.5978563074518	376.73031366685	0
7.2	0.77730307632678	-0.60414599982565	376.73031366685	0
7.208	0.77215517083685	-0.61040982511195	376.73031366685	0
7.216	0.76693712891682	-0.61664653978454	376.73031366685	0
7.224	0.76164951562308	-0.62285522156295	376.73031366685	0
7.232	0.75629283454515	-0.62903524137567	376.73031366685	0
7.24	0.75086742498812	-0.63518616865778	376.73031366685	0
7.248	0.74537342934499	-0.64130766060261	376.73031366685	0
7.256	0.73981081292912	-0.64739937248246	376.73031366685	0
7.264	0.7341794087448	-0.65346090259446	376.73031366685	0
7.272	0.72847896550034	-0.65949176828757	376.73031366685	0
7.28	0.72270918749081	-0.66549140285966	376.73031366685	0
7.288	0.71686976308643	-0.67145916344482	376.73031366685	0
7.296	0.71096038289341	-0.67739434298073	376.73031366685	0
7.304	0.70498075014794	-0.68329618235368	376.73031366685	0
7.312	0.69893058590568	-0.68916388095422	376.73031366685	0
7.32	0.69280963104004	-0.69499660511933	376.73031366685	0
7.328	0.68661764644542	-0.70079349454654	376.73031366685	0
7.336	0.68035441233626	-0.7065536670015	376.73031366685	0
7.344	0.67401972717419	-0.71227622168811	376.73031366685	0
7.352	0.66761340652086	-0.71796024161401	376.73031366685	0
7.36	0.66113528196993	-0.72360479522272	376.73031366685	0
7.368	0.65458520022676	-0.72920893750091	376.73031366685	0
7.376	0.64796302235758	-0.73477171071553	376.73031366685	0
7.384	0.64126862320515	-0.74029214489313	376.73031366685	0
7.392	0.63450189095643	-0.74576925812186	376.73031366685	0
7.4	0.62766272684363	-0.75120205673308	376.73031366685	0
7.408	0.62075104495943	-0.7565895354027	376.73031366685	0
7.416	0.61376677216848	-0.76193067720017	376.73031366685	0
7.424	0.6067098480997	-0.76722445360487	376.73031366685	0
7.432	0.59958022520575	-0.77246982450336	376.73031366685	0
7.44	0.5923778688787	-0.77766573817696	376.73031366685	0
7.448	0.58510275761249	-0.78281113128619	376.73031366685	0
7.456	0.57775488320474	-0.78790492885647	376.73031366685	0
7.464	0.57033425099149	-0.79294604426833	376.73031366685	0
7.472	0.56284088011009	-0.7979333792541	376.73031366685	0
7.48	0.55527480378596	-0.80286582390253	376.73031366685	0
7.488	0.54763606964	-0.80774225667252	376.73031366685	0
7.496	0.53992474001371	-0.81256154441635	376.73031366685	0
7.504	0.53214089231017	-0.81732254241322	376.73031366685	0
7.512	0.52428461934859	-0.82202409441317	376.73031366685	0
7.52	0.51635602973134	-0.82666503269188	376.73031366685	0
7.528	0.50835524822189	-0.83124417811638	376.73031366685	0
7.536	0.50028241613278	-0.83576034022201	376.73031366685	0
7.544	0.49213769172273	-0.84021231730077	376.73031366685	0
7.552	0.48392125060198	-0.84459889650115	376.73031366685	0
7.56	0.47563328614541	-0.84891885393984	376.73031366685	0
7.568	0.46727400991273	-0.85317095482533	376.73031366685	0
7.576	0.45884365207531	-0.85735395359367	376.73031366685	0
7.584	0.45034246184908	-0.86146659405675	376.73031366685	0
7.592	0.44177070793324	-0.86550760956313	376.73031366685	0
7.6	0.43312867895427	-0.86947572317193	376.73031366685	0
7.608	0.4244166839149	-0.87336964783989	376.73031366685	0
7.616	0.4156350526477	-0.87718808662194	376.73031366685	0
7.624	0.40678413627295	-0.88092973288573	376.73031366685	0
7.632	0.39786430766039	-0.88459327054029	376.73031366685	0
7.64	0.38887596189459	-0.88817737427926	376.73031366685	0
7.648	0.37981951674352	-0.89168070983912	376.73031366685	0
7.656	0.37069541313003	-0.89510193427273	376.73031366685	0
7.664	0.36150411560579	-0.89843969623863	376.73031366685	0
7.672	0.35224611282742	-0.90169263630662	376.73031366685	0
7.68	0.34292191803435	-0.90485938727992	376.73031366685	0
7.688	0.33353206952803	-0.90793857453464	376.73031366685	0
7.696	0.32407713115204	-0.91092881637684	376.73031366685	0
7.704	0.31455769277272	-0.91382872441797	376.73031366685	0
7.712	0.30497437075971	-0.91663690396916	376.73031366685	0
7.72	0.29532780846614	-0.91935195445503	376.73031366685	0
7.728	0.28561867670763	-0.92197246984779	376.73031366685	0
7.736	0.27584767423987	-0.9244970391224	376.73031366685	0
7.744	0.26601552823391	-0.9269242467336	376.73031366685	0
7.752	0.25612299474869	-0.92925267311585	376.73031366685	0
7.76	0.24617085920008	-0.93148089520722	376.73031366685	0
7.768	0.23615993682563	-0.93360748699847	376.73031366685	0
7.776	0.22609107314433	-0.93563102010876	376.73031366685	0
7.784	0.21596514441045	-0.9375500643896	376.73031366685	0
7.792	0.20578305806047	-0.93936318855896	376.73031366685	0
7.8	0.19554575315213	-0.94106896086779	376.73031366685	0
7.808	0.18525420079426	-0.94266594980165	376.73031366685	0
7.816	0.17490940456627	-0.94415272482067	376.73031366685	0
7.824	0.16451240092557	-0.94552785714173	376.73031366685	0
7.832	0.15406425960126	-0.94678992056766	376.73031366685	0
7.84	0.14356608397214	-0.94793749236938	376.73031366685	0
7.848	0.13301901142644	-0.94896915422824	376.73031366685	0
7.856	0.12242421370056	-0.94988349324784	376.73031366685	0
7.864	0.11178289719329	-0.95067910304698	376.73031366685	0
7.872	0.10109630325124	-0.9513545849485	376.73031366685	0
7.88	0.090365708420065	-0.95190854928328	376.73031366685	0
7.888	0.079592424654874	-0.95233961683432	376.73031366685	0
7.896	0.06877779948104	-0.95264642045343	376.73031366685	0
7.904	0.057923216094121	-0.95282760689411	376.73031366685	0
7.912	0.047030093383969	-0.95288183891862	376.73031366685	0
7.92	0.036099885862837	-0.95280779775807	376.73031366685	0
7.928	0.025134083470074	-0.95260418603396	376.73031366685	0
7.936	0.014134211215233	-0.95226973129162	376.73031366685	0
7.944	0.0031018286057682	-0.9518031903583	376.73031366685	0
7.952	-0.0079614712181049	-0.95120335483089	376.73031366685	0
7.96	-0.01905406275481	-0.95046905813807	376.73031366685	0
7.968	-0.030174289988786	-0.94959918483835	376.73031366685	0
7.976	-0.041320469073855	-0.94859268315834	376.73031366685	0
7.984	-0.052490892260312	-0.9474485823318	376.73031366685	0
7.992	-0.063683833724214	-0.94616601722936	376.73031366685	0
8	-0.074897558395493	-0.94474426436967	376.73031366685	0
8.008	-0.086130335677425	-0.94318279626339	376.73031366685	0
8.016	-0.097380461460871	-0.9414813663667	376.73031366685	0
8.024	-0.10864629485244	-0.9396401473217	376.73031366685	0
8.032	-0.11992632242576	-0.937659966645	376.73031366685	0
8.04	-0.13121927734614	-0.93554273147759	376.73031366685	0
8.048	-0.14252437682988	-0.93329224769553	376.73031366685	0
8.056	-0.15384184144768	-0.93091594013493	376.73031366685	0
8.064	-0.16517417940774	-0.92842889161608	376.73031366685	0
8.072	-0.17652995966069	-0.92586490257884	376.73031366685	0
8.08	-0.18793822674854	-0.92331457500951	376.73031366685	0
8.088	-0.19953656996223	-0.92111947835789	376.73031366685	0
8.096	-0.21357320383645	-0.92237908255012	376.73031366685	0
8.104	-0.22140016964441	-0.90706203251772	376.73031366685	0
8.112	-0.2324968840609	-0.90684150366513	376.73031366685	0
8.12	-0.24382939818523	-0.90391048213093	376.73031366685	0
8.128	-0.25512155686546	-0.90039427697783	376.73031366685	0
8.136	-0.26638072223171	-0.89657189764947	376.73031366685	0
8.144	-0.27761116237591	-0.89252213833447	376.73031366685	0
8.152	-0.28881379423042	-0.8882755423762	376.73031366685	0
8.16	-0.29998790008958	-0.8838462480626	376.73031366685	0
8.168	-0.31113193526154	-0.87924157656304	376.73031366685	0
8.176	-0.32224390083799	-0.87446561615186	376.73031366685	0
8.184	-0.33332152716446	-0.8695207742126	376.73031366685	0
8.192	-0.34436237053001	-0.86440852553027	376.73031366685	0
8.2	-0.35536386738423	-0.85912980416324	376.73031366685	0
8.208	-0.36632336647354	-0.85368522265941	376.73031366685	0
8.216	-0.37723814887952	-0.84807520153003	376.73031366685	0
8.224	-0.38810544112457	-0.84230004930922	376.73031366685	0
8.232	-0.39892242415046	-0.83636001406182	376.73031366685	0
8.24	-0.40968623975978	-0.83025531770464	376.73031366685	0
8.248	-0.42039399545533	-0.8239861796103	376.73031366685	0
8.256	-0.43104276824568	-0.81755283331779	376.73031366685	0
8.264	-0.44162960777256	-0.8109555386862	376.73031366685	0
8.272	-0.45215153898792	-0.80419459096058	376.73031366685	0
8.28	-0.46260556453064	-0.79727032769785	376.73031366685	0
8.288	-0.47298866690323	-0.79018313417788	376.73031366685	0
8.296	-0.48329781051678	-0.78293344772099	376.73031366685	0
8.304	-0.49352994365167	-0.77552176120031	376.73031366685	0
8.312	-0.50368200036733	-0.76794862595026	376.73031366685	0
8.32	-0.51375090238446	-0.76021465421319	376.73031366685	0
8.328	-0.52373356095673	-0.75232052122586	376.73031366685	0
8.336	-0.53362687874391	-0.74426696701956	376.73031366685	0
8.344	-0.54342775169517	-0.73605479798745	376.73031366685	0
8.352	-0.55313307094865	-0.727684888259	376.73031366685	0
8.36	-0.56273972475162	-0.71915818091078	376.73031366685	0
8.368	-0.5722446004042	-0.71047568903562	376.73031366685	0
8.376	-0.58164458622845	-0.70163849668644	376.73031366685	0
8.384	-0.59093657356378	-0.69264775970721	376.73031366685	0
8.392	-0.60011745878924	-0.68350470646008	376.73031366685	0
8.4	-0.60918414537243	-0.67421063845561	376.73031366685	0
8.408	-0.6181335459444	-0.6647669308912	376.73031366685	0
8.416	-0.62696258439979	-0.65517503310147	376.73031366685	0
8.424	-0.63566819802086	-0.64543646892328	376.73031366685	0
8.432	-0.64424733962395	-0.63555283697725	376.73031366685	0
8.44	-0.65269697972681	-0.6255258108673	376.73031366685	0
8.448	-0.66101410873473	-0.61535713929873	376.73031366685	0
8.456	-0.66919573914356	-0.60504864611568	376.73031366685	0
8.464	-0.67723890775741	-0.59460223025799	376.73031366685	0
8.472	-0.68514067791862	-0.58401986563769	376.73031366685	0
8.48	-0.69289814174765	-0.5733036009349	376.73031366685	0
8.488	-0.70050842239019	-0.5624555593132	376.73031366685	0
8.496	-0.70796867626897	-0.55147793805415	376.73031366685	0
8.504	-0.71527609533741	-0.54037300811078	376.73031366685	0
8.512	-0.72242790933228	-0.52914311358004	376.73031366685	0
8.52	-0.72942138802248	-0.51779067109391	376.73031366685	0
8.528	-0.73625384345097	-0.50631816912914	376.73031366685	0
8.536	-0.74292263216679	-0.49472816723576	376.73031366685	0
8.544	-0.74942515744403	-0.48302329518425	376.73031366685	0
8.552	-0.75575887148475	-0.47120625203173	376.73031366685	0
8.56	-0.76192127760257	-0.45927980510736	376.73031366685	0
8.568	-0.76790993238378	-0.44724678891741	376.73031366685	0
8.576	-0.77372244782278	-0.43511010397054	376.73031366685	0
8.584	-0.77935649342859	-0.42287271552387	376.73031366685	0
8.592	-0.78480979829926	-0.41053765225078	376.73031366685	0
8.6	-0.79008015316096	-0.39810800483118	376.73031366685	0
8.608	-0.79516541236848	-0.38558692446549	376.73031366685	0
8.616	-0.80006349586403	-0.3729776213134	376.73031366685	0
8.624	-0.80477239109125	-0.36028336285879	376.73031366685	0
8.632	-0.80929015486114	-0.34750747220237	376.73031366685	0
8.64	-0.81361491516703	-0.33465332628356	376.73031366685	0
8.648	-0.81774487294551	-0.32172435403343	376.73031366685	0
8.656	-0.82167830378035	-0.3087240344606	376.73031366685	0
8.664	-0.82541355954656	-0.2956558946722	376.73031366685	0
8.672	-0.82894906999189	-0.28252350783191	376.73031366685	0
8.68	-0.83228334425282	-0.26933049105761	376.73031366685	0
8.688	-0.83541497230274	-0.25608050326092	376.73031366685	0
8.696	-0.83834262632952	-0.24277724293131	376.73031366685	0
8.704	-0.84106506204026	-0.22942444586732	376.73031366685	0
8.712	-0.84358111989084	-0.2160258828579	376.73031366685	0
8.72	-0.8458897262381	-0.20258535731658	376.73031366685	0
8.728	-0.84798989441268	-0.18910670287171	376.73031366685	0
8.736	-0.84988072571048	-0.17559378091562	376.73031366685	0
8.744	-0.85156141030112	-0.16205047811619	376.73031366685	0
8.752	-0.85303122805167	-0.14848070389393	376.73031366685	0
8.76	-0.85428954926418	-0.13488838786805	376.73031366685	0
8.768	-0.85533583532579	-0.12127747727491	376.73031366685	0
8.776	-0.85616963927006	-0.10765193436238	376.73031366685	0
8.784	-0.85679060624874	-0.094015733763726	376.73031366685	0
8.792	-0.85719847391291	-0.080372859854505	376.73031366685	0
8.8	-0.85739307270305	-0.066727304096275	376.73031366685	0
8.808	-0.85737432604725	-0.05308306237069	376.73031366685	0
8.816	-0.85714225046752	-0.039444132307704	376.73031366685	0
8.824	-0.85669695559379	-0.025814510611638	376.73031366685	0
8.832	-0.85603864408569	-0.012198190388784	376.73031366685	0
8.84	-0.85516761146234	0.0014008415197247	376.73031366685	0
8.848	-0.85408424584034	0.014978607196091	376.73031366685	0
8.856	-0.85278902758067	0.028531140291375	376.73031366685	0
8.864	-0.85128252884496	0.042054488654733	376.73031366685	0
8.872	-0.84956541306215	0.055544716942783	376.73031366685	0
8.88	-0.84763843430643	0.06899790920552	376.73031366685	0
8.888	-0.8455024365877	0.082410171445281	376.73031366685	0
8.896	-0.84315835305583	0.095777634145323	376.73031366685	0
8.904	-0.84060720512021	0.10909645476467	376.73031366685	0
8.912	-0.8378501014862	0.12236282019594	376.73031366685	0
8.92	-0.83488823711026	0.13557294918292	376.73031366685	0
8.928	-0.83172289207568	0.14872309469483	376.73031366685	0
8.936	-0.82835543039091	0.16180954625426	376.73031366685	0
8.944	-0.82478729871267	0.17482863221587	376.73031366685	0
8.952	-0.82102002499612	0.18777672199313	376.73031366685	0
8.96	-0.81705521707459	0.2006502282303	376.73031366685	0
8.968	-0.81289456117116	0.21344560891727	376.73031366685	0
8.976	-0.8085398203449	0.22615936944482	376.73031366685	0
8.984	-0.80399283287442	0.23878806459782	376.73031366685	0
8.992	-0.79925551058143	0.25132830048455	376.73031366685	0
9	-0.79432983709736	0.26377673639989	376.73031366685	0
9.008	-0.7892178660757	0.27613008662061	376.73031366685	0
9.016	-0.78392171935343	0.28838512213104	376.73031366685	0
9.024	-0.77844358506423	0.30053867227752	376.73031366685	0
9.032	-0.7727857157068	0.31258762635026	376.73031366685	0
9.04	-0.76695042617143	0.32452893509135	376.73031366685	0
9.048	-0.76094009172782	0.33635961212764	376.73031366685	0
9.056	-0.75475714597762	0.34807673532779	376.73031366685	0
9.064	-0.7484040787746	0.35967744808238	376.73031366685	0
9.072	-0.741883434116	0.3711589605067	376.73031366685	0
9.08	-0.73519780800794	0.38251855056542	376.73031366685	0
9.088	-0.72834984630846	0.39375356511897	376.73031366685	0
9.096	-0.72134224255112	0.4048614208913	376.73031366685	0
9.104	-0.71417773575247	0.415839605359	376.73031366685	0
9.112	-0.70685910820655	0.42668567756175	376.73031366685	0
9.12	-0.6993891832695	0.43739726883436	376.73031366685	0
9.128	-0.69177082313745	0.44797208346071	376.73031366685	0
9.136	-0.68400692662054	0.45840789925009	376.73031366685	0
9.144	-0.67610042691633	0.46870256803636	376.73031366685	0
9.152	-0.66805428938523	0.47885401610088	376.73031366685	0
9.16	-0.65987150933112	0.48886024451984	376.73031366685	0
9.168	-0.65155510978963	0.49871932943704	376.73031366685	0
9.176	-0.64310813932711	0.50842942226313	376.73031366685	0
9.184	-0.63453366985272	0.5179887498024	376.73031366685	0
9.192	-0.62583479444631	0.5273956143085	376.73031366685	0
9.2	-0.61701462520453	0.53664839347041	376.73031366685	0
9.208	-0.60807629110761	0.54574554032993	376.73031366685	0
9.216	-0.59902293590904	0.55468558313244	376.73031366685	0
9.224	-0.58985771605045	0.56346712511237	376.73031366685	0
9.232	-0.58058379860368	0.57208884421512	376.73031366685	0
9.24	-0.57120435924222	0.58054949275714	376.73031366685	0
9.248	-0.56172258024381	0.58884789702593	376.73031366685	0
9.256	-0.55214164852598	0.59698295682187	376.73031366685	0
9.264	-0.54246475371649	0.60495364494376	376.73031366685	0
9.272	-0.53269508625991	0.61275900662001	376.73031366685	0
9.28	-0.5228358355622	0.62039815888743	376.73031366685	0
9.288	-0.51289018817452	0.6278702899197	376.73031366685	0
9.296	-0.50286132601747	0.63517465830751	376.73031366685	0
9.304	-0.49275242464732	0.64231059229248	376.73031366685	0
9.312	-0.4825666515649	0.64927748895693	376.73031366685	0
9.32	-0.47230716456843	0.65607481337152	376.73031366685	0
9.328	-0.46197711015113	0.66270209770307	376.73031366685	0
9.336	-0.45157962194437	0.66915894028443	376.73031366685	0
9.344	-0.44111781920705	0.67544500464865	376.73031366685	0
9.352	-0.4305948053619	0.68156001852959	376.73031366685	0
9.36	-0.42001366657916	0.68750377283087	376.73031366685	0
9.368	-0.40937747040806	0.69327612056552	376.73031366685	0
9.376	-0.39868926445646	0.69887697576813	376.73031366685	0
9.384	-0.3879520751189	0.70430631238172	376.73031366685	0
9.392	-0.37716890635322	0.70956416312128	376.73031366685	0
9.4	-0.36634273850578	0.71465061831601	376.73031366685	0
9.408	-0.35547652718546	0.71956582473212	376.73031366685	0
9.416	-0.34457320218608	0.72430998437828	376.73031366685	0
9.424	-0.33363566645749	0.72888335329549	376.73031366685	0
9.432	-0.32266679512464	0.7332862403333	376.73031366685	0
9.44	-0.31166943455486	0.7375190059141	376.73031366685	0
9.448	-0.30064640147258	0.74158206078738	376.73031366685	0
9.456	-0.28960048212135	0.74547586477559	376.73031366685	0
9.464	-0.27853443147261	0.74920092551333	376.73031366685	0
9.472	-0.26745097248066	0.75275779718148	376.73031366685	0
9.48	-0.25635279538335	0.75614707923789	376.73031366685	0
9.488	-0.24524255704782	0.75936941514613	376.73031366685	0
9.496	-0.23412288036062	0.76242549110378	376.73031366685	0
9.504	-0.22299635366156	0.76531603477179	376.73031366685	0
9.512	-0.21186553022047	0.76804181400615	376.73031366685	0
9.52	-0.2007329277562	0.77060363559327	376.73031366685	0
9.528	-0.18960102799695	0.77300234399041	376.73031366685	0
9.536	-0.17847227628113	0.77523882007224	376.73031366685	0
9.544	-0.16734908119792	0.7773139798848	376.73031366685	0
9.552	-0.15623381426651	0.77922877340803	376.73031366685	0
9.56	-0.14512880965329	0.78098418332769	376.73031366685	0
9.568	-0.13403636392588	0.78258122381805	376.73031366685	0
9.576	-0.12295873584314	0.78402093933591	376.73031366685	0
9.584	-0.11189814618023	0.78530440342722	376.73031366685	0
9.592	-0.10085677758757	0.78643271754681	376.73031366685	0
9.6	-0.089836774482905	0.78740700989241	376.73031366685	0
9.608	-0.078840242975405	0.78822843425331	376.73031366685	0
9.616	-0.067869250820732	0.78889816887467	376.73031366685	0
9.624	-0.056925827406152	0.78941741533804	376.73031366685	0
9.632	-0.046011963764659	0.78978739745866	376.73031366685	0
9.64	-0.03512961261707	0.79000936020007	376.73031366685	0
9.648	-0.024280688441147	0.79008456860674	376.73031366685	0
9.656	-0.013467067566659	0.79001430675492	376.73031366685	0
9.664	-0.0026905882954771	0.78979987672238	376.73031366685	0
9.672	0.0080469489543798	0.7894425975773	376.73031366685	0
9.68	0.018743781481647	0.78894380438661	376.73031366685	0
9.688	0.029398184112722	0.78830484724428	376.73031366685	0
9.696	0.040008468991464	0.78752709031966	376.73031366685	0
9.704	0.050572985348912	0.78661191092609	376.73031366685	0
9.712	0.061090119253794	0.78556069861017	376.73031366685	0
9.72	0.071558293344818	0.78437485426159	376.73031366685	0
9.728	0.081975966545595	0.78305578924392	376.73031366685	0
9.736	0.092341633763156	0.7816049245462	376.73031366685	0
9.744	0.10265382557087	0.78002368995561	376.73031366685	0
9.752	0.11291110787672	0.77831352325117	376.73031366685	0
9.76	0.12311208157768	0.77647586941837	376.73031366685	0
9.768	0.13325538220111	0.77451217988503	376.73031366685	0
9.776	0.14333967953391	0.77242391177797	376.73031366685	0
9.784	0.1533636772403	0.7702125272007	376.73031366685	0
9.792	0.16332611246894	0.76787949253194	376.73031366685	0
9.8	0.17322575545015	0.76542627774486	376.73031366685	0
9.808	0.18306140908396	0.76285435574693	376.73031366685	0
9.816	0.19283190851976	0.76016520174023	376.73031366685	0
9.824	0.20253612072819	0.7573602926021	376.73031366685	0
9.832	0.21217294406594	0.7544411062858	376.73031366685	0
9.84	0.22174130783408	0.75140912124121	376.73031366685	0
9.848	0.23124017183075	0.74826581585512	376.73031366685	0
9.856	0.24066852589849	0.74501266791111	376.73031366685	0
9.864	0.25002538946713	0.7416511540686	376.73031366685	0
9.872	0.25930981109256	0.73818274936089	376.73031366685	0
9.88	0.26852086799216	0.73460892671198	376.73031366685	0
9.888	0.27765766557716	0.73093115647178	376.73031366685	0
9.896	0.28671933698272	0.72715090596961	376.73031366685	0
9.904	0.29570504259602	0.72326963908548	376.73031366685	0
9.912	0.30461396958292	0.71928881583904	376.73031366685	0
9.92	0.31344533141361	0.7152098919958	376.73031366685	0
9.928	0.32219836738779	0.71103431869037	376.73031366685	0
9.936	0.33087234215958	0.70676354206636	376.73031366685	0
9.944	0.33946654526285	0.70239900293265	376.73031366685	0
9.952	0.34798029063711	0.69794213643571	376.73031366685	0
9.96	0.35641291615441	0.69339437174768	376.73031366685	0
9.968	0.36476378314767	0.68875713176974	376.73031366685	0
9.976	0.37303227594069	0.68403183285071	376.73031366685	0
9.984	0.3812178013801	0.67921988452026	376.73031366685	0
9.992	0.38931978836978	0.67432268923664	376.73031366685	0
10	0.3973376874077	0.66934164214841	376.73031366685	0
10.008	0.40527097012581	0.66427813086999	376.73031366685	0
10.016	0.41311912883289	0.65913353527066	376.73031366685	0
10.024	0.4208816760609	0.65390922727657	376.73031366685	0
10.032	0.42855814411488	0.64860657068568	376.73031366685	0
10.04	0.43614808462659	0.643226920995	376.73031366685	0
10.048	0.44365106811228	0.63777162524007	376.73031366685	0
10.056	0.45106668353459	0.63224202184628	376.73031366685	0
10.064	0.45839453786879	0.62663944049158	376.73031366685	0
10.072	0.46563425567363	0.62096520198049	376.73031366685	0
10.08	0.47278547866687	0.61522061812896	376.73031366685	0
10.088	0.47984786530553	0.60940699165977	376.73031366685	0
10.096	0.48682109037128	0.60352561610827	376.73031366685	0
10.104	0.49370484456078	0.59757777573805	376.73031366685	0
10.112	0.50049883408125	0.5915647454663	376.73031366685	0
10.12	0.50720278025131	0.5854877907986	376.73031366685	0
10.128	0.51381641910729	0.57934816777279	376.73031366685	0
10.136	0.5203395010149	0.57314712291168	376.73031366685	0
10.144	0.5267717902865	0.56688589318432	376.73031366685	0
10.152	0.53311306480397	0.56056570597553	376.73031366685	0
10.16	0.53936311564725	0.55418777906352	376.73031366685	0
10.168	0.5455217467286	0.54775332060518	376.73031366685	0
10.176	0.5515887744326	0.54126352912896	376.73031366685	0
10.184	0.55756402726202	0.53471959353497	376.73031366685	0
10.192	0.56344734548942	0.52812269310204	376.73031366685	0
10.2	0.5692385808147	0.5214739975017	376.73031366685	0
10.208	0.57493759602847	0.51477466681849	376.73031366685	0
10.216	0.58054426468137	0.50802585157682	376.73031366685	0
10.224	0.5860584707592	0.50122869277369	376.73031366685	0
10.232	0.59148010836405	0.49438432191745	376.73031366685	0
10.24	0.59680908140127	0.48749386107211	376.73031366685	0
10.248	0.60204530327236	0.48055842290718	376.73031366685	0
10.256	0.60718869657374	0.47357911075268	376.73031366685	0
10.264	0.61223919280142	0.46655701865926	376.73031366685	0
10.272	0.61719673206148	0.45949323146315	376.73031366685	0
10.28	0.62206126278643	0.45238882485582	376.73031366685	0
10.288	0.62683274145736	0.44524486545805	376.73031366685	0
10.296	0.63151113233187	0.43806241089843	376.73031366685	0
10.304	0.6360964071778	0.43084250989589	376.73031366685	0
10.312	0.64058854501262	0.42358620234631	376.73031366685	0
10.32	0.64498753184855	0.41629451941288	376.73031366685	0
10.328	0.64929336044336	0.40896848362013	376.73031366685	0
10.336	0.65350603005669	0.4016091089515	376.73031366685	0
10.344	0.65762554621207	0.39421740095026	376.73031366685	0
10.352	0.66165192046435	0.38679435682364	376.73031366685	0
10.36	0.66558517017272	0.37934096555002	376.73031366685	0
10.368	0.6694253182791	0.37185820798915	376.73031366685	0
10.376	0.67317239309199	0.36434705699512	376.73031366685	0
10.384	0.67682642807558	0.35680847753201	376.73031366685	0
10.392	0.68038746164429	0.34924342679223	376.73031366685	0
10.4	0.68385553696242	0.34165285431719	376.73031366685	0
10.408	0.68723070174916	0.33403770212037	376.73031366685	0
10.416	0.69051300808858	0.3263989048127	376.73031366685	0
10.424	0.6937025122449	0.31873738972993	376.73031366685	0
10.432	0.69679927448265	0.31105407706219	376.73031366685	0
10.44	0.69980335889197	0.30334987998538	376.73031366685	0
10.448	0.70271483321879	0.2956257047945	376.73031366685	0
10.456	0.7055337686999	0.28788245103861	376.73031366685	0
10.464	0.70826023990292	0.28012101165763	376.73031366685	0
10.472	0.71089432457105	0.2723422731206	376.73031366685	0
10.48	0.71343610347254	0.2645471155655	376.73031366685	0
10.488	0.71588566025491	0.25673641294051	376.73031366685	0
10.496	0.71824308130381	0.24891103314662	376.73031366685	0
10.504	0.72050845560644	0.24107183818157	376.73031366685	0
10.512	0.7226818746196	0.23321968428496	376.73031366685	0
10.52	0.72476343214219	0.22535542208455	376.73031366685	0
10.528	0.72675322419221	0.21747989674369	376.73031366685	0
10.536	0.72865134888815	0.20959394810976	376.73031366685	0
10.544	0.73045790633475	0.20169841086361	376.73031366685	0
10.552	0.73217299851317	0.19379411466994	376.73031366685	0
10.56	0.73379672917531	0.18588188432855	376.73031366685	0
10.568	0.7353292037425	0.17796253992644	376.73031366685	0
10.576	0.73677052920834	0.1700368969907	376.73031366685	0
10.584	0.73812081404573	0.16210576664215	376.73031366685	0
10.592	0.73938016811799	0.15416995574966	376.73031366685	0
10.6	0.74054870259412	0.14623026708518	376.73031366685	0
10.608	0.74162652986812	0.13828749947934	376.73031366685	0
10.616	0.74261376348229	0.13034244797771	376.73031366685	0
10.624	0.74351051805458	0.12239590399752	376.73031366685	0
10.632	0.74431690920988	0.11444865548505	376.73031366685	0
10.64	0.74503305351521	0.10650148707333	376.73031366685	0
10.648	0.74565906841888	0.098555180240481	376.73031366685	0
10.656	0.7461950721935	0.090610513468375	376.73031366685	0
10.664	0.74664118388285	0.08266826240175	376.73031366685	0
10.672	0.74699752325256	0.074729200007717	376.73031366685	0
10.68	0.74726421074464	0.066794096735608	376.73031366685	0
10.688	0.74744136743581	0.058863720677172	376.73031366685	0
10.696	0.74752911499956	0.050938837727096	376.73031366685	0
10.704	0.747527575672	0.043020211743817	376.73031366685	0
10.712	0.74743687222147	0.035108604710611	376.73031366685	0
10.72	0.74725712792185	0.02720477689694	376.73031366685	0
10.728	0.74698846652963	0.019309487020047	376.73031366685	0
10.736	0.74663101226467	0.011423492406777	376.73031366685	0
10.744	0.74618488979468	0.0035475491555984	376.73031366685	0
10.752	0.74565022422338	-0.0043175877011839	376.73031366685	0
10.76	0.74502714108244	-0.012171164035028	376.73031366685	0
10.768	0.74431576632699	-0.020012426458594	376.73031366685	0
10.776	0.74351622633497	-0.027840622163043	376.73031366685	0
10.784	0.7426286479101	-0.035654998755201	376.73031366685	0
10.792	0.74165315828854	-0.043454804094592	376.73031366685	0
10.8	0.7405898851494	-0.051239286130373	376.73031366685	0
10.808	0.73943895662878	-0.059007692738177	376.73031366685	0
10.816	0.73820050133774	-0.066759271556881	376.73031366685	0
10.824	0.73687464838389	-0.074493269825298	376.73031366685	0
10.832	0.73546152739679	-0.082208934218825	376.73031366685	0
10.84	0.73396126855715	-0.089905510686053	376.73031366685	0
10.848	0.73237400262983	-0.097582244285365	376.73031366685	0
10.856	0.73069986100062	-0.10523837902151	376.73031366685	0
10.864	0.72893897571693	-0.1128731576822	376.73031366685	0
10.872	0.72709147953232	-0.12048582167472	376.73031366685	0
10.88	0.72515750595495	-0.12807561086258	376.73031366685	0
10.888	0.72313718929993	-0.13564176340227	376.73031366685	0
10.896	0.72103066474573	-0.14318351557999	376.73031366685	0
10.904	0.71883806839444	-0.15070010164862	376.73031366685	0
10.912	0.71655953733622	-0.15819075366465	376.73031366685	0
10.92	0.71419520971775	-0.16565470132539	376.73031366685	0
10.928	0.71174522481478	-0.17309117180624	376.73031366685	0
10.936	0.70920972310893	-0.18049938959822	376.73031366685	0
10.944	0.70658884636859	-0.18787857634563	376.73031366685	0
10.952	0.70388273773419	-0.19522795068405	376.73031366685	0
10.96	0.70109154180767	-0.20254672807848	376.73031366685	0
10.968	0.6982154047464	-0.20983412066192	376.73031366685	0
10.976	0.69525447436147	-0.21708933707414	376.73031366685	0
10.984	0.69220890022044	-0.22431158230092	376.73031366685	0
10.992	0.68907883375467	-0.23150005751363	376.73031366685	0
11	0.68586442837124	-0.23865395990922	376.73031366685	0
11.008	0.68256583956944	-0.24577248255082	376.73031366685	0
11.016	0.67918322506213	-0.25285481420868	376.73031366685	0
11.024	0.67571674490176	-0.25990013920181	376.73031366685	0
11.032	0.67216656161134	-0.26690763724014	376.73031366685	0
11.04	0.6685328403203	-0.27387648326745	376.73031366685	0
11.048	0.66481574890539	-0.28080584730492	376.73031366685	0
11.056	0.66101545813666	-0.28769489429549	376.73031366685	0
11.064	0.65713214182858	-0.29454278394905	376.73031366685	0
11.072	0.65316597699648	-0.30134867058857	376.73031366685	0
11.08	0.64911714401821	-0.3081117029971	376.73031366685	0
11.088	0.64498582680136	-0.3148310242659	376.73031366685	0
11.096	0.64077221295587	-0.32150577164364	376.73031366685	0
11.104	0.63647649397226	-0.32813507638677	376.73031366685	0
11.112	0.63209886540562	-0.33471806361118	376.73031366685	0
11.12	0.62763952706525	-0.3412538521452	376.73031366685	0
11.128	0.62309868321032	-0.3477415543841	376.73031366685	0
11.136	0.61847654275139	-0.35418027614605	376.73031366685	0
11.144	0.61377331945801	-0.36056911652977	376.73031366685	0
11.152	0.6089892321726	-0.36690716777392	376.73031366685	0
11.16	0.60412450503045	-0.37319351511837	376.73031366685	0
11.168	0.59917936768617	-0.37942723666741	376.73031366685	0
11.176	0.59415405554666	-0.38560740325506	376.73031366685	0
11.184	0.58904881001058	-0.39173307831262	376.73031366685	0
11.192	0.58386387871454	-0.39780331773858	376.73031366685	0
11.2	0.57859951578612	-0.40381716977102	376.73031366685	0
11.208	0.57325598210378	-0.4097736748626	376.73031366685	0
11.216	0.56783354556375	-0.41567186555847	376.73031366685	0
11.224	0.5623324813541	-0.42151076637699	376.73031366685	0
11.232	0.55675307223603	-0.42728939369364	376.73031366685	0
11.24	0.55109560883249	-0.43300675562825	376.73031366685	0
11.248	0.54536038992425	-0.43866185193566	376.73031366685	0
11.256	0.53954772275363	-0.44425367390004	376.73031366685	0
11.264	0.53365792333577	-0.44978120423308	376.73031366685	0
11.272	0.5276913167778	-0.45524341697628	376.73031366685	0
11.28	0.52164823760588	-0.46063927740745	376.73031366685	0
11.288	0.51552903010021	-0.46596774195177	376.73031366685	0
11.296	0.50933404863824	-0.47122775809755	376.73031366685	0
11.304	0.50306365804599	-0.47641826431699	376.73031366685	0
11.312	0.49671823395783	-0.4815381899921	376.73031366685	0
11.32	0.49029816318456	-0.48658645534619	376.73031366685	0
11.328	0.4838038440901	-0.49156197138104	376.73031366685	0
11.336	0.47723568697682	-0.49646363982014	376.73031366685	0
11.344	0.47059411447949	-0.50129035305822	376.73031366685	0
11.352	0.46387956196819	-0.50604099411745	376.73031366685	0
11.36	0.45709247795997	-0.51071443661051	376.73031366685	0
11.368	0.45023332453961	-0.515309544711	376.73031366685	0
11.376	0.44330257778938	-0.51982517313135	376.73031366685	0
11.384	0.43630072822797	-0.52426016710875	376.73031366685	0
11.392	0.42922828125856	-0.52861336239933	376.73031366685	0
11.4	0.42208575762625	-0.53288358528105	376.73031366685	0
11.408	0.41487369388477	-0.53706965256559	376.73031366685	0
11.416	0.4075926428725	-0.54117037161973	376.73031366685	0
11.424	0.400243174198	-0.54518454039662	376.73031366685	0
11.432	0.39282587473491	-0.54911094747721	376.73031366685	0
11.44	0.38534134912636	-0.55294837212256	376.73031366685	0
11.448	0.37779022029884	-0.55669558433717	376.73031366685	0
11.456	0.37017312998557	-0.56035134494406	376.73031366685	0
11.464	0.36249073925929	-0.56391440567185	376.73031366685	0
11.472	0.35474372907462	-0.56738350925453	376.73031366685	0
11.48	0.34693280081974	-0.57075738954426	376.73031366685	0
11.488	0.3390586768775	-0.57403477163782	376.73031366685	0
11.496	0.33112210119587	-0.57721437201724	376.73031366685	0
11.504	0.32312383986758	-0.58029489870509	376.73031366685	0
11.512	0.31506468171899	-0.58327505143507	376.73031366685	0
11.52	0.306945438908	-0.58615352183839	376.73031366685	0
11.528	0.29876694753081	-0.58892899364667	376.73031366685	0
11.536	0.29053006823758	-0.59160014291179	376.73031366685	0
11.544	0.28223568685666	-0.59416563824345	376.73031366685	0
11.552	0.27388471502724	-0.59662414106502	376.73031366685	0
11.56	0.26547809084023	-0.59897430588831	376.73031366685	0
11.568	0.25701677948725	-0.60121478060797	376.73031366685	0
11.576	0.24850177391718	-0.60334420681613	376.73031366685	0
11.584	0.23993409550037	-0.60536122013805	376.73031366685	0
11.592	0.23131479469984	-0.60726445058941	376.73031366685	0
11.6	0.22264495174949	-0.609052522956	376.73031366685	0
11.608	0.21392567733859	-0.6107240571965	376.73031366685	0
11.616	0.20515811330247	-0.6122776688691	376.73031366685	0
11.624	0.19634343331878	-0.61371196958277	376.73031366685	0
11.632	0.18748284360899	-0.61502556747378	376.73031366685	0
11.64	0.17857758364446	-0.61621706770845	376.73031366685	0
11.648	0.16962892685682	-0.6172850730127	376.73031366685	0
11.656	0.16063818135176	-0.61822818422932	376.73031366685	0
11.664	0.15160669062592	-0.61904500090375	376.73031366685	0
11.672	0.14253583428604	-0.61973412189903	376.73031366685	0
11.68	0.13342702876967	-0.62029414604089	376.73031366685	0
11.688	0.12428172806689	-0.62072367279366	376.73031366685	0
11.696	0.11510142444203	-0.6210213029679	376.73031366685	0
11.704	0.10588764915468	-0.62118563946047	376.73031366685	0
11.712	0.096641973179067	-0.62121528802788	376.73031366685	0
11.72	0.087366007920929	-0.62110885809373	376.73031366685	0
11.728	0.078061405930799	-0.62086496359103	376.73031366685	0
11.736	0.068729861612756	-0.62048222384018	376.73031366685	0
11.744	0.059373111927499	-0.61995926446336	376.73031366685	0
11.752	0.049992937088598	-0.61929471833618	376.73031366685	0
11.76	0.040591161250745	-0.61848722657725	376.73031366685	0
11.768	0.031169653188709	-0.61753543957645	376.73031366685	0
11.776	0.02173032696567	-0.61643801806266	376.73031366685	0
11.784	0.012275142589553	-0.61519363421148	376.73031366685	0
11.792	0.0028061066559005	-0.61380097279391	376.73031366685	0
11.8	-0.0066747270242173	-0.61225873236626	376.73031366685	0
11.808	-0.01616525681287	-0.61056562650222	376.73031366685	0
11.816	-0.02566333265214	-0.60872038506747	376.73031366685	0
11.824	-0.035166755490914	-0.60672175553746	376.73031366685	0
11.832	-0.044673276733385	-0.6045685043588	376.73031366685	0
11.84	-0.054180597711131	-0.60225941835472	376.73031366685	0
11.848	-0.063686369180681	-0.59979330617505	376.73031366685	0
11.856	-0.073188190848551	-0.59716899979094	376.73031366685	0
11.864	-0.082683610925824	-0.59438535603474	376.73031366685	0
11.872	-0.092170125714416	-0.59144125818516	376.73031366685	0
11.88	-0.1016451792272	-0.58833561759786	376.73031366685	0
11.888	-0.11110616284428	-0.58506737538159	376.73031366685	0
11.896	-0.12055041500774	-0.58163550411986	376.73031366685	0
11.904	-0.12997522095724	-0.57803900963799	376.73031366685	0
11.912	-0.13937781250902	-0.57427693281546	376.73031366685	0
11.92	-0.14875536788072	-0.57034835144313	376.73031366685	0
11.928	-0.15810501156469	-0.56625238212516	376.73031366685	0
11.936	-0.16742381425239	-0.56198818222494	376.73031366685	0
11.944	-0.1767087928127	-0.55755495185447	376.73031366685	0
11.952	-0.18595691032667	-0.55295193590664	376.73031366685	0
11.96	-0.19516507618176	-0.54817842612934	376.73031366685	0
11.968	-0.20433014622834	-0.54323376324048	376.73031366685	0
11.976	-0.21344892300127	-0.53811733908297	376.73031366685	0
11.984	-0.22251815600961	-0.53282859881811	376.73031366685	0
11.992	-0.23153454209735	-0.52736704315628	376.73031366685	0
12	-0.24049472587817	-0.52173223062311	376.73031366685	0
12.008	-0.24939530024732	-0.51592377985961	376.73031366685	0
12.016	-0.25823280697349	-0.50994137195419	376.73031366685	0
12.024	-0.26700373737379	-0.50378475280468	376.73031366685	0
12.032	-0.27570453307498	-0.49745373550788	376.73031366685	0
12.04	-0.28433158686372	-0.49094820277447	376.73031366685	0
12.048	-0.29288124362905	-0.4842681093664	376.73031366685	0
12.056	-0.30134980139998	-0.47741348455417	376.73031366685	0
12.064	-0.30973351248117	-0.4703844345908	376.73031366685	0
12.072	-0.31802858468952	-0.46318114519942	376.73031366685	0
12.08	-0.32623118269457	-0.45580388407092	376.73031366685	0
12.088	-0.33433742946541	-0.44825300336816	376.73031366685	0
12.096	-0.34234340782678	-0.44052894223279	376.73031366685	0
12.104	-0.35024516212699	-0.43263222929068	376.73031366685	0
12.112	-0.35803870002004	-0.42456348515159	376.73031366685	0
12.12	-0.36571999436428	-0.41632342489877	376.73031366685	0
12.128	-0.37328498523995	-0.40791286056354	376.73031366685	0
12.136	-0.38072958208745	-0.3993327035801	376.73031366685	0
12.144	-0.38804966596836	-0.39058396721536	376.73031366685	0
12.152	-0.3952410919509	-0.38166776896842	376.73031366685	0
12.16	-0.40229969162123	-0.37258533293417	376.73031366685	0
12.168	-0.40922127572198	-0.36333799212518	376.73031366685	0
12.176	-0.41600163691903	-0.353927190746	376.73031366685	0
12.184	-0.4226365526973	-0.34435448641362	376.73031366685	0
12.192	-0.42912178838617	-0.33462155231778	376.73031366685	0
12.2	-0.43545310031466	-0.32473017931459	376.73031366685	0
12.208	-0.4416262390965	-0.31468227794679	376.73031366685	0
12.216	-0.44763695304457	-0.30447988038381	376.73031366685	0
12.224	-0.45348099171406	-0.29412514227455	376.73031366685	0
12.232	-0.45915410957341	-0.28362034450594	376.73031366685	0
12.24	-0.4646520698015	-0.27296789485981	376.73031366685	0
12.248	-0.46997064820934	-0.26217032956105	376.73031366685	0
12.256	-0.47510563728413	-0.25123031470931	376.73031366685	0
12.264	-0.48005285035304	-0.24015064758711	376.73031366685	0
12.272	-0.4848081258638	-0.22893425783659	376.73031366685	0
12.28	-0.48936733177847	-0.21758420849762	376.73031366685	0
12.288	-0.49372637007673	-0.20610369689957	376.73031366685	0
12.296	-0.49788118136423	-0.19449605539943	376.73031366685	0
12.304	-0.50182774958113	-0.18276475195875	376.73031366685	0
12.312	-0.50556210680576	-0.17091339055222	376.73031366685	0
12.32	-0.50908033814735	-0.15894571140052	376.73031366685	0
12.328	-0.51237858672193	-0.14686559102057	376.73031366685	0
12.336	-0.51545305870443	-0.13467704208613	376.73031366685	0
12.344	-0.51830002844983	-0.12238421309228	376.73031366685	0
12.352	-0.52091584367577	-0.10999138781718	376.73031366685	0
12.36	-0.52329693069841	-0.097502984575054	376.73031366685	0
12.368	-0.52543979971281	-0.084923555254569	376.73031366685	0
12.376	-0.52734105010891	-0.072257784137109	376.73031366685	0
12.384	-0.52899737581339	-0.059510486489794	376.73031366685	0
12.392	-0.53040557064759	-0.046686606928607	376.73031366685	0
12.4	-0.53156253369088	-0.033791217547319	376.73031366685	0
12.408	-0.53246527463885	-0.020829515808495	376.73031366685	0
12.416	-0.533110919145	-0.0078068221932796	376.73031366685	0
12.424	-0.53349671413445	0.0052714223927449	376.73031366685	0
12.432	-0.53362003307767	0.018399659459708	376.73031366685	0
12.44	-0.53347838121218	0.031572216021191	376.73031366685	0
12.448	-0.53306940069963	0.044783307930411	376.73031366685	0
12.456	-0.53239087570559	0.058027043465079	376.73031366685	0
12.464	-0.5314407373892	0.071297427160427	376.73031366685	0
12.472	-0.5302170687895	0.084588363889247	376.73031366685	0
12.48	-0.52871810959541	0.097893663187004	376.73031366685	0
12.488	-0.52694226078591	0.11120704381934	376.73031366685	0
12.496	-0.52488808912733	0.12452213858851	376.73031366685	0
12.504	-0.52255433151435	0.13783249937449	376.73031366685	0
12.512	-0.51993989914152	0.15113160240577	376.73031366685	0
12.52	-0.51704388149225	0.164412853754	376.73031366685	0
12.528	-0.51386555013243	0.17766959504574	376.73031366685	0
12.536	-0.51040436229582	0.19089510938398	376.73031366685	0
12.544	-0.50665996424896	0.20408262747124	376.73031366685	0
12.552	-0.50263219442348	0.21722533392496	376.73031366685	0
12.56	-0.49832108630407	0.23031637377567	376.73031366685	0
12.568	-0.49372687106105	0.24334885913713	376.73031366685	0
12.576	-0.48884997991649	0.25631587603727	376.73031366685	0
12.584	-0.48369104623404	0.26921049139777	376.73031366685	0
12.592	-0.47825090732257	0.28202576014959	376.73031366685	0
12.6	-0.47253060594491	0.29475473247109	376.73031366685	0
12.608	-0.46653139152326	0.3073904611347	376.73031366685	0
12.616	-0.46025472103398	0.31992600894745	376.73031366685	0
12.624	-0.45370225958482	0.33235445627048	376.73031366685	0
12.632	-0.44687588066892	0.3446689086015	376.73031366685	0
12.64	-0.43977766609048	0.35686250420459	376.73031366685	0
12.648	-0.43240990555802	0.36892842177047	376.73031366685	0
12.656	-0.42477509594207	0.38085988809078	376.73031366685	0
12.664	-0.41687594019505	0.39265018572913	376.73031366685	0
12.672	-0.40871534593226	0.40429266067164	376.73031366685	0
12.68	-0.40029642367355	0.41578072993979	376.73031366685	0
12.688	-0.39162248474668	0.42710788914778	376.73031366685	0
12.696	-0.38269703885411	0.43826771998715	376.73031366685	0
12.704	-0.37352379130603	0.4492538976211	376.73031366685	0
12.712	-0.36410663992368	0.4600601979712	376.73031366685	0
12.72	-0.35444967161768	0.47068050487943	376.73031366685	0
12.728	-0.34455715864747	0.48110881712857	376.73031366685	0
12.736	-0.33443355456869	0.4913392553045	376.73031366685	0
12.744	-0.32408348987644	0.50136606848416	376.73031366685	0
12.752	-0.31351176735327	0.51118364073368	376.73031366685	0
12.76	-0.30272335713169	0.52078649740117	376.73031366685	0
12.768	-0.29172339148184	0.53016931118995	376.73031366685	0
12.776	-0.28051715933586	0.53932690799802	376.73031366685	0
12.784	-0.26911010056126	0.5482542725106	376.73031366685	0
12.792	-0.25750779999637	0.55694655353327	376.73031366685	0
12.8	-0.24571598126167	0.56539906905387	376.73031366685	0
12.808	-0.23374050036139	0.57360731102245	376.73031366685	0
12.816	-0.22158733909038	0.58156694983917	376.73031366685	0
12.824	-0.20926259826192	0.58927383854103	376.73031366685	0
12.832	-0.19677249077239	0.59672401667938	376.73031366685	0
12.84	-0.18412333451928	0.60391371388101	376.73031366685	0
12.848	-0.17132154518927	0.61083935308664	376.73031366685	0
12.856	-0.15837362893351	0.61749755346161	376.73031366685	0
12.864	-0.14528617494728	0.6238851329747	376.73031366685	0
12.872	-0.13206584797148	0.62999911064188	376.73031366685	0
12.88	-0.11871938073328	0.63583670843299	376.73031366685	0
12.888	-0.10525356634366	0.64139535284021	376.73031366685	0
12.896	-0.091675250668932	0.64667267610833	376.73031366685	0
12.904	-0.077991324693705	0.6516665171277	376.73031366685	0
12.912	-0.064208716892314	0.65637492199196	376.73031366685	0
12.92	-0.050334385625545	0.66079614422328	376.73031366685	0
12.928	-0.036375311579116	0.66492864466913	376.73031366685	0
12.936	-0.022338490260106	0.66877109107514	376.73031366685	0
12.944	-0.0082309245669636	0.67232235733999	376.73031366685	0
12.952	0.0059403825516091	0.6755815224584	376.73031366685	0
12.96	0.020168435334241	0.67854786915991	376.73031366685	0
12.968	0.034446252326826	0.68122088225113	376.73031366685	0
12.976	0.048766873371267	0.68360024667043	376.73031366685	0
12.984	0.063123366450181	0.68568584526433	376.73031366685	0
12.992	0.077508834375366	0.68747775629562	376.73031366685	0
13	0.091916421308555	0.68897625069385	376.73031366685	0
13.008	0.10633931910376	0.69018178905913	376.73031366685	0
13.016	0.12077077346114	0.69109501843092	376.73031366685	0
13.024	0.13520408988329	0.69171676883348	376.73031366685	0
13.032	0.14963263942539	0.69204804961065	376.73031366685	0
13.04	0.16404986423174	0.69209004556203	376.73031366685	0
13.048	0.17844928285177	0.69184411289379	376.73031366685	0
13.056	0.1928244953294	0.69131177499678	376.73031366685	0
13.064	0.20716918806075	0.69049471806521	376.73031366685	0
13.072	0.22147713841555	0.68939478656905	376.73031366685	0
13.08	0.23574221911871	0.68801397859335	376.73031366685	0
13.088	0.24995840238907	0.6863544410577	376.73031366685	0
13.096	0.26411976383338	0.68441846482895	376.73031366685	0
13.104	0.27822048609383	0.68220847974028	376.73031366685	0
13.112	0.29225486224877	0.67972704952941	376.73031366685	0
13.12	0.3062172989664	0.67697686670873	376.73031366685	0
13.128	0.32010231941221	0.67396074737974	376.73031366685	0
13.136	0.33390456591153	0.67068162600412	376.73031366685	0
13.144	0.34761880236903	0.66714255014316	376.73031366685	0
13.152	0.36123991644775	0.66334667517734	376.73031366685	0
13.16	0.37476292151081	0.65929725901715	376.73031366685	0
13.168	0.38818295832917	0.6549976568161	376.73031366685	0
13.176	0.40149529655981	0.65045131569635	376.73031366685	0
13.184	0.41469533599856	0.645661769497	376.73031366685	0
13.192	0.42777860761277	0.64063263355473	376.73031366685	0
13.2	0.44074077435907	0.63536759952588	376.73031366685	0
13.208	0.45357763179177	0.62987043025874	376.73031366685	0
13.216	0.46628510846817	0.62414495472432	376.73031366685	0
13.224	0.47885926615677	0.61819506301335	376.73031366685	0
13.232	0.4912962998552	0.61202470140678	376.73031366685	0
13.24	0.50359253762431	0.60563786752677	376.73031366685	0
13.248	0.51574444024562	0.59903860557424	376.73031366685	0
13.256	0.5277486007091	0.59223100165918	376.73031366685	0
13.264	0.53960174353847	0.58521917922888	376.73031366685	0
13.272	0.5513007239614	0.57800729459902	376.73031366685	0
13.28	0.56284252693196	0.57059953259235	376.73031366685	0
13.288	0.57422426601266	0.56300010228856	376.73031366685	0
13.296	0.58544318212375	0.55521323288932	376.73031366685	0
13.304	0.5964966421669	0.54724316970138	376.73031366685	0
13.312	0.60738213753088	0.53909417024052	376.73031366685	0
13.32	0.61809728248654	0.5307705004587	376.73031366685	0
13.328	0.62863981247836	0.52227643109629	376.73031366685	0
13.336	0.6390075823197	0.51361623416097	376.73031366685	0
13.344	0.649198564299	0.50479417953438	376.73031366685	0
13.352	0.65921084620367	0.49581453170749	376.73031366685	0
13.36	0.6690426292687	0.48668154664506	376.73031366685	0
13.368	0.67869222605658	0.47739946877945	376.73031366685	0
13.376	0.68815805827504	0.46797252813363	376.73031366685	0
13.384	0.69743865453896	0.45840493757298	376.73031366685	0
13.392	0.70653264808269	0.44870089018522	376.73031366685	0
13.4	0.71543877442867	0.43886455678756	376.73031366685	0
13.408	0.72415586901819	0.42890008355991	376.73031366685	0
13.416	0.73268286480988	0.41881158980277	376.73031366685	0
13.424	0.74101878985126	0.40860316581822	376.73031366685	0
13.432	0.74916276482863	0.39827887091224	376.73031366685	0
13.44	0.75711400060013	0.38784273151657	376.73031366685	0
13.448	0.76487179571686	0.37729873942775	376.73031366685	0
13.456	0.77243553393648	0.36665085016137	376.73031366685	0
13.464	0.77980468173367	0.35590298141908	376.73031366685	0
13.472	0.78697878581164	0.34505901166589	376.73031366685	0
13.48	0.79395747061838	0.3341227788152	376.73031366685	0
13.488	0.8007404358716	0.32309807901892	376.73031366685	0
13.496	0.80732745409567	0.31198866555998	376.73031366685	0
13.504	0.81371836817384	0.30079824784443	376.73031366685	0
13.512	0.81991308891899	0.28953049049024	376.73031366685	0
13.52	0.82591159266559	0.27818901250998	376.73031366685	0
13.528	0.83171391888567	0.26677738658451	376.73031366685	0
13.536	0.83732016783133	0.25529913842465	376.73031366685	0
13.544	0.84273049820601	0.24375774621794	376.73031366685	0
13.552	0.84794512486678	0.23215664015757	376.73031366685	0
13.56	0.85296431655957	0.22049920205043	376.73031366685	0
13.568	0.85778839368913	0.20878876500153	376.73031366685	0
13.576	0.8624177261254	0.19702861317172	376.73031366685	0
13.584	0.86685273104784	0.1852219816058	376.73031366685	0
13.592	0.87109387082889	0.17337205612835	376.73031366685	0
13.6	0.87514165095803	0.16148197330422	376.73031366685	0
13.608	0.87899661800722	0.14955482046109	376.73031366685	0
13.616	0.88265935763892	0.1375936357712	376.73031366685	0
13.624	0.88613049265732	0.12560140838965	376.73031366685	0
13.632	0.88941068110356	0.11358107864659	376.73031366685	0
13.64	0.89250061439552	0.10153553829076	376.73031366685	0
13.648	0.89540101551267	0.089467630781776	376.73031366685	0
13.656	0.89811263722628	0.077380151628679	376.73031366685	0
13.664	0.90063626037544	0.065275848772486	376.73031366685	0
13.672	0.90297269218887	0.053157423010205	376.73031366685	0
13.68	0.90512276465283	0.041027528458144	376.73031366685	0
13.688	0.90708733292506	0.02888877305228	376.73031366685	0
13.696	0.90886727379472	0.016743719083524	376.73031366685	0
13.704	0.91046348418825	0.0045948837658141	376.73031366685	0
13.712	0.91187687972102	-0.0075552601649911	376.73031366685	0
13.72	0.91310839329442	-0.019704283823355	376.73031366685	0
13.728	0.91415897373823	-0.031849801519311	376.73031366685	0
13.736	0.91502958449793	-0.043989470078531	376.73031366685	0
13.744	0.91572120236649	-0.056120988138966	376.73031366685	0
13.752	0.91623481626033	-0.068242095425729	376.73031366685	0
13.76	0.91657142603896	-0.080350572005812	376.73031366685	0
13.768	0.91673204136778	-0.092444237524192	376.73031366685	0
13.776	0.91671768062356	-0.10452095042282	376.73031366685	0
13.784	0.91652936984217	-0.11657860714387	376.73031366685	0
13.792	0.91616814170772	-0.12861514131867	376.73031366685	0
13.8	0.91563503458285	-0.14062852294347	376.73031366685	0
13.808	0.91493109157939	-0.15261675754349	376.73031366685	0
13.816	0.91405735966881	-0.16457788532619	376.73031366685	0
13.824	0.91301488883187	-0.17650998032505	376.73031366685	0
13.832	0.91180473124679	-0.18841114953485	376.73031366685	0
13.84	0.91042794051543	-0.20027953203944	376.73031366685	0
13.848	0.90888557092666	-0.21211329813304	376.73031366685	0
13.856	0.90717867675647	-0.22391064843587	376.73031366685	0
13.864	0.90530831160401	-0.235669813005	376.73031366685	0
13.872	0.90327552776308	-0.24738905044131	376.73031366685	0
13.88	0.90108137562833	-0.25906664699318	376.73031366685	0
13.888	0.8987269031356	-0.27070091565774	376.73031366685	0
13.896	0.89621315523579	-0.28229019528033	376.73031366685	0
13.904	0.89354117340162	-0.29383284965274	376.73031366685	0
13.912	0.89071199516668	-0.30532726661096	376.73031366685	0
13.92	0.88772665369625	-0.31677185713287	376.73031366685	0
13.928	0.88458617738926	-0.32816505443646	376.73031366685	0
13.936	0.88129158951083	-0.33950531307903	376.73031366685	0
13.944	0.87784390785492	-0.35079110805794	376.73031366685	0
13.952	0.87424414443646	-0.36202093391314	376.73031366685	0
13.96	0.87049330521253	-0.37319330383211	376.73031366685	0
13.968	0.86659238983213	-0.38430674875737	376.73031366685	0
13.976	0.86254239141391	-0.39535981649705	376.73031366685	0
13.984	0.85834429635161	-0.40635107083885	376.73031366685	0
13.992	0.85399908414667	-0.41727909066751	376.73031366685	0
14	0.84950772726754	-0.42814246908632	376.73031366685	0

Curvelabel          = SZmax(1),Zmax(1)_(9)
Filename            = ^cSZmax(1)Zmax(1).sig
Npoints             = 1001
Type                = 8
Subtype             = 16
Result type         = complex:none;impedance
View type           = Cartesian
Plot type           = Magnitude dB
Parameters          = {C_off=0.16; C_on_approx=1000; Cx=0.16; Cy=0.16; L1=3.1; L_diode=0.45; Lpin=0.45; R1=2.5; R_off=10; R_on=1; Rx=10; Ry=10; S1=0.3; W1=6; W2=5.5; alpha1=60; antipad_d=0.8; bias_w=0.2; common_return_y=2; eps_bond=3.52; eps_f4bm=2.65; eps_fr4=4.4; fmax=14; fmin=6; h1=3; h2=0.5; hbond=0.1; p=15; phi=0; phi_inc=0; pin_inset=0.02; sigma_cu=5.8e+07; tand_bond=0.004; tand_f4bm=0.003; tand_fr4=0.02; tcu=0.035; theta=0; theta_inc=0; via_d=0.3}
Data/Title          = S-Parameters
X/Label             = Frequency
X/Unit              = GHz
Y/Unit              = 
Y/Logfactor         = 20
Plot/wrapHeuristics = 0

6	0.94001459954497	0.31458674457809	376.73031366685	0
6.008	0.94212480231846	0.30835070557294	376.73031366685	0
6.016	0.94419351409232	0.30209459705052	376.73031366685	0
6.024	0.94622058665772	0.29581853350184	376.73031366685	0
6.032	0.94820586878972	0.28952262986986	376.73031366685	0
6.04	0.95014920623681	0.28320700161256	376.73031366685	0
6.048	0.95205044171091	0.27687176476635	376.73031366685	0
6.056	0.95390941487743	0.2705170360097	376.73031366685	0
6.064	0.95572596234573	0.26414293272709	376.73031366685	0
6.072	0.95749991765972	0.25774957307328	376.73031366685	0
6.08	0.95923111128876	0.25133707603788	376.73031366685	0
6.088	0.96091937061887	0.24490556151036	376.73031366685	0
6.096	0.96256451994408	0.2384551503453	376.73031366685	0
6.104	0.9641663804582	0.23198596442814	376.73031366685	0
6.112	0.96572477024678	0.22549812674131	376.73031366685	0
6.12	0.96723950427938	0.21899176143078	376.73031366685	0
6.128	0.96871039440216	0.21246699387306	376.73031366685	0
6.136	0.97013724933069	0.20592395074264	376.73031366685	0
6.144	0.97151987464322	0.19936276008003	376.73031366685	0
6.152	0.97285807277413	0.1927835513601	376.73031366685	0
6.16	0.97415164300776	0.18618645556118	376.73031366685	0
6.168	0.97540038147267	0.17957160523453	376.73031366685	0
6.176	0.97660408113608	0.17293913457442	376.73031366685	0
6.184	0.97776253179884	0.16628917948884	376.73031366685	0
6.192	0.97887552009071	0.15962187767077	376.73031366685	0
6.2	0.97994282946601	0.15293736867002	376.73031366685	0
6.208	0.9809642401997	0.14623579396582	376.73031366685	0
6.216	0.98193952938394	0.13951729704	376.73031366685	0
6.224	0.98286847092495	0.1327820234508	376.73031366685	0
6.232	0.98375083554048	0.12603012090751	376.73031366685	0
6.24	0.9845863907576	0.11926173934564	376.73031366685	0
6.248	0.98537490091109	0.11247703100303	376.73031366685	0
6.256	0.98611612714224	0.10567615049651	376.73031366685	0
6.264	0.9868098273983	0.098859254899516	376.73031366685	0
6.272	0.98745575643232	0.092026503820315	376.73031366685	0
6.28	0.9880536658036	0.085178059481172	376.73031366685	0
6.288	0.98860330387883	0.078314086798307	376.73031366685	0
6.296	0.98910441583365	0.071434753462628	376.73031366685	0
6.304	0.98955674365498	0.064540230021455	376.73031366685	0
6.312	0.98996002614395	0.057630689960992	376.73031366685	0
6.32	0.99031399891945	0.050706309789771	376.73031366685	0
6.328	0.99061839442249	0.043767269123025	376.73031366685	0
6.336	0.99087294192114	0.036813750767915	376.73031366685	0
6.344	0.99107736751637	0.029845940809825	376.73031366685	0
6.352	0.99123139414852	0.022864028699489	376.73031366685	0
6.36	0.99133474160471	0.015868207341232	376.73031366685	0
6.368	0.99138712652693	0.008858673182145	376.73031366685	0
6.376	0.99138826242119	0.0018356263022656	376.73031366685	0
6.384	0.99133785966733	-0.0052007294941334	376.73031366685	0
6.392	0.99123562552996	-0.012250186586282	376.73031366685	0
6.4	0.99108126417023	-0.019312533443526	376.73031366685	0
6.408	0.99087447665866	-0.026387554530882	376.73031366685	0
6.416	0.99061496098892	-0.033475030213484	376.73031366685	0
6.424	0.99030241209278	-0.040574736659902	376.73031366685	0
6.432	0.98993652185606	-0.047686445744377	376.73031366685	0
6.44	0.98951697913579	-0.054809924947838	376.73031366685	0
6.448	0.98904346977842	-0.061944937257815	376.73031366685	0
6.456	0.98851567663947	-0.069091241067173	376.73031366685	0
6.464	0.98793327960416	-0.07624859007163	376.73031366685	0
6.472	0.98729595560958	-0.083416733166098	376.73031366685	0
6.48	0.98660337866804	-0.090595414339825	376.73031366685	0
6.488	0.98585521989189	-0.097784372570282	376.73031366685	0
6.496	0.98505114751972	-0.10498334171584	376.73031366685	0
6.504	0.98419082694408	-0.11219205040721	376.73031366685	0
6.512	0.98327392074072	-0.11941022193756	376.73031366685	0
6.52	0.98230008869938	-0.12663757415148	376.73031366685	0
6.528	0.98126898785618	-0.13387381933257	376.73031366685	0
6.536	0.98018027252782	-0.14111866408983	376.73031366685	0
6.544	0.97903359434734	-0.14837180924267	376.73031366685	0
6.552	0.97782860230178	-0.15563294970474	376.73031366685	0
6.56	0.97656494277163	-0.16290177436632	376.73031366685	0
6.568	0.97524225957222	-0.17017796597556	376.73031366685	0
6.576	0.97386019399702	-0.17746120101827	376.73031366685	0
6.584	0.97241838486298	-0.1847511495965	376.73031366685	0
6.592	0.97091646855798	-0.19204747530576	376.73031366685	0
6.6	0.96935407909034	-0.19934983511091	376.73031366685	0
6.608	0.96773084814063	-0.2066578792208	376.73031366685	0
6.616	0.96604640511568	-0.21397125096152	376.73031366685	0
6.624	0.96430037720495	-0.2212895866484	376.73031366685	0
6.632	0.96249238943936	-0.22861251545669	376.73031366685	0
6.64	0.9606220647525	-0.23593965929094	376.73031366685	0
6.648	0.95868902404443	-0.24327063265305	376.73031366685	0
6.656	0.95669288624817	-0.25060504250909	376.73031366685	0
6.664	0.95463326839877	-0.25794248815487	376.73031366685	0
6.672	0.95250978570524	-0.26528256108013	376.73031366685	0
6.68	0.95032205162527	-0.27262484483161	376.73031366685	0
6.688	0.94806967794296	-0.27996891487481	376.73031366685	0
6.696	0.94575227484945	-0.28731433845457	376.73031366685	0
6.704	0.94336945102676	-0.29466067445443	376.73031366685	0
6.712	0.94092081373471	-0.30200747325483	376.73031366685	0
6.72	0.93840596890118	-0.30935427659016	376.73031366685	0
6.728	0.93582452121563	-0.31670061740463	376.73031366685	0
6.736	0.93317607422618	-0.32404601970714	376.73031366685	0
6.744	0.9304602304401	-0.33138999842496	376.73031366685	0
6.752	0.927676591428	-0.33873205925649	376.73031366685	0
6.76	0.92482475793169	-0.34607169852289	376.73031366685	0
6.768	0.92190432997587	-0.35340840301886	376.73031366685	0
6.776	0.91891490698372	-0.36074164986243	376.73031366685	0
6.784	0.9158560878965	-0.36807090634384	376.73031366685	0
6.792	0.91272747129724	-0.37539562977369	376.73031366685	0
6.8	0.90952865553862	-0.38271526733015	376.73031366685	0
6.808	0.90625923887521	-0.39002925590558	376.73031366685	0
6.816	0.90291881960003	-0.39733702195236	376.73031366685	0
6.824	0.89950699618575	-0.40463798132815	376.73031366685	0
6.832	0.89602336743035	-0.41193153914058	376.73031366685	0
6.84	0.89246753260764	-0.41921708959143	376.73031366685	0
6.848	0.88883909162259	-0.4264940158204	376.73031366685	0
6.856	0.88513764517152	-0.43376168974854	376.73031366685	0
6.864	0.88136279490745	-0.44101947192136	376.73031366685	0
6.872	0.87751414361058	-0.4482667113518	376.73031366685	0
6.88	0.87359129536403	-0.45550274536306	376.73031366685	0
6.888	0.86959385573503	-0.46272689943142	376.73031366685	0
6.896	0.86552143196154	-0.46993848702914	376.73031366685	0
6.904	0.86137363314458	-0.47713680946755	376.73031366685	0
6.912	0.85715007044623	-0.48432115574039	376.73031366685	0
6.92	0.85285035729355	-0.49149080236758	376.73031366685	0
6.928	0.84847410958843	-0.49864501323946	376.73031366685	0
6.936	0.84402094592358	-0.5057830394617	376.73031366685	0
6.944	0.83949048780463	-0.5129041192009	376.73031366685	0
6.952	0.83488235987872	-0.52000747753113	376.73031366685	0
6.96	0.83019619016938	-0.52709232628146	376.73031366685	0
6.968	0.82543161031806	-0.53415786388462	376.73031366685	0
6.976	0.82058825583233	-0.54120327522707	376.73031366685	0
6.984	0.81566576634087	-0.54822773150039	376.73031366685	0
6.992	0.81066378585534	-0.55523039005441	376.73031366685	0
7	0.80558196303938	-0.56221039425209	376.73031366685	0
7.008	0.80041995148462	-0.56916687332636	376.73031366685	0
7.016	0.79517740999405	-0.57609894223908	376.73031366685	0
7.024	0.78985400287273	-0.58300570154243	376.73031366685	0
7.032	0.78444940022598	-0.58988623724269	376.73031366685	0
7.04	0.7789632782651	-0.59673962066688	376.73031366685	0
7.048	0.77339531962092	-0.60356490833224	376.73031366685	0
7.056	0.76774521366501	-0.61036114181896	376.73031366685	0
7.064	0.76201265683885	-0.61712734764618	376.73031366685	0
7.072	0.75619735299103	-0.62386253715171	376.73031366685	0
7.08	0.75029901372245	-0.63056570637557	376.73031366685	0
7.088	0.74431735873983	-0.63723583594758	376.73031366685	0
7.096	0.73825211621738	-0.64387189097938	376.73031366685	0
7.104	0.7321030231669	-0.65047282096105	376.73031366685	0
7.112	0.72586982581626	-0.65703755966262	376.73031366685	0
7.12	0.71955227999648	-0.6635650250408	376.73031366685	0
7.128	0.71315015153729	-0.67005411915108	376.73031366685	0
7.136	0.70666321667141	-0.67650372806574	376.73031366685	0
7.144	0.70009126244751	-0.68291272179785	376.73031366685	0
7.152	0.69343408715191	-0.68927995423167	376.73031366685	0
7.16	0.68669150073911	-0.69560426305982	376.73031366685	0
7.168	0.67986332527115	-0.70188446972745	376.73031366685	0
7.176	0.67294939536587	-0.70811937938385	376.73031366685	0
7.184	0.66594955865396	-0.71430778084185	376.73031366685	0
7.192	0.65886367624509	-0.72044844654521	376.73031366685	0
7.2	0.65169162320277	-0.72654013254467	376.73031366685	0
7.208	0.64443328902826	-0.73258157848276	376.73031366685	0
7.216	0.63708857815327	-0.73857150758787	376.73031366685	0
7.224	0.62965741044163	-0.74450862667804	376.73031366685	0
7.232	0.62213972169967	-0.75039162617477	376.73031366685	0
7.24	0.61453546419549	-0.75621918012733	376.73031366685	0
7.248	0.60684460718688	-0.76198994624798	376.73031366685	0
7.256	0.59906713745794	-0.76770256595853	376.73031366685	0
7.264	0.59120305986419	-0.77335566444864	376.73031366685	0
7.272	0.58325239788625	-0.77894785074646	376.73031366685	0
7.28	0.57521519419172	-0.78447771780185	376.73031366685	0
7.288	0.56709151120539	-0.7899438425828	376.73031366685	0
7.296	0.55888143168745	-0.79534478618553	376.73031366685	0
7.304	0.55058505931964	-0.80067909395859	376.73031366685	0
7.312	0.54220251929906	-0.80594529564171	376.73031366685	0
7.32	0.53373395893953	-0.81114190551955	376.73031366685	0
7.328	0.52517954828028	-0.81626742259126	376.73031366685	0
7.336	0.5165394807016	-0.82132033075593	376.73031366685	0
7.344	0.50781397354743	-0.82629909901482	376.73031366685	0
7.352	0.4990032687543	-0.83120218169058	376.73031366685	0
7.36	0.49010763348667	-0.83602801866418	376.73031366685	0
7.368	0.48112736077798	-0.84077503563002	376.73031366685	0
7.376	0.47206277017745	-0.84544164436966	376.73031366685	0
7.384	0.46291420840183	-0.85002624304482	376.73031366685	0
7.392	0.45368204999217	-0.85452721651007	376.73031366685	0
7.4	0.44436669797474	-0.8589429366459	376.73031366685	0
7.408	0.43496858452602	-0.86327176271244	376.73031366685	0
7.416	0.42548817164107	-0.86751204172463	376.73031366685	0
7.424	0.41592595180485	-0.87166210884918	376.73031366685	0
7.432	0.40628244866595	-0.87572028782392	376.73031366685	0
7.44	0.39655821771223	-0.87968489140003	376.73031366685	0
7.448	0.38675384694771	-0.88355422180772	376.73031366685	0
7.456	0.3768699575701	-0.88732657124575	376.73031366685	0
7.464	0.36690720464841	-0.8910002223954	376.73031366685	0
7.472	0.35686627779988	-0.89457344895936	376.73031366685	0
7.48	0.34674790186552	-0.89804451622589	376.73031366685	0
7.488	0.33655283758368	-0.90141168165899	376.73031366685	0
7.496	0.32628188226056	-0.90467319551471	376.73031366685	0
7.504	0.31593587043729	-0.90782730148428	376.73031366685	0
7.512	0.30551567455232	-0.91087223736439	376.73031366685	0
7.52	0.29502220559859	-0.91380623575503	376.73031366685	0
7.528	0.28445641377435	-0.91662752478523	376.73031366685	0
7.536	0.27381928912689	-0.91933432886725	376.73031366685	0
7.544	0.263111862188	-0.92192486947929	376.73031366685	0
7.552	0.25233520460041	-0.92439736597725	376.73031366685	0
7.56	0.24149042973395	-0.92675003643575	376.73031366685	0
7.568	0.23057869329054	-0.92898109851867	376.73031366685	0
7.576	0.21960119389683	-0.93108877037947	376.73031366685	0
7.584	0.20855917368337	-0.93307127159148	376.73031366685	0
7.592	0.19745391884917	-0.93492682410828	376.73031366685	0
7.6	0.18628676021046	-0.93665365325442	376.73031366685	0
7.608	0.17505907373244	-0.93824998874638	376.73031366685	0
7.616	0.16377228104275	-0.93971406574407	376.73031366685	0
7.624	0.15242784992539	-0.94104412593261	376.73031366685	0
7.632	0.14102729479379	-0.94223841863457	376.73031366685	0
7.64	0.1295721771417	-0.94329520195244	376.73031366685	0
7.648	0.11806410597058	-0.94421274394134	376.73031366685	0
7.656	0.10650473819202	-0.94498932381158	376.73031366685	0
7.664	0.094895779003878	-0.94562323316105	376.73031366685	0
7.672	0.083238982238666	-0.94611277723701	376.73031366685	0
7.68	0.071536150682791	-0.94645627622696	376.73031366685	0
7.688	0.059789136365124	-0.94665206657819	376.73031366685	0
7.696	0.047999840813481	-0.94669850234552	376.73031366685	0
7.704	0.036170215277521	-0.94659395656671	376.73031366685	0
7.712	0.024302260916546	-0.94633682266491	376.73031366685	0
7.72	0.012398028950731	-0.9459255158775	376.73031366685	0
7.728	0.00045962077425818	-0.94535847471058	376.73031366685	0
7.736	-0.011510811971145	-0.94463416241824	376.73031366685	0
7.744	-0.023511067363773	-0.94375106850582	376.73031366685	0
7.752	-0.035538893212115	-0.94270771025613	376.73031366685	0
7.76	-0.047591987109123	-0.94150263427756	376.73031366685	0
7.768	-0.059667996532073	-0.94013441807307	376.73031366685	0
7.776	-0.071764518989466	-0.93860167162877	376.73031366685	0
7.784	-0.083879102216441	-0.93690303902087	376.73031366685	0
7.792	-0.096009244420111	-0.93503720003959	376.73031366685	0
7.8	-0.10815239457623	-0.93300287182866	376.73031366685	0
7.808	-0.12030595277856	-0.93079881053885	376.73031366685	0
7.816	-0.13246727064226	-0.92842381299392	376.73031366685	0
7.824	-0.14463365176267	-0.92587671836733	376.73031366685	0
7.832	-0.15680235223054	-0.92315640986797	376.73031366685	0
7.84	-0.16897058120521	-0.92026181643295	376.73031366685	0
7.848	-0.18113550154661	-0.9171919144257	376.73031366685	0
7.856	-0.19329423050735	-0.91394572933719	376.73031366685	0
7.864	-0.2054438404858	-0.91052233748829	376.73031366685	0
7.872	-0.2175813598413	-0.90692086773108	376.73031366685	0
7.88	-0.22970377377217	-0.90314050314685	376.73031366685	0
7.888	-0.2418080252575	-0.89918048273846	376.73031366685	0
7.896	-0.2538910160634	-0.89504010311477	376.73031366685	0
7.904	-0.26594960781427	-0.89071872016444	376.73031366685	0
7.912	-0.27798062312985	-0.88621575071691	376.73031366685	0
7.92	-0.28998084682817	-0.88153067418766	376.73031366685	0
7.928	-0.30194702719519	-0.87666303420529	376.73031366685	0
7.936	-0.31387587732087	-0.87161244021758	376.73031366685	0
7.944	-0.32576407650228	-0.86637856907391	376.73031366685	0
7.952	-0.33760827171347	-0.86096116658111	376.73031366685	0
7.96	-0.34940507914199	-0.85536004902991	376.73031366685	0
7.968	-0.36115108579212	-0.84957510468913	376.73031366685	0
7.976	-0.37284285115406	-0.8436062952647	376.73031366685	0
7.984	-0.38447690893893	-0.83745365732049	376.73031366685	0
7.992	-0.39604976887877	-0.83111730365798	376.73031366685	0
8	-0.4075579185908	-0.82459742465191	376.73031366685	0
8.008	-0.41899782550514	-0.8178942895387	376.73031366685	0
8.016	-0.43036593885484	-0.81100824765481	376.73031366685	0
8.024	-0.44165869172703	-0.80393972962201	376.73031366685	0
8.032	-0.45287250317396	-0.79668924847649	376.73031366685	0
8.04	-0.46400378038233	-0.78925740073893	376.73031366685	0
8.048	-0.47504892089929	-0.78164486742264	376.73031366685	0
8.056	-0.48600431491335	-0.77385241497673	376.73031366685	0
8.064	-0.49686634758824	-0.76588089616158	376.73031366685	0
8.072	-0.50763140144769	-0.75773125085374	376.73031366685	0
8.08	-0.51829585880869	-0.74940450677757	376.73031366685	0
8.088	-0.52885610426108	-0.7409017801609	376.73031366685	0
8.096	-0.53930852719076	-0.73222427631215	376.73031366685	0
8.104	-0.54964952434392	-0.72337329011639	376.73031366685	0
8.112	-0.55987550242936	-0.71435020644793	376.73031366685	0
8.12	-0.56998288075601	-0.7051565004971	376.73031366685	0
8.128	-0.5799680939025	-0.69579373800911	376.73031366685	0
8.136	-0.58982759441561	-0.68626357543281	376.73031366685	0
8.144	-0.59955785553399	-0.67656775997747	376.73031366685	0
8.152	-0.60915537393405	-0.6667081295757	376.73031366685	0
8.16	-0.61861667249396	-0.65668661275096	376.73031366685	0
8.168	-0.62793830307245	-0.64650522838803	376.73031366685	0
8.176	-0.63711684929823	-0.63616608540512	376.73031366685	0
8.184	-0.64614892936639	-0.62567138232645	376.73031366685	0
8.192	-0.65503119883757	-0.61502340675429	376.73031366685	0
8.2	-0.66376035343591	-0.60422453473954	376.73031366685	0
8.208	-0.67233313184157	-0.59327723005036	376.73031366685	0
8.216	-0.68074631847362	-0.58218404333816	376.73031366685	0
8.224	-0.68899674625904	-0.57094761120095	376.73031366685	0
8.232	-0.69708129938339	-0.55957065514372	376.73031366685	0
8.24	-0.70499691601897	-0.5480559804362	376.73031366685	0
8.248	-0.71274059102596	-0.53640647486822	376.73031366685	0
8.256	-0.72030937862219	-0.52462510740325	376.73031366685	0
8.264	-0.72770039501714	-0.51271492673089	376.73031366685	0
8.272	-0.73491082100585	-0.50067905971935	376.73031366685	0
8.28	-0.74193790451831	-0.48852070976894	376.73031366685	0
8.288	-0.74877896311999	-0.47624315506819	376.73031366685	0
8.296	-0.75543138645935	-0.46384974675407	376.73031366685	0
8.304	-0.761892638658	-0.45134390697813	376.73031366685	0
8.312	-0.76816026063941	-0.4387291268808	376.73031366685	0
8.32	-0.77423187239207	-0.42600896447573	376.73031366685	0
8.328	-0.78010517516314	-0.41318704244707	376.73031366685	0
8.336	-0.7857779535788	-0.40026704586188	376.73031366685	0
8.344	-0.7912480776873	-0.38725271980095	376.73031366685	0
8.352	-0.79651350492138	-0.37414786691063	376.73031366685	0
8.36	-0.80157228197635	-0.36095634487933	376.73031366685	0
8.368	-0.80642254660054	-0.3476820638416	376.73031366685	0
8.376	-0.81106252929497	-0.33432898371389	376.73031366685	0
8.384	-0.81549055491912	-0.32090111146509	376.73031366685	0
8.392	-0.81970504420004	-0.30740249832638	376.73031366685	0
8.4	-0.82370451514204	-0.29383723694375	376.73031366685	0
8.408	-0.82748758433455	-0.28020945847795	376.73031366685	0
8.416	-0.83105296815583	-0.26652332965558	376.73031366685	0
8.424	-0.83439948387045	-0.25278304977613	376.73031366685	0
8.432	-0.83752605061871	-0.23899284767919	376.73031366685	0
8.44	-0.84043169029625	-0.22515697867651	376.73031366685	0
8.448	-0.84311552832257	-0.21127972145351	376.73031366685	0
8.456	-0.84557679429712	-0.19736537494496	376.73031366685	0
8.464	-0.84781482254205	-0.18341825518964	376.73031366685	0
8.472	-0.84982905253085	-0.16944269216862	376.73031366685	0
8.48	-0.85161902920242	-0.15544302663225	376.73031366685	0
8.488	-0.85318440316014	-0.14142360692049	376.73031366685	0
8.496	-0.85452493075611	-0.12738878578144	376.73031366685	0
8.504	-0.85564047406056	-0.11334291719307	376.73031366685	0
8.512	-0.85653100071691	-0.099290353192827	376.73031366685	0
8.52	-0.85719658368322	-0.085235440719874	376.73031366685	0
8.528	-0.85763740086067	-0.071182518474811	376.73031366685	0
8.536	-0.85785373461047	-0.057135913801481	376.73031366685	0
8.544	-0.85784597116027	-0.043099939595435	376.73031366685	0
8.552	-0.85761459990171	-0.029078891243655	376.73031366685	0
8.56	-0.85716021258084	-0.015077043599875	376.73031366685	0
8.568	-0.85648350238332	-0.0010986479998969	376.73031366685	0
8.576	-0.85558526291662	0.01285207067897	376.73031366685	0
8.584	-0.85446638709142	0.026770916910176	376.73031366685	0
8.592	-0.85312786590482	0.040653727358057	376.73031366685	0
8.6	-0.85157078712801	0.054496373661911	376.73031366685	0
8.608	-0.84979633390124	0.068294765160466	376.73031366685	0
8.616	-0.84780578323904	0.082044851553156	376.73031366685	0
8.624	-0.84560050444893	0.095742625494963	376.73031366685	0
8.632	-0.84318195746687	0.10938412512157	376.73031366685	0
8.64	-0.84055169111271	0.12296543650194	376.73031366685	0
8.648	-0.83771134126943	0.13648269601541	376.73031366685	0
8.656	-0.83466262898946	0.14993209265085	376.73031366685	0
8.664	-0.83140735853215	0.16330987022523	376.73031366685	0
8.672	-0.82794741533584	0.17661232951963	376.73031366685	0
8.68	-0.82428476392864	0.18983583033045	376.73031366685	0
8.688	-0.82042144578174	0.2029767934341	376.73031366685	0
8.696	-0.81635957710922	0.21603170246347	376.73031366685	0
8.704	-0.81210134661844	0.22899710569482	376.73031366685	0
8.712	-0.80764901321495	0.24186961774375	376.73031366685	0
8.72	-0.8030049036661	0.25464592116932	376.73031366685	0
8.728	-0.79817141022727	0.26732276798536	376.73031366685	0
8.736	-0.7931509882349	0.27989698107846	376.73031366685	0
8.744	-0.78794615367033	0.29236545553203	376.73031366685	0
8.752	-0.78255948069842	0.30472515985632	376.73031366685	0
8.76	-0.776993599185	0.31697313712418	376.73031366685	0
8.768	-0.7712511921971	0.32910650601275	376.73031366685	0
8.776	-0.7653349934898	0.34112246175136	376.73031366685	0
8.784	-0.75924778498358	0.353018276976	376.73031366685	0
8.792	-0.75299239423597	0.36479130249109	376.73031366685	0
8.8	-0.74657169191107	0.37643896793929	376.73031366685	0
8.808	-0.73998858925076	0.38795878238021	376.73031366685	0
8.816	-0.73324603555095	0.39934833477924	376.73031366685	0
8.824	-0.72634701564632	0.4106052944076	376.73031366685	0
8.832	-0.71929454740705	0.42172741115503	376.73031366685	0
8.84	-0.71209167925053	0.43271251575662	376.73031366685	0
8.848	-0.70474148767134	0.44355851993535	376.73031366685	0
8.856	-0.69724707479248	0.45426341646211	376.73031366685	0
8.864	-0.68961156594065	0.46482527913496	376.73031366685	0
8.872	-0.68183810724846	0.47524226267968	376.73031366685	0
8.88	-0.67392986328612	0.48551260257345	376.73031366685	0
8.888	-0.66589001472516	0.49563461479399	376.73031366685	0
8.896	-0.65772175603667	0.50560669549615	376.73031366685	0
8.904	-0.64942829322609	0.5154273206183	376.73031366685	0
8.912	-0.6410128416069	0.5250950454208	376.73031366685	0
8.92	-0.63247862361508	0.53460850395898	376.73031366685	0
8.928	-0.62382886666629	0.5439664084929	376.73031366685	0
8.936	-0.61506680105741	0.55316754883651	376.73031366685	0
8.944	-0.60619565791408	0.56221079164862	376.73031366685	0
8.952	-0.59721866718581	0.57109507966819	376.73031366685	0
8.96	-0.58813905568981	0.57981943089646	376.73031366685	0
8.968	-0.57896004520496	0.58838293772852	376.73031366685	0
8.976	-0.56968485061681	0.59678476603688	376.73031366685	0
8.984	-0.56031667811478	0.60502415420948	376.73031366685	0
8.992	-0.55085872344223	0.61310041214483	376.73031366685	0
9	-0.54131417020028	0.62101292020681	376.73031366685	0
9.008	-0.53168618820582	0.62876112814149	376.73031366685	0
9.016	-0.52197793190439	0.63634455395873	376.73031366685	0
9.024	-0.51219253883816	0.64376278278082	376.73031366685	0
9.032	-0.50233312816942	0.65101546566075	376.73031366685	0
9.04	-0.49240279925968	0.65810231837252	376.73031366685	0
9.048	-0.48240463030444	0.66502312017569	376.73031366685	0
9.056	-0.47234167702374	0.67177771255686	376.73031366685	0
9.064	-0.46221697140822	0.67836599794998	376.73031366685	0
9.072	-0.45203352052065	0.68478793843809	376.73031366685	0
9.08	-0.44179430535247	0.69104355443842	376.73031366685	0
9.088	-0.43150227973522	0.69713292337315	376.73031366685	0
9.096	-0.42116036930618	0.70305617832788	376.73031366685	0
9.104	-0.41077147052786	0.70881350669983	376.73031366685	0
9.112	-0.40033844976079	0.71440514883777	376.73031366685	0
9.12	-0.3898641423888	0.71983139667557	376.73031366685	0
9.128	-0.37935135199631	0.72509259236121	376.73031366685	0
9.136	-0.36880284959674	0.73018912688312	376.73031366685	0
9.144	-0.3582213729112	0.73512143869544	376.73031366685	0
9.152	-0.34760962569682	0.73989001234401	376.73031366685	0
9.16	-0.33697027712353	0.74449537709454	376.73031366685	0
9.168	-0.32630596119858	0.74893810556464	376.73031366685	0
9.176	-0.3156192762377	0.75321881236099	376.73031366685	0
9.184	-0.30491278438201	0.75733815272327	376.73031366685	0
9.192	-0.29418901115949	0.76129682117596	376.73031366685	0
9.2	-0.28345044509005	0.76509555018943	376.73031366685	0
9.208	-0.2726995373331	0.76873510885148	376.73031366685	0
9.216	-0.26193870137649	0.77221630155041	376.73031366685	0
9.224	-0.25117031276571	0.77553996667081	376.73031366685	0
9.232	-0.2403967088722	0.77870697530296	376.73031366685	0
9.24	-0.22962018869963	0.78171822996688	376.73031366685	0
9.248	-0.218843012727	0.78457466335186	376.73031366685	0
9.256	-0.20806740278736	0.78727723707233	376.73031366685	0
9.264	-0.19729554198105	0.78982694044087	376.73031366685	0
9.272	-0.1865295746222	0.792224789259	376.73031366685	0
9.28	-0.17577160621739	0.79447182462647	376.73031366685	0
9.288	-0.16502370347533	0.7965691117696	376.73031366685	0
9.296	-0.15428789434627	0.79851773888936	376.73031366685	0
9.304	-0.14356616809018	0.80031881602944	376.73031366685	0
9.312	-0.13286047537236	0.80197347396504	376.73031366685	0
9.32	-0.1221727283855	0.80348286311259	376.73031366685	0
9.328	-0.11150480099696	0.80484815246083	376.73031366685	0
9.336	-0.1008585289203	0.80607052852356	376.73031366685	0
9.344	-0.09023570990974	0.80715119431431	376.73031366685	0
9.352	-0.079638103976764	0.8080913683432	376.73031366685	0
9.36	-0.069067433627544	0.80889228363607	376.73031366685	0
9.368	-0.0585253841203	0.80955518677624	376.73031366685	0
9.376	-0.048013603741531	0.8100813369687	376.73031366685	0
9.384	-0.037533704100094	0.81047200512714	376.73031366685	0
9.392	-0.027087260438185	0.81072847298362	376.73031366685	0
9.4	-0.016675811958215	0.81085203222101	376.73031366685	0
9.408	-0.0063008621647054	0.81084398362813	376.73031366685	0
9.416	0.0040361207797947	0.81070563627758	376.73031366685	0
9.424	0.014333703685578	0.81043830672618	376.73031366685	0
9.432	0.024590487954386	0.81004331823787	376.73031366685	0
9.44	0.034805109186535	0.80952200002901	376.73031366685	0
9.448	0.044976236777437	0.80887568653592	376.73031366685	0
9.456	0.055102573504275	0.80810571670443	376.73031366685	0
9.464	0.065182855103653	0.80721343330136	376.73031366685	0
9.472	0.075215849840917	0.80620018224759	376.73031366685	0
9.48	0.085200358071945	0.80506731197264	376.73031366685	0
9.488	0.095135211798041	0.80381617279041	376.73031366685	0
9.496	0.10501927421468	0.80244811629583	376.73031366685	0
9.504	0.1148514392547	0.80096449478221	376.73031366685	0
9.512	0.12463063112663	0.79936666067902	376.73031366685	0
9.52	0.13435580384872	0.79765596600967	376.73031366685	0
9.528	0.14402594077935	0.79583376186913	376.73031366685	0
9.536	0.15364005414415	0.79390139792105	376.73031366685	0
9.544	0.1631971845608	0.79186022191396	376.73031366685	0
9.552	0.17269640056148	0.78971157921635	376.73031366685	0
9.56	0.18213679811404	0.78745681237023	376.73031366685	0
9.568	0.19151750014186	0.78509726066277	376.73031366685	0
9.576	0.20083765604324	0.78263425971584	376.73031366685	0
9.584	0.21009644121054	0.78006914109289	376.73031366685	0
9.592	0.21929305654957	0.77740323192299	376.73031366685	0
9.6	0.22842672799957	0.77463785454155	376.73031366685	0
9.608	0.23749670605427	0.77177432614745	376.73031366685	0
9.616	0.24650226528428	0.76881395847615	376.73031366685	0
9.624	0.25544270386111	0.76575805748845	376.73031366685	0
9.632	0.26431734308338	0.76260792307456	376.73031366685	0
9.64	0.27312552690521	0.75936484877306	376.73031366685	0
9.648	0.28186662146733	0.75603012150443	376.73031366685	0
9.656	0.29054001463103	0.75260502131881	376.73031366685	0
9.664	0.29914511551532	0.74909082115752	376.73031366685	0
9.672	0.3076813540374	0.74548878662819	376.73031366685	0
9.68	0.31614818045686	0.74180017579293	376.73031366685	0
9.688	0.32454506492357	0.73802623896928	376.73031366685	0
9.696	0.33287149702974	0.73416821854366	376.73031366685	0
9.704	0.34112698536609	0.73022734879686	376.73031366685	0
9.712	0.34931105708246	0.72620485574129	376.73031366685	0
9.72	0.35742325745293	0.72210195696966	376.73031366685	0
9.728	0.3654631494456	0.71791986151469	376.73031366685	0
9.736	0.37343031329731	0.7136597697197	376.73031366685	0
9.744	0.38132434609312	0.70932287311945	376.73031366685	0
9.752	0.38914486135102	0.70491035433128	376.73031366685	0
9.76	0.39689148861168	0.70042338695591	376.73031366685	0
9.768	0.40456387303352	0.69586313548783	376.73031366685	0
9.776	0.41216167499306	0.69123075523484	376.73031366685	0
9.784	0.41968456969072	0.6865273922465	376.73031366685	0
9.792	0.42713224676204	0.68175418325119	376.73031366685	0
9.8	0.43450440989449	0.67691225560145	376.73031366685	0
9.808	0.44180077644976	0.6720027272275	376.73031366685	0
9.816	0.44902107709181	0.6670267065983	376.73031366685	0
9.824	0.45616505542035	0.66198529269035	376.73031366685	0
9.832	0.46323246761024	0.65687957496357	376.73031366685	0
9.84	0.47022308205638	0.65171063334424	376.73031366685	0
9.848	0.4771366790244	0.64647953821463	376.73031366685	0
9.856	0.48397305030707	0.64118735040914	376.73031366685	0
9.864	0.49073199888638	0.63583512121671	376.73031366685	0
9.872	0.49741333860134	0.63042389238921	376.73031366685	0
9.88	0.50401689382152	0.62495469615561	376.73031366685	0
9.888	0.51054249912624	0.6194285552418	376.73031366685	0
9.896	0.51698999898942	0.61384648289567	376.73031366685	0
9.904	0.52335924747014	0.60820948291737	376.73031366685	0
9.912	0.52965010790874	0.60251854969452	376.73031366685	0
9.92	0.53586245262861	0.59677466824215	376.73031366685	0
9.928	0.54199616264344	0.59097881424718	376.73031366685	0
9.936	0.54805112737004	0.58513195411724	376.73031366685	0
9.944	0.5540272443467	0.57923504503373	376.73031366685	0
9.952	0.55992441895691	0.57328903500881	376.73031366685	0
9.96	0.56574256415849	0.56729486294622	376.73031366685	0
9.968	0.57148160021814	0.56125345870582	376.73031366685	0
9.976	0.57714145445125	0.55516574317152	376.73031366685	0
9.984	0.58272206096695	0.54903262832265	376.73031366685	0
9.992	0.58822336041839	0.54285501730844	376.73031366685	0
10	0.5936452997582	0.53663380452557	376.73031366685	0
10.008	0.59898783199897	0.53036987569858	376.73031366685	0
10.016	0.60425091597887	0.52406410796304	376.73031366685	0
10.024	0.60943451613219	0.51771736995135	376.73031366685	0
10.032	0.61453860226485	0.51133052188101	376.73031366685	0
10.04	0.61956314933475	0.50490441564521	376.73031366685	0
10.048	0.62450813723702	0.49843989490569	376.73031366685	0
10.056	0.62937355059394	0.49193779518769	376.73031366685	0
10.064	0.63415937854963	0.48539894397691	376.73031366685	0
10.072	0.63886561456944	0.4788241608183	376.73031366685	0
10.08	0.64349225624384	0.47221425741666	376.73031366685	0
10.088	0.64803930509697	0.46557003773892	376.73031366685	0
10.096	0.65250676639963	0.45889229811794	376.73031366685	0
10.104	0.65689464898682	0.45218182735777	376.73031366685	0
10.112	0.66120296507958	0.44543940684034	376.73031366685	0
10.12	0.66543173011131	0.43866581063335	376.73031366685	0
10.128	0.66958096255841	0.43186180559941	376.73031366685	0
10.136	0.67365068377517	0.42502815150622	376.73031366685	0
10.144	0.67764091783307	0.4181656011379	376.73031366685	0
10.152	0.68155169136418	0.41127490040711	376.73031366685	0
10.16	0.68538303340895	0.40435678846822	376.73031366685	0
10.168	0.68913497526816	0.39741199783118	376.73031366685	0
10.176	0.69280755035905	0.39044125447624	376.73031366685	0
10.184	0.6964007940758	0.38344527796935	376.73031366685	0
10.192	0.69991474365416	0.37642478157829	376.73031366685	0
10.2	0.70334943804034	0.36938047238941	376.73031366685	0
10.208	0.70670491776422	0.36231305142508	376.73031366685	0
10.216	0.70998122481685	0.35522321376171	376.73031366685	0
10.224	0.71317840253228	0.3481116486485	376.73031366685	0
10.232	0.71629649547386	0.34097903962687	376.73031366685	0
10.24	0.71933554932491	0.33382606465062	376.73031366685	0
10.248	0.72229561078393	0.32665339620701	376.73031366685	0
10.256	0.7251767274644	0.31946170143869	376.73031366685	0
10.264	0.72797894779915	0.31225164226683	376.73031366685	0
10.272	0.73070232094942	0.30502387551547	376.73031366685	0
10.28	0.73334689671862	0.29777905303737	376.73031366685	0
10.288	0.73591272547075	0.29051782184172	376.73031366685	0
10.296	0.73839985805359	0.28324082422376	376.73031366685	0
10.304	0.7408083457265	0.27594869789694	376.73031366685	0
10.312	0.74313824009269	0.26864207612791	376.73031366685	0
10.32	0.74538959303597	0.26132158787466	376.73031366685	0
10.328	0.74756245666151	0.25398785792852	376.73031366685	0
10.336	0.74965688324037	0.2466415070603	376.73031366685	0
10.344	0.75167292515738	0.23928315217127	376.73031366685	0
10.352	0.75361063486162	0.2319134064493	376.73031366685	0
10.36	0.75547006481888	0.22453287953081	376.73031366685	0
10.368	0.75725126746517	0.21714217766879	376.73031366685	0
10.376	0.75895429516011	0.20974190390733	376.73031366685	0
10.384	0.76057920013913	0.20233265826263	376.73031366685	0
10.392	0.76212603446292	0.19491503791056	376.73031366685	0
10.4	0.76359484996276	0.18748963738036	376.73031366685	0
10.408	0.76498569818004	0.18005704875388	376.73031366685	0
10.416	0.76629863029847	0.17261786186931	376.73031366685	0
10.424	0.76753369706739	0.16517266452797	376.73031366685	0
10.432	0.76869094871484	0.15772204270224	376.73031366685	0
10.44	0.76977043484937	0.15026658074248	376.73031366685	0
10.448	0.77077220434992	0.14280686158008	376.73031366685	0
10.456	0.77169630524376	0.13534346692371	376.73031366685	0
10.464	0.77254278457302	0.12787697744555	376.73031366685	0
10.472	0.7733116882513	0.12040797295425	376.73031366685	0
10.48	0.77400306091244	0.11293703255152	376.73031366685	0
10.488	0.77461694575467	0.10546473476956	376.73031366685	0
10.496	0.77515338438375	0.097991657687421	376.73031366685	0
10.504	0.77561241665968	0.090518379024865	376.73031366685	0
10.512	0.77599408055178	0.083045476213628	376.73031366685	0
10.52	0.77629841200704	0.07557352644702	376.73031366685	0
10.528	0.77652544483669	0.068103106710062	376.73031366685	0
10.536	0.77667521062505	0.060634793793499	376.73031366685	0
10.544	0.77674773866431	0.05316916429606	376.73031366685	0
10.552	0.77674305591744	0.045706794620125	376.73031366685	0
10.56	0.77666118701038	0.038248260966424	376.73031366685	0
10.568	0.77650215425309	0.030794139333466	376.73031366685	0
10.576	0.77626597768798	0.023345005527144	376.73031366685	0
10.584	0.77595267516264	0.015901435185353	376.73031366685	0
10.592	0.77556226242321	0.0084640038215465	376.73031366685	0
10.6	0.77509475322374	0.0010332868900726	376.73031366685	0
10.608	0.77455015944668	-0.0063901401251111	376.73031366685	0
10.616	0.7739284912296	-0.013805701597902	376.73031366685	0
10.624	0.77322975709341	-0.021212821624385	376.73031366685	0
10.632	0.77245396406796	-0.028610923865693	376.73031366685	0
10.64	0.77160111781164	-0.035999431371781	376.73031366685	0
10.648	0.77067122272224	-0.043377766389025	376.73031366685	0
10.656	0.76966428203721	-0.050745350154814	376.73031366685	0
10.664	0.76858029792259	-0.058101602682387	376.73031366685	0
10.672	0.76741927154991	-0.065445942539016	376.73031366685	0
10.68	0.76618120316186	-0.072777786620422	376.73031366685	0
10.688	0.76486609212722	-0.080096549923917	376.73031366685	0
10.696	0.76347393698653	-0.087401645322324	376.73031366685	0
10.704	0.76200473548978	-0.094692483340377	376.73031366685	0
10.712	0.76045848462781	-0.10196847193477	376.73031366685	0
10.72	0.75883518065897	-0.10922901627876	376.73031366685	0
10.728	0.75713481913269	-0.1164735185517	376.73031366685	0
10.736	0.75535739491132	-0.1237013777338	376.73031366685	0
10.744	0.75350290219172	-0.13091198940598	376.73031366685	0
10.752	0.75157133452762	-0.13810474555464	376.73031366685	0
10.76	0.749562684854	-0.14527903438097	376.73031366685	0
10.768	0.74747694551412	-0.15243424011427	376.73031366685	0
10.776	0.74531410828998	-0.15956974282889	376.73031366685	0
10.784	0.74307416443697	-0.16668491826419	376.73031366685	0
10.792	0.74075710472276	-0.17377913764697	376.73031366685	0
10.8	0.73836291947123	-0.18085176751591	376.73031366685	0
10.808	0.73589159861129	-0.18790216954755	376.73031366685	0
10.816	0.73334313173106	-0.19492970038325	376.73031366685	0
10.824	0.73071750813732	-0.20193371145689	376.73031366685	0
10.832	0.72801471692052	-0.20891354882287	376.73031366685	0
10.84	0.72523474702515	-0.21586855298407	376.73031366685	0
10.848	0.72237758732572	-0.2227980587196	376.73031366685	0
10.856	0.71944322670822	-0.22970139491201	376.73031366685	0
10.864	0.71643165415712	-0.23657788437388	376.73031366685	0
10.872	0.71334285884786	-0.24342684367351	376.73031366685	0
10.88	0.71017683024491	-0.25024758295968	376.73031366685	0
10.888	0.7069335582053	-0.25703940578535	376.73031366685	0
10.896	0.70361303308771	-0.26380160893029	376.73031366685	0
10.904	0.70021524586717	-0.2705334822224	376.73031366685	0
10.912	0.69674018825522	-0.27723430835791	376.73031366685	0
10.92	0.69318785282583	-0.28390336272036	376.73031366685	0
10.928	0.6895582331469	-0.29053991319824	376.73031366685	0
10.936	0.68585132391754	-0.29714322000153	376.73031366685	0
10.944	0.68206712111113	-0.30371253547689	376.73031366685	0
10.952	0.67820562212432	-0.31024710392179	376.73031366685	0
10.96	0.67426682593195	-0.31674616139741	376.73031366685	0
10.968	0.67025073324807	-0.32320893554048	376.73031366685	0
10.976	0.66615734669318	-0.329634645374	376.73031366685	0
10.984	0.66198667096776	-0.33602250111709	376.73031366685	0
10.992	0.65773871303223	-0.34237170399374	376.73031366685	0
11	0.65341348229352	-0.34868144604085	376.73031366685	0
11.008	0.64901099079833	-0.35495090991538	376.73031366685	0
11.016	0.64453125343328	-0.36117926870082	376.73031366685	0
11.024	0.63997428813208	-0.36736568571306	376.73031366685	0
11.032	0.6353401160899	-0.3735093143057	376.73031366685	0
11.04	0.63062876198514	-0.37960929767491	376.73031366685	0
11.048	0.62584025420867	-0.38566476866406	376.73031366685	0
11.056	0.62097462510086	-0.39167484956797	376.73031366685	0
11.064	0.61603191119655	-0.39763865193723	376.73031366685	0
11.072	0.61101215347804	-0.40355527638237	376.73031366685	0
11.08	0.60591539763649	-0.40942381237839	376.73031366685	0
11.088	0.60074169434177	-0.41524333806939	376.73031366685	0
11.096	0.59549109952113	-0.4210129200737	376.73031366685	0
11.104	0.59016367464666	-0.42673161328972	376.73031366685	0
11.112	0.58475948703208	-0.43239846070231	376.73031366685	0
11.12	0.57927861013884	-0.43801249319031	376.73031366685	0
11.128	0.57372112389178	-0.44357272933502	376.73031366685	0
11.136	0.56808711500476	-0.44907817523013	376.73031366685	0
11.144	0.56237667731629	-0.45452782429301	376.73031366685	0
11.152	0.55658991213547	-0.45992065707783	376.73031366685	0
11.16	0.5507269285986	-0.46525564109061	376.73031366685	0
11.168	0.54478784403642	-0.47053173060642	376.73031366685	0
11.176	0.53877278435263	-0.47574786648906	376.73031366685	0
11.184	0.53268188441352	-0.48090297601341	376.73031366685	0
11.192	0.52651528844934	-0.48599597269075	376.73031366685	0
11.2	0.52027315046731	-0.49102575609741	376.73031366685	0
11.208	0.5139556346769	-0.49599121170688	376.73031366685	0
11.216	0.50756291592729	-0.50089121072594	376.73031366685	0
11.224	0.50109518015755	-0.50572460993489	376.73031366685	0
11.232	0.49455262485956	-0.51049025153247	376.73031366685	0
11.24	0.48793545955423	-0.51518696298568	376.73031366685	0
11.248	0.48124390628088	-0.51981355688491	376.73031366685	0
11.256	0.47447820010048	-0.52436883080488	376.73031366685	0
11.264	0.46763858961264	-0.52885156717171	376.73031366685	0
11.272	0.4607253374869	-0.53326053313657	376.73031366685	0
11.28	0.45373872100826	-0.53759448045647	376.73031366685	0
11.288	0.44667903263762	-0.54185214538257	376.73031366685	0
11.296	0.43954658058691	-0.54603224855659	376.73031366685	0
11.304	0.43234168940958	-0.55013349491575	376.73031366685	0
11.312	0.42506470060638	-0.55415457360693	376.73031366685	0
11.32	0.41771597324683	-0.55809415791055	376.73031366685	0
11.328	0.41029588460658	-0.56195090517469	376.73031366685	0
11.336	0.4028048308208	-0.56572345676029	376.73031366685	0
11.344	0.39524322755397	-0.56941043799782	376.73031366685	0
11.352	0.38761151068608	-0.57301045815631	376.73031366685	0
11.36	0.37991013701561	-0.57652211042535	376.73031366685	0
11.368	0.37213958497934	-0.57994397191074	376.73031366685	0
11.376	0.36430035538919	-0.5832746036447	376.73031366685	0
11.384	0.3563929721863	-0.58651255061129	376.73031366685	0
11.392	0.34841798321245	-0.58965634178789	376.73031366685	0
11.4	0.34037596099883	-0.59270449020364	376.73031366685	0
11.408	0.33226750357247	-0.59565549301571	376.73031366685	0
11.416	0.32409323528025	-0.59850783160422	376.73031366685	0
11.424	0.31585380763056	-0.60125997168688	376.73031366685	0
11.432	0.30754990015274	-0.6039103634542	376.73031366685	0
11.44	0.29918222127418	-0.60645744172645	376.73031366685	0
11.448	0.29075150921518	-0.60889962613318	376.73031366685	0
11.456	0.28225853290134	-0.61123532131658	376.73031366685	0
11.464	0.27370409289367	-0.61346291715965	376.73031366685	0
11.472	0.26508902233604	-0.61558078904044	376.73031366685	0
11.48	0.25641418791987	-0.6175872981134	376.73031366685	0
11.488	0.24768049086611	-0.61948079161918	376.73031366685	0
11.496	0.23888886792382	-0.62125960322404	376.73031366685	0
11.504	0.23004029238552	-0.62292205339012	376.73031366685	0
11.512	0.22113577511871	-0.62446644977808	376.73031366685	0
11.52	0.21217636561323	-0.62589108768312	376.73031366685	0
11.528	0.2031631530441	-0.62719425050608	376.73031366685	0
11.536	0.19409726734931	-0.62837421026085	376.73031366685	0
11.544	0.18497988032197	-0.62942922811954	376.73031366685	0
11.552	0.17581220671626	-0.63035755499697	376.73031366685	0
11.56	0.16659550536649	-0.63115743217589	376.73031366685	0
11.568	0.15733108031856	-0.63182709197452	376.73031366685	0
11.576	0.14802028197291	-0.6323647584578	376.73031366685	0
11.584	0.13866450823813	-0.63276864819437	376.73031366685	0
11.592	0.12926520569427	-0.63303697106019	376.73031366685	0
11.6	0.11982387076472	-0.63316793109116	376.73031366685	0
11.608	0.11034205089558	-0.63315972738574	376.73031366685	0
11.616	0.1008213457412	-0.63301055505977	376.73031366685	0
11.624	0.09126340835465	-0.63271860625472	376.73031366685	0
11.632	0.081669946381598	-0.63228207120134	376.73031366685	0
11.64	0.072042723256065	-0.63169913934028	376.73031366685	0
11.648	0.062383559396467	-0.63096800050137	376.73031366685	0
11.656	0.052694333400069	-0.63008684614328	376.73031366685	0
11.664	0.042976983234098	-0.62905387065519	376.73031366685	0
11.672	0.033233507421392	-0.62786727272225	376.73031366685	0
11.68	0.023465966218553	-0.62652525675633	376.73031366685	0
11.688	0.013676482784259	-0.62502603439385	376.73031366685	0
11.696	0.0038672443354652	-0.62336782606213	376.73031366685	0
11.704	-0.0059594967111856	-0.62154886261601	376.73031366685	0
11.712	-0.015801421615281	-0.61956738704615	376.73031366685	0
11.72	-0.025656144208742	-0.61742165626046	376.73031366685	0
11.728	-0.035521209815078	-0.61510994294023	376.73031366685	0
11.736	-0.04539409419489	-0.61263053747224	376.73031366685	0
11.744	-0.055272202520839	-0.60998174995801	376.73031366685	0
11.752	-0.065152868385633	-0.60716191230171	376.73031366685	0
11.76	-0.075033352846344	-0.60416938037748	376.73031366685	0
11.768	-0.084910843509075	-0.60100253627745	376.73031366685	0
11.776	-0.094782453657684	-0.59765979064117	376.73031366685	0
11.784	-0.10464522143064	-0.59413958506742	376.73031366685	0
11.792	-0.11449610905025	-0.59044039460876	376.73031366685	0
11.8	-0.12433200210866	-0.58656073034963	376.73031366685	0
11.808	-0.13414970891504	-0.58249914206806	376.73031366685	0
11.816	-0.1439459599088	-0.57825422098129	376.73031366685	0
11.824	-0.15371740714355	-0.57382460257525	376.73031366685	0
11.832	-0.16346062384686	-0.56920896951761	376.73031366685	0
11.84	-0.17317210406096	-0.56440605465402	376.73031366685	0
11.848	-0.18284826236966	-0.55941464408682	376.73031366685	0
11.856	-0.19248543371696	-0.55423358033531	376.73031366685	0
11.864	-0.20207987332275	-0.54886176557639	376.73031366685	0
11.872	-0.21162775670155	-0.54329816496408	376.73031366685	0
11.88	-0.22112517978985	-0.53754181002629	376.73031366685	0
11.888	-0.23056815918797	-0.53159180213656	376.73031366685	0
11.896	-0.23995263252261	-0.52544731605864	376.73031366685	0
11.904	-0.24927445893595	-0.51910760356098	376.73031366685	0
11.912	-0.25852941970754	-0.51257199709821	376.73031366685	0
11.92	-0.26771321901514	-0.50583991355604	376.73031366685	0
11.928	-0.27682148484066	-0.49891085805582	376.73031366685	0
11.936	-0.28584977002759	-0.49178442781452	376.73031366685	0
11.944	-0.29479355349595	-0.48446031605551	376.73031366685	0
11.952	-0.30364824162101	-0.47693831596495	376.73031366685	0
11.96	-0.31240916978202	-0.46921832468847	376.73031366685	0
11.968	-0.32107160408681	-0.46130034736201	376.73031366685	0
11.976	-0.32963074327841	-0.45318450117043	376.73031366685	0
11.984	-0.33808172082939	-0.44487101942708	376.73031366685	0
11.992	-0.34641960722955	-0.43636025566683	376.73031366685	0
12	-0.35463941247256	-0.42765268774477	376.73031366685	0
12.008	-0.36273608874666	-0.41874892193215	376.73031366685	0
12.016	-0.37070453333442	-0.4096496970008	376.73031366685	0
12.024	-0.37853959172625	-0.40035588828658	376.73031366685	0
12.032	-0.38623606095201	-0.39086851172206	376.73031366685	0
12.04	-0.39378869313466	-0.38118872782807	376.73031366685	0
12.048	-0.40119219926945	-0.37131784565331	376.73031366685	0
12.056	-0.40844125323188	-0.36125732665073	376.73031366685	0
12.064	-0.41553049601689	-0.35100878847877	376.73031366685	0
12.072	-0.42245454021143	-0.3405740087155	376.73031366685	0
12.08	-0.42920797470183	-0.32995492847271	376.73031366685	0
12.088	-0.43578536961683	-0.31915365589708	376.73031366685	0
12.096	-0.44218128150659	-0.30817246954492	376.73031366685	0
12.104	-0.44839025875692	-0.29701382161661	376.73031366685	0
12.112	-0.45440684723769	-0.28568034103666	376.73031366685	0
12.12	-0.46022559618323	-0.27417483636493	376.73031366685	0
12.128	-0.46584106430182	-0.26250029852438	376.73031366685	0
12.136	-0.47124782611065	-0.25065990333028	376.73031366685	0
12.144	-0.47644047849133	-0.2386570138061	376.73031366685	0
12.152	-0.48141364746062	-0.22649518227073	376.73031366685	0
12.16	-0.48616199514954	-0.21417815218185	376.73031366685	0
12.168	-0.49068022698342	-0.20170985972028	376.73031366685	0
12.176	-0.49496309905427	-0.18909443510025	376.73031366685	0
12.184	-0.49900542567567	-0.17633620359041	376.73031366685	0
12.192	-0.5028020871096	-0.16343968623104	376.73031366685	0
12.2	-0.50634803745329	-0.15040960023279	376.73031366685	0
12.208	-0.50963831267324	-0.13725085904288	376.73031366685	0
12.216	-0.5126680387723	-0.12396857206507	376.73031366685	0
12.224	-0.51543244007486	-0.11056804402025	376.73031366685	0
12.232	-0.51792684761391	-0.097054773934975	376.73031366685	0
12.24	-0.52014670760265	-0.083434453746274	376.73031366685	0
12.248	-0.52208758997248	-0.069712966511406	376.73031366685	0
12.256	-0.52374519695805	-0.05589638421248	376.73031366685	0
12.264	-0.52511537170899	-0.04199096514659	376.73031366685	0
12.272	-0.52619410690716	-0.028003150893271	376.73031366685	0
12.28	-0.5269775533674	-0.013939562852082	376.73031366685	0
12.288	-0.52746202859865	0.00019300165555448	376.73031366685	0
12.296	-0.52764402530188	0.014387573724938	376.73031366685	0
12.304	-0.5275202197804	0.028637017650305	376.73031366685	0
12.312	-0.52708748023751	0.042934036152574	376.73031366685	0
12.32	-0.52634287493605	0.057271176052946	376.73031366685	0
12.328	-0.52528368019378	0.071640834391108	376.73031366685	0
12.336	-0.52390738818844	0.086035264985204	376.73031366685	0
12.344	-0.52221171454583	0.10044658542903	376.73031366685	0
12.352	-0.52019460568458	0.1148667845202	376.73031366685	0
12.36	-0.51785424589061	0.12928773011133	376.73031366685	0
12.368	-0.51518906409537	0.14370117737439	376.73031366685	0
12.376	-0.51219774033111	0.15809877746673	376.73031366685	0
12.384	-0.50887921183786	0.17247208658535	376.73031366685	0
12.392	-0.50523267879667	0.1868125753943	376.73031366685	0
12.4	-0.50125760966446	0.20111163880819	376.73031366685	0
12.408	-0.49695374608692	0.21536060611323	376.73031366685	0
12.416	-0.49232110736637	0.22955075140518	376.73031366685	0
12.424	-0.48735999446309	0.24367330432232	376.73031366685	0
12.432	-0.48207099350927	0.25771946104958	376.73031366685	0
12.44	-0.47645497881663	0.27168039556862	376.73031366685	0
12.448	-0.47051311535981	0.28554727112716	376.73031366685	0
12.456	-0.46424686071935	0.29931125189948	376.73031366685	0
12.464	-0.45765796646984	0.31296351480867	376.73031366685	0
12.472	-0.45074847900061	0.32649526148021	376.73031366685	0
12.48	-0.44352073975797	0.33989773029535	376.73031366685	0
12.488	-0.43597738490048	0.35316220851177	376.73031366685	0
12.496	-0.42812134436036	0.36628004441851	376.73031366685	0
12.504	-0.41995584030649	0.37924265949118	376.73031366685	0
12.512	-0.41148438500661	0.39204156051333	376.73031366685	0
12.52	-0.4027107780885	0.40466835162956	376.73031366685	0
12.528	-0.39363910320235	0.41711474629532	376.73031366685	0
12.536	-0.38427372408856	0.42937257908927	376.73031366685	0
12.544	-0.37461928005768	0.44143381735332	376.73031366685	0
12.552	-0.36468068089151	0.45329057262664	376.73031366685	0
12.56	-0.35446310117633	0.46493511183982	376.73031366685	0
12.568	-0.34397197408192	0.47635986823666	376.73031366685	0
12.576	-0.33321298460165	0.48755745199146	376.73031366685	0
12.584	-0.32219206227154	0.49852066049097	376.73031366685	0
12.592	-0.31091537338772	0.50924248825122	376.73031366685	0
12.6	-0.29938931274407	0.51971613644103	376.73031366685	0
12.608	-0.28762049491335	0.52993502198504	376.73031366685	0
12.616	-0.27561574509696	0.53989278622106	376.73031366685	0
12.624	-0.26338208957002	0.54958330308823	376.73031366685	0
12.632	-0.25092674574999	0.55900068682401	376.73031366685	0
12.64	-0.23825711191823	0.56813929915047	376.73031366685	0
12.648	-0.22538075662519	0.5769937559318	376.73031366685	0
12.656	-0.21230540781083	0.58555893328748	376.73031366685	0
12.664	-0.19903894167277	0.59382997314748	376.73031366685	0
12.672	-0.18558937131534	0.60180228823823	376.73031366685	0
12.68	-0.17196483521325	0.60947156649004	376.73031366685	0
12.688	-0.15817358552382	0.61683377485927	376.73031366685	0
12.696	-0.14422397628209	0.62388516256057	376.73031366685	0
12.704	-0.1301244515131	0.63062226370683	376.73031366685	0
12.712	-0.11588353329516	0.63704189935662	376.73031366685	0
12.72	-0.10150980980826	0.6431411789714	376.73031366685	0
12.728	-0.087011923400619	0.64891750128638	376.73031366685	0
12.736	-0.07239855870633	0.65436855460171	376.73031366685	0
12.744	-0.057678430845874	0.65949231650199	376.73031366685	0
12.752	-0.042860273740665	0.66428705301457	376.73031366685	0
12.76	-0.027952828571644	0.66875131721875	376.73031366685	0
12.768	-0.012964832410853	0.67288394731961	376.73031366685	0
12.776	0.0020949929463882	0.6766840642022	376.73031366685	0
12.784	0.017217951922343	0.68015106848298	376.73031366685	0
12.792	0.032395385845867	0.68328463707713	376.73031366685	0
12.8	0.047618683366167	0.68608471930141	376.73031366685	0
12.808	0.062879290569543	0.68855153253354	376.73031366685	0
12.816	0.078168720778883	0.69068555745016	376.73031366685	0
12.824	0.093478564017411	0.69248753286616	376.73031366685	0
12.832	0.10880049611987	0.69395845019908	376.73031366685	0
12.84	0.12412628747612	0.69509954758298	376.73031366685	0
12.848	0.13944781139367	0.6959123036565	376.73031366685	0
12.856	0.15475705206779	0.69639843105031	376.73031366685	0
12.864	0.17004611214898	0.69655986959953	376.73031366685	0
12.872	0.18530721990001	0.69639877930666	376.73031366685	0
12.88	0.20053273593583	0.69591753308059	376.73031366685	0
12.888	0.21571515954156	0.69511870927727	376.73031366685	0
12.896	0.23084713456549	0.69400508406739	376.73031366685	0
12.904	0.24592145488523	0.69257962365597	376.73031366685	0
12.912	0.2609310694471	0.69084547637858	376.73031366685	0
12.92	0.27586908687991	0.68880596469817	376.73031366685	0
12.928	0.29072877968584	0.68646457712625	376.73031366685	0
12.936	0.30550358801249	0.68382496009095	376.73031366685	0
12.944	0.32018712301119	0.68089090977455	376.73031366685	0
12.952	0.3347731697881	0.67766636394144	376.73031366685	0
12.96	0.34925568995543	0.67415539377735	376.73031366685	0
12.968	0.36362882379129	0.67036219575929	376.73031366685	0
12.976	0.37788689201753	0.66629108357504	376.73031366685	0
12.984	0.39202439720577	0.66194648010986	376.73031366685	0
12.992	0.40603602482257	0.65733290951727	376.73031366685	0
13	0.41991664392533	0.65245498938964	376.73031366685	0
13.008	0.43366130752114	0.64731742304325	376.73031366685	0
13.016	0.4472652526013	0.64192499193167	376.73031366685	0
13.024	0.4607238998646	0.6362825482001	376.73031366685	0
13.032	0.47403285314299	0.63039500739221	376.73031366685	0
13.04	0.48718789854321	0.62426734132029	376.73031366685	0
13.048	0.50018500331855	0.61790457110823	376.73031366685	0
13.056	0.51302031448485	0.61131176041599	376.73031366685	0
13.064	0.52569015719486	0.60449400885327	376.73031366685	0
13.072	0.53819103288543	0.59745644558892	376.73031366685	0
13.08	0.55051961721142	0.59020422316225	376.73031366685	0
13.088	0.56267275778087	0.58274251150067	376.73031366685	0
13.096	0.57464747170511	0.57507649214818	376.73031366685	0
13.104	0.58644094297776	0.56721135270755	376.73031366685	0
13.112	0.59805051969634	0.55915228149893	376.73031366685	0
13.12	0.60947371113956	0.55090446243629	376.73031366685	0
13.128	0.62070818471366	0.54247307012298	376.73031366685	0
13.136	0.6317517627804	0.53386326516642	376.73031366685	0
13.144	0.64260241937903	0.52508018971173	376.73031366685	0
13.152	0.65325827685439	0.5161289631934	376.73031366685	0
13.16	0.66371760240272	0.50701467830338	376.73031366685	0
13.168	0.67397880454632	0.49774239717374	376.73031366685	0
13.176	0.68404042954805	0.48831714777127	376.73031366685	0
13.184	0.69390115777584	0.47874392050125	376.73031366685	0
13.192	0.70355980002719	0.46902766501696	376.73031366685	0
13.2	0.71301529382322	0.45917328723127	376.73031366685	0
13.208	0.72226669968111	0.44918564652635	376.73031366685	0
13.216	0.73131319737364	0.43906955315714	376.73031366685	0
13.224	0.74015408218392	0.42882976584403	376.73031366685	0
13.232	0.74878876116288	0.41847098954994	376.73031366685	0
13.24	0.75721674939669	0.40799787343687	376.73031366685	0
13.248	0.76543766629116	0.39741500899667	376.73031366685	0
13.256	0.77345123187895	0.3867269283508	376.73031366685	0
13.264	0.78125726315607	0.37593810271363	376.73031366685	0
13.272	0.78885567045258	0.36505294101379	376.73031366685	0
13.28	0.79624645384301	0.35407578866803	376.73031366685	0
13.288	0.80342969960088	0.34301092650188	376.73031366685	0
13.296	0.81040557670179	0.33186256981164	376.73031366685	0
13.304	0.81717433337888	0.32063486756188	376.73031366685	0
13.312	0.82373629373426	0.30933190171302	376.73031366685	0
13.32	0.83009185440965	0.29795768667319	376.73031366685	0
13.328	0.83624148131907	0.286516168869	376.73031366685	0
13.336	0.84218570644613	0.27501122642964	376.73031366685	0
13.344	0.84792512470822	0.26344666897893	376.73031366685	0
13.352	0.85346039088952	0.25182623752996	376.73031366685	0
13.36	0.85879221664464	0.2401536044771	376.73031366685	0
13.368	0.86392136757406	0.22843237368023	376.73031366685	0
13.376	0.86884866037293	0.21666608063622	376.73031366685	0
13.384	0.87357496005379	0.20485819273262	376.73031366685	0
13.392	0.87810117724428	0.19301210957888	376.73031366685	0
13.4	0.88242826556013	0.18113116341048	376.73031366685	0
13.408	0.88655721905384	0.16921861956121	376.73031366685	0
13.416	0.89048906973927	0.15727767699954	376.73031366685	0
13.424	0.89422488519201	0.14531146892453	376.73031366685	0
13.432	0.89776576622544	0.13332306341729	376.73031366685	0
13.44	0.9011128446421	0.12131546414407	376.73031366685	0
13.448	0.90426728105997	0.10929161110702	376.73031366685	0
13.456	0.90723026281309	0.097254381439006	376.73031366685	0
13.464	0.91000300192575	0.085206590238907	376.73031366685	0
13.472	0.91258673315961	0.07315099144401	376.73031366685	0
13.48	0.91498271213268	0.061090278736197	376.73031366685	0
13.488	0.91719221350939	0.04902708647881	376.73031366685	0
13.496	0.91921652926056	0.036963990681212	376.73031366685	0
13.504	0.92105696699223	0.024903509988175	376.73031366685	0
13.512	0.92271484834218	0.01284810669136	376.73031366685	0
13.52	0.92419150744292	0.00080018776027877	376.73031366685	0
13.528	0.92548828944985	-0.011237894109673	376.73031366685	0
13.536	0.92660654913331	-0.023263839434539	376.73031366685	0
13.544	0.92754764953323	-0.035275400866653	376.73031366685	0
13.552	0.92831296067492	-0.047270382109156	376.73031366685	0
13.56	0.9289038583447	-0.059246636822172	376.73031366685	0
13.568	0.92932172292393	-0.071202067522499	376.73031366685	0
13.576	0.92956793828002	-0.083134624478645	376.73031366685	0
13.584	0.92964389071304	-0.095042304602849	376.73031366685	0
13.592	0.9295509679564	-0.10692315034168	376.73031366685	0
13.6	0.92929055823037	-0.11877524856668	376.73031366685	0
13.608	0.92886404934682	-0.13059672946645	376.73031366685	0
13.616	0.92827282786381	-0.14238576544149	376.73031366685	0
13.624	0.9275182782888	-0.15414057000299	376.73031366685	0
13.632	0.92660178232879	-0.16585939667667	376.73031366685	0
13.64	0.92552471818623	-0.17754053791284	376.73031366685	0
13.648	0.92428845989938	-0.18918232400352	376.73031366685	0
13.656	0.92289437672544	-0.20078312200761	376.73031366685	0
13.664	0.92134383256561	-0.21234133468491	376.73031366685	0
13.672	0.91963818543035	-0.22385539943984	376.73031366685	0
13.68	0.91777878694388	-0.23532378727548	376.73031366685	0
13.688	0.91576698188635	-0.2467450017586	376.73031366685	0
13.696	0.91360410777286	-0.25811757799639	376.73031366685	0
13.704	0.9112914944677	-0.26944008162524	376.73031366685	0
13.712	0.90883046383291	-0.28071110781229	376.73031366685	0
13.72	0.90622232941	-0.29192928027001	376.73031366685	0
13.728	0.90346839613355	-0.30309325028435	376.73031366685	0
13.736	0.90056996007568	-0.31420169575671	376.73031366685	0
13.744	0.89752830822054	-0.32525332026023	376.73031366685	0
13.752	0.89434471826731	-0.33624685211043	376.73031366685	0
13.76	0.89102045846125	-0.3471810434507	376.73031366685	0
13.768	0.88755678745143	-0.35805466935276	376.73031366685	0
13.776	0.88395495417431	-0.36886652693222	376.73031366685	0
13.784	0.88021619776241	-0.37961543447955	376.73031366685	0
13.792	0.87634174747691	-0.39030023060649	376.73031366685	0
13.8	0.87233282266354	-0.40091977340794	376.73031366685	0
13.808	0.86819063273081	-0.41147293963975	376.73031366685	0
13.816	0.86391637714989	-0.42195862391202	376.73031366685	0
13.824	0.85951124547516	-0.43237573789837	376.73031366685	0
13.832	0.85497641738495	-0.44272320956093	376.73031366685	0
13.84	0.8503130627415	-0.45299998239125	376.73031366685	0
13.848	0.84552234166966	-0.46320501466706	376.73031366685	0
13.856	0.84060540465341	-0.47333727872489	376.73031366685	0
13.864	0.83556339264991	-0.48339576024849	376.73031366685	0
13.872	0.83039743721998	-0.49337945757311	376.73031366685	0
13.88	0.82510866067491	-0.50328738100551	376.73031366685	0
13.888	0.81969817623863	-0.51311855215972	376.73031366685	0
13.896	0.814167088225	-0.52287200330849	376.73031366685	0
13.904	0.80851649222935	-0.53254677675028	376.73031366685	0
13.912	0.80274747533413	-0.54214192419192	376.73031366685	0
13.92	0.7968611163279	-0.55165650614667	376.73031366685	0
13.928	0.79085848593728	-0.56108959134773	376.73031366685	0
13.936	0.78474064707148	-0.5704402561771	376.73031366685	0
13.944	0.77850865507887	-0.57970758410974	376.73031366685	0
13.952	0.77216355801523	-0.58889066517287	376.73031366685	0
13.96	0.76570639692329	-0.59798859542046	376.73031366685	0
13.968	0.75913820612313	-0.60700047642276	376.73031366685	0
13.976	0.75246001351316	-0.61592541477083	376.73031366685	0
13.984	0.74567284088118	-0.62476252159595	376.73031366685	0
13.992	0.73877770422543	-0.63351091210395	376.73031366685	0
14	0.73177561408499	-0.64216970512423	376.73031366685	0

Curvelabel          = SZmax(1),Zmax(1)_(10)
Filename            = ^cSZmax(1)Zmax(1).sig
Npoints             = 1001
Type                = 8
Subtype             = 16
Result type         = complex:none;impedance
View type           = Cartesian
Plot type           = Magnitude dB
Parameters          = {C_off=0.16; C_on_approx=1000; Cx=0.16; Cy=1000; L1=3.1; L_diode=0.45; Lpin=0.45; R1=2.5; R_off=10; R_on=1; Rx=10; Ry=1; S1=0.3; W1=6; W2=5.5; alpha1=60; antipad_d=0.8; bias_w=0.2; common_return_y=2; eps_bond=3.52; eps_f4bm=2.65; eps_fr4=4.4; fmax=14; fmin=6; h1=3; h2=0.5; hbond=0.1; p=15; phi=0; phi_inc=0; pin_inset=0.02; sigma_cu=5.8e+07; tand_bond=0.004; tand_f4bm=0.003; tand_fr4=0.02; tcu=0.035; theta=0; theta_inc=0; via_d=0.3}
Data/Title          = S-Parameters
X/Label             = Frequency
X/Unit              = GHz
Y/Unit              = 
Y/Logfactor         = 20
Plot/wrapHeuristics = 0

6	0.94523817107522	0.30578345814217	376.73031366685	0
6.008	0.94703235897106	0.29999332665183	376.73031366685	0
6.016	0.94879844503473	0.29416410237866	376.73031366685	0
6.024	0.95053595713628	0.28829535320287	376.73031366685	0
6.032	0.95224440994618	0.28238663732234	376.73031366685	0
6.04	0.95392330443965	0.27643750301147	376.73031366685	0
6.048	0.95557212737931	0.27044748837418	376.73031366685	0
6.056	0.95719035077523	0.26441612109093	376.73031366685	0
6.064	0.95877743132105	0.25834291815994	376.73031366685	0
6.072	0.96033280980518	0.25222738563219	376.73031366685	0
6.08	0.9618559104957	0.24606901834051	376.73031366685	0
6.088	0.9633461404977	0.23986729962246	376.73031366685	0
6.096	0.96480288908164	0.2336217010371	376.73031366685	0
6.104	0.96622552698123	0.22733168207556	376.73031366685	0
6.112	0.9676134056594	0.22099668986558	376.73031366685	0
6.12	0.96896585654049	0.2146161588698	376.73031366685	0
6.128	0.9702821902072	0.20818951057803	376.73031366685	0
6.136	0.97156169556019	0.20171615319349	376.73031366685	0
6.144	0.97280363893866	0.19519548131315	376.73031366685	0
6.152	0.97400726319957	0.18862687560228	376.73031366685	0
6.16	0.97517178675363	0.1820097024633	376.73031366685	0
6.168	0.97629640255549	0.17534331369925	376.73031366685	0
6.176	0.97738027704591	0.16862704617205	376.73031366685	0
6.184	0.97842254904324	0.16186022145577	376.73031366685	0
6.192	0.97942232858149	0.15504214548533	376.73031366685	0
6.2	0.98037869569211	0.14817210820101	376.73031366685	0
6.208	0.98129069912648	0.14124938318917	376.73031366685	0
6.216	0.98215735501584	0.13427322731971	376.73031366685	0
6.224	0.98297764546518	0.12724288038096	376.73031366685	0
6.232	0.9837505170776	0.12015756471254	376.73031366685	0
6.24	0.98447487940512	0.11301648483706	376.73031366685	0
6.248	0.98514960332201	0.10581882709162	376.73031366685	0
6.256	0.98577351931623	0.098563759259862	376.73031366685	0
6.264	0.9863454156944	0.09125043020608	376.73031366685	0
6.272	0.98686403669548	0.083877969512316	376.73031366685	0
6.28	0.98732808050794	0.076445487120141	376.73031366685	0
6.288	0.98773619718497	0.068952072978581	376.73031366685	0
6.296	0.98808698645187	0.061396796700121	376.73031366685	0
6.304	0.9883789953996	0.053778707226717	376.73031366685	0
6.312	0.98861071605767	0.046096832508201	376.73031366685	0
6.32	0.98878058283964	0.038350179195537	376.73031366685	0
6.328	0.98888696985382	0.030537732351805	376.73031366685	0
6.336	0.98892818807111	0.022658455184101	376.73031366685	0
6.344	0.98890248234194	0.014711288799808	376.73031366685	0
6.352	0.98880802825325	0.0066951519912837	376.73031366685	0
6.36	0.9886429288162	-0.0013910589467827	376.73031366685	0
6.368	0.98840521097455	-0.0095484703624066	376.73031366685	0
6.376	0.98809282192321	-0.017778231348354	376.73031366685	0
6.384	0.98770362522551	-0.026081513795186	376.73031366685	0
6.392	0.98723539671749	-0.034459512388617	376.73031366685	0
6.4	0.98668582018618	-0.042913444543838	376.73031366685	0
6.408	0.98605248280856	-0.051444550268481	376.73031366685	0
6.416	0.98533287033688	-0.060054091945193	376.73031366685	0
6.424	0.98452436201498	-0.068743354023622	376.73031366685	0
6.432	0.98362422520956	-0.077513642610649	376.73031366685	0
6.44	0.98262960973921	-0.086366284946326	376.73031366685	0
6.448	0.98153754188305	-0.095302628751783	376.73031366685	0
6.456	0.9803449180496	-0.10432404143371	376.73031366685	0
6.464	0.9790484980856	-0.11343190912847	376.73031366685	0
6.472	0.97764489820298	-0.12262763556693	376.73031366685	0
6.48	0.97613058350112	-0.13191264073925	376.73031366685	0
6.488	0.9745018600602	-0.14128835933623	376.73031366685	0
6.496	0.9727548665799	-0.15075623894182	376.73031366685	0
6.504	0.97088556553645	-0.160317737948	376.73031366685	0
6.512	0.96888973382955	-0.16997432316064	376.73031366685	0
6.52	0.96676295288888	-0.17972746706125	376.73031366685	0
6.528	0.96450059820881	-0.18957864468573	376.73031366685	0
6.536	0.96209782827779	-0.19952933007702	376.73031366685	0
6.544	0.95954957286784	-0.20958099226393	376.73031366685	0
6.552	0.95685052064743	-0.21973509071301	376.73031366685	0
6.56	0.95399510607994	-0.22999307019475	376.73031366685	0
6.568	0.95097749556788	-0.2403563549988	376.73031366685	0
6.576	0.94779157280195	-0.25082634242584	376.73031366685	0
6.584	0.94443092327257	-0.2614043954758	376.73031366685	0
6.592	0.94088881790006	-0.27209183464335	376.73031366685	0
6.6	0.93715819573919	-0.28288992872181	376.73031366685	0
6.608	0.93323164571252	-0.29379988450579	376.73031366685	0
6.616	0.92910138732713	-0.30482283527101	376.73031366685	0
6.624	0.92475925032919	-0.31595982789614	376.73031366685	0
6.632	0.92019665325157	-0.32721180847731	376.73031366685	0
6.64	0.91540458081118	-0.338579606269	376.73031366685	0
6.648	0.91037356011503	-0.35006391576735	376.73031366685	0
6.656	0.9050936356373	-0.36166527673198	376.73031366685	0
6.664	0.89955434293464	-0.37338405192005	376.73031366685	0
6.672	0.89374468107291	-0.38522040228215	376.73031366685	0
6.68	0.88765308374726	-0.39717425934281	376.73031366685	0
6.688	0.88126738908755	-0.4092452944584	376.73031366685	0
6.696	0.87457480815485	-0.42143288461333	376.73031366685	0
6.704	0.86756189215118	-0.43373607437912	376.73031366685	0
6.712	0.86021449838553	-0.44615353362225	376.73031366685	0
6.72	0.85251775506422	-0.45868351050383	376.73031366685	0
6.728	0.84445602500506	-0.4713237792678	376.73031366685	0
6.736	0.83601286841185	-0.48407158226388	376.73031366685	0
6.744	0.82717100489146	-0.49692356559705	376.73031366685	0
6.752	0.81791227495006	-0.50987570773693	376.73031366685	0
6.76	0.80821760127047	-0.52292324035789	376.73031366685	0
6.768	0.79806695015047	-0.5360605606144	376.73031366685	0
6.776	0.78743929357474	-0.54928113398672	376.73031366685	0
6.784	0.77631257250274	-0.5625773867595	376.73031366685	0
6.792	0.76466366208502	-0.57594058712208	376.73031366685	0
6.8	0.75246833967318	-0.58936071380478	376.73031366685	0
6.808	0.7397012566683	-0.60282631109309	376.73031366685	0
6.816	0.72633591546319	-0.6163243289929	376.73031366685	0
6.824	0.71234465297857	-0.62983994725959	376.73031366685	0
6.832	0.69769863257852	-0.64335638195485	376.73031366685	0
6.84	0.68236784647998	-0.65685467316483	376.73031366685	0
6.848	0.66632113115125	-0.67031345250786	376.73031366685	0
6.856	0.64952619862959	-0.68370868908913	376.73031366685	0
6.864	0.63194968718511	-0.69701341263546	376.73031366685	0
6.872	0.61355723532005	-0.71019741267924	376.73031366685	0
6.88	0.59431358372568	-0.72322691287428	376.73031366685	0
6.888	0.57418271052358	-0.73606421984036	376.73031366685	0
6.896	0.5531280058961	-0.74866734637091	376.73031366685	0
6.904	0.53111249305738	-0.76098960943244	376.73031366685	0
6.912	0.50809910342406	-0.77297920416876	376.73031366685	0
6.92	0.48405101479773	-0.78457875613992	376.73031366685	0
6.928	0.45893206234524	-0.79572485532126	376.73031366685	0
6.936	0.43270723312088	-0.80634757701401	376.73031366685	0
6.944	0.40534325576424	-0.81636999683073	376.73031366685	0
6.952	0.37680929775756	-0.82570770937415	376.73031366685	0
6.96	0.34707778313928	-0.83426836318253	376.73031366685	0
6.968	0.31612534372322	-0.84195122801741	376.73031366685	0
6.976	0.28393391650401	-0.8486468146553	376.73031366685	0
6.984	0.25049199884513	-0.85423657202445	376.73031366685	0
6.992	0.21579607100663	-0.85859269177293	376.73031366685	0
7	0.17985219229928	-0.86157805608219	376.73031366685	0
7.008	0.14267777233719	-0.86304637059044	376.73031366685	0
7.016	0.10430351216483	-0.86284253040154	376.73031366685	0
7.024	0.064775501117206	-0.8608032729351	376.73031366685	0
7.032	0.024157443824457	-0.8567581762759	376.73031366685	0
7.04	-0.017467022433394	-0.85053106497641	376.73031366685	0
7.048	-0.059991976861965	-0.84194188603446	376.73031366685	0
7.056	-0.10328690735195	-0.83080911489887	376.73031366685	0
7.064	-0.14719454424901	-0.81695274358622	376.73031366685	0
7.072	-0.19152895739779	-0.80019788898012	376.73031366685	0
7.08	-0.23607406113564	-0.78037903784393	376.73031366685	0
7.088	-0.280582692535	-0.75734491496765	376.73031366685	0
7.096	-0.32477644368664	-0.73096392165682	376.73031366685	0
7.104	-0.36834643581354	-0.70113004374517	376.73031366685	0
7.112	-0.41095521776144	-0.6677690729241	376.73031366685	0
7.12	-0.45223995018143	-0.63084492535504	376.73031366685	0
7.128	-0.49181699631249	-0.59036578186774	376.73031366685	0
7.136	-0.52928797877881	-0.54638972083105	376.73031366685	0
7.144	-0.56424727942662	-0.4990294756763	376.73031366685	0
7.152	-0.59629085901341	-0.44845593243005	376.73031366685	0
7.16	-0.62502616209473	-0.39489999648227	376.73031366685	0
7.168	-0.65008276002891	-0.33865250842824	376.73031366685	0
7.176	-0.67112328546601	-0.28006197905664	376.73031366685	0
7.184	-0.68785414175305	-0.21953004123682	376.73031366685	0
7.192	-0.70003544930857	-0.15750467242084	376.73031366685	0
7.2	-0.70748973878276	-0.094471406393291	376.73031366685	0
7.208	-0.7101090389558	-0.030942889735259	376.73031366685	0
7.216	-0.70786025029334	0.032552826314041	376.73031366685	0
7.224	-0.70078901150416	0.095485082890823	376.73031366685	0
7.232	-0.68902243073129	0.15733504818412	376.73031366685	0
7.24	-0.67277024776541	0.21761375959798	376.73031366685	0
7.248	-0.65232038826228	0.27588676174306	376.73031366685	0
7.256	-0.62801785302385	0.33180349526174	376.73031366685	0
7.264	-0.60021670472279	0.38511120843051	376.73031366685	0
7.272	-0.56922855974433	0.43562012373466	376.73031366685	0
7.28	-0.53532840761882	0.48313557521056	376.73031366685	0
7.288	-0.49881882822919	0.52743854446845	376.73031366685	0
7.296	-0.46006753622338	0.56833454933279	376.73031366685	0
7.304	-0.41948460553034	0.60570112650717	376.73031366685	0
7.312	-0.37748236986228	0.63949609348956	376.73031366685	0
7.32	-0.3344500436514	0.66974316635753	376.73031366685	0
7.328	-0.2907436960989	0.69651493620687	376.73031366685	0
7.336	-0.24668379887522	0.71991973345275	376.73031366685	0
7.344	-0.20255546661693	0.74009215943343	376.73031366685	0
7.352	-0.15860955452426	0.75718593024404	376.73031366685	0
7.36	-0.11506412300879	0.77136811294829	376.73031366685	0
7.368	-0.072106176648819	0.78281430149364	376.73031366685	0
7.376	-0.029893648312198	0.79170453554469	376.73031366685	0
7.384	0.011442416840189	0.79821987339664	376.73031366685	0
7.392	0.051795541767907	0.80253956520612	376.73031366685	0
7.4	0.091081433433637	0.80483877835839	376.73031366685	0
7.408	0.12923560142865	0.80528682326314	376.73031366685	0
7.416	0.16621103674702	0.80404582361429	376.73031366685	0
7.424	0.20197599576553	0.80126977300645	376.73031366685	0
7.432	0.23651192196812	0.79710392026825	376.73031366685	0
7.44	0.26981152655064	0.79168442855627	376.73031366685	0
7.448	0.30187703935269	0.7851382575087	376.73031366685	0
7.456	0.33271863376041	0.77758322295363	376.73031366685	0
7.464	0.36235302324157	0.76912819427911	376.73031366685	0
7.472	0.39080222281449	0.75987339520949	376.73031366685	0
7.48	0.41809246577209	0.74991077912203	376.73031366685	0
7.488	0.44425326412174	0.73932445500866	376.73031366685	0
7.496	0.46931660022321	0.72819114464521	376.73031366685	0
7.504	0.49331623679568	0.71658065543928	376.73031366685	0
7.512	0.5162871326425	0.70455635678851	376.73031366685	0
7.52	0.53826495195899	0.69217565062402	376.73031366685	0
7.528	0.55928565583019	0.67949042918138	376.73031366685	0
7.536	0.57938516539709	0.6665475149851	376.73031366685	0
7.544	0.59859908710804	0.65338907960698	376.73031366685	0
7.552	0.61696249142184	0.64005303901432	376.73031366685	0
7.56	0.63450973726022	0.62657342431215	376.73031366685	0
7.568	0.65127433539228	0.61298072744677	376.73031366685	0
7.576	0.6672888447605	0.59930222201684	376.73031366685	0
7.584	0.6825847965169	0.58556225976666	376.73031366685	0
7.592	0.69719264122658	0.57178254364328	376.73031366685	0
7.6	0.71114171531428	0.55798237850953	376.73031366685	0
7.608	0.72446022337934	0.54417890073973	376.73031366685	0
7.616	0.73717523349075	0.53038728800031	376.73031366685	0
7.624	0.74931268300026	0.51662095054796	376.73031366685	0
7.632	0.76089739278397	0.50289170537461	376.73031366685	0
7.64	0.77195308814614	0.48920993449999	376.73031366685	0
7.648	0.78250242489884	0.47558472866692	376.73031366685	0
7.656	0.79256701937169	0.46202401763586	376.73031366685	0
7.664	0.80216748131315	0.44853468821002	376.73031366685	0
7.672	0.81132344882116	0.43512269105183	376.73031366685	0
7.68	0.82005362459231	0.42179313728015	376.73031366685	0
7.688	0.82837581290638	0.40855038576555	376.73031366685	0
7.696	0.83630695687192	0.39539812197118	376.73031366685	0
7.704	0.84386317555033	0.38233942911895	376.73031366685	0
7.712	0.85105980065279	0.36937685239649	376.73031366685	0
7.72	0.85791141256963	0.3565124568592	376.73031366685	0
7.728	0.86443187554562	0.34374787962516	376.73031366685	0
7.736	0.87063437185989	0.33108437690715	376.73031366685	0
7.744	0.87653143490679	0.31852286637703	376.73031366685	0
7.752	0.88213498110469	0.30606396531234	376.73031366685	0
7.76	0.88745634058546	0.29370802493316	376.73031366685	0
7.768	0.89250628663789	0.28145516129909	376.73031366685	0
7.776	0.89729506389512	0.26930528310126	376.73031366685	0
7.784	0.90183241527007	0.25725811665232	376.73031366685	0
7.792	0.90612760765296	0.24531322834845	376.73031366685	0
7.8	0.91018945639417	0.23347004485091	376.73031366685	0
7.808	0.91402634860166	0.22172787121091	376.73031366685	0
7.816	0.91764626528751	0.21008590713963	376.73031366685	0
7.824	0.92105680240133	0.19854326160585	376.73031366685	0
7.832	0.92426519079123	0.18709896592563	376.73031366685	0
7.84	0.92727831513435	0.17575198549259	376.73031366685	0
7.848	0.93010273187994	0.16450123028266	376.73031366685	0
7.856	0.93274468624835	0.1533455642543	376.73031366685	0
7.864	0.935210128329	0.14228381375299	376.73031366685	0
7.872	0.93750472831995	0.13131477501851	376.73031366685	0
7.88	0.93963389095086	0.1204372208836	376.73031366685	0
7.888	0.94160276913	0.109649906744	376.73031366685	0
7.896	0.94341627685476	0.098951575872141	376.73031366685	0
7.904	0.94507910142391	0.088340964139462	376.73031366685	0
7.912	0.94659571498805	0.077816804206163	376.73031366685	0
7.92	0.94797038547381	0.067377829231367	376.73031366685	0
7.928	0.94920718691507	0.057022776151505	376.73031366685	0
7.936	0.9503100092237	0.046750388570052	376.73031366685	0
7.944	0.95128256743022	0.036559419297566	376.73031366685	0
7.952	0.95212841042358	0.026448632577162	376.73031366685	0
7.96	0.95285092921778	0.016416806027125	376.73031366685	0
7.968	0.95345336477137	0.0064627323293247	376.73031366685	0
7.976	0.95393881538486	-0.0034147793107479	376.73031366685	0
7.984	0.9543102436993	-0.013216901908961	376.73031366685	0
7.992	0.95457048331836	-0.022944789631455	376.73031366685	0
8	0.95472224507471	-0.032599576888447	376.73031366685	0
8.008	0.95476812296041	-0.042182377575698	376.73031366685	0
8.016	0.95471059973988	-0.051694284448078	376.73031366685	0
8.024	0.95455205226279	-0.061136368611131	376.73031366685	0
8.032	0.95429475649328	-0.070509679117864	376.73031366685	0
8.04	0.95394089227071	-0.079815242659199	376.73031366685	0
8.048	0.95349254781626	-0.089054063337483	376.73031366685	0
8.056	0.9529517239986	-0.098227122513463	376.73031366685	0
8.064	0.95232033837106	-0.10733537871788	376.73031366685	0
8.072	0.95160022899146	-0.11637976761945	376.73031366685	0
8.08	0.95079315803522	-0.12536120204164	376.73031366685	0
8.088	0.94990081521094	-0.1342805720209	376.73031366685	0
8.096	0.94892482098704	-0.14313874489925	376.73031366685	0
8.104	0.94786672963679	-0.15193656544428	376.73031366685	0
8.112	0.94672803210805	-0.16067485598917	376.73031366685	0
8.12	0.94551015872287	-0.16935441658483	376.73031366685	0
8.128	0.94421448171093	-0.17797602515544	376.73031366685	0
8.136	0.94284231757941	-0.18654043764688	376.73031366685	0
8.144	0.94139492932066	-0.19504838815526	376.73031366685	0
8.152	0.93987352845755	-0.20350058901933	376.73031366685	0
8.16	0.93827927692533	-0.21189773085546	376.73031366685	0
8.168	0.93661328878789	-0.22024048250659	376.73031366685	0
8.176	0.93487663178695	-0.22852949086639	376.73031366685	0
8.184	0.93307032872425	-0.23676538052478	376.73031366685	0
8.192	0.93119535868361	-0.24494875316058	376.73031366685	0
8.2	0.92925265811221	-0.25308018657742	376.73031366685	0
8.208	0.92724312180669	-0.26116023323904	376.73031366685	0
8.216	0.92516760389846	-0.26918941810592	376.73031366685	0
8.224	0.92302691902167	-0.27716823550681	376.73031366685	0
8.232	0.92082184400565	-0.28509714470057	376.73031366685	0
8.24	0.91855312070824	-0.29297656371656	376.73031366685	0
8.248	0.91622146106756	-0.30080686106464	376.73031366685	0
8.256	0.91382755618676	-0.30858834511741	376.73031366685	0
8.264	0.91137209234954	-0.31632125168903	376.73031366685	0
8.272	0.90885577819728	-0.3240057321504	376.73031366685	0
8.28	0.90627938823051	-0.33164184827449	376.73031366685	0
8.288	0.90364382628728	-0.33922958692943	376.73031366685	0
8.296	0.90095020412521	-0.34676891725438	376.73031366685	0
8.304	0.89819990789157	-0.35425991869727	376.73031366685	0
8.312	0.89539458761518	-0.36170299156332	376.73031366685	0
8.32	0.89253597721632	-0.36909909559195	376.73031366685	0
8.328	0.88962550437225	-0.37644985475923	376.73031366685	0
8.336	0.88666383179796	-0.3837573315552	376.73031366685	0
8.344	0.88365065279031	-0.39102346720999	376.73031366685	0
8.352	0.88058495902316	-0.39824950881541	376.73031366685	0
8.36	0.87746561272613	-0.40543580401529	376.73031366685	0
8.368	0.87429183073023	-0.41258201906219	376.73031366685	0
8.376	0.87106335830716	-0.41968752714318	376.73031366685	0
8.384	0.86778039058783	-0.42675171620297	376.73031366685	0
8.392	0.86444340252023	-0.43377413628369	376.73031366685	0
8.4	0.86105299736261	-0.44075452603348	376.73031366685	0
8.408	0.85760980834918	-0.447692781845	376.73031366685	0
8.416	0.85411444732759	-0.4545889124849	376.73031366685	0
8.424	0.85056748373072	-0.46144299858872	376.73031366685	0
8.432	0.84696943986506	-0.4682551623875	376.73031366685	0
8.44	0.84332079366485	-0.47502554706312	376.73031366685	0
8.448	0.83962198413154	-0.48175430343512	376.73031366685	0
8.456	0.83587341717445	-0.48844158171106	376.73031366685	0
8.464	0.83207547090937	-0.49508752655152	376.73031366685	0
8.472	0.82822850012617	-0.50169227423435	376.73031366685	0
8.48	0.82433283992438	-0.50825595111908	376.73031366685	0
8.488	0.82038880862363	-0.51477867290141	376.73031366685	0
8.496	0.81639671008135	-0.52126054433928	376.73031366685	0
8.504	0.81235683554171	-0.5277016592533	376.73031366685	0
8.512	0.8082694651203	-0.53410210068139	376.73031366685	0
8.52	0.80413486900823	-0.54046194111493	376.73031366685	0
8.528	0.79995330846027	-0.54678124277297	376.73031366685	0
8.536	0.79572503661713	-0.55306005788899	376.73031366685	0
8.544	0.79145029919936	-0.55929842899602	376.73031366685	0
8.552	0.78712933510165	-0.56549638920211	376.73031366685	0
8.56	0.78276237690899	-0.57165396245238	376.73031366685	0
8.568	0.77834965135141	-0.57777116377621	376.73031366685	0
8.576	0.77389137970948	-0.58384799951941	376.73031366685	0
8.584	0.76938777818044	-0.58988446756193	376.73031366685	0
8.592	0.7648390582121	-0.59588055752198	376.73031366685	0
8.6	0.76024542681032	-0.60183625094785	376.73031366685	0
8.608	0.75560708682457	-0.60775152149836	376.73031366685	0
8.616	0.75092423721492	-0.6136263351131	376.73031366685	0
8.624	0.74619707330327	-0.61946065017345	376.73031366685	0
8.632	0.74142578701115	-0.62525441765528	376.73031366685	0
8.64	0.73661056708566	-0.63100758127419	376.73031366685	0
8.648	0.73175159931509	-0.63672007762391	376.73031366685	0
8.656	0.72684906673547	-0.64239183630865	376.73031366685	0
8.664	0.72190314982888	-0.64802278006976	376.73031366685	0
8.672	0.71691402671441	-0.65361282490749	376.73031366685	0
8.68	0.71188187333243	-0.65916188019791	376.73031366685	0
8.688	0.70680686362282	-0.66466984880578	376.73031366685	0
8.696	0.70168916969757	-0.67013662719343	376.73031366685	0
8.704	0.69652896200815	-0.67556210552599	376.73031366685	0
8.712	0.69132640950823	-0.68094616777345	376.73031366685	0
8.72	0.68608167981184	-0.68628869180948	376.73031366685	0
8.728	0.68079493934736	-0.69158954950753	376.73031366685	0
8.736	0.67546635350772	-0.69684860683414	376.73031366685	0
8.744	0.67009608679685	-0.70206572393988	376.73031366685	0
8.752	0.66468430297268	-0.70724075524791	376.73031366685	0
8.76	0.65923116518699	-0.71237354954037	376.73031366685	0
8.768	0.65373683612207	-0.71746395004278	376.73031366685	0
8.776	0.64820147812459	-0.72251179450645	376.73031366685	0
8.784	0.64262525333666	-0.72751691528924	376.73031366685	0
8.792	0.63700832382429	-0.73247913943447	376.73031366685	0
8.8	0.63135085170342	-0.7373982887484	376.73031366685	0
8.808	0.62565299926358	-0.74227417987613	376.73031366685	0
8.816	0.61991492908928	-0.74710662437618	376.73031366685	0
8.824	0.61413680417939	-0.75189542879371	376.73031366685	0
8.832	0.60831878806437	-0.75664039473256	376.73031366685	0
8.84	0.60246104492171	-0.76134131892611	376.73031366685	0
8.848	0.59656373968943	-0.76599799330706	376.73031366685	0
8.856	0.59062703817793	-0.77061020507627	376.73031366685	0
8.864	0.58465110718012	-0.77517773677057	376.73031366685	0
8.872	0.57863611458003	-0.7797003663298	376.73031366685	0
8.88	0.57258222945984	-0.78417786716295	376.73031366685	0
8.888	0.56648962220555	-0.78861000821362	376.73031366685	0
8.896	0.56035846461124	-0.79299655402476	376.73031366685	0
8.904	0.55418892998204	-0.79733726480277	376.73031366685	0
8.912	0.54798119323582	-0.80163189648107	376.73031366685	0
8.92	0.54173543100378	-0.80588020078307	376.73031366685	0
8.928	0.53545182172979	-0.81008192528475	376.73031366685	0
8.936	0.52913054576874	-0.81423681347676	376.73031366685	0
8.944	0.52277178548381	-0.81834460482618	376.73031366685	0
8.952	0.51637572534277	-0.82240503483792	376.73031366685	0
8.96	0.50994255201334	-0.82641783511593	376.73031366685	0
8.968	0.50347245445763	-0.83038273342405	376.73031366685	0
8.976	0.49696562402576	-0.83429945374681	376.73031366685	0
8.984	0.49042225454856	-0.83816771634999	376.73031366685	0
8.992	0.48384254242963	-0.84198723784116	376.73031366685	0
9	0.4772266867365	-0.84575773123007	376.73031366685	0
9.008	0.47057488929114	-0.84947890598918	376.73031366685	0
9.016	0.46388735475978	-0.85315046811405	376.73031366685	0
9.024	0.45716429074201	-0.85677212018393	376.73031366685	0
9.032	0.45040590785928	-0.86034356142239	376.73031366685	0
9.04	0.4436124198428	-0.86386448775816	376.73031366685	0
9.048	0.43678404362076	-0.86733459188608	376.73031366685	0
9.056	0.42992099940509	-0.87075356332837	376.73031366685	0
9.064	0.42302351077757	-0.87412108849608	376.73031366685	0
9.072	0.41609180477543	-0.87743685075091	376.73031366685	0
9.08	0.40912611197647	-0.88070053046735	376.73031366685	0
9.088	0.40212666658363	-0.88391180509513	376.73031366685	0
9.096	0.39509370650906	-0.88707034922223	376.73031366685	0
9.104	0.38802747345775	-0.89017583463815	376.73031366685	0
9.112	0.38092821301063	-0.89322793039783	376.73031366685	0
9.12	0.37379617470728	-0.89622630288596	376.73031366685	0
9.128	0.36663161212815	-0.89917061588191	376.73031366685	0
9.136	0.35943478297629	-0.90206053062521	376.73031366685	0
9.144	0.35220594915872	-0.90489570588166	376.73031366685	0
9.152	0.3449453768673	-0.90767579801006	376.73031366685	0
9.16	0.3376533366592	-0.91040046102964	376.73031366685	0
9.168	0.33033010353691	-0.91306934668816	376.73031366685	0
9.176	0.32297595702784	-0.91568210453084	376.73031366685	0
9.184	0.31559118126344	-0.9182383819699	376.73031366685	0
9.192	0.30817606505795	-0.92073782435506	376.73031366685	0
9.2	0.30073090198667	-0.92318007504475	376.73031366685	0
9.208	0.29325599046374	-0.9255647754782	376.73031366685	0
9.216	0.28575163381958	-0.92789156524843	376.73031366685	0
9.224	0.27821814037777	-0.93016008217611	376.73031366685	0
9.232	0.2706558235315	-0.93236996238439	376.73031366685	0
9.24	0.26306500181956	-0.93452084037458	376.73031366685	0
9.248	0.25544599900182	-0.93661234910294	376.73031366685	0
9.256	0.24779914413422	-0.93864412005838	376.73031366685	0
9.264	0.24012477164327	-0.94061578334113	376.73031366685	0
9.272	0.23242322139999	-0.94252696774255	376.73031366685	0
9.28	0.22469483879337	-0.94437730082592	376.73031366685	0
9.288	0.21693997480322	-0.94616640900825	376.73031366685	0
9.296	0.2091589860725	-0.94789391764329	376.73031366685	0
9.304	0.20135223497906	-0.94955945110543	376.73031366685	0
9.312	0.19352008970675	-0.95116263287489	376.73031366685	0
9.32	0.18566292431603	-0.95270308562384	376.73031366685	0
9.328	0.17778111881381	-0.95418043130365	376.73031366685	0
9.336	0.16987505922274	-0.95559429123329	376.73031366685	0
9.344	0.16194513764987	-0.95694428618867	376.73031366685	0
9.352	0.1539917523546	-0.95823003649312	376.73031366685	0
9.36	0.14601530781601	-0.95945116210888	376.73031366685	0
9.368	0.13801621479947	-0.96060728272955	376.73031366685	0
9.376	0.12999489042272	-0.9616980178735	376.73031366685	0
9.384	0.12195175822112	-0.96272298697819	376.73031366685	0
9.392	0.11388724821249	-0.96368180949531	376.73031366685	0
9.4	0.10580179696124	-0.96457410498666	376.73031366685	0
9.408	0.097695847642039	-0.96539949322071	376.73031366685	0
9.416	0.089569850103072	-0.96615759426969	376.73031366685	0
9.424	0.081424260928985	-0.96684802860709	376.73031366685	0
9.432	0.07325954350369	-0.96747041720542	376.73031366685	0
9.44	0.065076168073287	-0.9680243816341	376.73031366685	0
9.448	0.056874611809325	-0.96850954415716	376.73031366685	0
9.456	0.048655358872886	-0.96892552783073	376.73031366685	0
9.464	0.040418900479906	-0.96927195659988	376.73031366685	0
9.472	0.032165734968492	-0.9695484553948	376.73031366685	0
9.48	0.023896367869024	-0.96975465022589	376.73031366685	0
9.488	0.015611311978242	-0.96989016827779	376.73031366685	0
9.496	0.0073110874386924	-0.96995463800221	376.73031366685	0
9.504	-0.0010037781745198	-0.96994768920961	376.73031366685	0
9.512	-0.0093327497574031	-0.96986895316034	376.73031366685	0
9.52	-0.017675284568104	-0.96971806265595	376.73031366685	0
9.528	-0.026030832101679	-0.96949465213247	376.73031366685	0
9.536	-0.034398833944013	-0.96919835775843	376.73031366685	0
9.544	-0.042778723599629	-0.9688288175422	376.73031366685	0
9.552	-0.051169926287226	-0.96838567145566	376.73031366685	0
9.56	-0.059571858696606	-0.96786856158491	376.73031366685	0
9.568	-0.067983928700981	-0.96727713232369	376.73031366685	0
9.576	-0.076405535020954	-0.96661103063178	376.73031366685	0
9.584	-0.084836066841414	-0.96586990638919	376.73031366685	0
9.592	-0.093274903392725	-0.9650534128869	376.73031366685	0
9.6	-0.10172141352481	-0.96416120750472	376.73031366685	0
9.608	-0.11017495533103	-0.96319295263302	376.73031366685	0
9.616	-0.11863487591984	-0.96214831689155	376.73031366685	0
9.624	-0.12710051148647	-0.96102697667309	376.73031366685	0
9.632	-0.13557118789692	-0.9598286179774	376.73031366685	0
9.64	-0.14404622204032	-0.95855293838433	376.73031366685	0
9.648	-0.15252492419245	-0.95719964883678	376.73031366685	0
9.656	-0.1610066015014	-0.95576847468811	376.73031366685	0
9.664	-0.16949056239767	-0.95425915529369	376.73031366685	0
9.672	-0.17797612124598	-0.95267144144161	376.73031366685	0
9.68	-0.18646260202445	-0.95100509029055	376.73031366685	0
9.688	-0.1949493395365	-0.94925985827462	376.73031366685	0
9.696	-0.20343567697733	-0.94743549343272	376.73031366685	0
9.704	-0.21192095971724	-0.94553172931165	376.73031366685	0
9.712	-0.22040452657441	-0.94354828243518	376.73031366685	0
9.72	-0.22888570089125	-0.9414848542086	376.73031366685	0
9.728	-0.23736378377218	-0.93934113656423	376.73031366685	0
9.736	-0.24583805087732	-0.93711681948728	376.73031366685	0
9.744	-0.25430775280108	-0.93481159832652	376.73031366685	0
9.752	-0.26277211802004	-0.93242517939606	376.73031366685	0
9.76	-0.27123035702631	-0.9299572833046	376.73031366685	0
9.768	-0.27968166647013	-0.92740764621625	376.73031366685	0
9.776	-0.28812523260366	-0.9247760196383	376.73031366685	0
9.784	-0.29656023376782	-0.92206216938723	376.73031366685	0
9.792	-0.30498584196564	-0.91926587425101	376.73031366685	0
9.8	-0.31340122370843	-0.91638692468051	376.73031366685	0
9.808	-0.32180554035276	-0.91342512168032	376.73031366685	0
9.816	-0.33019794811895	-0.91038027595811	376.73031366685	0
9.824	-0.33857759793512	-0.90725220732718	376.73031366685	0
9.832	-0.34694363520405	-0.90404074432692	376.73031366685	0
9.84	-0.35529519955328	-0.90074572401707	376.73031366685	0
9.848	-0.36363142460242	-0.89736699190354	376.73031366685	0
9.856	-0.3719514377642	-0.89390440196006	376.73031366685	0
9.864	-0.38025436008532	-0.89035781671726	376.73031366685	0
9.872	-0.38853930612718	-0.88672710739827	376.73031366685	0
9.88	-0.39680538388374	-0.88301215408503	376.73031366685	0
9.888	-0.40505169473209	-0.87921284590463	376.73031366685	0
9.896	-0.41327733341161	-0.87532908122777	376.73031366685	0
9.904	-0.42148138802744	-0.87136076787447	376.73031366685	0
9.912	-0.42966294007452	-0.86730782332317	376.73031366685	0
9.92	-0.43782106447925	-0.86317017492131	376.73031366685	0
9.928	-0.44595482965603	-0.85894776009562	376.73031366685	0
9.936	-0.45406329757662	-0.85464052656149	376.73031366685	0
9.944	-0.46214552385068	-0.8502484325306	376.73031366685	0
9.952	-0.47020055781599	-0.84577144691676	376.73031366685	0
9.96	-0.47822744263743	-0.8412095495397	376.73031366685	0
9.968	-0.48622521541375	-0.83656273132671	376.73031366685	0
9.976	-0.49419290729163	-0.8318309945122	376.73031366685	0
9.984	-0.50212954358622	-0.82701435283518	376.73031366685	0
9.992	-0.51003414390812	-0.82211283173471	376.73031366685	0
10	-0.51790572229616	-0.81712646854325	376.73031366685	0
10.008	-0.52574328735598	-0.81205531267808	376.73031366685	0
10.016	-0.53354584240404	-0.80689942583069	376.73031366685	0
10.024	-0.54131238561703	-0.80165888215418	376.73031366685	0
10.032	-0.5490419101865	-0.7963337684487	376.73031366685	0
10.04	-0.5567334044787	-0.79092418434475	376.73031366685	0
10.048	-0.56438585219945	-0.78543024248453	376.73031366685	0
10.056	-0.57199823256409	-0.7798520687011	376.73031366685	0
10.064	-0.57956952047242	-0.77418980219539	376.73031366685	0
10.072	-0.58709868668864	-0.76844359571097	376.73031366685	0
10.08	-0.59458469802618	-0.76261361570647	376.73031366685	0
10.088	-0.60202651753748	-0.75670004252561	376.73031366685	0
10.096	-0.6094231047087	-0.75070307056477	376.73031366685	0
10.104	-0.61677341565924	-0.74462290843789	376.73031366685	0
10.112	-0.62407640334619	-0.73845977913872	376.73031366685	0
10.12	-0.63133101777361	-0.73221392020031	376.73031366685	0
10.128	-0.63853620620665	-0.72588558385146	376.73031366685	0
10.136	-0.64569091339041	-0.71947503717028	376.73031366685	0
10.144	-0.65279408177368	-0.71298256223451	376.73031366685	0
10.152	-0.65984465173736	-0.70640845626858	376.73031366685	0
10.16	-0.66684156182763	-0.69975303178731	376.73031366685	0
10.168	-0.67378374899388	-0.69301661673605	376.73031366685	0
10.176	-0.68067014883114	-0.68619955462719	376.73031366685	0
10.184	-0.68749969582731	-0.67930220467285	376.73031366685	0
10.192	-0.69427132361487	-0.67232494191371	376.73031366685	0
10.2	-0.70098396522715	-0.66526815734376	376.73031366685	0
10.208	-0.70763655335902	-0.65813225803081	376.73031366685	0
10.216	-0.71422802063216	-0.65091766723281	376.73031366685	0
10.224	-0.72075729986451	-0.64362482450957	376.73031366685	0
10.232	-0.72722332434418	-0.63625418582999	376.73031366685	0
10.24	-0.73362502810751	-0.62880622367452	376.73031366685	0
10.248	-0.73996134622132	-0.62128142713271	376.73031366685	0
10.256	-0.74623121506929	-0.61368030199584	376.73031366685	0
10.264	-0.75243357264228	-0.60600337084436	376.73031366685	0
10.272	-0.75856735883267	-0.59825117313001	376.73031366685	0
10.28	-0.76463151573244	-0.59042426525264	376.73031366685	0
10.288	-0.77062498793504	-0.58252322063135	376.73031366685	0
10.296	-0.77654672284096	-0.57454862977004	376.73031366685	0
10.304	-0.7823956709667	-0.56650110031711	376.73031366685	0
10.312	-0.78817078625736	-0.5583812571192	376.73031366685	0
10.32	-0.79387102640236	-0.55018974226891	376.73031366685	0
10.328	-0.79949535315451	-0.54192721514621	376.73031366685	0
10.336	-0.8050427326521	-0.53359435245366	376.73031366685	0
10.344	-0.81051213574395	-0.52519184824505	376.73031366685	0
10.352	-0.81590253831728	-0.51672041394752	376.73031366685	0
10.36	-0.82121292162829	-0.50818077837701	376.73031366685	0
10.368	-0.82644227263526	-0.49957368774681	376.73031366685	0
10.376	-0.8315895843341	-0.49089990566931	376.73031366685	0
10.384	-0.83665385609607	-0.48216021315058	376.73031366685	0
10.392	-0.84163409400771	-0.47335540857791	376.73031366685	0
10.4	-0.84652931121261	-0.46448630770002	376.73031366685	0
10.408	-0.85133852825505	-0.45555374359998	376.73031366685	0
10.416	-0.85606077342516	-0.44655856666066	376.73031366685	0
10.424	-0.86069508310557	-0.43750164452259	376.73031366685	0
10.432	-0.8652405021194	-0.4283838620343	376.73031366685	0
10.44	-0.86969608407915	-0.41920612119481	376.73031366685	0
10.448	-0.87406089173671	-0.40996934108843	376.73031366685	0
10.456	-0.87833399733391	-0.40067445781159	376.73031366685	0
10.464	-0.88251448295372	-0.39132242439183	376.73031366685	0
10.472	-0.88660144087173	-0.38191421069866	376.73031366685	0
10.48	-0.89059397390776	-0.37245080334643	376.73031366685	0
10.488	-0.8944911957774	-0.36293320558904	376.73031366685	0
10.496	-0.89829223144337	-0.35336243720641	376.73031366685	0
10.504	-0.90199621746624	-0.34373953438281	376.73031366685	0
10.512	-0.90560230235463	-0.33406554957689	376.73031366685	0
10.52	-0.9091096469144	-0.3243415513833	376.73031366685	0
10.528	-0.91251742459681	-0.31456862438615	376.73031366685	0
10.536	-0.91582482184524	-0.30474786900394	376.73031366685	0
10.544	-0.91903103844048	-0.29488040132623	376.73031366685	0
10.552	-0.92213528784418	-0.28496735294187	376.73031366685	0
10.56	-0.92513679754029	-0.27500987075883	376.73031366685	0
10.568	-0.92803480937433	-0.26500911681568	376.73031366685	0
10.576	-0.9308285798902	-0.25496626808461	376.73031366685	0
10.584	-0.93351738066425	-0.2448825162662	376.73031366685	0
10.592	-0.93610049863655	-0.23475906757572	376.73031366685	0
10.6	-0.93857723643893	-0.22459714252121	376.73031366685	0
10.608	-0.94094691271971	-0.21439797567322	376.73031366685	0
10.616	-0.94320886246482	-0.20416281542634	376.73031366685	0
10.624	-0.94536243731509	-0.19389292375252	376.73031366685	0
10.632	-0.94740700587946	-0.18358957594628	376.73031366685	0
10.64	-0.94934195404397	-0.17325406036186	376.73031366685	0
10.648	-0.95116668527614	-0.16288767814233	376.73031366685	0
10.656	-0.95288062092467	-0.15249174294083	376.73031366685	0
10.664	-0.95448320051413	-0.14206758063394	376.73031366685	0
10.672	-0.95597388203447	-0.13161652902734	376.73031366685	0
10.68	-0.95735214222509	-0.12113993755382	376.73031366685	0
10.688	-0.95861747685324	-0.11063916696375	376.73031366685	0
10.696	-0.9597694009866	-0.10011558900813	376.73031366685	0
10.704	-0.9608074492597	-0.089570586114362	376.73031366685	0
10.712	-0.96173117613411	-0.079005551054839	376.73031366685	0
10.72	-0.962540156152	-0.068421886608506	376.73031366685	0
10.728	-0.96323398418311	-0.057821005215535	376.73031366685	0
10.736	-0.96381227566464	-0.047204328625262	376.73031366685	0
10.744	-0.96427466683409	-0.036573287537537	376.73031366685	0
10.752	-0.96462081495473	-0.02592932123765	376.73031366685	0
10.76	-0.9648503985335	-0.015273877225022	376.73031366685	0
10.768	-0.96496311753123	-0.0046084108358205	376.73031366685	0
10.776	-0.96495869356491	0.0060656151403178	376.73031366685	0
10.784	-0.96483687010188	0.016746730849269	376.73031366685	0
10.792	-0.96459741264571	0.027433459766895	376.73031366685	0
10.8	-0.96424010891367	0.038124319098816	376.73031366685	0
10.808	-0.96376476900558	0.048817820185286	376.73031366685	0
10.816	-0.96317122556385	0.059512468910956	376.73031366685	0
10.824	-0.96245933392461	0.070206766119274	376.73031366685	0
10.832	-0.96162897225981	0.080899208031333	376.73031366685	0
10.84	-0.96068004171	0.091588286668933	376.73031366685	0
10.848	-0.95961246650786	0.10227249028161	376.73031366685	0
10.856	-0.95842619409214	0.11295030377739	376.73031366685	0
10.864	-0.9571211952121	0.12362020915703	376.73031366685	0
10.872	-0.95569746402215	0.13428068595153	376.73031366685	0
10.88	-0.95415501816667	0.14493021166258	376.73031366685	0
10.888	-0.95249389885496	0.15556726220578	376.73031366685	0
10.896	-0.9507141709261	0.16619031235631	376.73031366685	0
10.904	-0.94881592290373	0.17679783619683	376.73031366685	0
10.912	-0.94679926704065	0.18738830756728	376.73031366685	0
10.92	-0.94466433935317	0.19796020051641	376.73031366685	0
10.928	-0.94241129964514	0.20851198975463	376.73031366685	0
10.936	-0.94004033152163	0.21904215110808	376.73031366685	0
10.944	-0.93755164239216	0.22954916197345	376.73031366685	0
10.952	-0.93494546346354	0.24003150177348	376.73031366685	0
10.96	-0.9322220497222	0.25048765241265	376.73031366685	0
10.968	-0.92938167990603	0.2609160987329	376.73031366685	0
10.976	-0.92642465646575	0.27131532896918	376.73031366685	0
10.984	-0.92335130551574	0.2816838352043	376.73031366685	0
10.992	-0.9201619767744	0.29202011382301	376.73031366685	0
11	-0.916857043494	0.30232266596501	376.73031366685	0
11.008	-0.9134369023801	0.31258999797647	376.73031366685	0
11.016	-0.90990197350056	0.32282062185994	376.73031366685	0
11.024	-0.9062527001841	0.33301305572223	376.73031366685	0
11.032	-0.90248954890865	0.34316582422011	376.73031366685	0
11.04	-0.89861300917927	0.35327745900346	376.73031366685	0
11.048	-0.89462359339602	0.36334649915562	376.73031366685	0
11.056	-0.89052183671158	0.37337149163066	376.73031366685	0
11.064	-0.88630829687894	0.38335099168735	376.73031366685	0
11.072	-0.88198355408899	0.39328356331945	376.73031366685	0
11.08	-0.87754821079843	0.40316777968222	376.73031366685	0
11.088	-0.87300289154779	0.41300222351466	376.73031366685	0
11.096	-0.86834824276993	0.42278548755746	376.73031366685	0
11.104	-0.86358493258896	0.43251617496623	376.73031366685	0
11.112	-0.85871365060987	0.44219289971987	376.73031366685	0
11.12	-0.85373510769885	0.45181428702373	376.73031366685	0
11.128	-0.8486500357546	0.46137897370743	376.73031366685	0
11.136	-0.8434591874707	0.47088560861699	376.73031366685	0
11.144	-0.83816333608915	0.4803328530011	376.73031366685	0
11.152	-0.83276327514543	0.48971938089137	376.73031366685	0
11.16	-0.82725981820504	0.49904387947613	376.73031366685	0
11.168	-0.82165379859186	0.50830504946784	376.73031366685	0
11.176	-0.81594606910842	0.51750160546361	376.73031366685	0
11.184	-0.81013750174839	0.52663227629888	376.73031366685	0
11.192	-0.80422898740131	0.53569580539392	376.73031366685	0
11.2	-0.79822143554994	0.54469095109298	376.73031366685	0
11.208	-0.7921157739604	0.55361648699593	376.73031366685	0
11.216	-0.78591294836517	0.56247120228217	376.73031366685	0
11.224	-0.77961392213944	0.57125390202673	376.73031366685	0
11.232	-0.77321967597075	0.57996340750829	376.73031366685	0
11.24	-0.76673120752241	0.58859855650899	376.73031366685	0
11.248	-0.76014953109068	0.59715820360597	376.73031366685	0
11.256	-0.75347567725618	0.60564122045437	376.73031366685	0
11.264	-0.74671069252966	0.61404649606173	376.73031366685	0
11.272	-0.73985563899228	0.62237293705369	376.73031366685	0
11.28	-0.73291159393091	0.63061946793072	376.73031366685	0
11.288	-0.72587964946841	0.63878503131606	376.73031366685	0
11.296	-0.71876091218933	0.64686858819441	376.73031366685	0
11.304	-0.71155650276126	0.65486911814159	376.73031366685	0
11.312	-0.70426755555198	0.66278561954488	376.73031366685	0
11.32	-0.69689521824285	0.67061710981402	376.73031366685	0
11.328	-0.68944065143844	0.67836262558289	376.73031366685	0
11.336	-0.68190502827303	0.68602122290168	376.73031366685	0
11.344	-0.67428953401382	0.6935919774195	376.73031366685	0
11.352	-0.66659536566147	0.70107398455755	376.73031366685	0
11.36	-0.65882373154798	0.70846635967259	376.73031366685	0
11.368	-0.65097585093238	0.71576823821084	376.73031366685	0
11.376	-0.64305295359429	0.7229787758522	376.73031366685	0
11.384	-0.63505627942574	0.73009714864485	376.73031366685	0
11.392	-0.62698707802156	0.73712255313016	376.73031366685	0
11.4	-0.61884660826834	0.74405420645795	376.73031366685	0
11.408	-0.61063613793263	0.75089134649206	376.73031366685	0
11.416	-0.60235694324818	0.75763323190634	376.73031366685	0
11.424	-0.59401030850287	0.76427914227101	376.73031366685	0
11.432	-0.58559752562528	0.77082837812944	376.73031366685	0
11.44	-0.5771198937714	0.77728026106534	376.73031366685	0
11.448	-0.56857871891153	0.7836341337606	376.73031366685	0
11.456	-0.55997531341768	0.78988936004352	376.73031366685	0
11.464	-0.55131099565181	0.79604532492782	376.73031366685	0
11.472	-0.54258708955498	0.80210143464222	376.73031366685	0
11.48	-0.53380492423776	0.80805711665087	376.73031366685	0
11.488	-0.52496583357212	0.81391181966457	376.73031366685	0
11.496	-0.51607115578496	0.81966501364301	376.73031366685	0
11.504	-0.50712223305359	0.8253161897879	376.73031366685	0
11.512	-0.49812041110335	0.83086486052738	376.73031366685	0
11.52	-0.4890670388075	0.83631055949156	376.73031366685	0
11.528	-0.47996346778978	0.84165284147942	376.73031366685	0
11.536	-0.4708110520296	0.8468912824172	376.73031366685	0
11.544	-0.46161114747035	0.85202547930837	376.73031366685	0
11.552	-0.45236511163071	0.85705505017524	376.73031366685	0
11.56	-0.44307430321942	0.86197963399249	376.73031366685	0
11.568	-0.43374008175353	0.86679889061263	376.73031366685	0
11.576	-0.42436380718043	0.87151250068355	376.73031366685	0
11.584	-0.41494683950367	0.8761201655584	376.73031366685	0
11.592	-0.40549053841296	0.88062160719778	376.73031366685	0
11.6	-0.39599626291831	0.88501656806456	376.73031366685	0
11.608	-0.38646537098864	0.88930481101137	376.73031366685	0
11.616	-0.37689921919479	0.89348611916095	376.73031366685	0
11.624	-0.3672991623574	0.89756029577961	376.73031366685	0
11.632	-0.3576665531995	0.90152716414375	376.73031366685	0
11.64	-0.34800274200406	0.90538656739988	376.73031366685	0
11.648	-0.33830907627673	0.90913836841809	376.73031366685	0
11.656	-0.32858690041369	0.91278244963921	376.73031366685	0
11.664	-0.31883755537493	0.91631871291597	376.73031366685	0
11.672	-0.30906237836293	0.91974707934804	376.73031366685	0
11.68	-0.2992627025069	0.92306748911143	376.73031366685	0
11.688	-0.2894398565527	0.92627990128229	376.73031366685	0
11.696	-0.27959516455851	0.92938429365523	376.73031366685	0
11.704	-0.26972994559633	0.93238066255648	376.73031366685	0
11.712	-0.25984551345943	0.93526902265199	376.73031366685	0
11.72	-0.24994317637576	0.93804940675067	376.73031366685	0
11.728	-0.24002423672749	0.94072186560293	376.73031366685	0
11.736	-0.23008999077666	0.94328646769476	376.73031366685	0
11.744	-0.22014172839703	0.94574329903748	376.73031366685	0
11.752	-0.2101807328122	0.94809246295338	376.73031366685	0
11.76	-0.20020828034003	0.95033407985739	376.73031366685	0
11.768	-0.19022564014341	0.95246828703506	376.73031366685	0
11.776	-0.18023407398743	0.95449523841685	376.73031366685	0
11.784	-0.17023483600292	0.95641510434915	376.73031366685	0
11.792	-0.1602291724565	0.95822807136199	376.73031366685	0
11.8	-0.1502183215271	0.95993434193381	376.73031366685	0
11.808	-0.14020351308888	0.96153413425327	376.73031366685	0
11.816	-0.13018596850079	0.96302768197851	376.73031366685	0
11.824	-0.12016690040248	0.96441523399378	376.73031366685	0
11.832	-0.11014751251688	0.96569705416385	376.73031366685	0
11.84	-0.10012899945915	0.96687342108625	376.73031366685	0
11.848	-0.090112546552211	0.96794462784144	376.73031366685	0
11.856	-0.080099329648752	0.96891098174133	376.73031366685	0
11.864	-0.070090514959698	0.969772804076	376.73031366685	0
11.872	-0.060087258889147	0.97053042985904	376.73031366685	0
11.88	-0.050090707875718	0.97118420757153	376.73031366685	0
11.888	-0.040101998240326	0.97173449890492	376.73031366685	0
11.896	-0.030122256040324	0.97218167850282	376.73031366685	0
11.904	-0.020152596929966	0.97252613370201	376.73031366685	0
11.912	-0.010194126027172	0.97276826427279	376.73031366685	0
11.92	-0.00024793778655992	0.97290848215872	376.73031366685	0
11.928	0.0096848841213279	0.97294721121599	376.73031366685	0
11.936	0.019603266924635	0.9728848869526	376.73031366685	0
11.944	0.029506148858706	0.97272195626735	376.73031366685	0
11.952	0.039392479268539	0.9724588771889	376.73031366685	0
11.96	0.049261218705245	0.97209611861502	376.73031366685	0
11.968	0.059111339016595	0.97163416005212	376.73031366685	0
11.976	0.068941823431692	0.9710734913552	376.73031366685	0
11.984	0.078751666639843	0.97041461246837	376.73031366685	0
11.992	0.088539874863695	0.96965803316606	376.73031366685	0
12	0.09830546592673	0.968804272795	376.73031366685	0
12.008	0.10804746931517	0.96785386001717	376.73031366685	0
12.016	0.11776492623436	0.9668073325537	376.73031366685	0
12.024	0.12745688965973	0.96566523693001	376.73031366685	0
12.032	0.13712242438241	0.96442812822209	376.73031366685	0
12.04	0.14676060704956	0.96309656980424	376.73031366685	0
12.048	0.15637052619956	0.96167113309818	376.73031366685	0
12.056	0.16595128229198	0.96015239732375	376.73031366685	0
12.064	0.17550198773267	0.95854094925124	376.73031366685	0
12.072	0.18502176689385	0.95683738295544	376.73031366685	0
12.08	0.19450975612935	0.95504229957158	376.73031366685	0
12.088	0.20396510378509	0.95315630705307	376.73031366685	0
12.096	0.21338697020495	0.9511800199313	376.73031366685	0
12.104	0.22277452773202	0.94911405907751	376.73031366685	0
12.112	0.23212696070537	0.94695905146675	376.73031366685	0
12.12	0.24144346545243	0.94471562994409	376.73031366685	0
12.128	0.25072325027708	0.94238443299309	376.73031366685	0
12.136	0.25996553544355	0.93996610450663	376.73031366685	0
12.144	0.2691695531562	0.93746129356013	376.73031366685	0
12.152	0.27833454753522	0.93487065418726	376.73031366685	0
12.16	0.28745977458852	0.93219484515813	376.73031366685	0
12.168	0.2965445021797	0.92943452976012	376.73031366685	0
12.176	0.30558800999232	0.92659037558125	376.73031366685	0
12.184	0.31458958949054	0.92366305429633	376.73031366685	0
12.192	0.32354854387616	0.9206532414557	376.73031366685	0
12.2	0.33246418804225	0.91756161627687	376.73031366685	0
12.208	0.34133584852345	0.91438886143883	376.73031366685	0
12.216	0.35016286344287	0.91113566287926	376.73031366685	0
12.224	0.35894458245601	0.90780270959465	376.73031366685	0
12.232	0.36768036669139	0.9043906934432	376.73031366685	0
12.24	0.37636958868834	0.90090030895076	376.73031366685	0
12.248	0.38501163233182	0.89733225311967	376.73031366685	0
12.256	0.39360589278443	0.89368722524061	376.73031366685	0
12.264	0.40215177641573	0.8899659267074	376.73031366685	0
12.272	0.41064870072887	0.88616906083485	376.73031366685	0
12.28	0.41909609428474	0.88229733267968	376.73031366685	0
12.288	0.42749339662358	0.87835144886442	376.73031366685	0
12.296	0.43584005818433	0.87433211740443	376.73031366685	0
12.304	0.44413554022157	0.87024004753793	376.73031366685	0
12.312	0.45237931472031	0.86607594955918	376.73031366685	0
12.32	0.4605708643087	0.86184053465473	376.73031366685	0
12.328	0.46870968216863	0.85753451474268	376.73031366685	0
12.336	0.47679527194439	0.85315860231518	376.73031366685	0
12.344	0.48482714764949	0.84871351028388	376.73031366685	0
12.352	0.49280483357162	0.84419995182858	376.73031366685	0
12.36	0.50072786417595	0.83961864024888	376.73031366685	0
12.368	0.50859578400671	0.83497028881901	376.73031366685	0
12.376	0.51640814758726	0.83025561064566	376.73031366685	0
12.384	0.52416451931866	0.82547531852892	376.73031366685	0
12.392	0.53186447337674	0.82063012482627	376.73031366685	0
12.4	0.5395075936079	0.81572074131962	376.73031366685	0
12.408	0.5470934734236	0.81074787908543	376.73031366685	0
12.416	0.55462171569359	0.80571224836778	376.73031366685	0
12.424	0.56209193263805	0.80061455845452	376.73031366685	0
12.432	0.5695037457186	0.7954555175564	376.73031366685	0
12.44	0.57685678552831	0.79023583268914	376.73031366685	0
12.448	0.58415069168076	0.78495620955853	376.73031366685	0
12.456	0.59138511269818	0.77961735244842	376.73031366685	0
12.464	0.59855970589879	0.77421996411165	376.73031366685	0
12.472	0.60567413728329	0.76876474566388	376.73031366685	0
12.48	0.61272808142073	0.76325239648034	376.73031366685	0
12.488	0.61972122133365	0.75768361409533	376.73031366685	0
12.496	0.62665324838261	0.75205909410469	376.73031366685	0
12.504	0.6335238621502	0.74637953007098	376.73031366685	0
12.512	0.64033277032449	0.7406456134315	376.73031366685	0
12.52	0.64707968858211	0.73485803340904	376.73031366685	0
12.528	0.65376434047086	0.72901747692537	376.73031366685	0
12.536	0.66038645729193	0.72312462851744	376.73031366685	0
12.544	0.66694577798192	0.71718017025626	376.73031366685	0
12.552	0.67344204899449	0.71118478166845	376.73031366685	0
12.56	0.67987502418184	0.70513913966034	376.73031366685	0
12.568	0.686244464676	0.6990439184448	376.73031366685	0
12.576	0.69255013876996	0.69289978947045	376.73031366685	0
12.584	0.69879182179871	0.68670742135361	376.73031366685	0
12.592	0.70496929602025	0.68046747981257	376.73031366685	0
12.6	0.71108235049653	0.67418062760448	376.73031366685	0
12.608	0.71713078097439	0.6678475244646	376.73031366685	0
12.616	0.72311438976662	0.661468827048	376.73031366685	0
12.624	0.72903298563301	0.65504518887363	376.73031366685	0
12.632	0.73488638366156	0.64857726027077	376.73031366685	0
12.64	0.7406744051498	0.64206568832776	376.73031366685	0
12.648	0.74639687748633	0.63551111684308	376.73031366685	0
12.656	0.75205363403248	0.62891418627865	376.73031366685	0
12.664	0.75764451400425	0.62227553371535	376.73031366685	0
12.672	0.76316936235449	0.6155957928108	376.73031366685	0
12.68	0.76862802965533	0.60887559375928	376.73031366685	0
12.688	0.77402037198097	0.60211556325373	376.73031366685	0
12.696	0.77934625079067	0.59531632444996	376.73031366685	0
12.704	0.78460553281221	0.5884784969329	376.73031366685	0
12.712	0.78979808992563	0.58160269668483	376.73031366685	0
12.72	0.7949237990474	0.57468953605576	376.73031366685	0
12.728	0.79998254201492	0.56773962373567	376.73031366685	0
12.736	0.8049742054715	0.56075356472881	376.73031366685	0
12.744	0.80989868075176	0.55373196032984	376.73031366685	0
12.752	0.81475586376742	0.54667540810197	376.73031366685	0
12.76	0.81954565489361	0.53958450185687	376.73031366685	0
12.768	0.82426795885563	0.53245983163649	376.73031366685	0
12.776	0.82892268461619	0.52530198369668	376.73031366685	0
12.784	0.83350974526311	0.51811154049259	376.73031366685	0
12.792	0.83802905789763	0.51088908066585	376.73031366685	0
12.8	0.84248054352308	0.50363517903345	376.73031366685	0
12.808	0.84686412693421	0.49635040657836	376.73031366685	0
12.816	0.85117973660695	0.4890353304418	376.73031366685	0
12.824	0.85542730458878	0.48169051391721	376.73031366685	0
12.832	0.85960676638955	0.4743165164458	376.73031366685	0
12.84	0.86371806087296	0.46691389361375	376.73031366685	0
12.848	0.86776113014846	0.45948319715095	376.73031366685	0
12.856	0.87173591946382	0.45202497493134	376.73031366685	0
12.864	0.87564237709817	0.44453977097475	376.73031366685	0
12.872	0.87948045425563	0.4370281254503	376.73031366685	0
12.88	0.88325010495949	0.42949057468119	376.73031366685	0
12.888	0.88695128594695	0.4219276511511	376.73031366685	0
12.896	0.89058395656442	0.41433988351194	376.73031366685	0
12.904	0.89414807866334	0.40672779659303	376.73031366685	0
12.912	0.8976436164966	0.39909191141175	376.73031366685	0
12.92	0.90107053661548	0.39143274518553	376.73031366685	0
12.928	0.90442880776714	0.38375081134521	376.73031366685	0
12.936	0.90771840079266	0.37604661954979	376.73031366685	0
12.944	0.91093928852561	0.3683206757025	376.73031366685	0
12.952	0.91409144569113	0.36057348196814	376.73031366685	0
12.96	0.91717484880561	0.35280553679184	376.73031366685	0
12.968	0.92018947607677	0.34501733491899	376.73031366685	0
12.976	0.92313530730439	0.33720936741653	376.73031366685	0
12.984	0.92601232378142	0.32938212169544	376.73031366685	0
12.992	0.92882050819568	0.32153608153454	376.73031366685	0
13	0.93155984453198	0.3136717271055	376.73031366685	0
13.008	0.93423031797479	0.30578953499905	376.73031366685	0
13.016	0.93683191481128	0.29788997825246	376.73031366685	0
13.024	0.93936462233495	0.28997352637819	376.73031366685	0
13.032	0.94182842874957	0.28204064539374	376.73031366685	0
13.04	0.94422332307365	0.27409179785274	376.73031366685	0
13.048	0.94654929504534	0.26612744287714	376.73031366685	0
13.056	0.94880633502765	0.25814803619064	376.73031366685	0
13.064	0.95099443391419	0.25015403015329	376.73031366685	0
13.072	0.95311358303522	0.24214587379722	376.73031366685	0
13.08	0.95516377406407	0.23412401286355	376.73031366685	0
13.088	0.95714499892403	0.22608888984052	376.73031366685	0
13.096	0.95905724969541	0.21804094400266	376.73031366685	0
13.104	0.96090051852308	0.20998061145126	376.73031366685	0
13.112	0.9626747975243	0.20190832515586	376.73031366685	0
13.12	0.96438007869676	0.19382451499702	376.73031366685	0
13.128	0.96601635382705	0.18572960781018	376.73031366685	0
13.136	0.96758361439928	0.17762402743072	376.73031366685	0
13.144	0.96908185150403	0.16950819474016	376.73031366685	0
13.152	0.97051105574749	0.16138252771361	376.73031366685	0
13.16	0.97187121716088	0.15324744146827	376.73031366685	0
13.168	0.97316232510998	0.14510334831328	376.73031366685	0
13.176	0.97438436820499	0.13695065780062	376.73031366685	0
13.184	0.97553733421039	0.12878977677736	376.73031366685	0
13.192	0.9766212099551	0.12062110943897	376.73031366685	0
13.2	0.97763598124268	0.11244505738405	376.73031366685	0
13.208	0.9785816327617	0.10426201967011	376.73031366685	0
13.216	0.97945814799614	0.096072392870772	376.73031366685	0
13.224	0.98026550913597	0.087876571134165	376.73031366685	0
13.232	0.98100369698769	0.079674946242617	376.73031366685	0
13.24	0.98167269088496	0.071467907673678	376.73031366685	0
13.248	0.98227246859924	0.063255842662481	376.73031366685	0
13.256	0.98280300625044	0.055039136265435	376.73031366685	0
13.264	0.98326427821751	0.046818171425301	376.73031366685	0
13.272	0.98365625704906	0.038593329037678	376.73031366685	0
13.28	0.98397891337386	0.03036498801891	376.73031366685	0
13.288	0.98423221581127	0.022133525375441	376.73031366685	0
13.296	0.98441613088163	0.013899316274654	376.73031366685	0
13.304	0.98453062291643	0.0056627341172294	376.73031366685	0
13.312	0.98457565396844	-0.0025758493889554	376.73031366685	0
13.32	0.98455118372159	-0.010816064153347	376.73031366685	0
13.328	0.98445716940075	-0.01905754162563	376.73031366685	0
13.336	0.98429356568125	-0.02729991471698	376.73031366685	0
13.344	0.9840603245982	-0.035542817719621	376.73031366685	0
13.352	0.9837573954556	-0.043785886224667	376.73031366685	0
13.36	0.9833847247351	-0.052028757038176	376.73031366685	0
13.368	0.98294225600458	-0.060271068095391	376.73031366685	0
13.376	0.98242992982635	-0.068512458373099	376.73031366685	0
13.384	0.98184768366508	-0.076752567800092	376.73031366685	0
13.392	0.98119545179535	-0.084991037165653	376.73031366685	0
13.4	0.98047316520888	-0.093227508026016	376.73031366685	0
13.408	0.97968075152131	-0.10146162260875	376.73031366685	0
13.416	0.97881813487865	-0.109693023715	376.73031366685	0
13.424	0.97788523586328	-0.11792135461956	376.73031366685	0
13.432	0.97688197139952	-0.12614625896864	376.73031366685	0
13.44	0.97580825465871	-0.13436738067537	376.73031366685	0
13.448	0.97466399496388	-0.1425843638128	376.73031366685	0
13.456	0.97344909769387	-0.15079685250458	376.73031366685	0
13.464	0.97216346418696	-0.159004490813	376.73031366685	0
13.472	0.97080699164401	-0.1672069226244	376.73031366685	0
13.48	0.96937957303102	-0.17540379153196	376.73031366685	0
13.488	0.96788109698112	-0.18359474071566	376.73031366685	0
13.496	0.96631144769603	-0.19177941281938	376.73031366685	0
13.504	0.96467050484696	-0.19995744982503	376.73031366685	0
13.512	0.96295814347481	-0.20812849292365	376.73031366685	0
13.52	0.96117423388989	-0.21629218238336	376.73031366685	0
13.528	0.95931864157092	-0.22444815741407	376.73031366685	0
13.536	0.95739122706349	-0.23259605602879	376.73031366685	0
13.544	0.95539184587776	-0.24073551490154	376.73031366685	0
13.552	0.95332034838568	-0.24886616922167	376.73031366685	0
13.56	0.95117657971742	-0.25698765254447	376.73031366685	0
13.568	0.94896037965721	-0.26509959663799	376.73031366685	0
13.576	0.94667158253849	-0.27320163132592	376.73031366685	0
13.584	0.94431001713847	-0.28129338432641	376.73031366685	0
13.592	0.94187550657192	-0.28937448108672	376.73031366685	0
13.6	0.93936786818438	-0.29744454461343	376.73031366685	0
13.608	0.93678691344477	-0.30550319529833	376.73031366685	0
13.616	0.93413244783714	-0.31355005073954	376.73031366685	0
13.624	0.93140427075205	-0.3215847255579	376.73031366685	0
13.632	0.92860217537716	-0.32960683120846	376.73031366685	0
13.64	0.9257259485872	-0.33761597578671	376.73031366685	0
13.648	0.92277537083349	-0.34561176382976	376.73031366685	0
13.656	0.91975021603265	-0.35359379611183	376.73031366685	0
13.664	0.91665025145501	-0.3615616694342	376.73031366685	0
13.672	0.91347523761226	-0.36951497640937	376.73031366685	0
13.68	0.91022492814479	-0.37745330523908	376.73031366685	0
13.688	0.90689906970849	-0.38537623948616	376.73031366685	0
13.696	0.90349740186102	-0.39328335783992	376.73031366685	0
13.704	0.90001965694792	-0.40117423387485	376.73031366685	0
13.712	0.89646555998818	-0.40904843580242	376.73031366685	0
13.72	0.89283482855965	-0.41690552621581	376.73031366685	0
13.728	0.88912717268414	-0.42474506182722	376.73031366685	0
13.736	0.88534229471239	-0.4325665931975	376.73031366685	0
13.744	0.88147988920901	-0.44036966445803	376.73031366685	0
13.752	0.8775396428373	-0.44815381302435	376.73031366685	0
13.76	0.87352123424409	-0.45591856930136	376.73031366685	0
13.768	0.869424333945	-0.46366345637986	376.73031366685	0
13.776	0.86524860420959	-0.47138798972399	376.73031366685	0
13.784	0.86099369894714	-0.47909167684946	376.73031366685	0
13.792	0.85665926359274	-0.48677401699205	376.73031366685	0
13.8	0.85224493499413	-0.49443450076619	376.73031366685	0
13.808	0.847750341299	-0.50207260981318	376.73031366685	0
13.816	0.84317510184356	-0.50968781643882	376.73031366685	0
13.824	0.83851882704171	-0.51727958324001	376.73031366685	0
13.832	0.83378111827571	-0.5248473627199	376.73031366685	0
13.84	0.82896156778811	-0.53239059689127	376.73031366685	0
13.848	0.82405975857517	-0.53990871686787	376.73031366685	0
13.856	0.81907526428222	-0.54740114244294	376.73031366685	0
13.864	0.81400764910089	-0.55486728165494	376.73031366685	0
13.872	0.80885646766856	-0.56230653033962	376.73031366685	0
13.88	0.80362126497039	-0.5697182716684	376.73031366685	0
13.888	0.798301576244	-0.57710187567219	376.73031366685	0
13.896	0.7928969268873	-0.58445669875044	376.73031366685	0
13.904	0.78740683236955	-0.59178208316487	376.73031366685	0
13.912	0.78183079814624	-0.59907735651728	376.73031366685	0
13.92	0.77616831957786	-0.60634183121097	376.73031366685	0
13.928	0.77041888185328	-0.61357480389533	376.73031366685	0
13.936	0.76458195991777	-0.62077555489275	376.73031366685	0
13.944	0.75865701840635	-0.62794334760769	376.73031366685	0
13.952	0.75264351158289	-0.63507742791693	376.73031366685	0
13.96	0.74654088328534	-0.6421770235406	376.73031366685	0
13.968	0.74034856687766	-0.64924134339333	376.73031366685	0
13.976	0.7340659852091	-0.65626957691489	376.73031366685	0
13.984	0.72769255058127	-0.66326089337962	376.73031366685	0
13.992	0.72122766472371	-0.67021444118389	376.73031366685	0
14	0.71467071877859	-0.67712934711117	376.73031366685	0

Curvelabel          = SZmax(1),Zmax(1)_(11)
Filename            = ^cSZmax(1)Zmax(1).sig
Npoints             = 1001
Type                = 8
Subtype             = 16
Result type         = complex:none;impedance
View type           = Cartesian
Plot type           = Magnitude dB
Parameters          = {C_off=0.16; C_on_approx=1000; Cx=1000; Cy=1000; L1=3.1; L_diode=0.45; Lpin=0.45; R1=2.5; R_off=10; R_on=1; Rx=1; Ry=1; S1=0.3; W1=6; W2=5.5; alpha1=60; antipad_d=0.8; bias_w=0.2; common_return_y=2; eps_bond=3.52; eps_f4bm=2.65; eps_fr4=4.4; fmax=14; fmin=6; h1=3; h2=0.5; hbond=0.1; p=15; phi=0; phi_inc=0; pin_inset=0.02; sigma_cu=5.8e+07; tand_bond=0.004; tand_f4bm=0.003; tand_fr4=0.02; tcu=0.035; theta=0; theta_inc=0; via_d=0.3}
Data/Title          = S-Parameters
X/Label             = Frequency
X/Unit              = GHz
Y/Unit              = 
Y/Logfactor         = 20
Plot/wrapHeuristics = 0

6	0.94368376528867	0.31034983165762	376.73031366685	0
6.008	0.94555680186869	0.30459319777113	376.73031366685	0
6.016	0.9474010462125	0.29879750259981	376.73031366685	0
6.024	0.94921603024916	0.29296239215652	376.73031366685	0
6.032	0.95100127435728	0.28708750519673	376.73031366685	0
6.04	0.95275628695959	0.28117247306065	376.73031366685	0
6.048	0.95448056410129	0.2752169195126	376.73031366685	0
6.056	0.95617358901144	0.26922046057787	376.73031366685	0
6.064	0.9578348316465	0.26318270437684	376.73031366685	0
6.072	0.95946374821536	0.25710325095667	376.73031366685	0
6.08	0.9610597806849	0.25098169212042	376.73031366685	0
6.088	0.96262235626531	0.24481761125381	376.73031366685	0
6.096	0.96415088687409	0.23861058314969	376.73031366685	0
6.104	0.96564476857788	0.23236017383018	376.73031366685	0
6.112	0.96710338101099	0.22606594036685	376.73031366685	0
6.12	0.96852608676966	0.2197274306989	376.73031366685	0
6.128	0.96991223078075	0.2133441834495	376.73031366685	0
6.136	0.97126113964387	0.20691572774059	376.73031366685	0
6.144	0.97257212094549	0.20044158300627	376.73031366685	0
6.152	0.97384446254383	0.19392125880494	376.73031366685	0
6.16	0.97507743182313	0.18735425463066	376.73031366685	0
6.168	0.97627027491578	0.18074005972377	376.73031366685	0
6.176	0.9774222158908	0.1740781528813	376.73031366685	0
6.184	0.97853245590712	0.16736800226743	376.73031366685	0
6.192	0.97960017232981	0.16060906522446	376.73031366685	0
6.2	0.98062451780757	0.15380078808462	376.73031366685	0
6.208	0.98160461930965	0.1469426059835	376.73031366685	0
6.216	0.98253957711999	0.14003394267529	376.73031366685	0
6.224	0.98342846378674	0.13307421035074	376.73031366685	0
6.232	0.98427032302481	0.12606280945835	376.73031366685	0
6.24	0.98506416856919	0.11899912852968	376.73031366685	0
6.248	0.98580898297648	0.11188254400942	376.73031366685	0
6.256	0.98650371637231	0.10471242009132	376.73031366685	0
6.264	0.98714728514159	0.097488108560849	376.73031366685	0
6.272	0.98773857055908	0.090208948645783	376.73031366685	0
6.28	0.98827641735701	0.082874266875854	376.73031366685	0
6.288	0.98875963222667	0.075483376952828	376.73031366685	0
6.296	0.98918698225072	0.068035579632514	376.73031366685	0
6.304	0.98955719326253	0.060530162620217	376.73031366685	0
6.312	0.98986894812893	0.052966400481453	376.73031366685	0
6.32	0.99012088495251	0.045343554569918	376.73031366685	0
6.328	0.99031159518921	0.037660872974674	376.73031366685	0
6.336	0.99043962167696	0.029917590489006	376.73031366685	0
6.344	0.99050345657082	0.022112928603428	376.73031366685	0
6.352	0.99050153917968	0.014246095525652	376.73031366685	0
6.36	0.99043225369952	0.0063162862305232	376.73031366685	0
6.368	0.99029392683788	-0.0016773174567109	376.73031366685	0
6.376	0.99008482532389	-0.0097355467401446	376.73031366685	0
6.384	0.98980315329791	-0.017859245691986	376.73031366685	0
6.392	0.98944704957452	-0.026049271046017	376.73031366685	0
6.4	0.98901458477229	-0.03430649194088	376.73031366685	0
6.408	0.98850375830347	-0.042631789608078	376.73031366685	0
6.416	0.98791249521617	-0.051026056998804	376.73031366685	0
6.424	0.98723864288141	-0.059490198343534	376.73031366685	0
6.432	0.98647996751716	-0.06802512863734	376.73031366685	0
6.44	0.98563415054055	-0.076631773043609	376.73031366685	0
6.448	0.98469878473962	-0.085311066207795	376.73031366685	0
6.456	0.98367137025526	-0.094063951472441	376.73031366685	0
6.464	0.98254931036328	-0.10289137998349	376.73031366685	0
6.472	0.98132990704665	-0.11179430967725	376.73031366685	0
6.48	0.98001035634691	-0.12077370413631	376.73031366685	0
6.488	0.97858774348358	-0.12983053130152	376.73031366685	0
6.496	0.97705903772974	-0.13896576202598	376.73031366685	0
6.504	0.97542108703147	-0.14818036845578	376.73031366685	0
6.512	0.97367061235828	-0.15747532222062	376.73031366685	0
6.52	0.97180420177123	-0.16685159241594	376.73031366685	0
6.528	0.96981830419464	-0.17631014335648	376.73031366685	0
6.536	0.9677092228772	-0.18585193207923	376.73031366685	0
6.544	0.96547310852725	-0.1954779055718	376.73031366685	0
6.552	0.9631059521069	-0.20518899769969	376.73031366685	0
6.56	0.96060357726906	-0.21498612580385	376.73031366685	0
6.568	0.95796163242092	-0.22487018693683	376.73031366685	0
6.576	0.9551755823972	-0.23484205370306	376.73031366685	0
6.584	0.95224069972595	-0.24490256966561	376.73031366685	0
6.592	0.94915205546977	-0.25505254427785	376.73031366685	0
6.6	0.94590450962478	-0.26529274729507	376.73031366685	0
6.608	0.94249270106	-0.2756239026164	376.73031366685	0
6.616	0.93891103697963	-0.28604668150294	376.73031366685	0
6.624	0.93515368189141	-0.29656169511299	376.73031366685	0
6.632	0.93121454606433	-0.30716948628943	376.73031366685	0
6.64	0.92708727346018	-0.31787052052851	376.73031366685	0
6.648	0.92276522912428	-0.32866517605257	376.73031366685	0
6.656	0.9182414860223	-0.33955373290199	376.73031366685	0
6.664	0.91350881131212	-0.3505363609538	376.73031366685	0
6.672	0.90855965204189	-0.36161310676583	376.73031366685	0
6.68	0.90338612026883	-0.37278387913592	376.73031366685	0
6.688	0.89797997759683	-0.38404843325559	376.73031366685	0
6.696	0.89233261913565	-0.39540635332668	376.73031366685	0
6.704	0.88643505689017	-0.4068570334973	376.73031366685	0
6.712	0.88027790259474	-0.41839965696084	376.73031366685	0
6.72	0.87385135001586	-0.43003317304768	376.73031366685	0
6.728	0.86714515675598	-0.44175627212428	376.73031366685	0
6.736	0.86014862560251	-0.45356735809839	376.73031366685	0
6.744	0.85285058547977	-0.46546451831141	376.73031366685	0
6.752	0.84523937207703	-0.47744549058121	376.73031366685	0
6.76	0.83730280824479	-0.48950762713841	376.73031366685	0
6.768	0.82902818427252	-0.50164785517873	376.73031366685	0
6.776	0.82040223818695	-0.51386263373237	376.73031366685	0
6.784	0.81141113623881	-0.5261479065279	376.73031366685	0
6.792	0.80204045378028	-0.53849905050532	376.73031366685	0
6.8	0.79227515677482	-0.55091081960775	376.73031366685	0
6.808	0.78209958422632	-0.56337728345733	376.73031366685	0
6.816	0.77149743186724	-0.57589176049551	376.73031366685	0
6.824	0.76045173750538	-0.58844674514463	376.73031366685	0
6.832	0.74894486849811	-0.60103382852401	376.73031366685	0
6.84	0.73695851190165	-0.61364361223363	376.73031366685	0
6.848	0.7244736679332	-0.62626561470028	376.73031366685	0
6.856	0.71147064748562	-0.63888816956821	376.73031366685	0
6.864	0.6979290745507	-0.65149831560873	376.73031366685	0
6.872	0.68382789453746	-0.66408167762446	376.73031366685	0
6.88	0.66914538961939	-0.67662233783527	376.73031366685	0
6.888	0.65385920240935	-0.68910269725781	376.73031366685	0
6.896	0.6379463694446	-0.70150332663287	376.73031366685	0
6.904	0.6213833661681	-0.71380280651805	376.73031366685	0
6.912	0.60414616531683	-0.725977556253	376.73031366685	0
6.92	0.5862103108731	-0.73800165162707	376.73031366685	0
6.928	0.56755101000128	-0.74984663124008	376.73031366685	0
6.936	0.54814324567771	-0.76148129175621	376.73031366685	0
6.944	0.52796191302426	-0.77287147251591	376.73031366685	0
6.952	0.50698198267205	-0.78397983030293	376.73031366685	0
6.96	0.48517869480449	-0.79476560547366	376.73031366685	0
6.968	0.4625277878507	-0.80518438115784	376.73031366685	0
6.976	0.43900576610896	-0.81518783784518	376.73031366685	0
6.984	0.41459021086024	-0.82472350639762	376.73031366685	0
6.992	0.38926013976319	-0.83373452338462	376.73031366685	0
7	0.36299641947927	-0.84215939364363	376.73031366685	0
7.008	0.33578223652691	-0.84993176613083	376.73031366685	0
7.016	0.30760363126765	-0.85698023045767	376.73031366685	0
7.024	0.27845009963711	-0.8632281430096	376.73031366685	0
7.032	0.24831526669294	-0.86859349321091	376.73031366685	0
7.04	0.21719763519596	-0.87298882231811	376.73031366685	0
7.048	0.18510141119517	-0.87632120906545	376.73031366685	0
7.056	0.15203740687342	-0.8784923384999	376.73031366685	0
7.064	0.11802401864359	-0.87939867235794	376.73031366685	0
7.072	0.083088275582624	-0.87893174125028	376.73031366685	0
7.08	0.047266949678272	-0.87697858059594	376.73031366685	0
7.088	0.010607714984006	-0.87342233350803	376.73031366685	0
7.096	-0.026829662392476	-0.86814304445872	376.73031366685	0
7.104	-0.064972127475844	-0.86101866727567	376.73031366685	0
7.112	-0.10373216338769	-0.85192630953721	376.73031366685	0
7.12	-0.14300667973086	-0.84074373239691	376.73031366685	0
7.128	-0.18267600713934	-0.82735111991594	376.73031366685	0
7.136	-0.22260304927776	-0.81163312476846	376.73031366685	0
7.144	-0.2626326485016	-0.79348118744423	376.73031366685	0
7.152	-0.30259122289448	-0.77279611379441	376.73031366685	0
7.16	-0.3422867270943	-0.74949088170794	376.73031366685	0
7.168	-0.38150897027417	-0.7234936351138	376.73031366685	0
7.176	-0.42003027669359	-0.69475082446263	376.73031366685	0
7.184	-0.45760636468632	-0.66323051313564	376.73031366685	0
7.192	-0.49397709921078	-0.62892617011566	376.73031366685	0
7.2	-0.52886659069221	-0.59186252727367	376.73031366685	0
7.208	-0.56198454730923	-0.55210945871849	376.73031366685	0
7.216	-0.59305294868123	-0.50981237224169	376.73031366685	0
7.224	-0.62191180392474	-0.46515436263878	376.73031366685	0
7.232	-0.64841794515382	-0.41813401650272	376.73031366685	0
7.24	-0.67217410507047	-0.36881599383934	376.73031366685	0
7.248	-0.69285433429939	-0.31749698285288	376.73031366685	0
7.256	-0.71025641764542	-0.26448460972443	376.73031366685	0
7.264	-0.72421533866225	-0.2100771348361	376.73031366685	0
7.272	-0.73459201871493	-0.1545852250021	376.73031366685	0
7.28	-0.74127973397806	-0.098336326920796	376.73031366685	0
7.288	-0.74420958994032	-0.0416713378423	376.73031366685	0
7.296	-0.74335374041524	0.015061115269307	376.73031366685	0
7.304	-0.73872678083855	0.071511148089702	376.73031366685	0
7.312	-0.73038562068246	0.12733423180494	376.73031366685	0
7.32	-0.71842802072449	0.18219759968944	376.73031366685	0
7.328	-0.70298995374888	0.23578618358877	376.73031366685	0
7.336	-0.68424196220598	0.28780786446542	376.73031366685	0
7.344	-0.66238471182546	0.33799786852332	376.73031366685	0
7.352	-0.63764396103577	0.386122192891	376.73031366685	0
7.36	-0.61026517571196	0.43198000035571	376.73031366685	0
7.368	-0.58050801522735	0.47540497721928	376.73031366685	0
7.376	-0.54864089964679	0.51626569802053	376.73031366685	0
7.384	-0.51493584139055	0.55446508247351	376.73031366685	0
7.392	-0.47966369090221	0.58993906146157	376.73031366685	0
7.4	-0.4430899081424	0.62265458945889	376.73031366685	0
7.408	-0.40547093331403	0.65260715056238	376.73031366685	0
7.416	-0.36705119383651	0.67981790551002	376.73031366685	0
7.424	-0.32806075229138	0.70433061932603	376.73031366685	0
7.432	-0.28871357319677	0.72620849555749	376.73031366685	0
7.44	-0.24920636567046	0.74553102548924	376.73031366685	0
7.448	-0.2097179443496	0.76239094113343	376.73031366685	0
7.456	-0.17040904193497	0.77689134079595	376.73031366685	0
7.464	-0.13142250268844	0.78914303688397	376.73031366685	0
7.472	-0.092883786242458	0.79926215823263	376.73031366685	0
7.48	-0.054901714228819	0.80736802414864	376.73031366685	0
7.488	-0.01756939759361	0.81358129485508	376.73031366685	0
7.496	0.019034710781905	0.81802239310684	376.73031366685	0
7.504	0.054845686070504	0.82081018428989	376.73031366685	0
7.512	0.089810964385143	0.8220608970724	376.73031366685	0
7.52	0.12388917145733	0.82188726333191	376.73031366685	0
7.528	0.15704897313156	0.82039785430876	376.73031366685	0
7.536	0.18926796751979	0.81769658940672	376.73031366685	0
7.544	0.22053163326253	0.81388239447687	376.73031366685	0
7.552	0.25083234374878	0.809048987517	376.73031366685	0
7.56	0.28016845333496	0.80328477127172	376.73031366685	0
7.568	0.30854345851637	0.79667281404763	376.73031366685	0
7.576	0.33596523457223	0.78929090201935	376.73031366685	0
7.584	0.36244534634357	0.78121164828876	376.73031366685	0
7.592	0.3879984304302	0.7725026458924	376.73031366685	0
7.6	0.41264164512604	0.76322665377793	376.73031366685	0
7.608	0.43639418377872	0.75344180645508	376.73031366685	0
7.616	0.45927684689123	0.74320183955223	376.73031366685	0
7.624	0.48131166812402	0.73255632486843	376.73031366685	0
7.632	0.50252158935397	0.72155090970503	376.73031366685	0
7.64	0.52293018006327	0.71022755629686	376.73031366685	0
7.648	0.54256139652971	0.69862477805145	376.73031366685	0
7.656	0.56143937654573	0.68677787005939	376.73031366685	0
7.664	0.57958826568314	0.67471913197188	376.73031366685	0
7.672	0.59703207142877	0.6624780818685	376.73031366685	0
7.68	0.61379454182896	0.65008166017149	376.73031366685	0
7.688	0.62989906559065	0.63755442301534	376.73031366685	0
7.696	0.64536859088531	0.62491872476398	376.73031366685	0
7.704	0.66022556038553	0.61219488959296	376.73031366685	0
7.712	0.6744918603297	0.59940137222944	376.73031366685	0
7.72	0.68818878165654	0.58655490807723	376.73031366685	0
7.728	0.70133699147663	0.57367065305498	376.73031366685	0
7.736	0.71395651335421	0.56076231354781	376.73031366685	0
7.744	0.72606671505846	0.54784226692291	376.73031366685	0
7.752	0.73768630261078	0.53492167309124	376.73031366685	0
7.76	0.74883331960466	0.5220105776146	376.73031366685	0
7.768	0.75952515090809	0.50911800686313	376.73031366685	0
7.776	0.76977852997722	0.49625205572531	376.73031366685	0
7.784	0.77960954911448	0.48341996836238	376.73031366685	0
7.792	0.78903367209707	0.47062821248459	376.73031366685	0
7.8	0.79806574868299	0.45788254760808	376.73031366685	0
7.808	0.80672003057267	0.44518808773028	376.73031366685	0
7.816	0.8150101884669	0.43254935883936	376.73031366685	0
7.824	0.82294932991574	0.41997035164977	376.73031366685	0
7.832	0.83055001770057	0.40745456993266	376.73031366685	0
7.84	0.83782428853223	0.39500507478598	376.73031366685	0
7.848	0.84478367188384	0.3826245251667	376.73031366685	0
7.856	0.8514392088075	0.37031521498481	376.73031366685	0
7.864	0.85780147061059	0.35807910703761	376.73031366685	0
7.872	0.86388057728995	0.34591786404233	376.73031366685	0
7.88	0.86968621564195	0.33383287700571	376.73031366685	0
7.888	0.87522765698306	0.32182529115108	376.73031366685	0
7.896	0.88051377442952	0.30989602960611	376.73031366685	0
7.904	0.88555305969727	0.29804581503863	376.73031366685	0
7.912	0.89035363939316	0.28627518941276	376.73031366685	0
7.92	0.89492329077721	0.27458453202377	376.73031366685	0
7.928	0.89926945698307	0.26297407595726	376.73031366685	0
7.936	0.90339926168984	0.25144392310617	376.73031366685	0
7.944	0.9073195232433	0.2399940578682	376.73031366685	0
7.952	0.91103676822908	0.228624359636	376.73031366685	0
7.96	0.91455724450348	0.21733461418301	376.73031366685	0
7.968	0.91788693369041	0.20612452403951	376.73031366685	0
7.976	0.92103156315535	0.19499371794495	376.73031366685	0
7.984	0.92399661746863	0.18394175945596	376.73031366685	0
7.992	0.92678734937207	0.17296815478219	376.73031366685	0
8	0.92940879026364	0.16207235991642	376.73031366685	0
8.008	0.9318657602158	0.15125378711946	376.73031366685	0
8.016	0.93416287754353	0.14051181081523	376.73031366685	0
8.024	0.93630456793837	0.12984577294701	376.73031366685	0
8.032	0.93829507318481	0.11925498784094	376.73031366685	0
8.04	0.94013845947564	0.10873874661946	376.73031366685	0
8.048	0.94183862534228	0.098296321203388	376.73031366685	0
8.056	0.94339930921625	0.087926967938235	376.73031366685	0
8.064	0.94482409663757	0.077629930877122	376.73031366685	0
8.072	0.94611642712527	0.067404444750103	376.73031366685	0
8.08	0.94727960072516	0.057249737647018	376.73031366685	0
8.088	0.94831678424932	0.047165033438733	376.73031366685	0
8.096	0.94923101722126	0.0371495539595	376.73031366685	0
8.104	0.95002521754051	0.027202520971216	376.73031366685	0
8.112	0.95070218687961	0.017323157928635	376.73031366685	0
8.12	0.95126461582605	0.0075106915629023	376.73031366685	0
8.128	0.95171508878139	-0.0022356467006552	376.73031366685	0
8.136	0.95205608862899	-0.011916619475934	376.73031366685	0
8.144	0.95229000118156	-0.0215329822873	376.73031366685	0
8.152	0.95241911941915	-0.031085482566508	376.73031366685	0
8.16	0.95244564752764	-0.04057485876413	376.73031366685	0
8.168	0.9523717047476	-0.050001839565297	376.73031366685	0
8.176	0.95219932904261	-0.059367143200391	376.73031366685	0
8.184	0.95193048059595	-0.068671476842149	376.73031366685	0
8.192	0.95156704514409	-0.07791553608138	376.73031366685	0
8.2	0.95111083715491	-0.087100004474115	376.73031366685	0
8.208	0.95056360285843	-0.096225553153643	376.73031366685	0
8.216	0.94992702313712	-0.10529284050146	376.73031366685	0
8.224	0.94920271628283	-0.11430251187162	376.73031366685	0
8.232	0.9483922406269	-0.12325519936352	376.73031366685	0
8.24	0.94749709704965	-0.13215152163853	376.73031366685	0
8.248	0.94651873137517	-0.14099208377612	376.73031366685	0
8.256	0.94545853665713	-0.14977747716596	376.73031366685	0
8.264	0.94431785536094	-0.15850827943217	376.73031366685	0
8.272	0.94309798144725	-0.16718505438669	376.73031366685	0
8.28	0.94180016236177	-0.17580835200878	376.73031366685	0
8.288	0.94042560093598	-0.18437870844801	376.73031366685	0
8.296	0.93897545720292	-0.19289664604819	376.73031366685	0
8.304	0.93745085013247	-0.20136267339022	376.73031366685	0
8.312	0.93585285928979	-0.20977728535152	376.73031366685	0
8.32	0.93418252642088	-0.21814096318042	376.73031366685	0
8.328	0.93244085696861	-0.22645417458375	376.73031366685	0
8.336	0.9306288215227	-0.23471737382597	376.73031366685	0
8.344	0.92874735720684	-0.24293100183861	376.73031366685	0
8.352	0.92679736900589	-0.25109548633856	376.73031366685	0
8.36	0.92477973103618	-0.25921124195412	376.73031366685	0
8.368	0.9226952877615	-0.26727867035783	376.73031366685	0
8.376	0.92054485515752	-0.27529816040488	376.73031366685	0
8.384	0.91832922182693	-0.28327008827647	376.73031366685	0
8.392	0.91604915006788	-0.29119481762714	376.73031366685	0
8.4	0.91370537689764	-0.29907269973545	376.73031366685	0
8.408	0.9112986150339	-0.30690407365732	376.73031366685	0
8.416	0.90882955383553	-0.31468926638141	376.73031366685	0
8.424	0.90629886020469	-0.32242859298605	376.73031366685	0
8.432	0.90370717945226	-0.33012235679719	376.73031366685	0
8.44	0.90105513612816	-0.33777084954699	376.73031366685	0
8.448	0.89834333481824	-0.3453743515326	376.73031366685	0
8.456	0.89557236090935	-0.35293313177481	376.73031366685	0
8.464	0.89274278132398	-0.36044744817626	376.73031366685	0
8.472	0.88985514522594	-0.36791754767891	376.73031366685	0
8.48	0.88690998469837	-0.37534366642053	376.73031366685	0
8.488	0.88390781539544	-0.38272602988999	376.73031366685	0
8.496	0.88084913716874	-0.39006485308115	376.73031366685	0
8.504	0.87773443466984	-0.39736034064518	376.73031366685	0
8.512	0.87456417792977	-0.40461268704115	376.73031366685	0
8.52	0.87133882291664	-0.41182207668477	376.73031366685	0
8.528	0.86805881207248	-0.41898868409517	376.73031366685	0
8.536	0.86472457482995	-0.42611267403961	376.73031366685	0
8.544	0.86133652811009	-0.43319420167603	376.73031366685	0
8.552	0.85789507680188	-0.44023341269342	376.73031366685	0
8.56	0.85440061422435	-0.44723044344987	376.73031366685	0
8.568	0.85085352257209	-0.45418542110835	376.73031366685	0
8.576	0.84725417334488	-0.46109846377012	376.73031366685	0
8.584	0.84360292776214	-0.46796968060573	376.73031366685	0
8.592	0.83990013716282	-0.47479917198371	376.73031366685	0
8.6	0.83614614339152	-0.48158702959675	376.73031366685	0
8.608	0.83234127917119	-0.48833333658555	376.73031366685	0
8.616	0.82848586846323	-0.49503816766028	376.73031366685	0
8.624	0.82458022681545	-0.50170158921955	376.73031366685	0
8.632	0.82062466169835	-0.50832365946711	376.73031366685	0
8.64	0.8166194728303	-0.51490442852618	376.73031366685	0
8.648	0.81256495249211	-0.52144393855132	376.73031366685	0
8.656	0.80846138583136	-0.52794222383818	376.73031366685	0
8.664	0.80430905115698	-0.53439931093084	376.73031366685	0
8.672	0.80010822022453	-0.54081521872699	376.73031366685	0
8.68	0.79585915851244	-0.54718995858081	376.73031366685	0
8.688	0.79156212548977	-0.5535235344038	376.73031366685	0
8.696	0.78721737487563	-0.55981594276343	376.73031366685	0
8.704	0.78282515489087	-0.56606717297968	376.73031366685	0
8.712	0.77838570850203	-0.57227720721965	376.73031366685	0
8.72	0.77389927365821	-0.57844602059006	376.73031366685	0
8.728	0.76936608352091	-0.58457358122794	376.73031366685	0
8.736	0.76478636668713	-0.5906598503894	376.73031366685	0
8.744	0.76016034740622	-0.59670478253649	376.73031366685	0
8.752	0.75548824579045	-0.60270832542246	376.73031366685	0
8.76	0.75077027801974	-0.60867042017515	376.73031366685	0
8.768	0.74600665654065	-0.61459100137883	376.73031366685	0
8.776	0.74119759026001	-0.62046999715439	376.73031366685	0
8.784	0.7363432847332	-0.62630732923804	376.73031366685	0
8.792	0.7314439423475	-0.6321029130585	376.73031366685	0
8.8	0.72649976250044	-0.63785665781284	376.73031366685	0
8.808	0.72151094177363	-0.64356846654098	376.73031366685	0
8.816	0.71647767410198	-0.64923823619885	376.73031366685	0
8.824	0.71140015093866	-0.65486585773047	376.73031366685	0
8.832	0.70627856141582	-0.66045121613886	376.73031366685	0
8.84	0.70111309250132	-0.66599419055589	376.73031366685	0
8.848	0.69590392915159	-0.6714946543112	376.73031366685	0
8.856	0.69065125446072	-0.67695247500024	376.73031366685	0
8.864	0.68535524980597	-0.68236751455152	376.73031366685	0
8.872	0.68001609498975	-0.6877396292931	376.73031366685	0
8.88	0.67463396837825	-0.69306867001858	376.73031366685	0
8.888	0.66920904703692	-0.69835448205245	376.73031366685	0
8.896	0.66374150686265	-0.7035969053151	376.73031366685	0
8.904	0.6582315227131	-0.70879577438752	376.73031366685	0
8.912	0.65267926853303	-0.71395091857575	376.73031366685	0
8.92	0.64708491747785	-0.71906216197529	376.73031366685	0
8.928	0.64144864203455	-0.7241293235355	376.73031366685	0
8.936	0.63577061413996	-0.7291522171242	376.73031366685	0
8.944	0.63005100529661	-0.73413065159253	376.73031366685	0
8.952	0.62428998668624	-0.73906443084022	376.73031366685	0
8.96	0.61848772928104	-0.74395335388149	376.73031366685	0
8.968	0.61264440395286	-0.74879721491156	376.73031366685	0
8.976	0.60676018158033	-0.75359580337409	376.73031366685	0
8.984	0.60083523315429	-0.75834890402968	376.73031366685	0
8.992	0.5948697298814	-0.76305629702548	376.73031366685	0
9	0.58886384328631	-0.76771775796617	376.73031366685	0
9.008	0.58281774531244	-0.77233305798654	376.73031366685	0
9.016	0.57673160842161	-0.77690196382571	376.73031366685	0
9.024	0.57060560569272	-0.78142423790325	376.73031366685	0
9.032	0.56443991091968	-0.78589963839735	376.73031366685	0
9.04	0.55823469870891	-0.79032791932531	376.73031366685	0
9.048	0.55199014457659	-0.79470883062629	376.73031366685	0
9.056	0.54570642504603	-0.79904211824681	376.73031366685	0
9.064	0.5393837177455	-0.80332752422884	376.73031366685	0
9.072	0.53302220150683	-0.80756478680085	376.73031366685	0
9.08	0.52662205646517	-0.81175364047185	376.73031366685	0
9.088	0.52018346416045	-0.81589381612848	376.73031366685	0
9.096	0.51370660764091	-0.81998504113534	376.73031366685	0
9.104	0.50719167156914	-0.82402703943843	376.73031366685	0
9.112	0.50063884233143	-0.82801953167189	376.73031366685	0
9.12	0.49404830815067	-0.83196223526773	376.73031366685	0
9.128	0.48742025920373	-0.8358548645687	376.73031366685	0
9.136	0.48075488774368	-0.83969713094387	376.73031366685	0
9.144	0.47405238822779	-0.84348874290673	376.73031366685	0
9.152	0.46731295745175	-0.84722940623548	376.73031366685	0
9.16	0.46053679469099	-0.85091882409498	376.73031366685	0
9.168	0.45372410184971	-0.85455669715976	376.73031366685	0
9.176	0.44687508361828	-0.85814272373743	376.73031366685	0
9.184	0.43998994763974	-0.86167659989159	376.73031366685	0
9.192	0.43306890468589	-0.86515801956324	376.73031366685	0
9.2	0.42611216884354	-0.86858667468965	376.73031366685	0
9.208	0.41911995771135	-0.87196225531921	376.73031366685	0
9.216	0.41209249260746	-0.87528444972109	376.73031366685	0
9.224	0.40502999878811	-0.87855294448781	376.73031366685	0
9.232	0.39793270567706	-0.88176742462928	376.73031366685	0
9.24	0.39080084710564	-0.88492757365638	376.73031366685	0
9.248	0.38363466156268	-0.88803307365204	376.73031366685	0
9.256	0.37643439245346	-0.89108360532807	376.73031366685	0
9.264	0.36920028836663	-0.89407884806561	376.73031366685	0
9.272	0.36193260334715	-0.89701847993725	376.73031366685	0
9.28	0.35463159717369	-0.89990217770902	376.73031366685	0
9.288	0.34729753563775	-0.90272961682057	376.73031366685	0
9.296	0.33993069082198	-0.90550047134199	376.73031366685	0
9.304	0.33253134137448	-0.9082144139063	376.73031366685	0
9.312	0.32509977277555	-0.91087111561675	376.73031366685	0
9.32	0.31763627759314	-0.91347024592879	376.73031366685	0
9.328	0.31014115572301	-0.91601147250697	376.73031366685	0
9.336	0.30261471460933	-0.91849446105779	376.73031366685	0
9.344	0.29505726944162	-0.92091887514018	376.73031366685	0
9.352	0.28746914332375	-0.923284375956	376.73031366685	0
9.36	0.27985066741133	-0.92559062212363	376.73031366685	0
9.368	0.2722021810136	-0.92783726943874	376.73031366685	0
9.376	0.26452403165712	-0.9300239706267	376.73031366685	0
9.384	0.25681657510863	-0.93215037509189	376.73031366685	0
9.392	0.24908017535569	-0.93421612866979	376.73031366685	0
9.4	0.24131520454426	-0.93622087338786	376.73031366685	0
9.408	0.23352204287374	-0.93816424724175	376.73031366685	0
9.416	0.22570107845089	-0.94004588399319	376.73031366685	0
9.424	0.21785270710499	-0.94186541299587	376.73031366685	0
9.432	0.20997733216812	-0.94362245905514	376.73031366685	0
9.44	0.20207536422495	-0.94531664232694	376.73031366685	0
9.448	0.19414722083772	-0.94694757826043	376.73031366685	0
9.456	0.18619332625268	-0.94851487758786	376.73031366685	0
9.464	0.17821411109471	-0.95001814636432	376.73031366685	0
9.472	0.17021001205755	-0.95145698605846	376.73031366685	0
9.48	0.16218147159683	-0.95283099369438	376.73031366685	0
9.488	0.1541289376331	-0.95413976204356	376.73031366685	0
9.496	0.14605286327181	-0.95538287986427	376.73031366685	0
9.504	0.1379537065466	-0.95655993218525	376.73031366685	0
9.512	0.12983193019126	-0.95767050062892	376.73031366685	0
9.52	0.12168800144537	-0.95871416376926	376.73031366685	0
9.528	0.11352239189687	-0.95969049751831	376.73031366685	0
9.536	0.10533557736457	-0.96059907553503	376.73031366685	0
9.544	0.097128037821706	-0.96143946965051	376.73031366685	0
9.552	0.088900257361223	-0.9622112503027	376.73031366685	0
9.56	0.080652724201967	-0.96291398697493	376.73031366685	0
9.568	0.07238593073436	-0.96354724863219	376.73031366685	0
9.576	0.064100373603167	-0.9641106041502	376.73031366685	0
9.584	0.055796553824276	-0.96460362273241	376.73031366685	0
9.592	0.047474976932042	-0.96502587431121	376.73031366685	0
9.6	0.039136153153123	-0.96537692993022	376.73031366685	0
9.608	0.030780597602785	-0.96565636210503	376.73031366685	0
9.616	0.022408830499376	-0.9658637451611	376.73031366685	0
9.624	0.014021377392697	-0.96599865554744	376.73031366685	0
9.632	0.0056187694023314	-0.96606067212609	376.73031366685	0
9.64	-0.0027984565380634	-0.96604937643746	376.73031366685	0
9.648	-0.011229757433984	-0.96596435294231	376.73031366685	0
9.656	-0.019674583984013	-0.96580518924153	376.73031366685	0
9.664	-0.02813238033734	-0.96557147627519	376.73031366685	0
9.672	-0.036602583857334	-0.96526280850257	376.73031366685	0
9.68	-0.04508462489311	-0.96487878406503	376.73031366685	0
9.688	-0.053577926560952	-0.96441900493375	376.73031366685	0
9.696	-0.062081904536682	-0.96388307704431	376.73031366685	0
9.704	-0.070595966860129	-0.96327061042019	376.73031366685	0
9.712	-0.079119513752295	-0.96258121928703	376.73031366685	0
9.72	-0.087651937445612	-0.96181452217968	376.73031366685	0
9.728	-0.096192622027489	-0.96097014204361	376.73031366685	0
9.736	-0.10474094329713	-0.96004770633248	376.73031366685	0
9.744	-0.11329626863538	-0.95904684710317	376.73031366685	0
9.752	-0.12185795688731	-0.95796720110977	376.73031366685	0
9.76	-0.13042535825717	-0.95680840989756	376.73031366685	0
9.768	-0.13899781421502	-0.95557011989804	376.73031366685	0
9.776	-0.14757465741474	-0.95425198252604	376.73031366685	0
9.784	-0.15615521162262	-0.95285365427932	376.73031366685	0
9.792	-0.164738791656	-0.95137479684171	376.73031366685	0
9.8	-0.17332470333139	-0.94981507718984	376.73031366685	0
9.808	-0.18191224342143	-0.94817416770428	376.73031366685	0
9.816	-0.1905006996201	-0.94645174628504	376.73031366685	0
9.824	-0.19908935051573	-0.94464749647181	376.73031366685	0
9.832	-0.20767746557113	-0.94276110756918	376.73031366685	0
9.84	-0.21626430511055	-0.9407922747766	376.73031366685	0
9.848	-0.2248491203129	-0.93874069932343	376.73031366685	0
9.856	-0.23343115321086	-0.9366060886089	376.73031366685	0
9.864	-0.24200963669557	-0.93438815634689	376.73031366685	0
9.872	-0.25058379452651	-0.93208662271549	376.73031366685	0
9.88	-0.25915284134633	-0.9297012145112	376.73031366685	0
9.888	-0.26771598270036	-0.92723166530765	376.73031366685	0
9.896	-0.27627241506065	-0.92467771561858	376.73031366685	0
9.904	-0.28482132585423	-0.92203911306504	376.73031366685	0
9.912	-0.29336189349557	-0.91931561254653	376.73031366685	0
9.92	-0.30189328742311	-0.91650697641592	376.73031366685	0
9.928	-0.3104146681396	-0.91361297465794	376.73031366685	0
9.936	-0.31892518725647	-0.91063338507109	376.73031366685	0
9.944	-0.32742398754183	-0.90756799345269	376.73031366685	0
9.952	-0.3359102029724	-0.90441659378696	376.73031366685	0
9.96	-0.3443829587891	-0.90117898843587	376.73031366685	0
9.968	-0.35284137155643	-0.89785498833261	376.73031366685	0
9.976	-0.36128454922563	-0.89444441317745	376.73031366685	0
9.984	-0.36971159120165	-0.8909470916358	376.73031366685	0
9.992	-0.37812158841388	-0.8873628615384	376.73031366685	0
10	-0.38651362339085	-0.88369157008326	376.73031366685	0
10.008	-0.39488677033878	-0.87993307403932	376.73031366685	0
10.016	-0.40324009522414	-0.87608723995168	376.73031366685	0
10.024	-0.41157265586027	-0.87215394434804	376.73031366685	0
10.032	-0.41988350199806	-0.86813307394645	376.73031366685	0
10.04	-0.42817167542089	-0.86402452586397	376.73031366685	0
10.048	-0.43643621004378	-0.85982820782618	376.73031366685	0
10.056	-0.44467613201688	-0.85554403837746	376.73031366685	0
10.064	-0.45289045983335	-0.85117194709174	376.73031366685	0
10.072	-0.4610782044418	-0.84671187478361	376.73031366685	0
10.08	-0.46923836936326	-0.84216377371969	376.73031366685	0
10.088	-0.47736995081278	-0.83752760783011	376.73031366685	0
10.096	-0.48547193782579	-0.83280335291986	376.73031366685	0
10.104	-0.49354331238928	-0.82799099687996	376.73031366685	0
10.112	-0.50158304957783	-0.82309053989823	376.73031366685	0
10.12	-0.50959011769465	-0.8181019946696	376.73031366685	0
10.128	-0.51756347841759	-0.81302538660576	376.73031366685	0
10.136	-0.52550208695032	-0.80786075404397	376.73031366685	0
10.144	-0.53340489217868	-0.80260814845498	376.73031366685	0
10.152	-0.54127083683221	-0.79726763464986	376.73031366685	0
10.16	-0.54909885765106	-0.7918392909856	376.73031366685	0
10.168	-0.55688788555822	-0.78632320956932	376.73031366685	0
10.176	-0.56463684583722	-0.78071949646103	376.73031366685	0
10.184	-0.57234465831521	-0.77502827187472	376.73031366685	0
10.192	-0.58001023755169	-0.76924967037762	376.73031366685	0
10.2	-0.58763249303269	-0.76338384108757	376.73031366685	0
10.208	-0.59521032937067	-0.75743094786829	376.73031366685	0
10.216	-0.60274264650991	-0.75139116952245	376.73031366685	0
10.224	-0.61022833993778	-0.74526469998236	376.73031366685	0
10.232	-0.6176663009015	-0.73905174849815	376.73031366685	0
10.24	-0.62505541663077	-0.73275253982328	376.73031366685	0
10.248	-0.63239457056607	-0.72636731439733	376.73031366685	0
10.256	-0.6396826425927	-0.7198963285257	376.73031366685	0
10.264	-0.64691850928063	-0.71333985455635	376.73031366685	0
10.272	-0.65410104413001	-0.70669818105324	376.73031366685	0
10.28	-0.66122911782247	-0.69997161296636	376.73031366685	0
10.288	-0.66830159847819	-0.69316047179828	376.73031366685	0
10.296	-0.67531735191856	-0.68626509576692	376.73031366685	0
10.304	-0.68227524193468	-0.67928583996458	376.73031366685	0
10.312	-0.68917413056136	-0.67222307651289	376.73031366685	0
10.32	-0.69601287835681	-0.66507719471365	376.73031366685	0
10.328	-0.70279034468792	-0.65784860119535	376.73031366685	0
10.336	-0.70950538802101	-0.65053772005526	376.73031366685	0
10.344	-0.71615686621803	-0.64314499299686	376.73031366685	0
10.352	-0.72274363683825	-0.63567087946258	376.73031366685	0
10.36	-0.72926455744512	-0.62811585676148	376.73031366685	0
10.368	-0.73571848591857	-0.62048042019197	376.73031366685	0
10.376	-0.74210428077228	-0.61276508315924	376.73031366685	0
10.384	-0.74842080147621	-0.60497037728725	376.73031366685	0
10.392	-0.75466690878397	-0.59709685252524	376.73031366685	0
10.4	-0.76084146506515	-0.58914507724841	376.73031366685	0
10.408	-0.76694333464237	-0.58111563835281	376.73031366685	0
10.416	-0.77297138413303	-0.57300914134417	376.73031366685	0
10.424	-0.77892448279556	-0.56482621042045	376.73031366685	0
10.432	-0.7848015028801	-0.55656748854814	376.73031366685	0
10.44	-0.79060131998341	-0.54823363753199	376.73031366685	0
10.448	-0.79632281340795	-0.53982533807801	376.73031366685	0
10.456	-0.80196486652495	-0.53134328984974	376.73031366685	0
10.464	-0.80752636714129	-0.52278821151744	376.73031366685	0
10.472	-0.81300620787006	-0.51416084080019	376.73031366685	0
10.48	-0.81840328650467	-0.50546193450063	376.73031366685	0
10.488	-0.82371650639625	-0.49669226853233	376.73031366685	0
10.496	-0.82894477683428	-0.48785263793946	376.73031366685	0
10.504	-0.83408701343016	-0.47894385690882	376.73031366685	0
10.512	-0.83914213850366	-0.46996675877386	376.73031366685	0
10.52	-0.84410908147191	-0.4609221960108	376.73031366685	0
10.528	-0.84898677924089	-0.45181104022644	376.73031366685	0
10.536	-0.85377417659908	-0.44263418213777	376.73031366685	0
10.544	-0.85847022661319	-0.43339253154307	376.73031366685	0
10.552	-0.86307389102569	-0.42408701728447	376.73031366685	0
10.56	-0.86758414065389	-0.41471858720186	376.73031366685	0
10.568	-0.87199995579052	-0.40528820807788	376.73031366685	0
10.576	-0.87632032660535	-0.39579686557414	376.73031366685	0
10.584	-0.8805442535478	-0.38624556415824	376.73031366685	0
10.592	-0.88467074775031	-0.37663532702181	376.73031366685	0
10.6	-0.88869883143206	-0.3669671959892	376.73031366685	0
10.608	-0.89262753830308	-0.35724223141693	376.73031366685	0
10.616	-0.8964559139682	-0.34746151208364	376.73031366685	0
10.624	-0.9001830163309	-0.33762613507066	376.73031366685	0
10.632	-0.90380791599654	-0.32773721563292	376.73031366685	0
10.64	-0.90732969667493	-0.31779588706026	376.73031366685	0
10.648	-0.91074745558186	-0.30780330052912	376.73031366685	0
10.656	-0.91406030383939	-0.29776062494435	376.73031366685	0
10.664	-0.91726736687462	-0.28766904677138	376.73031366685	0
10.672	-0.92036778481669	-0.27752976985853	376.73031366685	0
10.68	-0.92336071289172	-0.26734401524938	376.73031366685	0
10.688	-0.92624532181548	-0.25711302098544	376.73031366685	0
10.696	-0.92902079818348	-0.24683804189877	376.73031366685	0
10.704	-0.9316863448582	-0.23652034939489	376.73031366685	0
10.712	-0.9342411813532	-0.22616123122567	376.73031366685	0
10.72	-0.93668454421392	-0.21576199125244	376.73031366685	0
10.728	-0.93901568739474	-0.20532394919921	376.73031366685	0
10.736	-0.94123388263213	-0.19484844039618	376.73031366685	0
10.744	-0.94333841981368	-0.18433681551338	376.73031366685	0
10.752	-0.94532860734253	-0.17379044028463	376.73031366685	0
10.76	-0.94720377249715	-0.16321069522187	376.73031366685	0
10.768	-0.94896326178602	-0.15259897531989	376.73031366685	0
10.776	-0.95060644129712	-0.14195668975154	376.73031366685	0
10.784	-0.95213269704173	-0.13128526155355	376.73031366685	0
10.792	-0.9535414352925	-0.12058612730297	376.73031366685	0
10.8	-0.95483208291532	-0.10986073678448	376.73031366685	0
10.808	-0.95600408769491	-0.099110552648505	376.73031366685	0
10.816	-0.95705691865367	-0.088337050060421	376.73031366685	0
10.824	-0.95799006636374	-0.077541716340879	376.73031366685	0
10.832	-0.95880304325178	-0.066726050597459	376.73031366685	0
10.84	-0.9594953838964	-0.055891563347755	376.73031366685	0
10.848	-0.96006664531792	-0.045039776134078	376.73031366685	0
10.856	-0.96051640726015	-0.034172221129952	376.73031366685	0
10.864	-0.96084427246406	-0.023290440738578	376.73031366685	0
10.872	-0.96104986693297	-0.012395987183442	376.73031366685	0
10.88	-0.96113284018914	-0.0014904220912677	376.73031366685	0
10.888	-0.96109286552144	0.0094246839324577	376.73031366685	0
10.896	-0.96092964022391	0.020347751735192	376.73031366685	0
10.904	-0.96064288582498	0.031277194056062	376.73031366685	0
10.912	-0.96023234830717	0.042211415971367	376.73031366685	0
10.92	-0.95969779831696	0.053148815346608	376.73031366685	0
10.928	-0.95903903136471	0.064087783294816	376.73031366685	0
10.936	-0.95825586801446	0.075026704640923	376.73031366685	0
10.944	-0.95734815406329	0.085963958391921	376.73031366685	0
10.952	-0.95631576071018	0.096897918212515	376.73031366685	0
10.96	-0.95515858471415	0.10782695290602	376.73031366685	0
10.968	-0.95387654854152	0.11874942690023	376.73031366685	0
10.976	-0.95246960050203	0.12966370073795	376.73031366685	0
10.984	-0.95093771487392	0.14056813157186	376.73031366685	0
10.992	-0.94928089201748	0.15146107366356	376.73031366685	0
11	-0.94749915847725	0.16234087888628	376.73031366685	0
11.008	-0.94559256707257	0.17320589723116	376.73031366685	0
11.016	-0.94356119697637	0.18405447731655	376.73031366685	0
11.024	-0.94140515378216	0.19488496690029	376.73031366685	0
11.032	-0.9391245695591	0.20569571339441	376.73031366685	0
11.04	-0.93671960289499	0.21648506438204	376.73031366685	0
11.048	-0.93419043892724	0.22725136813617	376.73031366685	0
11.056	-0.93153728936159	0.23799297413996	376.73031366685	0
11.064	-0.92876039247865	0.24870823360819	376.73031366685	0
11.072	-0.92586001312817	0.25939550000962	376.73031366685	0
11.08	-0.92283644271095	0.27005312958983	376.73031366685	0
11.088	-0.91968999914845	0.2806794818942	376.73031366685	0
11.096	-0.91642102684003	0.29127292029079	376.73031366685	0
11.104	-0.91302989660782	0.30183181249267	376.73031366685	0
11.112	-0.9095170056292	0.31235453107933	376.73031366685	0
11.12	-0.90588277735703	0.32283945401702	376.73031366685	0
11.128	-0.90212766142742	0.33328496517741	376.73031366685	0
11.136	-0.89825213355536	0.34368945485445	376.73031366685	0
11.144	-0.89425669541798	0.35405132027896	376.73031366685	0
11.152	-0.89014187452573	0.36436896613066	376.73031366685	0
11.16	-0.88590822408142	0.37464080504727	376.73031366685	0
11.168	-0.88155632282722	0.38486525813039	376.73031366685	0
11.176	-0.8770867748797	0.39504075544781	376.73031366685	0
11.184	-0.87250020955309	0.40516573653186	376.73031366685	0
11.192	-0.86779728117074	0.41523865087352	376.73031366685	0
11.2	-0.86297866886503	0.42525795841206	376.73031366685	0
11.208	-0.85804507636574	0.43522213001971	376.73031366685	0
11.216	-0.85299723177716	0.4451296479811	376.73031366685	0
11.224	-0.84783588734392	0.45497900646729	376.73031366685	0
11.232	-0.84256181920588	0.46476871200393	376.73031366685	0
11.24	-0.83717582714207	0.4744972839333	376.73031366685	0
11.248	-0.83167873430409	0.48416325486995	376.73031366685	0
11.256	-0.82607138693883	0.49376517114962	376.73031366685	0
11.264	-0.82035465410107	0.50330159327121	376.73031366685	0
11.272	-0.81452942735587	0.51277109633149	376.73031366685	0
11.28	-0.80859662047115	0.52217227045224	376.73031366685	0
11.288	-0.80255716910063	0.53150372119964	376.73031366685	0
11.296	-0.79641203045723	0.54076406999564	376.73031366685	0
11.304	-0.79016218297743	0.54995195452097	376.73031366685	0
11.312	-0.7838086259766	0.55906602910965	376.73031366685	0
11.32	-0.77735237929563	0.56810496513482	376.73031366685	0
11.328	-0.77079448293919	0.57706745138547	376.73031366685	0
11.336	-0.76413599670572	0.58595219443406	376.73031366685	0
11.344	-0.75737799980965	0.5947579189947	376.73031366685	0
11.352	-0.75052159049583	0.60348336827177	376.73031366685	0
11.36	-0.74356788564678	0.61212730429877	376.73031366685	0
11.368	-0.73651802038273	0.62068850826714	376.73031366685	0
11.376	-0.72937314765503	0.62916578084506	376.73031366685	0
11.384	-0.72213443783296	0.63755794248592	376.73031366685	0
11.392	-0.71480307828447	0.64586383372634	376.73031366685	0
11.4	-0.70738027295094	0.6540823154737	376.73031366685	0
11.408	-0.69986724191648	0.66221226928289	376.73031366685	0
11.416	-0.6922652209719	0.67025259762231	376.73031366685	0
11.424	-0.68457546117372	0.67820222412892	376.73031366685	0
11.432	-0.67679922839862	0.6860600938523	376.73031366685	0
11.44	-0.66893780289349	0.69382517348758	376.73031366685	0
11.448	-0.66099247882153	0.7014964515972	376.73031366685	0
11.456	-0.65296456380459	0.70907293882142	376.73031366685	0
11.464	-0.64485537846225	0.7165536680775	376.73031366685	0
11.472	-0.63666625594775	0.72393769474758	376.73031366685	0
11.48	-0.62839854148122	0.73122409685508	376.73031366685	0
11.488	-0.6200535918805	0.73841197522979	376.73031366685	0
11.496	-0.61163277508988	0.74550045366142	376.73031366685	0
11.504	-0.60313746970702	0.75248867904176	376.73031366685	0
11.512	-0.59456906450842	0.75937582149538	376.73031366685	0
11.52	-0.58592895797375	0.76616107449891	376.73031366685	0
11.528	-0.57721855780931	0.7728436549889	376.73031366685	0
11.536	-0.56843928047098	0.77942280345831	376.73031366685	0
11.544	-0.55959255068696	0.7858977840416	376.73031366685	0
11.552	-0.55067980098053	0.79226788458867	376.73031366685	0
11.56	-0.54170247119321	0.7985324167274	376.73031366685	0
11.568	-0.53266200800866	0.80469071591513	376.73031366685	0
11.576	-0.52355986447745	0.81074214147901	376.73031366685	0
11.584	-0.51439749954311	0.81668607664538	376.73031366685	0
11.592	-0.50517637756979	0.82252192855815	376.73031366685	0
11.6	-0.49589796787163	0.82824912828648	376.73031366685	0
11.608	-0.48656374424435	0.83386713082163	376.73031366685	0
11.616	-0.47717518449905	0.83937541506333	376.73031366685	0
11.624	-0.4677337699988	0.8447734837956	376.73031366685	0
11.632	-0.45824098519804	0.85006086365227	376.73031366685	0
11.64	-0.4486983171851	0.85523710507225	376.73031366685	0
11.648	-0.43910725522818	0.86030178224482	376.73031366685	0
11.656	-0.42946929032493	0.86525449304493	376.73031366685	0
11.664	-0.41978591475587	0.87009485895878	376.73031366685	0
11.672	-0.410058621642	0.87482252499982	376.73031366685	0
11.68	-0.40028890450661	0.87943715961526	376.73031366685	0
11.688	-0.39047825684175	0.88393845458342	376.73031366685	0
11.696	-0.38062817167937	0.88832612490195	376.73031366685	0
11.704	-0.37074014116747	0.89259990866711	376.73031366685	0
11.712	-0.36081565615131	0.89675956694447	376.73031366685	0
11.72	-0.35085620576009	0.90080488363095	376.73031366685	0
11.728	-0.34086327699903	0.90473566530868	376.73031366685	0
11.736	-0.33083835434721	0.90855174109059	376.73031366685	0
11.744	-0.32078291936126	0.91225296245824	376.73031366685	0
11.752	-0.31069845028505	0.9158392030918	376.73031366685	0
11.76	-0.30058642166562	0.91931035869263	376.73031366685	0
11.768	-0.29044830397534	0.92266634679848	376.73031366685	0
11.776	-0.28028556324061	0.92590710659169	376.73031366685	0
11.784	-0.2700996606771	0.92903259870049	376.73031366685	0
11.792	-0.25989205233174	0.93204280499364	376.73031366685	0
11.8	-0.24966418873154	0.93493772836867	376.73031366685	0
11.808	-0.23941751453932	0.93771739253392	376.73031366685	0
11.816	-0.22915346821648	0.94038184178457	376.73031366685	0
11.824	-0.21887348169299	0.94293114077296	376.73031366685	0
11.832	-0.20857898004447	0.9453653742733	376.73031366685	0
11.84	-0.19827138117673	0.94768464694114	376.73031366685	0
11.848	-0.18795209551751	0.94988908306769	376.73031366685	0
11.856	-0.17762252571583	0.95197882632936	376.73031366685	0
11.864	-0.16728406634876	0.95395403953255	376.73031366685	0
11.872	-0.15693810363573	0.95581490435412	376.73031366685	0
11.88	-0.14658601516049	0.95756162107759	376.73031366685	0
11.888	-0.1362291696007	0.95919440832545	376.73031366685	0
11.896	-0.12586892646516	0.96071350278762	376.73031366685	0
11.904	-0.11550663583874	0.96211915894645	376.73031366685	0
11.912	-0.10514363813512	0.96341164879837	376.73031366685	0
11.92	-0.094781263857106	0.96459126157247	376.73031366685	0
11.928	-0.084420833364817	0.96565830344614	376.73031366685	0
11.936	-0.074063656651557	0.9666130972581	376.73031366685	0
11.944	-0.063711033127413	0.96745598221891	376.73031366685	0
11.952	-0.053364251410606	0.96818731361928	376.73031366685	0
11.96	-0.043024589126545	0.96880746253625	376.73031366685	0
11.968	-0.032693312714557	0.96931681553764	376.73031366685	0
11.976	-0.022371677242287	0.96971577438468	376.73031366685	0
11.984	-0.012060926227736	0.97000475573341	376.73031366685	0
11.992	-0.0017622914688884	0.97018419083459	376.73031366685	0
12	0.0085230071191047	0.9702545252327	376.73031366685	0
12.008	0.018793761659246	0.97021621846403	376.73031366685	0
12.016	0.029048776460538	0.97006974375402	376.73031366685	0
12.024	0.039286868158428	0.96981558771413	376.73031366685	0
12.032	0.049506865847921	0.96945425003836	376.73031366685	0
12.04	0.059707611209404	0.96898624319962	376.73031366685	0
12.048	0.069887958627254	0.96841209214609	376.73031366685	0
12.056	0.080046775301297	0.96773233399774	376.73031366685	0
12.064	0.090182941351205	0.96694751774323	376.73031366685	0
12.072	0.10029534991391	0.96605820393722	376.73031366685	0
12.08	0.11038290723406	0.96506496439845	376.73031366685	0
12.088	0.12044453274772	0.9639683819085	376.73031366685	0
12.096	0.13047915915925	0.96276904991155	376.73031366685	0
12.104	0.14048573251157	0.96146757221525	376.73031366685	0
12.112	0.15046321224991	0.96006456269276	376.73031366685	0
12.12	0.16041057127896	0.95856064498621	376.73031366685	0
12.128	0.17032679601378	0.95695645221162	376.73031366685	0
12.136	0.18021088642439	0.95525262666541	376.73031366685	0
12.144	0.19006185607418	0.95344981953276	376.73031366685	0
12.152	0.19987873215223	0.95154869059768	376.73031366685	0
12.16	0.20966055549972	0.94954990795518	376.73031366685	0
12.168	0.21940638063042	0.94745414772549	376.73031366685	0
12.176	0.22911527574551	0.94526209377041	376.73031366685	0
12.184	0.23878632274263	0.94297443741206	376.73031366685	0
12.192	0.24841861721951	0.94059187715391	376.73031366685	0
12.2	0.25801126847213	0.93811511840442	376.73031366685	0
12.208	0.26756339948757	0.93554487320314	376.73031366685	0
12.216	0.27707414693163	0.93288185994953	376.73031366685	0
12.224	0.28654266113143	0.93012680313453	376.73031366685	0
12.232	0.29596810605295	0.92728043307495	376.73031366685	0
12.24	0.30534965927382	0.92434348565073	376.73031366685	0
12.248	0.31468651195119	0.92131670204523	376.73031366685	0
12.256	0.32397786878519	0.91820082848848	376.73031366685	0
12.264	0.33322294797768	0.91499661600357	376.73031366685	0
12.272	0.34242098118668	0.91170482015626	376.73031366685	0
12.28	0.35157121347652	0.90832620080767	376.73031366685	0
12.288	0.36067290326377	0.90486152187041	376.73031366685	0
12.296	0.36972532225915	0.90131155106785	376.73031366685	0
12.304	0.37872775540545	0.89767705969693	376.73031366685	0
12.312	0.38767950081163	0.89395882239422	376.73031366685	0
12.32	0.39657986968323	0.8901576169056	376.73031366685	0
12.328	0.40542818624907	0.88627422385924	376.73031366685	0
12.336	0.41422378768458	0.88230942654224	376.73031366685	0
12.344	0.4229660240316	0.87826401068079	376.73031366685	0
12.352	0.43165425811502	0.87413876422383	376.73031366685	0
12.36	0.44028786545612	0.8699344771304	376.73031366685	0
12.368	0.44886623418297	0.8656519411606	376.73031366685	0
12.376	0.45738876493774	0.86129194967014	376.73031366685	0
12.384	0.46585487078125	0.85685529740856	376.73031366685	0
12.392	0.47426397709472	0.85234278032121	376.73031366685	0
12.4	0.48261552147886	0.84775519535477	376.73031366685	0
12.408	0.49090895365043	0.84309334026656	376.73031366685	0
12.416	0.49914373533633	0.83835801343752	376.73031366685	0
12.424	0.50731934016536	0.83355001368887	376.73031366685	0
12.432	0.51543525355768	0.82867014010251	376.73031366685	0
12.44	0.52349097261216	0.82371919184507	376.73031366685	0
12.448	0.53148600599164	0.81869796799571	376.73031366685	0
12.456	0.53941987380617	0.81360726737756	376.73031366685	0
12.464	0.54729210749446	0.80844788839291	376.73031366685	0
12.472	0.55510224970346	0.80322062886201	376.73031366685	0
12.48	0.56284985416623	0.79792628586558	376.73031366685	0
12.488	0.57053448557828	0.79256565559097	376.73031366685	0
12.496	0.57815571947223	0.78713953318193	376.73031366685	0
12.504	0.58571314209112	0.78164871259203	376.73031366685	0
12.512	0.59320635026037	0.77609398644172	376.73031366685	0
12.52	0.60063495125829	0.77047614587889	376.73031366685	0
12.528	0.60799856268559	0.7647959804431	376.73031366685	0
12.536	0.61529681233356	0.75905427793327	376.73031366685	0
12.544	0.6225293380513	0.75325182427899	376.73031366685	0
12.552	0.6296957876119	0.7473894034152	376.73031366685	0
12.56	0.63679581857775	0.74146779716051	376.73031366685	0
12.568	0.64382909816492	0.73548778509882	376.73031366685	0
12.576	0.65079530310681	0.72945014446446	376.73031366685	0
12.584	0.65769411951708	0.72335565003069	376.73031366685	0
12.592	0.66452524275192	0.71720507400157	376.73031366685	0
12.6	0.67128837727167	0.71099918590717	376.73031366685	0
12.608	0.67798323650198	0.7047387525021	376.73031366685	0
12.616	0.68460954269447	0.69842453766727	376.73031366685	0
12.624	0.69116702678693	0.69205730231496	376.73031366685	0
12.632	0.69765542826323	0.68563780429707	376.73031366685	0
12.64	0.70407449501287	0.67916679831652	376.73031366685	0
12.648	0.71042398319027	0.67264503584185	376.73031366685	0
12.656	0.71670365707387	0.66607326502489	376.73031366685	0
12.664	0.72291328892507	0.65945223062155	376.73031366685	0
12.672	0.72905265884706	0.65278267391558	376.73031366685	0
12.68	0.73512155464357	0.64606533264545	376.73031366685	0
12.688	0.7411197716776	0.63930094093407	376.73031366685	0
12.696	0.74704711273016	0.63249022922156	376.73031366685	0
12.704	0.75290338785911	0.62563392420088	376.73031366685	0
12.712	0.75868841425807	0.6187327487563	376.73031366685	0
12.72	0.76440201611541	0.61178742190474	376.73031366685	0
12.728	0.77004402447356	0.6047986587399	376.73031366685	0
12.736	0.77561427708834	0.59776717037912	376.73031366685	0
12.744	0.78111261828869	0.59069366391301	376.73031366685	0
12.752	0.78653889883658	0.58357884235773	376.73031366685	0
12.76	0.79189297578725	0.57642340460996	376.73031366685	0
12.768	0.79717471234976	0.56922804540442	376.73031366685	0
12.776	0.80238397774793	0.56199345527407	376.73031366685	0
12.784	0.80752064708165	0.55472032051277	376.73031366685	0
12.792	0.81258460118859	0.54740932314053	376.73031366685	0
12.8	0.81757572650633	0.54006114087117	376.73031366685	0
12.808	0.82249391493498	0.53267644708244	376.73031366685	0
12.816	0.82733906370025	0.52525591078864	376.73031366685	0
12.824	0.83211107521699	0.51780019661545	376.73031366685	0
12.832	0.83680985695332	0.5103099647773	376.73031366685	0
12.84	0.84143532129518	0.50278587105688	376.73031366685	0
12.848	0.84598738541153	0.49522856678706	376.73031366685	0
12.856	0.85046597112006	0.48763869883499	376.73031366685	0
12.864	0.85487100475343	0.48001690958844	376.73031366685	0
12.872	0.8592024170262	0.47236383694434	376.73031366685	0
12.88	0.86346014290228	0.46468011429945	376.73031366685	0
12.888	0.867644121463	0.45696637054323	376.73031366685	0
12.896	0.87175429577584	0.44922323005271	376.73031366685	0
12.904	0.87579061276371	0.44145131268952	376.73031366685	0
12.912	0.87975302307495	0.43365123379893	376.73031366685	0
12.92	0.88364148095391	0.42582360421095	376.73031366685	0
12.928	0.88745594411222	0.41796903024333	376.73031366685	0
12.936	0.89119637360063	0.41008811370668	376.73031366685	0
12.944	0.89486273368164	0.4021814519114	376.73031366685	0
12.952	0.89845499170266	0.39424963767661	376.73031366685	0
12.96	0.90197311796989	0.38629325934095	376.73031366685	0
12.968	0.90541708562287	0.37831290077529	376.73031366685	0
12.976	0.90878687050965	0.37030914139726	376.73031366685	0
12.984	0.91208245106269	0.36228255618765	376.73031366685	0
12.992	0.91530380817532	0.35423371570861	376.73031366685	0
13	0.91845092507898	0.34616318612369	376.73031366685	0
13.008	0.92152378722101	0.33807152921958	376.73031366685	0
13.016	0.9245223821432	0.3299593024297	376.73031366685	0
13.024	0.92744669936087	0.32182705885954	376.73031366685	0
13.032	0.93029673024269	0.31367534731366	376.73031366685	0
13.04	0.93307246789115	0.30550471232451	376.73031366685	0
13.048	0.93577390702358	0.2973156941829	376.73031366685	0
13.056	0.93840104385389	0.28910882897019	376.73031366685	0
13.064	0.94095387597487	0.28088464859217	376.73031366685	0
13.072	0.94343240224119	0.27264368081462	376.73031366685	0
13.08	0.94583662265292	0.26438644930054	376.73031366685	0
13.088	0.9481665382397	0.25611347364907	376.73031366685	0
13.096	0.95042215094552	0.24782526943602	376.73031366685	0
13.104	0.95260346351408	0.23952234825611	376.73031366685	0
13.112	0.95471047937468	0.23120521776681	376.73031366685	0
13.12	0.95674320252877	0.22287438173386	376.73031366685	0
13.128	0.95870163743695	0.21453034007844	376.73031366685	0
13.136	0.96058578890665	0.206173588926	376.73031366685	0
13.144	0.96239566198022	0.19780462065663	376.73031366685	0
13.152	0.96413126182367	0.18942392395729	376.73031366685	0
13.16	0.9657925936158	0.18103198387547	376.73031366685	0
13.168	0.967379662438	0.17262928187465	376.73031366685	0
13.176	0.9688924731644	0.16421629589139	376.73031366685	0
13.184	0.97033103035256	0.15579350039409	376.73031366685	0
13.192	0.97169533813471	0.14736136644343	376.73031366685	0
13.2	0.97298540010931	0.13892036175448	376.73031366685	0
13.208	0.97420121923323	0.13047095076057	376.73031366685	0
13.216	0.97534279771421	0.12201359467884	376.73031366685	0
13.224	0.97641013690389	0.11354875157754	376.73031366685	0
13.232	0.97740323719115	0.10507687644502	376.73031366685	0
13.24	0.97832209789599	0.096598421260608	376.73031366685	0
13.248	0.97916671716363	0.088113835067148	376.73031366685	0
13.256	0.97993709185918	0.079623564045421	376.73031366685	0
13.264	0.98063321746259	0.071128051590364	376.73031366685	0
13.272	0.98125508796395	0.062627738389153	376.73031366685	0
13.28	0.98180269575922	0.054123062501171	376.73031366685	0
13.288	0.98227603154625	0.045614459439868	376.73031366685	0
13.296	0.98267508422118	0.037102362256565	376.73031366685	0
13.304	0.9829998407751	0.028587201626227	376.73031366685	0
13.312	0.98325028619111	0.020069405935237	376.73031366685	0
13.32	0.98342640334166	0.011549401371198	376.73031366685	0
13.328	0.98352817288616	0.0030276120148084	376.73031366685	0
13.336	0.98355557316893	-0.0054955400661483	376.73031366685	0
13.344	0.98350858011742	-0.014019634720664	376.73031366685	0
13.352	0.98338716714074	-0.022544253616178	376.73031366685	0
13.36	0.98319130502838	-0.031068980138015	376.73031366685	0
13.368	0.98292096184934	-0.039593399286532	376.73031366685	0
13.376	0.9825761028514	-0.048117097571929	376.73031366685	0
13.384	0.98215669036075	-0.056639662906689	376.73031366685	0
13.392	0.98166268368181	-0.065160684495579	376.73031366685	0
13.4	0.98109403899734	-0.073679752723152	376.73031366685	0
13.408	0.98045070926887	-0.082196459038702	376.73031366685	0
13.416	0.97973264413726	-0.090710395838615	376.73031366685	0
13.424	0.97893978982367	-0.099221156346049	376.73031366685	0
13.432	0.97807208903068	-0.10772833448787	376.73031366685	0
13.44	0.97712948084377	-0.11623152476878	376.73031366685	0
13.448	0.97611190063303	-0.12473032214261	376.73031366685	0
13.456	0.97501927995513	-0.13322432188059	376.73031366685	0
13.464	0.97385154645568	-0.1417131194367	376.73031366685	0
13.472	0.9726086237718	-0.1501963103098	376.73031366685	0
13.48	0.97129043143505	-0.15867348990271	376.73031366685	0
13.488	0.96989688477469	-0.16714425337792	376.73031366685	0
13.496	0.96842789482129	-0.17560819551001	376.73031366685	0
13.504	0.96688336821069	-0.18406491053461	376.73031366685	0
13.512	0.96526320708839	-0.19251399199382	376.73031366685	0
13.52	0.96356730901427	-0.200955032578	376.73031366685	0
13.528	0.96179556686785	-0.20938762396389	376.73031366685	0
13.536	0.95994786875397	-0.21781135664879	376.73031366685	0
13.544	0.9580240979089	-0.22622581978095	376.73031366685	0
13.552	0.95602413260708	-0.23463060098574	376.73031366685	0
13.56	0.95394784606839	-0.24302528618784	376.73031366685	0
13.568	0.95179510636603	-0.25140945942905	376.73031366685	0
13.576	0.94956577633498	-0.25978270268173	376.73031366685	0
13.584	0.94725971348128	-0.26814459565776	376.73031366685	0
13.592	0.944876769892	-0.27649471561281	376.73031366685	0
13.6	0.94241679214595	-0.28483263714589	376.73031366685	0
13.608	0.93987962122535	-0.29315793199395	376.73031366685	0
13.616	0.93726509242838	-0.30147016882145	376.73031366685	0
13.624	0.93457303528271	-0.3097689130048	376.73031366685	0
13.632	0.93180327346014	-0.31805372641136	376.73031366685	0
13.64	0.92895562469231	-0.32632416717305	376.73031366685	0
13.648	0.9260299006877	-0.33457978945428	376.73031366685	0
13.656	0.92302590704992	-0.34282014321413	376.73031366685	0
13.664	0.91994344319742	-0.3510447739625	376.73031366685	0
13.672	0.91678230228467	-0.35925322251016	376.73031366685	0
13.68	0.91354227112502	-0.36744502471258	376.73031366685	0
13.688	0.91022313011526	-0.37561971120717	376.73031366685	0
13.696	0.906824653162	-0.38377680714395	376.73031366685	0
13.704	0.90334660761009	-0.3919158319093	376.73031366685	0
13.712	0.89978875417312	-0.40003629884279	376.73031366685	0
13.72	0.89615084686622	-0.40813771494671	376.73031366685	0
13.728	0.89243263294121	-0.41621958058815	376.73031366685	0
13.736	0.8886338528244	-0.42428138919356	376.73031366685	0
13.744	0.88475424005715	-0.43232262693539	376.73031366685	0
13.752	0.88079352123925	-0.44034277241068	376.73031366685	0
13.76	0.8767514159756	-0.44834129631145	376.73031366685	0
13.768	0.8726276368261	-0.45631766108656	376.73031366685	0
13.776	0.8684218892591	-0.46427132059482	376.73031366685	0
13.784	0.8641338716087	-0.47220171974926	376.73031366685	0
13.792	0.859763275036	-0.4801082941521	376.73031366685	0
13.8	0.85530978349466	-0.4879904697204	376.73031366685	0
13.808	0.85077307370095	-0.49584766230198	376.73031366685	0
13.816	0.84615281510871	-0.50367927728145	376.73031366685	0
13.824	0.84144866988935	-0.51148470917607	376.73031366685	0
13.832	0.83666029291731	-0.51926334122121	376.73031366685	0
13.84	0.83178733176133	-0.5270145449451	376.73031366685	0
13.848	0.82682942668177	-0.53473767973264	376.73031366685	0
13.856	0.82178621063446	-0.54243209237804	376.73031366685	0
13.864	0.81665730928138	-0.55009711662587	376.73031366685	0
13.872	0.81144234100866	-0.55773207270053	376.73031366685	0
13.88	0.80614091695223	-0.56533626682349	376.73031366685	0
13.888	0.80075264103167	-0.5729089907184	376.73031366685	0
13.896	0.79527710999265	-0.58044952110351	376.73031366685	0
13.904	0.7897139134585	-0.58795711917125	376.73031366685	0
13.912	0.7840626339914	-0.59543103005472	376.73031366685	0
13.92	0.7783228471638	-0.60287048228064	376.73031366685	0
13.928	0.77249412164056	-0.61027468720875	376.73031366685	0
13.936	0.76657601927246	-0.61764283845707	376.73031366685	0
13.944	0.76056809520172	-0.62497411131303	376.73031366685	0
13.952	0.75446989798016	-0.63226766213	376.73031366685	0
13.96	0.74828096970073	-0.63952262770903	376.73031366685	0
13.968	0.74200084614308	-0.64673812466552	376.73031366685	0
13.976	0.73562905693404	-0.65391324878057	376.73031366685	0
13.984	0.72916512572368	-0.66104707433674	376.73031366685	0
13.992	0.7226085703779	-0.66813865343798	376.73031366685	0
14	0.71595890318832	-0.67518701531351	376.73031366685	0

Curvelabel          = SZmax(1),Zmax(1)_(12)
Filename            = ^cSZmax(1)Zmax(1).sig
Npoints             = 1001
Type                = 8
Subtype             = 16
Result type         = complex:none;impedance
View type           = Cartesian
Plot type           = Magnitude dB
Parameters          = {C_off=0.16; C_on_approx=1000; Cx=1000; Cy=0.16; L1=3.1; L_diode=0.45; Lpin=0.45; R1=2.5; R_off=10; R_on=1; Rx=1; Ry=10; S1=0.3; W1=6; W2=5.5; alpha1=60; antipad_d=0.8; bias_w=0.2; common_return_y=2; eps_bond=3.52; eps_f4bm=2.65; eps_fr4=4.4; fmax=14; fmin=6; h1=3; h2=0.5; hbond=0.1; p=15; phi=0; phi_inc=0; pin_inset=0.02; sigma_cu=5.8e+07; tand_bond=0.004; tand_f4bm=0.003; tand_fr4=0.02; tcu=0.035; theta=0; theta_inc=0; via_d=0.3}
Data/Title          = S-Parameters
X/Label             = Frequency
X/Unit              = GHz
Y/Unit              = 
Y/Logfactor         = 20
Plot/wrapHeuristics = 0

6	0.93993803368798	0.31478723285092	376.73031366685	0
6.008	0.94206144823233	0.3084329391326	376.73031366685	0
6.016	0.9441409312295	0.30206557980888	376.73031366685	0
6.024	0.9461765387469	0.29568498562373	376.73031366685	0
6.032	0.94816831195599	0.28929099692893	376.73031366685	0
6.04	0.95011627771732	0.28288346345332	376.73031366685	0
6.048	0.9520204491339	0.27646224408356	376.73031366685	0
6.056	0.95388082607438	0.27002720665646	376.73031366685	0
6.064	0.95569739566811	0.26357822776171	376.73031366685	0
6.072	0.95747013277407	0.25711519255531	376.73031366685	0
6.08	0.95919900042474	0.25063799458273	376.73031366685	0
6.088	0.96088395024678	0.24414653561184	376.73031366685	0
6.096	0.96252492286018	0.23764072547499	376.73031366685	0
6.104	0.96412184825634	0.23112048191983	376.73031366685	0
6.112	0.96567464615744	0.22458573046897	376.73031366685	0
6.12	0.96718322635721	0.21803640428771	376.73031366685	0
6.128	0.96864748904503	0.21147244405929	376.73031366685	0
6.136	0.97006732511364	0.20489379786853	376.73031366685	0
6.144	0.97144261645214	0.19830042109235	376.73031366685	0
6.152	0.97277323622443	0.19169227629721	376.73031366685	0
6.16	0.9740590491346	0.1850693331437	376.73031366685	0
6.168	0.97529991167958	0.17843156829763	376.73031366685	0
6.176	0.97649567239001	0.17177896534738	376.73031366685	0
6.184	0.97764617206005	0.16511151472742	376.73031366685	0
6.192	0.97875124396669	0.15842921364778	376.73031366685	0
6.2	0.97981071407899	0.15173206602912	376.73031366685	0
6.208	0.98082440125864	0.14502008244349	376.73031366685	0
6.216	0.98179211745105	0.13829328006008	376.73031366685	0
6.224	0.9827136678689	0.13155168259677	376.73031366685	0
6.232	0.98358885116771	0.12479532027576	376.73031366685	0
6.24	0.98441745961398	0.11802422978496	376.73031366685	0
6.248	0.98519927924704	0.11123845424322	376.73031366685	0
6.256	0.98593409003416	0.10443804317069	376.73031366685	0
6.264	0.98662166601972	0.097623052462972	376.73031366685	0
6.272	0.98726177546901	0.090793544370273	376.73031366685	0
6.28	0.98785418100649	0.083949587479706	376.73031366685	0
6.288	0.98839863974942	0.077091256702245	376.73031366685	0
6.296	0.98889490343663	0.070218633263291	376.73031366685	0
6.304	0.98934271855342	0.063331804696787	376.73031366685	0
6.312	0.9897418264521	0.056430864843285	376.73031366685	0
6.32	0.99009196346896	0.049515913850977	376.73031366685	0
6.328	0.99039286103797	0.042587058180607	376.73031366685	0
6.336	0.99064424580098	0.035644410613285	376.73031366685	0
6.344	0.99084583971535	0.028688090261445	376.73031366685	0
6.352	0.99099736015848	0.021718222583079	376.73031366685	0
6.36	0.99109852003022	0.014734939398666	376.73031366685	0
6.368	0.99114902785267	0.0077383789110489	376.73031366685	0
6.376	0.99114858786811	0.00072868572792317	376.73031366685	0
6.384	0.99109690013485	-0.0062939891129741	376.73031366685	0
6.392	0.99099366062158	-0.013329488115973	376.73031366685	0
6.4	0.99083856129995	-0.020377647297638	376.73031366685	0
6.408	0.99063129023582	-0.027438296154059	376.73031366685	0
6.416	0.9903715316793	-0.034511257626156	376.73031366685	0
6.424	0.99005896615364	-0.041596348062919	376.73031366685	0
6.432	0.98969327054322	-0.048693377182439	376.73031366685	0
6.44	0.98927411818063	-0.055802148030971	376.73031366685	0
6.448	0.98880117893303	-0.062922456940275	376.73031366685	0
6.456	0.98827411928789	-0.070054093482965	376.73031366685	0
6.464	0.9876926024383	-0.07719684042644	376.73031366685	0
6.472	0.9870562883678	-0.084350473684936	376.73031366685	0
6.48	0.98636483393476	-0.091514762270146	376.73031366685	0
6.488	0.98561789295679	-0.09868946824057	376.73031366685	0
6.496	0.98481511629463	-0.10587434664928	376.73031366685	0
6.504	0.98395615193623	-0.11306914549051	376.73031366685	0
6.512	0.98304064508048	-0.12027360564508	376.73031366685	0
6.52	0.98206823822114	-0.12748746082466	376.73031366685	0
6.528	0.98103857123059	-0.13471043751502	376.73031366685	0
6.536	0.97995128144386	-0.14194225491823	376.73031366685	0
6.544	0.97880600374245	-0.14918262489401	376.73031366685	0
6.552	0.97760237063843	-0.15643125190018	376.73031366685	0
6.56	0.9763400123586	-0.16368783293238	376.73031366685	0
6.568	0.97501855692865	-0.17095205746286	376.73031366685	0
6.576	0.97363763025746	-0.1782236073788	376.73031366685	0
6.584	0.97219685622156	-0.18550215691963	376.73031366685	0
6.592	0.97069585674948	-0.19278737261402	376.73031366685	0
6.6	0.9691342519062	-0.20007891321598	376.73031366685	0
6.608	0.96751165997768	-0.20737642964041	376.73031366685	0
6.616	0.9658276975552	-0.21467956489803	376.73031366685	0
6.624	0.96408197961981	-0.22198795402962	376.73031366685	0
6.632	0.96227411962651	-0.22930122403959	376.73031366685	0
6.64	0.96040372958842	-0.23661899382883	376.73031366685	0
6.648	0.95847042016064	-0.24394087412684	376.73031366685	0
6.656	0.956473800724	-0.25126646742296	376.73031366685	0
6.664	0.95441347946847	-0.25859536789679	376.73031366685	0
6.672	0.95228906347627	-0.26592716134756	376.73031366685	0
6.68	0.95010015880468	-0.27326142512245	376.73031366685	0
6.688	0.94784637056851	-0.28059772804373	376.73031366685	0
6.696	0.94552730302211	-0.28793563033451	376.73031366685	0
6.704	0.94314255964111	-0.29527468354312	376.73031366685	0
6.712	0.94069174320368	-0.30261443046583	376.73031366685	0
6.72	0.93817445587147	-0.3099544050678	376.73031366685	0
6.728	0.93559029927023	-0.31729413240206	376.73031366685	0
6.736	0.93293887457005	-0.32463312852643	376.73031366685	0
6.744	0.93021978256546	-0.33197090041803	376.73031366685	0
6.752	0.92743262375529	-0.33930694588534	376.73031366685	0
6.76	0.92457699842244	-0.34664075347751	376.73031366685	0
6.768	0.92165250671378	-0.35397180239072	376.73031366685	0
6.776	0.91865874872013	-0.36129956237141	376.73031366685	0
6.784	0.9155953245566	-0.36862349361619	376.73031366685	0
6.792	0.91246183444343	-0.37594304666817	376.73031366685	0
6.8	0.90925787878748	-0.38325766230953	376.73031366685	0
6.808	0.9059830582647	-0.39056677145016	376.73031366685	0
6.816	0.90263697390362	-0.3978697950122	376.73031366685	0
6.824	0.89921922717034	-0.40516614381024	376.73031366685	0
6.832	0.89572942005504	-0.41245521842714	376.73031366685	0
6.84	0.89216715516045	-0.41973640908523	376.73031366685	0
6.848	0.88853203579252	-0.42700909551284	376.73031366685	0
6.856	0.88482366605353	-0.43427264680608	376.73031366685	0
6.864	0.88104165093788	-0.44152642128575	376.73031366685	0
6.872	0.87718559643098	-0.44876976634941	376.73031366685	0
6.88	0.87325510961131	-0.45600201831851	376.73031366685	0
6.888	0.86924979875599	-0.46322250228065	376.73031366685	0
6.896	0.86516927344991	-0.47043053192702	376.73031366685	0
6.904	0.86101314469874	-0.47762540938495	376.73031366685	0
6.912	0.8567810250457	-0.48480642504577	376.73031366685	0
6.92	0.85247252869215	-0.49197285738795	376.73031366685	0
6.928	0.84808727162188	-0.49912397279559	376.73031366685	0
6.936	0.84362487172882	-0.50625902537235	376.73031366685	0
6.944	0.83908494894772	-0.51337725675068	376.73031366685	0
6.952	0.83446712538735	-0.52047789589638	376.73031366685	0
6.96	0.82977102546515	-0.52756015890824	376.73031366685	0
6.968	0.82499627604243	-0.53462324881236	376.73031366685	0
6.976	0.82014250655853	-0.54166635535057	376.73031366685	0
6.984	0.81520934916212	-0.548688654762	376.73031366685	0
6.992	0.81019643883734	-0.55568930955641	376.73031366685	0
7	0.80510341352173	-0.56266746827717	376.73031366685	0
7.008	0.79992991421253	-0.56962226525108	376.73031366685	0
7.016	0.79467558505664	-0.57655282032079	376.73031366685	0
7.024	0.78934007341913	-0.58345823855408	376.73031366685	0
7.032	0.78392302992364	-0.59033760992191	376.73031366685	0
7.04	0.77842410845714	-0.59719000893405	376.73031366685	0
7.048	0.77284296613015	-0.6040144942165	376.73031366685	0
7.056	0.76717926318239	-0.61081010800921	376.73031366685	0
7.064	0.76143266282334	-0.61757587555378	376.73031366685	0
7.072	0.75560283099709	-0.62431080432912	376.73031366685	0
7.08	0.74968943606335	-0.63101388307698	376.73031366685	0
7.088	0.74369214839224	-0.63768408053591	376.73031366685	0
7.096	0.73761063988308	-0.64432034377139	376.73031366685	0
7.104	0.73144458344216	-0.65092159594696	376.73031366685	0
7.112	0.72519365250008	-0.65748673332447	376.73031366685	0
7.12	0.71885752073124	-0.66401462120941	376.73031366685	0
7.128	0.71243586228084	-0.67050408847165	376.73031366685	0
7.136	0.70592835304844	-0.67695392018756	376.73031366685	0
7.144	0.69933467398041	-0.68336284790561	376.73031366685	0
7.152	0.6926545179675	-0.68972953712973	376.73031366685	0
7.16	0.68588760291066	-0.69605257205023	376.73031366685	0
7.168	0.67903369482049	-0.70233043873289	376.73031366685	0
7.176	0.67209264618843	-0.70856151060369	376.73031366685	0
7.184	0.66506445529045	-0.71474404511552	376.73031366685	0
7.192	0.65794934894943	-0.72087620865898	376.73031366685	0
7.2	0.65074787959863	-0.72695615653212	376.73031366685	0
7.208	0.64346100128332	-0.73298219794436	376.73031366685	0
7.216	0.6360900501986	-0.73895305322776	376.73031366685	0
7.224	0.62863653192553	-0.74486813872538	376.73031366685	0
7.232	0.62110167423274	-0.75072770831437	376.73031366685	0
7.24	0.61348588246127	-0.75653264424354	376.73031366685	0
7.248	0.60578842058051	-0.76228386224514	376.73031366685	0
7.256	0.59800758403851	-0.76798161326006	376.73031366685	0
7.264	0.59014128413126	-0.77362509281723	376.73031366685	0
7.272	0.58218767300328	-0.77921252562415	376.73031366685	0
7.28	0.57414549854602	-0.78474155038019	376.73031366685	0
7.288	0.56601414484378	-0.79020962445222	376.73031366685	0
7.296	0.55779349062816	-0.79561428838676	376.73031366685	0
7.304	0.54948372707696	-0.80095327670157	376.73031366685	0
7.312	0.54108521015126	-0.80622452828462	376.73031366685	0
7.32	0.53259836533766	-0.81142615137077	376.73031366685	0
7.328	0.52402363583961	-0.81655637746145	376.73031366685	0
7.336	0.51536145933367	-0.82161351988716	376.73031366685	0
7.344	0.50661226098539	-0.82659594174591	376.73031366685	0
7.352	0.49777645463947	-0.83150203301052	376.73031366685	0
7.36	0.48885444751294	-0.83633019497671	376.73031366685	0
7.368	0.47984664594174	-0.84107883006665	376.73031366685	0
7.376	0.47075346101926	-0.84574633534561	376.73031366685	0
7.384	0.46157531365467	-0.85033109853653	376.73031366685	0
7.392	0.45231263892182	-0.85483149568439	376.73031366685	0
7.4	0.44296588972584	-0.85924588989752	376.73031366685	0
7.408	0.43353553987418	-0.8635726307868	376.73031366685	0
7.416	0.42402208665349	-0.86781005435503	376.73031366685	0
7.424	0.4144260530076	-0.87195648317595	376.73031366685	0
7.432	0.40474798939859	-0.87601022676	376.73031366685	0
7.44	0.39498847541812	-0.87996958204064	376.73031366685	0
7.448	0.38514812120297	-0.88383283393983	376.73031366685	0
7.456	0.37522756869673	-0.88759825598644	376.73031366685	0
7.464	0.36522749279071	-0.89126411097175	376.73031366685	0
7.472	0.35514860236937	-0.89482865163232	376.73031366685	0
7.48	0.34499164127978	-0.89829012135501	376.73031366685	0
7.488	0.33475738924017	-0.90164675490121	376.73031366685	0
7.496	0.324446662699	-0.90489677914924	376.73031366685	0
7.504	0.31406031565333	-0.90803841385469	376.73031366685	0
7.512	0.30359924043304	-0.91106987242913	376.73031366685	0
7.52	0.293064368456	-0.91398936273809	376.73031366685	0
7.528	0.28245667095781	-0.91679508791905	376.73031366685	0
7.536	0.27177715969889	-0.91948524722068	376.73031366685	0
7.544	0.26102688765083	-0.92205803686418	376.73031366685	0
7.552	0.25020694966325	-0.92451165092774	376.73031366685	0
7.56	0.23931848311208	-0.92684428225502	376.73031366685	0
7.568	0.22836266852964	-0.92905412338862	376.73031366685	0
7.576	0.21734073021652	-0.93113936752895	376.73031366685	0
7.584	0.20625393683533	-0.93309820951965	376.73031366685	0
7.592	0.19510360198561	-0.93492884685968	376.73031366685	0
7.6	0.1838910847597	-0.93662948074296	376.73031366685	0
7.608	0.17261779027856	-0.9381983171257	376.73031366685	0
7.616	0.16128517020692	-0.93963356782204	376.73031366685	0
7.624	0.14989472324671	-0.94093345162798	376.73031366685	0
7.632	0.13844799560783	-0.94209619547405	376.73031366685	0
7.64	0.12694658145504	-0.94312003560672	376.73031366685	0
7.648	0.11539212332993	-0.94400321879857	376.73031366685	0
7.656	0.10378631254667	-0.94474400358734	376.73031366685	0
7.664	0.09213088956022	-0.94534066154358	376.73031366685	0
7.672	0.080427644305794	-0.9457914785669	376.73031366685	0
7.68	0.068678416508088	-0.94609475621043	376.73031366685	0
7.688	0.056885095958949	-0.94624881303333	376.73031366685	0
7.696	0.045049622762028	-0.94625198598081	376.73031366685	0
7.704	0.033173987542976	-0.94610263179129	376.73031366685	0
7.712	0.021260231623703	-0.94579912843018	376.73031366685	0
7.72	0.0093104471592102	-0.94533987654956	376.73031366685	0
7.728	-0.0026732227644878	-0.94472330097311	376.73031366685	0
7.736	-0.014688584072884	-0.94394785220562	376.73031366685	0
7.744	-0.026733391687439	-0.94301200796603	376.73031366685	0
7.752	-0.038805349553492	-0.94191427474321	376.73031366685	0
7.76	-0.050902110713145	-0.94065318937345	376.73031366685	0
7.768	-0.063021277424602	-0.93922732063843	376.73031366685	0
7.776	-0.075160401329468	-0.93763527088265	376.73031366685	0
7.784	-0.087316983669461	-0.93587567764896	376.73031366685	0
7.792	-0.099488475554007	-0.93394721533082	376.73031366685	0
7.8	-0.11167227828013	-0.93184859683988	376.73031366685	0
7.808	-0.12386574370602	-0.92957857528733	376.73031366685	0
7.816	-0.13606617467969	-0.92713594567741	376.73031366685	0
7.824	-0.14827082552395	-0.92451954661139	376.73031366685	0
7.832	-0.16047690257911	-0.92172826200019	376.73031366685	0
7.84	-0.17268156480445	-0.91876102278378	376.73031366685	0
7.848	-0.18488192443986	-0.91561680865546	376.73031366685	0
7.856	-0.19707504772858	-0.91229464978882	376.73031366685	0
7.864	-0.20925795570212	-0.90879362856545	376.73031366685	0
7.872	-0.22142762502849	-0.90511288130099	376.73031366685	0
7.88	-0.23358098892441	-0.90125159996745	376.73031366685	0
7.888	-0.24571493813256	-0.89720903390913	376.73031366685	0
7.896	-0.25782632196438	-0.89298449155008	376.73031366685	0
7.904	-0.26991194940935	-0.88857734209019	376.73031366685	0
7.912	-0.28196859031101	-0.88398701718764	376.73031366685	0
7.92	-0.29399297661039	-0.87921301262488	376.73031366685	0
7.928	-0.30598180365716	-0.87425488995544	376.73031366685	0
7.936	-0.31793173158864	-0.8691122781289	376.73031366685	0
7.944	-0.32983938677695	-0.86378487509108	376.73031366685	0
7.952	-0.3417013633442	-0.85827244935655	376.73031366685	0
7.96	-0.35351422474563	-0.85257484155075	376.73031366685	0
7.968	-0.36527450542048	-0.84669196591841	376.73031366685	0
7.976	-0.37697871251024	-0.84062381179563	376.73031366685	0
7.984	-0.38862332764365	-0.83437044504232	376.73031366685	0
7.992	-0.40020480878795	-0.8279320094321	376.73031366685	0
8	-0.4117195921655	-0.82130872799656	376.73031366685	0
8.008	-0.42316409423485	-0.81450090432076	376.73031366685	0
8.016	-0.43453471373515	-0.80750892378698	376.73031366685	0
8.024	-0.44582783379276	-0.80033325476359	376.73031366685	0
8.032	-0.45703982408845	-0.79297444973602	376.73031366685	0
8.04	-0.46816704308397	-0.78543314637675	376.73031366685	0
8.048	-0.47920584030595	-0.77771006855133	376.73031366685	0
8.056	-0.49015255868553	-0.76980602725756	376.73031366685	0
8.064	-0.50100353695156	-0.76172192149476	376.73031366685	0
8.072	-0.51175511207522	-0.75345873906029	376.73031366685	0
8.08	-0.52240362176383	-0.7450175572707	376.73031366685	0
8.088	-0.53294540700123	-0.73639954360446	376.73031366685	0
8.096	-0.54337681463219	-0.72760595626399	376.73031366685	0
8.104	-0.553694199988	-0.71863814465403	376.73031366685	0
8.112	-0.56389392955041	-0.70949754977431	376.73031366685	0
8.12	-0.57397238365071	-0.70018570452376	376.73031366685	0
8.128	-0.5839259592008	-0.69070423391442	376.73031366685	0
8.136	-0.59375107245291	-0.68105485519251	376.73031366685	0
8.144	-0.60344416178447	-0.67123937786516	376.73031366685	0
8.152	-0.61300169050447	-0.66125970363049	376.73031366685	0
8.16	-0.62242014967762	-0.65111782620973	376.73031366685	0
8.168	-0.6316960609625	-0.64081583107966	376.73031366685	0
8.176	-0.64082597945967	-0.63035589510398	376.73031366685	0
8.184	-0.64980649656567	-0.61974028606267	376.73031366685	0
8.192	-0.65863424282894	-0.60897136207791	376.73031366685	0
8.2	-0.66730589080321	-0.5980515709362	376.73031366685	0
8.208	-0.67581815789423	-0.5869834493057	376.73031366685	0
8.216	-0.68416780919539	-0.57576962184853	376.73031366685	0
8.224	-0.69235166030783	-0.56441280022772	376.73031366685	0
8.232	-0.70036658014066	-0.55291578200887	376.73031366685	0
8.24	-0.70820949368669	-0.54128144945663	376.73031366685	0
8.248	-0.71587738476924	-0.52951276822641	376.73031366685	0
8.256	-0.72336729875545	-0.51761278595199	376.73031366685	0
8.264	-0.73067634523168	-0.50558463072979	376.73031366685	0
8.272	-0.73780170063634	-0.49343150950099	376.73031366685	0
8.28	-0.74474061084584	-0.48115670633257	376.73031366685	0
8.288	-0.75149039370905	-0.468763580599	376.73031366685	0
8.296	-0.75804844152605	-0.4562555650661	376.73031366685	0
8.304	-0.76441222346672	-0.4436361638792	376.73031366685	0
8.312	-0.77057928792496	-0.43090895045753	376.73031366685	0
8.32	-0.77654726480434	-0.41807756529747	376.73031366685	0
8.328	-0.78231386773119	-0.40514571368697	376.73031366685	0
8.336	-0.78787689619109	-0.39211716333413	376.73031366685	0
8.344	-0.79323423758489	-0.37899574191284	376.73031366685	0
8.352	-0.79838386920071	-0.36578533452864	376.73031366685	0
8.36	-0.80332386009818	-0.3524898811082	376.73031366685	0
8.368	-0.80805237290159	-0.33911337371593	376.73031366685	0
8.376	-0.81256766549871	-0.32565985380149	376.73031366685	0
8.384	-0.81686809264219	-0.31213340938206	376.73031366685	0
8.392	-0.82095210745066	-0.29853817216333	376.73031366685	0
8.4	-0.82481826280684	-0.2848783146035	376.73031366685	0
8.408	-0.82846521265007	-0.27115804692456	376.73031366685	0
8.416	-0.83189171316117	-0.25738161407529	376.73031366685	0
8.424	-0.83509662383735	-0.24355329265048	376.73031366685	0
8.432	-0.83807890845539	-0.22967738777112	376.73031366685	0
8.44	-0.84083763592151	-0.21575822993022	376.73031366685	0
8.448	-0.84337198100646	-0.20180017180909	376.73031366685	0
8.456	-0.84568122496468	-0.18780758506903	376.73031366685	0
8.464	-0.84776475603659	-0.17378485712325	376.73031366685	0
8.472	-0.84962206983341	-0.15973638789402	376.73031366685	0
8.48	-0.85125276960387	-0.14566658656018	376.73031366685	0
8.488	-0.85265656638285	-0.13157986829976	376.73031366685	0
8.496	-0.85383327902179	-0.11748065103296	376.73031366685	0
8.504	-0.8547828341012	-0.10337335217037	376.73031366685	0
8.512	-0.85550526572588	-0.089262385371311	376.73031366685	0
8.52	-0.85600071520345	-0.075152157317415	376.73031366685	0
8.528	-0.85626943060732	-0.06104706450614	376.73031366685	0
8.536	-0.85631176622524	-0.046951490069115	376.73031366685	0
8.544	-0.8561281818949	-0.03286980061998	376.73031366685	0
8.552	-0.85571924222823	-0.01880634313642	376.73031366685	0
8.56	-0.85508561572633	-0.0047654418808588	376.73031366685	0
8.568	-0.85422807378704	0.0092486046356991	376.73031366685	0
8.576	-0.85314748960756	0.023231526642454	376.73031366685	0
8.584	-0.85184483698444	0.037179086045975	376.73031366685	0
8.592	-0.85032118901374	0.051087079311807	376.73031366685	0
8.6	-0.84857771669419	0.064951340286563	376.73031366685	0
8.608	-0.84661568743632	0.078767742956876	376.73031366685	0
8.616	-0.84443646348066	0.092532204141571	376.73031366685	0
8.624	-0.84204150022851	0.10624068611379	376.73031366685	0
8.632	-0.83943234448859	0.11988919914977	376.73031366685	0
8.64	-0.83661063264311	0.13347380400139	376.73031366685	0
8.648	-0.83357808873712	0.14699061428955	376.73031366685	0
8.656	-0.83033652249471	0.16043579881587	376.73031366685	0
8.664	-0.82688782726618	0.17380558379026	376.73031366685	0
8.672	-0.82323397790992	0.18709625497209	376.73031366685	0
8.68	-0.81937702861322	0.20030415972303	376.73031366685	0
8.688	-0.81531911065591	0.21342570896976	376.73031366685	0
8.696	-0.81106243012124	0.22645737907484	376.73031366685	0
8.704	-0.80660926555781	0.23939571361453	376.73031366685	0
8.712	-0.80196196559713	0.25223732506219	376.73031366685	0
8.72	-0.79712294653064	0.26497889637647	376.73031366685	0
8.728	-0.79209468985081	0.2776171824933	376.73031366685	0
8.736	-0.78687973976005	0.29014901172141	376.73031366685	0
8.744	-0.78148070065212	0.30257128704066	376.73031366685	0
8.752	-0.77590023456969	0.31488098730327	376.73031366685	0
8.76	-0.77014105864262	0.3270751683379	376.73031366685	0
8.768	-0.76420594251063	0.33915096395667	376.73031366685	0
8.776	-0.75809770573475	0.35110558686568	376.73031366685	0
8.784	-0.75181921520108	0.36293632947945	376.73031366685	0
8.792	-0.74537338252113	0.3746405646401	376.73031366685	0
8.8	-0.73876316143227	0.38621574624212	376.73031366685	0
8.808	-0.73199154520202	0.39765940976379	376.73031366685	0
8.816	-0.72506156403993	0.4089691727065	376.73031366685	0
8.824	-0.7179762825204	0.4201427349433	376.73031366685	0
8.832	-0.71073879701987	0.43117787897806	376.73031366685	0
8.84	-0.70335223317178	0.44207247011714	376.73031366685	0
8.848	-0.69581974334226	0.45282445655496	376.73031366685	0
8.856	-0.68814450412981	0.46343186937558	376.73031366685	0
8.864	-0.68032971389177	0.4738928224722	376.73031366685	0
8.872	-0.67237859030036	0.48420551238653	376.73031366685	0
8.88	-0.6642943679311	0.49436821807037	376.73031366685	0
8.888	-0.65608029588594	0.50437930057147	376.73031366685	0
8.896	-0.64773963545364	0.51423720264607	376.73031366685	0
8.904	-0.63927565780963	0.52394044830047	376.73031366685	0
8.912	-0.63069164175746	0.53348764226411	376.73031366685	0
8.92	-0.62199087151379	0.54287746939662	376.73031366685	0
8.928	-0.61317663453888	0.55210869403133	376.73031366685	0
8.936	-0.60425221941417	0.56118015925794	376.73031366685	0
8.944	-0.5952209137686	0.57009078614683	376.73031366685	0
8.952	-0.58608600225506	0.57883957291774	376.73031366685	0
8.96	-0.57685076457836	0.58742559405534	376.73031366685	0
8.968	-0.56751847357583	0.59584799937447	376.73031366685	0
8.976	-0.55809239335153	0.6041060130377	376.73031366685	0
8.984	-0.54857577746521	0.61219893252774	376.73031366685	0
8.992	-0.53897186717653	0.62012612757745	376.73031366685	0
9	-0.52928388974542	0.62788703906014	376.73031366685	0
9.008	-0.51951505678906	0.63548117784261	376.73031366685	0
9.016	-0.50966856269591	0.64290812360368	376.73031366685	0
9.024	-0.49974758309711	0.65016752362061	376.73031366685	0
9.032	-0.48975527339547	0.65725909152618	376.73031366685	0
9.04	-0.47969476735219	0.66418260603861	376.73031366685	0
9.048	-0.46956917573127	0.670937909667	376.73031366685	0
9.056	-0.45938158500159	0.67752490739467	376.73031366685	0
9.064	-0.44913505609635	0.68394356534261	376.73031366685	0
9.072	-0.43883262322979	0.69019390941548	376.73031366685	0
9.08	-0.42847729277062	0.69627602393241	376.73031366685	0
9.088	-0.41807204217191	0.70219005024464	376.73031366685	0
9.096	-0.40761981895686	0.70793618534235	376.73031366685	0
9.104	-0.39712353975976	0.7135146804526	376.73031366685	0
9.112	-0.38658608942169	0.71892583963037	376.73031366685	0
9.12	-0.37601032014011	0.72417001834479	376.73031366685	0
9.128	-0.36539905067156	0.72924762206232	376.73031366685	0
9.136	-0.35475506558672	0.73415910482866	376.73031366685	0
9.144	-0.34408111457687	0.73890496785128	376.73031366685	0
9.152	-0.33337991181088	0.74348575808411	376.73031366685	0
9.16	-0.32265413534174	0.74790206681601	376.73031366685	0
9.168	-0.31190642656158	0.75215452826472	376.73031366685	0
9.176	-0.30113938970419	0.75624381817742	376.73031366685	0
9.184	-0.29035559139394	0.76017065243975	376.73031366685	0
9.192	-0.27955756024001	0.76393578569415	376.73031366685	0
9.2	-0.26874778647469	0.76754000996923	376.73031366685	0
9.208	-0.25792872163482	0.77098415332096	376.73031366685	0
9.216	-0.24710277828495	0.77426907848717	376.73031366685	0
9.224	-0.23627232978121	0.77739568155611	376.73031366685	0
9.232	-0.2254397100746	0.78036489065036	376.73031366685	0
9.24	-0.21460721355252	0.78317766462675	376.73031366685	0
9.248	-0.20377709491734	0.78583499179343	376.73031366685	0
9.256	-0.19295156910075	0.78833788864466	376.73031366685	0
9.264	-0.18213281121268	0.79068739861426	376.73031366685	0
9.272	-0.17132295652363	0.79288459084832	376.73031366685	0
9.28	-0.16052410047907	0.79493055899788	376.73031366685	0
9.288	-0.14973829874482	0.79682642003202	376.73031366685	0
9.296	-0.13896756728215	0.79857331307208	376.73031366685	0
9.304	-0.12821388245133	0.80017239824743	376.73031366685	0
9.312	-0.11747918114263	0.80162485557305	376.73031366685	0
9.32	-0.10676536093337	0.80293188384963	376.73031366685	0
9.328	-0.096074280270048	0.80409469958622	376.73031366685	0
9.336	-0.08540775867421	0.80511453594586	376.73031366685	0
9.344	-0.074767576971164	0.8059926417145	376.73031366685	0
9.352	-0.064155477540169	0.80673028029327	376.73031366685	0
9.36	-0.053573164585196	0.80732872871438	376.73031366685	0
9.368	-0.043022304425045	0.80778927668077	376.73031366685	0
9.376	-0.032504525801853	0.80811322562956	376.73031366685	0
9.384	-0.022021420206864	0.80830188781942	376.73031366685	0
9.392	-0.011574542222498	0.80835658544186	376.73031366685	0
9.4	-0.0011654098796619	0.80827864975656	376.73031366685	0
9.408	0.0092044949706533	0.80806942025044	376.73031366685	0
9.416	0.019533726272505	0.80773024382084	376.73031366685	0
9.424	0.029820873367769	0.80726247398234	376.73031366685	0
9.432	0.040064560587554	0.80666747009743	376.73031366685	0
9.44	0.050263446833127	0.80594659663076	376.73031366685	0
9.448	0.060416225147349	0.80510122242689	376.73031366685	0
9.456	0.070521622277452	0.80413272001144	376.73031366685	0
9.464	0.08057839823017	0.80304246491544	376.73031366685	0
9.472	0.090585345820039	0.80183183502276	376.73031366685	0
9.48	0.1005412902119	0.80050220994032	376.73031366685	0
9.488	0.11044508845845	0.79905497039113	376.73031366685	0
9.496	0.12029562903389	0.79749149762963	376.73031366685	0
9.504	0.13009183136465	0.79581317287945	376.73031366685	0
9.512	0.13983264535824	0.79402137679303	376.73031366685	0
9.52	0.14951705093139	0.79211748893301	376.73031366685	0
9.528	0.15914405753872	0.79010288727504	376.73031366685	0
9.536	0.1687127037032	0.78797894773153	376.73031366685	0
9.544	0.17822205655006	0.78574704369599	376.73031366685	0
9.552	0.1876712113456	0.78340854560719	376.73031366685	0
9.56	0.19705929104308	0.78096482053246	376.73031366685	0
9.568	0.20638544583759	0.77841723176908	376.73031366685	0
9.576	0.21564885273265	0.77576713846206	376.73031366685	0
9.584	0.22484871512115	0.77301589523667	376.73031366685	0
9.592	0.23398426238412	0.77016485184267	376.73031366685	0
9.6	0.24305474951079	0.76721535280653	376.73031366685	0
9.608	0.25205945674398	0.76416873708654	376.73031366685	0
9.616	0.26099768925513	0.76102633772335	376.73031366685	0
9.624	0.26986877685273	0.7577894814763	376.73031366685	0
9.632	0.27867207372779	0.75445948843219	376.73031366685	0
9.64	0.28740695823766	0.75103767156863	376.73031366685	0
9.648	0.29607283272627	0.74752533624868	376.73031366685	0
9.656	0.30466912337271	0.74392377961678	376.73031366685	0
9.664	0.31319528004948	0.74023428985893	376.73031366685	0
9.672	0.32165077615591	0.73645814528372	376.73031366685	0
9.68	0.33003510836749	0.73259661317753	376.73031366685	0
9.688	0.33834779620824	0.72865094839188	376.73031366685	0
9.696	0.34658838130829	0.72462239164112	376.73031366685	0
9.704	0.35475642615761	0.72051216753442	376.73031366685	0
9.712	0.36285151211899	0.71632148245282	376.73031366685	0
9.72	0.3708732364438	0.71205152252045	376.73031366685	0
9.728	0.37882120808275	0.70770345211189	376.73031366685	0
9.736	0.38669504225921	0.70327841355681	376.73031366685	0
9.744	0.39449435412603	0.69877752887084	376.73031366685	0
9.752	0.40221875236648	0.69420190431643	376.73031366685	0
9.76	0.40986783421493	0.68955263820278	376.73031366685	0
9.768	0.41744118378699	0.6848308314619	376.73031366685	0
9.776	0.42493837542815	0.68003759931062	376.73031366685	0
9.784	0.43235898272413	0.67517408119938	376.73031366685	0
9.792	0.4397025920047	0.67024144595616	376.73031366685	0
9.8	0.44696881734193	0.66524089004875	376.73031366685	0
9.808	0.4541573131915	0.66017362900114	376.73031366685	0
9.816	0.46126778153639	0.65504088424809	376.73031366685	0
9.824	0.46829997234073	0.64984386897076	376.73031366685	0
9.832	0.47525367827729	0.64458377621499	376.73031366685	0
9.84	0.48212872606128	0.63926177122963	376.73031366685	0
9.848	0.48892496694254	0.6338789883315	376.73031366685	0
9.856	0.49564226826968	0.62843653142054	376.73031366685	0
9.864	0.50228050709759	0.62293547678418	376.73031366685	0
9.872	0.50883956600437	0.61737687690571	376.73031366685	0
9.88	0.51531933079654	0.61176176434583	376.73031366685	0
9.888	0.52171968959374	0.60609115516488	376.73031366685	0
9.896	0.52804053279323	0.60036605166872	376.73031366685	0
9.904	0.5342817535141	0.5945874444632	376.73031366685	0
9.912	0.54044324824246	0.58875631390446	376.73031366685	0
9.92	0.54652491750369	0.58287363106957	376.73031366685	0
9.928	0.55252666646686	0.57694035837082	376.73031366685	0
9.936	0.55844840543848	0.5709574499192	376.73031366685	0
9.944	0.56429005023421	0.56492585171995	376.73031366685	0
9.952	0.57005152243467	0.55884650176144	376.73031366685	0
9.96	0.57573274953926	0.55272033004076	376.73031366685	0
9.968	0.58133366503473	0.54654825855554	376.73031366685	0
9.976	0.58685420839491	0.5403312012814	376.73031366685	0
9.984	0.59229432502617	0.53407006414744	376.73031366685	0
9.992	0.59765396617108	0.52776574501691	376.73031366685	0
10	0.60293308878074	0.52141913367735	376.73031366685	0
10.008	0.60813165536376	0.51503111184204	376.73031366685	0
10.016	0.61324963381862	0.50860255316356	376.73031366685	0
10.024	0.61828699725436	0.50213432325906	376.73031366685	0
10.032	0.62324372380364	0.49562727974696	376.73031366685	0
10.04	0.62811979643116	0.48908227229389	376.73031366685	0
10.048	0.63291520273972	0.48250014267121	376.73031366685	0
10.056	0.63762993477568	0.47588172481999	376.73031366685	0
10.064	0.64226398883522	0.46922784492367	376.73031366685	0
10.072	0.64681736527224	0.46253932148746	376.73031366685	0
10.08	0.65129006830875	0.45581696542382	376.73031366685	0
10.088	0.65568210584828	0.44906158014328	376.73031366685	0
10.096	0.65999348929262	0.44227396164996	376.73031366685	0
10.104	0.66422423336228	0.43545489864142	376.73031366685	0
10.112	0.66837435592072	0.42860517261217	376.73031366685	0
10.12	0.67244387780269	0.42172555796062	376.73031366685	0
10.128	0.67643282264647	0.41481682209889	376.73031366685	0
10.136	0.68034121673036	0.40787972556547	376.73031366685	0
10.144	0.68416908881313	0.40091502214012	376.73031366685	0
10.152	0.68791646997874	0.39392345896108	376.73031366685	0
10.16	0.69158339348493	0.38690577664409	376.73031366685	0
10.168	0.69516989461606	0.37986270940329	376.73031366685	0
10.176	0.69867601053976	0.37279498517366	376.73031366685	0
10.184	0.70210178016762	0.36570332573491	376.73031366685	0
10.192	0.70544724401976	0.35858844683674	376.73031366685	0
10.2	0.70871244409319	0.35145105832524	376.73031366685	0
10.208	0.71189742373394	0.34429186427046	376.73031366685	0
10.216	0.71500222751294	0.33711156309495	376.73031366685	0
10.224	0.7180269011055	0.32991084770323	376.73031366685	0
10.232	0.7209714911744	0.32269040561216	376.73031366685	0
10.24	0.72383604525647	0.31545091908204	376.73031366685	0
10.248	0.72662061165268	0.3081930652485	376.73031366685	0
10.256	0.72932523932162	0.30091751625501	376.73031366685	0
10.264	0.73194997777632	0.29362493938609	376.73031366685	0
10.272	0.73449487698437	0.28631599720102	376.73031366685	0
10.28	0.73695998727128	0.27899134766818	376.73031366685	0
10.288	0.73934535922705	0.27165164429986	376.73031366685	0
10.296	0.74165104361586	0.26429753628757	376.73031366685	0
10.304	0.74387709128882	0.25692966863778	376.73031366685	0
10.312	0.74602355309983	0.24954868230815	376.73031366685	0
10.32	0.74809047982437	0.24215521434408	376.73031366685	0
10.328	0.75007792208129	0.23474989801578	376.73031366685	0
10.336	0.75198593025746	0.22733336295556	376.73031366685	0
10.344	0.75381455443536	0.21990623529562	376.73031366685	0
10.352	0.75556384432339	0.21246913780613	376.73031366685	0
10.36	0.75723384918911	0.20502269003364	376.73031366685	0
10.368	0.7588246177951	0.19756750843983	376.73031366685	0
10.376	0.76033619833764	0.19010420654062	376.73031366685	0
10.384	0.76176863838803	0.1826333950456	376.73031366685	0
10.392	0.7631219848366	0.17515568199771	376.73031366685	0
10.4	0.76439628383932	0.16767167291332	376.73031366685	0
10.408	0.76559158076701	0.16018197092261	376.73031366685	0
10.416	0.76670792015719	0.15268717691026	376.73031366685	0
10.424	0.76774534566843	0.14518788965646	376.73031366685	0
10.432	0.76870390003721	0.13768470597826	376.73031366685	0
10.44	0.76958362503736	0.13017822087127	376.73031366685	0
10.448	0.77038456144196	0.12266902765166	376.73031366685	0
10.456	0.77110674898771	0.11515771809856	376.73031366685	0
10.464	0.77175022634178	0.10764488259675	376.73031366685	0
10.472	0.77231503107112	0.1001311102798	376.73031366685	0
10.48	0.77280119961417	0.092616989173528	376.73031366685	0
10.488	0.77320876725506	0.08510310633984	376.73031366685	0
10.496	0.77353776810015	0.077590048021006	376.73031366685	0
10.504	0.7737882350571	0.070078399784336	376.73031366685	0
10.512	0.77396019981626	0.062568746667262	376.73031366685	0
10.52	0.77405369283451	0.055061673322879	376.73031366685	0
10.528	0.77406874332151	0.047557764165926	376.73031366685	0
10.536	0.77400537922838	0.040057603519249	376.73031366685	0
10.544	0.77386362723877	0.032561775760734	376.73031366685	0
10.552	0.77364351276235	0.02507086547073	376.73031366685	0
10.56	0.77334505993083	0.017585457580019	376.73031366685	0
10.568	0.77296829159625	0.010106137518286	376.73031366685	0
10.576	0.77251322933189	0.0026334913631493	376.73031366685	0
10.584	0.77197989343557	-0.0048318940102472	376.73031366685	0
10.592	0.77136830293544	-0.012289430779057	376.73031366685	0
10.6	0.77067847559831	-0.019738530021957	376.73031366685	0
10.608	0.76991042794043	-0.027178601567747	376.73031366685	0
10.616	0.76906417524093	-0.034609053843344	376.73031366685	0
10.624	0.76813973155773	-0.042029293721087	376.73031366685	0
10.632	0.76713710974611	-0.049438726365402	376.73031366685	0
10.64	0.76605632147989	-0.05683675507876	376.73031366685	0
10.648	0.76489737727524	-0.06422278114694	376.73031366685	0
10.656	0.76366028651726	-0.07159620368359	376.73031366685	0
10.664	0.76234505748923	-0.078956419474009	376.73031366685	0
10.672	0.76095169740463	-0.086302822818211	376.73031366685	0
10.68	0.75948021244201	-0.093634805373201	376.73031366685	0
10.688	0.75793060778267	-0.10095175599448	376.73031366685	0
10.696	0.75630288765127	-0.10825306057672	376.73031366685	0
10.704	0.75459705535938	-0.11553810189368	376.73031366685	0
10.712	0.75281311335201	-0.12280625943719	376.73031366685	0
10.72	0.75095106325724	-0.13005690925545	376.73031366685	0
10.728	0.74901090593889	-0.13728942379028	376.73031366685	0
10.736	0.74699264155244	-0.1445031717137	376.73031366685	0
10.744	0.7448962696041	-0.15169751776344	376.73031366685	0
10.752	0.74272178901323	-0.15887182257774	376.73031366685	0
10.76	0.74046919817809	-0.16602544252913	376.73031366685	0
10.768	0.73813849504503	-0.17315772955733	376.73031366685	0
10.776	0.73572967718122	-0.18026803100129	376.73031366685	0
10.784	0.73324274185087	-0.18735568943028	376.73031366685	0
10.792	0.7306776860952	-0.194420042474	376.73031366685	0
10.8	0.72803450681612	-0.20146042265189	376.73031366685	0
10.808	0.72531320086369	-0.20847615720142	376.73031366685	0
10.816	0.72251376512759	-0.21546656790551	376.73031366685	0
10.824	0.71963619663246	-0.22243097091896	376.73031366685	0
10.832	0.71668049263749	-0.2293686765941	376.73031366685	0
10.84	0.7136466507401	-0.23627898930536	376.73031366685	0
10.848	0.71053466898391	-0.24316120727309	376.73031366685	0
10.856	0.70734454597121	-0.25001462238642	376.73031366685	0
10.864	0.70407628097983	-0.25683852002524	376.73031366685	0
10.872	0.70072987408469	-0.26363217888137	376.73031366685	0
10.88	0.69730532628408	-0.27039487077884	376.73031366685	0
10.888	0.69380263963073	-0.27712586049339	376.73031366685	0
10.896	0.69022181736799	-0.28382440557119	376.73031366685	0
10.904	0.68656286407091	-0.29048975614671	376.73031366685	0
10.912	0.68282578579274	-0.29712115476002	376.73031366685	0
10.92	0.67901059021666	-0.3037178361732	376.73031366685	0
10.928	0.67511728681305	-0.31027902718625	376.73031366685	0
10.936	0.6711458870024	-0.31680394645232	376.73031366685	0
10.944	0.667096404324	-0.32329180429235	376.73031366685	0
10.952	0.6629688546105	-0.32974180250925	376.73031366685	0
10.96	0.65876325616861	-0.33615313420157	376.73031366685	0
10.968	0.654479629966	-0.34252498357679	376.73031366685	0
10.976	0.65011799982462	-0.34885652576429	376.73031366685	0
10.984	0.64567839262047	-0.35514692662802	376.73031366685	0
10.992	0.64116083849024	-0.36139534257901	376.73031366685	0
11	0.63656537104468	-0.36760092038774	376.73031366685	0
11.008	0.63189202758916	-0.37376279699655	376.73031366685	0
11.016	0.62714084935137	-0.37988009933206	376.73031366685	0
11.024	0.6223118817165	-0.38595194411778	376.73031366685	0
11.032	0.61740517446998	-0.39197743768704	376.73031366685	0
11.04	0.61242078204806	-0.39795567579628	376.73031366685	0
11.048	0.6073587637963	-0.40388574343886	376.73031366685	0
11.056	0.60221918423633	-0.40976671465952	376.73031366685	0
11.064	0.59700211334095	-0.41559765236965	376.73031366685	0
11.072	0.59170762681774	-0.42137760816347	376.73031366685	0
11.08	0.58633580640161	-0.42710562213529	376.73031366685	0
11.088	0.58088674015623	-0.43278072269802	376.73031366685	0
11.096	0.57536052278471	-0.43840192640313	376.73031366685	0
11.104	0.56975725594969	-0.44396823776221	376.73031366685	0
11.112	0.56407704860314	-0.44947864907031	376.73031366685	0
11.12	0.55832001732595	-0.45493214023131	376.73031366685	0
11.128	0.55248628667766	-0.46032767858549	376.73031366685	0
11.136	0.54657598955649	-0.46566421873959	376.73031366685	0
11.144	0.54058926756995	-0.47094070239953	376.73031366685	0
11.152	0.53452627141619	-0.47615605820607	376.73031366685	0
11.16	0.52838716127639	-0.48130920157369	376.73031366685	0
11.168	0.52217210721841	-0.48639903453296	376.73031366685	0
11.176	0.51588128961188	-0.49142444557671	376.73031366685	0
11.184	0.50951489955507	-0.49638430951019	376.73031366685	0
11.192	0.50307313931369	-0.50127748730579	376.73031366685	0
11.2	0.49655622277187	-0.50610282596242	376.73031366685	0
11.208	0.48996437589558	-0.51085915836994	376.73031366685	0
11.216	0.48329783720879	-0.51554530317922	376.73031366685	0
11.224	0.47655685828242	-0.52016006467789	376.73031366685	0
11.232	0.46974170423652	-0.52470223267248	376.73031366685	0
11.24	0.46285265425577	-0.5291705823772	376.73031366685	0
11.248	0.45589000211866	-0.53356387430985	376.73031366685	0
11.256	0.44885405674039	-0.53788085419537	376.73031366685	0
11.264	0.4417451427299	-0.54212025287741	376.73031366685	0
11.272	0.43456360096117	-0.54628078623854	376.73031366685	0
11.28	0.42730978915892	-0.55036115512955	376.73031366685	0
11.288	0.41998408249914	-0.55436004530839	376.73031366685	0
11.296	0.41258687422436	-0.55827612738939	376.73031366685	0
11.304	0.40511857627409	-0.56210805680322	376.73031366685	0
11.312	0.39757961993051	-0.56585447376838	376.73031366685	0
11.32	0.38997045647959	-0.56951400327467	376.73031366685	0
11.328	0.38229155788777	-0.57308525507953	376.73031366685	0
11.336	0.37454341749447	-0.57656682371766	376.73031366685	0
11.344	0.36672655072042	-0.57995728852496	376.73031366685	0
11.352	0.35884149579203	-0.58325521367722	376.73031366685	0
11.36	0.35088881448188	-0.5864591482446	376.73031366685	0
11.368	0.3428690928654	-0.58956762626251	376.73031366685	0
11.376	0.33478294209387	-0.59257916681981	376.73031366685	0
11.384	0.32663099918371	-0.59549227416515	376.73031366685	0
11.392	0.31841392782217	-0.59830543783238	376.73031366685	0
11.4	0.3101324191894	-0.6010171327859	376.73031366685	0
11.408	0.30178719279684	-0.60362581958687	376.73031366685	0
11.416	0.29337899734196	-0.60612994458138	376.73031366685	0
11.424	0.28490861157923	-0.60852794011141	376.73031366685	0
11.432	0.2763768452072	-0.61081822474974	376.73031366685	0
11.44	0.26778453977169	-0.61299920355986	376.73031366685	0
11.448	0.25913256958465	-0.61506926838193	376.73031366685	0
11.456	0.2504218426588	-0.61702679814592	376.73031366685	0
11.464	0.24165330165754	-0.61887015921321	376.73031366685	0
11.472	0.23282792486002	-0.62059770574759	376.73031366685	0
11.48	0.22394672714095	-0.62220778011717	376.73031366685	0
11.488	0.21501076096471	-0.62369871332822	376.73031366685	0
11.496	0.20602111739357	-0.62506882549234	376.73031366685	0
11.504	0.19697892710918	-0.62631642632819	376.73031366685	0
11.512	0.18788536144714	-0.62743981569923	376.73031366685	0
11.52	0.1787416334438	-0.62843728418864	376.73031366685	0
11.528	0.16954899889476	-0.62930711371303	376.73031366685	0
11.536	0.16030875742434	-0.63004757817615	376.73031366685	0
11.544	0.15102225356512	-0.63065694416417	376.73031366685	0
11.552	0.14169087784688	-0.63113347168394	376.73031366685	0
11.56	0.13231606789378	-0.63147541494563	376.73031366685	0
11.568	0.12289930952898	-0.63168102319142	376.73031366685	0
11.576	0.11344213788539	-0.63174854157156	376.73031366685	0
11.584	0.10394613852156	-0.6316762120694	376.73031366685	0
11.592	0.094412948541329	-0.63146227447696	376.73031366685	0
11.6	0.084844257715864	-0.63110496742254	376.73031366685	0
11.608	0.075241809606698	-0.63060252945187	376.73031366685	0
11.616	0.065607402688139	-0.62995320016438	376.73031366685	0
11.624	0.055942891467437	-0.62915522140621	376.73031366685	0
11.632	0.046250187600912	-0.6282068385213	376.73031366685	0
11.64	0.036531261004158	-0.62710630166232	376.73031366685	0
11.648	0.026788140954354	-0.6258518671627	376.73031366685	0
11.656	0.017022917182545	-0.62444179897143	376.73031366685	0
11.664	0.0072377409536733	-0.62287437015201	376.73031366685	0
11.672	-0.0025651738680002	-0.62114786444693	376.73031366685	0
11.68	-0.012383549770565	-0.61926057790918	376.73031366685	0
11.688	-0.022215044565874	-0.61721082060197	376.73031366685	0
11.696	-0.032057250383363	-0.61499691836809	376.73031366685	0
11.704	-0.041907692689266	-0.61261721467003	376.73031366685	0
11.712	-0.051763829334157	-0.61007007250209	376.73031366685	0
11.72	-0.061623049632073	-0.60735387637543	376.73031366685	0
11.728	-0.071482673474422	-0.60446703437723	376.73031366685	0
11.736	-0.081339950482204	-0.60140798030474	376.73031366685	0
11.744	-0.091192059200106	-0.59817517587496	376.73031366685	0
11.752	-0.10103610633622	-0.59476711301079	376.73031366685	0
11.76	-0.11086912605125	-0.59118231620408	376.73031366685	0
11.768	-0.12068807930125	-0.58741934495599	376.73031366685	0
11.776	-0.13048985323804	-0.583476796295	376.73031366685	0
11.784	-0.14027126067172	-0.57935330737265	376.73031366685	0
11.792	-0.15002903959951	-0.57504755813687	376.73031366685	0
11.8	-0.1597598528058	-0.57055827408284	376.73031366685	0
11.808	-0.16946028753786	-0.56588422908069	376.73031366685	0
11.816	-0.17912685526226	-0.56102424827963	376.73031366685	0
11.824	-0.18875599150689	-0.55597721108743	376.73031366685	0
11.832	-0.19834405579367	-0.55074205422432	376.73031366685	0
11.84	-0.20788733166716	-0.54531777484979	376.73031366685	0
11.848	-0.21738202682446	-0.53970343376079	376.73031366685	0
11.856	-0.22682427335166	-0.53389815865929	376.73031366685	0
11.864	-0.23621012807236	-0.52790114748722	376.73031366685	0
11.872	-0.24553557301396	-0.52171167182598	376.73031366685	0
11.88	-0.2547965159971	-0.51532908035802	376.73031366685	0
11.888	-0.26398879135404	-0.50875280238705	376.73031366685	0
11.896	-0.27310816078166	-0.50198235141364	376.73031366685	0
11.904	-0.28215031433474	-0.49501732876207	376.73031366685	0
11.912	-0.29111087156516	-0.48785742725441	376.73031366685	0
11.92	-0.29998538281283	-0.48050243492713	376.73031366685	0
11.928	-0.30876933065378	-0.47295223878514	376.73031366685	0
11.936	-0.31745813151107	-0.46520682858796	376.73031366685	0
11.944	-0.32604713743403	-0.45726630066212	376.73031366685	0
11.952	-0.3345316380509	-0.44913086173344	376.73031366685	0
11.96	-0.34290686270045	-0.44080083277268	376.73031366685	0
11.968	-0.35116798274721	-0.43227665284711	376.73031366685	0
11.976	-0.35931011408547	-0.42355888297081	376.73031366685	0
11.984	-0.3673283198363	-0.41464820994521	376.73031366685	0
11.992	-0.37521761324226	-0.40554545018182	376.73031366685	0
12	-0.3829729607635	-0.39625155349787	376.73031366685	0
12.008	-0.39058928537918	-0.38676760687571	376.73031366685	0
12.016	-0.39806147009738	-0.37709483817597	376.73031366685	0
12.024	-0.40538436167657	-0.36723461979444	376.73031366685	0
12.032	-0.41255277456091	-0.35718847225176	376.73031366685	0
12.04	-0.4195614950317	-0.34695806770498	376.73031366685	0
12.048	-0.42640528557606	-0.33654523336953	376.73031366685	0
12.056	-0.43307888947425	-0.32595195483955	376.73031366685	0
12.064	-0.43957703560553	-0.3151803792946	376.73031366685	0
12.072	-0.44589444347264	-0.30423281858005	376.73031366685	0
12.08	-0.45202582844369	-0.2931117521483	376.73031366685	0
12.088	-0.45796590720996	-0.28181982984779	376.73031366685	0
12.096	-0.46370940345722	-0.27035987454635	376.73031366685	0
12.104	-0.46925105374725	-0.25873488457531	376.73031366685	0
12.112	-0.47458561360583	-0.24694803598078	376.73031366685	0
12.12	-0.47970786381213	-0.23500268456806	376.73031366685	0
12.128	-0.48461261688403	-0.22290236772544	376.73031366685	0
12.136	-0.48929472375266	-0.21065080601337	376.73031366685	0
12.144	-0.49374908061873	-0.19825190450514	376.73031366685	0
12.152	-0.49797063598216	-0.18570975386535	376.73031366685	0
12.16	-0.50195439783564	-0.17302863115244	376.73031366685	0
12.168	-0.50569544101179	-0.16021300033197	376.73031366685	0
12.176	-0.50918891467246	-0.14726751248756	376.73031366685	0
12.184	-0.51243004992795	-0.13419700571662	376.73031366685	0
12.192	-0.51541416757273	-0.12100650469882	376.73031366685	0
12.2	-0.51813668592342	-0.10770121992517	376.73031366685	0
12.208	-0.52059312874369	-0.09428654657679	376.73031366685	0
12.216	-0.52277913323989	-0.080768063042716	376.73031366685	0
12.224	-0.52469045811023	-0.067151529066869	376.73031366685	0
12.232	-0.52632299162941	-0.053442883515244	376.73031366685	0
12.24	-0.52767275974976	-0.039648241755268	376.73031366685	0
12.248	-0.52873593419919	-0.025773892640097	376.73031366685	0
12.256	-0.52950884055526	-0.011826295091803	376.73031366685	0
12.264	-0.52998796627417	0.0021879257215292	376.73031366685	0
12.272	-0.53016996865277	0.016261982618549	376.73031366685	0
12.28	-0.53005168270089	0.030388931049831	376.73031366685	0
12.288	-0.52963012890107	0.044561674156651	376.73031366685	0
12.296	-0.52890252083207	0.058772968243245	376.73031366685	0
12.304	-0.52786627263238	0.073015428660885	376.73031366685	0
12.312	-0.52651900627948	0.087281536100732	376.73031366685	0
12.32	-0.52485855866061	0.10156364329084	376.73031366685	0
12.328	-0.52288298841071	0.11585398209118	376.73031366685	0
12.336	-0.52059058249315	0.13014467097882	376.73031366685	0
12.344	-0.51797986249908	0.14442772291399	376.73031366685	0
12.352	-0.51504959064152	0.15869505357605	376.73031366685	0
12.36	-0.5117987754207	0.17293848995656	376.73031366685	0
12.368	-0.50822667693757	0.18714977929549	376.73031366685	0
12.376	-0.50433281183324	0.20132059834438	376.73031366685	0
12.384	-0.50011695783247	0.21544256293936	376.73031366685	0
12.392	-0.49557915787085	0.22950723786473	376.73031366685	0
12.4	-0.49071972378545	0.24350614698677	376.73031366685	0
12.408	-0.48553923955067	0.25743078363594	376.73031366685	0
12.416	-0.48003856404165	0.27127262121377	376.73031366685	0
12.424	-0.47421883330922	0.28502312400032	376.73031366685	0
12.432	-0.4680814623517	0.29867375813584	376.73031366685	0
12.44	-0.46162814637054	0.31221600275	376.73031366685	0
12.448	-0.45486086149814	0.32564136121044	376.73031366685	0
12.456	-0.4477818649884	0.33894137246182	376.73031366685	0
12.464	-0.44039369486174	0.35210762242551	376.73031366685	0
12.472	-0.43269916899872	0.36513175542955	376.73031366685	0
12.48	-0.42470138367809	0.37800548563792	376.73031366685	0
12.488	-0.41640371155706	0.39072060844767	376.73031366685	0
12.496	-0.40780979909369	0.40326901182224	376.73031366685	0
12.504	-0.39892356341328	0.41564268752938	376.73031366685	0
12.512	-0.38974918862282	0.42783374225165	376.73031366685	0
12.52	-0.38029112157935	0.43983440853821	376.73031366685	0
12.528	-0.37055406712056	0.45163705556642	376.73031366685	0
12.536	-0.3605429827676	0.46323419968271	376.73031366685	0
12.544	-0.35026307291225	0.47461851469249	376.73031366685	0
12.552	-0.33971978250261	0.48578284186972	376.73031366685	0
12.56	-0.32891879024328	0.49672019965781	376.73031366685	0
12.568	-0.31786600132779	0.50742379303444	376.73031366685	0
12.576	-0.30656753972299	0.51788702251411	376.73031366685	0
12.584	-0.29502974002652	0.52810349276351	376.73031366685	0
12.592	-0.28325913892025	0.53806702080644	376.73031366685	0
12.6	-0.27126246624388	0.54777164379617	376.73031366685	0
12.608	-0.25904663571441	0.55721162633521	376.73031366685	0
12.616	-0.24661873531814	0.56638146732375	376.73031366685	0
12.624	-0.23398601740322	0.57527590632033	376.73031366685	0
12.632	-0.22115588850147	0.58388992939968	376.73031366685	0
12.64	-0.2081358989092	0.59221877449496	376.73031366685	0
12.648	-0.19493373205723	0.60025793621352	376.73031366685	0
12.656	-0.18155719370093	0.6080031701172	376.73031366685	0
12.664	-0.16801420096146	0.6154504964604	376.73031366685	0
12.672	-0.15431277124951	0.62259620338113	376.73031366685	0
12.68	-0.1404610111029	0.6294368495421	376.73031366685	0
12.688	-0.1264671049696	0.63596926622137	376.73031366685	0
12.696	-0.11233930396692	0.64219055885365	376.73031366685	0
12.704	-0.098085914647905	0.64809810802543	376.73031366685	0
12.712	-0.083715287804888	0.65368956992929	376.73031366685	0
12.72	-0.06923580733996	0.65896287628413	376.73031366685	0
12.728	-0.054655879231092	0.66391623373026	376.73031366685	0
12.736	-0.039983920621834	0.66854812270976	376.73031366685	0
12.744	-0.025228349061521	0.67285729584428	376.73031366685	0
12.752	-0.010397571921901	0.67684277582388	376.73031366685	0
12.76	0.0045000239851689	0.68050385282193	376.73031366685	0
12.768	0.019456082565574	0.68384008145269	376.73031366685	0
12.776	0.034462288354184	0.68685127728893	376.73031366685	0
12.784	0.04951037615893	0.68953751295857	376.73031366685	0
12.792	0.064592140418289	0.69189911383996	376.73031366685	0
12.8	0.07969944425467	0.69393665337639	376.73031366685	0
12.808	0.094824228207333	0.6956509480314	376.73031366685	0
12.816	0.10995851863026	0.6970430519067	376.73031366685	0
12.824	0.12509443574196	0.69811425104536	376.73031366685	0
12.832	0.14022420131546	0.69886605744325	376.73031366685	0
12.84	0.15534014599899	0.69930020279199	376.73031366685	0
12.848	0.17043471625855	0.69941863197673	376.73031366685	0
12.856	0.18550048093579	0.69922349635252	376.73031366685	0
12.864	0.20053013741591	0.69871714682248	376.73031366685	0
12.872	0.21551651740157	0.69790212674138	376.73031366685	0
12.88	0.2304525922907	0.69678116466761	376.73031366685	0
12.888	0.24533147815694	0.69535716698649	376.73031366685	0
12.896	0.26014644033329	0.69363321042712	376.73031366685	0
12.904	0.27489089760051	0.69161253449516	376.73031366685	0
12.912	0.2895584259832	0.68929853384245	376.73031366685	0
12.92	0.30414276215749	0.68669475059457	376.73031366685	0
12.928	0.3186378064757	0.68380486665644	376.73031366685	0
12.936	0.33303762561379	0.68063269601522	376.73031366685	0
12.944	0.34733645484906	0.6771821770593	376.73031366685	0
12.952	0.36152869997582	0.67345736493105	376.73031366685	0
12.96	0.37560893886812	0.66946242393039	376.73031366685	0
12.968	0.38957192269863	0.66520161998526	376.73031366685	0
12.976	0.40341257682454	0.66067931320402	376.73031366685	0
12.984	0.41712600135051	0.65589995052432	376.73031366685	0
12.992	0.43070747138052	0.65086805847165	376.73031366685	0
13	0.44415243697026	0.6455882360398	376.73031366685	0
13.008	0.45745652279205	0.64006514770511	376.73031366685	0
13.016	0.47061552752476	0.63430351658471	376.73031366685	0
13.024	0.48362542298151	0.62830811774855	376.73031366685	0
13.032	0.49648235298823	0.62208377169379	376.73031366685	0
13.04	0.5091826320253	0.61563533798962	376.73031366685	0
13.048	0.52172274364645	0.6089677090992	376.73031366685	0
13.056	0.53409933868706	0.60208580438488	376.73031366685	0
13.064	0.54630923327541	0.59499456430208	376.73031366685	0
13.072	0.55834940665977	0.58769894478598	376.73031366685	0
13.08	0.57021699886415	0.58020391183517	376.73031366685	0
13.088	0.58190930818518	0.57251443629466	376.73031366685	0
13.096	0.59342378854323	0.56463548884086	376.73031366685	0
13.104	0.60475804669927	0.55657203516985	376.73031366685	0
13.112	0.61590983934998	0.54832903139004	376.73031366685	0
13.12	0.62687707011255	0.53991141961911	376.73031366685	0
13.128	0.63765778641083	0.53132412378559	376.73031366685	0
13.136	0.64825017627347	0.52257204563341	376.73031366685	0
13.144	0.65865256505518	0.51366006092896	376.73031366685	0
13.152	0.66886341209107	0.50459301586806	376.73031366685	0
13.16	0.67888130729435	0.49537572368124	376.73031366685	0
13.168	0.68870496770654	0.48601296143429	376.73031366685	0
13.176	0.69833323400981	0.47650946702107	376.73031366685	0
13.184	0.70776506700969	0.46686993634579	376.73031366685	0
13.192	0.71699954409699	0.45709902069015	376.73031366685	0
13.2	0.72603585569628	0.44720132426244	376.73031366685	0
13.208	0.73487330170905	0.4371814019238	376.73031366685	0
13.216	0.74351128795812	0.42704375708744	376.73031366685	0
13.224	0.75194932264023	0.41679283978646	376.73031366685	0
13.232	0.76018701279315	0.4064330449053	376.73031366685	0
13.24	0.76822406078301	0.39596871057021	376.73031366685	0
13.248	0.77606026081755	0.38540411669375	376.73031366685	0
13.256	0.78369549549015	0.37474348366806	376.73031366685	0
13.264	0.79112973235977	0.36399097120234	376.73031366685	0
13.272	0.79836302057069	0.35315067729881	376.73031366685	0
13.28	0.80539548751661	0.3422266373625	376.73031366685	0
13.288	0.81222733555234	0.33122282343938	376.73031366685	0
13.296	0.81885883875681	0.32014314357786	376.73031366685	0
13.304	0.82529033975013	0.30899144130845	376.73031366685	0
13.312	0.83152224656776	0.29777149523656	376.73031366685	0
13.32	0.83755502959394	0.28648701874333	376.73031366685	0
13.328	0.84338921855689	0.27514165978967	376.73031366685	0
13.336	0.8490253995873	0.26373900081822	376.73031366685	0
13.344	0.85446421234205	0.2522825587491	376.73031366685	0
13.352	0.85970634719455	0.24077578506395	376.73031366685	0
13.36	0.86475254249277	0.22922206597415	376.73031366685	0
13.368	0.86960358188595	0.21762472266858	376.73031366685	0
13.376	0.87426029172089	0.20598701163631	376.73031366685	0
13.384	0.87872353850829	0.1943121250602	376.73031366685	0
13.392	0.88299422645944	0.182603191277	376.73031366685	0
13.4	0.88707329509383	0.17086327530005	376.73031366685	0
13.408	0.89096171691731	0.1590953794005	376.73031366685	0
13.416	0.89466049517109	0.14730244374338	376.73031366685	0
13.424	0.8981706616512	0.13548734707468	376.73031366685	0
13.432	0.90149327459812	0.12365290745604	376.73031366685	0
13.44	0.90462941665615	0.11180188304358	376.73031366685	0
13.448	0.90758019290191	0.099936972907469	376.73031366685	0
13.456	0.91034672894147	0.088060817889179	376.73031366685	0
13.464	0.91293016907515	0.076176001493398	376.73031366685	0
13.472	0.91533167452945	0.064285050811609	376.73031366685	0
13.48	0.91755242175496	0.052390437474593	376.73031366685	0
13.488	0.91959360078953	0.040494578631178	376.73031366685	0
13.496	0.92145641368556	0.028599837950724	376.73031366685	0
13.504	0.92314207300039	0.016708526646879	376.73031366685	0
13.512	0.92465180034873	0.0048229045203355	376.73031366685	0
13.52	0.92598682501597	-0.0070548189816507	376.73031366685	0
13.528	0.92714838263123	-0.018922483690999	376.73031366685	0
13.536	0.92813771389892	-0.030777977631798	376.73031366685	0
13.544	0.92895606338764	-0.04261923592248	376.73031366685	0
13.552	0.92960467837527	-0.054444239668836	376.73031366685	0
13.56	0.93008480774876	-0.066251014849607	376.73031366685	0
13.568	0.93039770095777	-0.078037631196196	376.73031366685	0
13.576	0.93054460702053	-0.089802201068031	376.73031366685	0
13.584	0.93052677358092	-0.10154287832486	376.73031366685	0
13.592	0.93034544601547	-0.11325785719738	376.73031366685	0
13.6	0.93000186658905	-0.12494537115739	376.73031366685	0
13.608	0.92949727365792	-0.13660369178861	376.73031366685	0
13.616	0.9288329009191	-0.14823112765919	376.73031366685	0
13.624	0.92800997670479	-0.15982602319693	376.73031366685	0
13.632	0.92702972332064	-0.1713867575682	376.73031366685	0
13.64	0.92589335642665	-0.18291174356136	376.73031366685	0
13.648	0.9246020844598	-0.19439942647531	376.73031366685	0
13.656	0.92315710809694	-0.20584828301433	376.73031366685	0
13.664	0.92155961975721	-0.21725682018937	376.73031366685	0
13.672	0.91981080314255	-0.22862357422672	376.73031366685	0
13.68	0.91791183281567	-0.23994710948476	376.73031366685	0
13.688	0.91586387381405	-0.25122601737886	376.73031366685	0
13.696	0.91366808129927	-0.26245891531528	376.73031366685	0
13.704	0.91132560024065	-0.2736444456344	376.73031366685	0
13.712	0.90883756513215	-0.28478127456369	376.73031366685	0
13.72	0.9062050997418	-0.29586809118067	376.73031366685	0
13.728	0.90342931689256	-0.30690360638631	376.73031366685	0
13.736	0.90051131827418	-0.31788655188914	376.73031366685	0
13.744	0.89745219428473	-0.32881567920024	376.73031366685	0
13.752	0.89425302390136	-0.33968975863939	376.73031366685	0
13.76	0.89091487457965	-0.3505075783527	376.73031366685	0
13.768	0.88743880218028	-0.36126794334152	376.73031366685	0
13.776	0.88382585092311	-0.37196967450347	376.73031366685	0
13.784	0.88007705336727	-0.38261160768493	376.73031366685	0
13.792	0.87619343041723	-0.39319259274573	376.73031366685	0
13.8	0.87217599135384	-0.40371149263582	376.73031366685	0
13.808	0.86802573389015	-0.41416718248405	376.73031366685	0
13.816	0.86374364425095	-0.42455854869934	376.73031366685	0
13.824	0.85933069727622	-0.43488448808417	376.73031366685	0
13.832	0.85478785654739	-0.44514390696022	376.73031366685	0
13.84	0.85011607453631	-0.45533572030666	376.73031366685	0
13.848	0.8453162927765	-0.46545885091088	376.73031366685	0
13.856	0.84038944205607	-0.47551222853175	376.73031366685	0
13.864	0.83533644263226	-0.4854947890753	376.73031366685	0
13.872	0.83015820446701	-0.49540547378336	376.73031366685	0
13.88	0.8248556274833	-0.50524322843451	376.73031366685	0
13.888	0.81942960184226	-0.5150070025579	376.73031366685	0
13.896	0.81388100824026	-0.52469574865989	376.73031366685	0
13.904	0.80821071822619	-0.53430842146339	376.73031366685	0
13.912	0.80241959453862	-0.54384397716019	376.73031366685	0
13.92	0.79650849146254	-0.55330137267611	376.73031366685	0
13.928	0.79047825520549	-0.56267956494938	376.73031366685	0
13.936	0.78432972429328	-0.57197751022194	376.73031366685	0
13.944	0.77806372998459	-0.5811941633441	376.73031366685	0
13.952	0.771681096705	-0.59032847709252	376.73031366685	0
13.96	0.76518264249973	-0.59937940150161	376.73031366685	0
13.968	0.75856917950557	-0.60834588320863	376.73031366685	0
13.976	0.75184151444162	-0.61722686481246	376.73031366685	0
13.984	0.74500044911877	-0.62602128424642	376.73031366685	0
13.992	0.73804678096829	-0.6347280741652	376.73031366685	0
14	0.73098130358893	-0.64334616134611	376.73031366685	0
