-0.000129083828128322	1.33904059269871
0.912253184215598	0.714259110281572
2.53835937025561	-0.297858518249369
-1.28086494042789	0.296471015916446
1.20742564875081	2.51002043166496
0.528086239190121	0.712487213848065
1.55526010558673	1.49261109178221
1.90786229748712	-0.531474820232043
0.874661528913608	-1.04127476313168
1.90845390299279	0.326845853561799
2.04013864446352	0.566357381586104
0.467456459541083	0.652587105808315
1.75470883149459	0.521987009435469
2.37680782347768	-0.0922975141296801
1.30165152067693	2.84997541940812
1.9092546809115	2.35147677733248
1.17609905249793	-1.57837525757051
1.92431198661441	1.11839524353731
0.138560888745599	-1.26516800752505
2.4412560999594	-1.85101730912027
1.25118243135202	1.52325679866371
-0.422135733787435	0.472486691004607
0.586190799774167	2.04477583317163
0.64264410449205	-0.709487185843226
0.941914117328863	2.10500699994051
2.53063138552912	-0.775037994461474
1.00424693419617	0.953009371952464
1.59050432932981	2.48620076933305
0.815361818456253	3.27610915108925
2.04508444153123	-1.27496577213355
-0.87532985413101	-0.254676759248525
2.12177148898793	-0.965518522373033
1.72364420267179	-2.32859504392306
1.33196492405121	2.38098217399559
2.49576934239843	0.737002274668184
2.79866809958138	0.101431478486544
-0.986218425764589	-0.984375016933806
2.23623442416744	1.33293120343888
-0.134837275527648	0.876425905989033
2.04558081816395	1.99409378368649
2.88384030696029	-0.747434758438784
-1.96472797919632	-0.0445561851081581
0.84753070586246	1.89160840689079
-2.14348800424169	-0.0385304108540607
0.025599697521575	0.559708755652173
-0.0093487228941487	1.33107687746796
-0.132640236167401	-1.22170832185818
1.97760890509715	0.155345235018151
2.84224417866155	0.482947958528023
-0.870344984918385	-0.151534287745228
-0.287411401228728	0.185445590863874
2.23085228289191	-0.418884408763078
0.833379298186574	-0.580212069542788
2.0464198422178	1.65143533756896
1.20945745546337	2.22311620616241
1.20944323097909	-1.6614327789234
-1.17599324755457	-0.257362348653915
1.58549625811679	2.34412199142825
-0.781601414661002	0.538291674368754
-0.123053181575338	-1.37684511189787
1.98213973269783	0.129039510790032
0.818442871690817	-1.62380377429096
-0.658547292972823	-0.552655668973781
-0.7809625454165	0.643569084493954
-0.749129517629062	0.490101754127336
0.60748034360993	-0.118994933836122
0.91510038579337	2.12682822522021
2.20669014186528	-0.650686418967917
0.41547441149445	1.73018531992204
0.261073472374206	2.17721621559691
2.04346128142843	-1.87922294455088
2.77551191860989	0.7973550975632
-1.2927552676566	-0.484438006253415
1.01725332834438	3.1735813893721
1.51836081087686	1.03943560940311
0.403233271940443	-1.30280588767948
-1.36820096009482	0.307639969338077
0.368385697603026	1.91070746231469
-0.178829435343406	-0.525779872297985
1.32809467806158	-0.294748070359888
-1.13390179158863	0.044255357222893
-0.393605739130251	-0.469886843030173
2.87072068184275	0.140871961905466
2.34344750064865	-2.39248842526309
-1.48953958793213	-0.0874119881318052
0.296518530482957	1.78887106800153
0.595317126015187	2.15786484982856
-0.34164261069332	-0.381459512952761
2.0269911375204	-0.014538911989936
-0.96948522111434	0.57648280392153
1.05346950222512	-1.91356423931758
2.41365285104951	-1.55964092951359
1.51097190788326	-1.78449159597903
1.3323398021063	1.8704446442928
0.511394635285049	-1.64628453380895
2.4298523624659	-0.668267901335968
2.63143020429965	-1.82515594204502
-0.983455972528392	-0.974127012277179
2.7446956567566	0.00958699469953904
0.138941133882677	1.39705755675425
2.75420464983472	-1.19432968218718
2.25123551958488	0.507804091525816
2.64267672246899	-1.33287710103275
1.25431618118189	3.03843442573775
1.22649039593117	0.586597052965891
0.407273650476844	-0.674565775611983
1.18318317220673	0.0146398579765015
-0.211653022932021	-1.12709033567379
0.999070088966899	-2.02302976282509
1.02353800874405	2.91736126739218
2.44586516444985	-2.31378570008855
0.812599389664593	-1.23669503740875
1.63678888289503	1.31241390037832
0.600877123749429	-1.48209072041563
2.50330087589966	-0.819427303637313
1.90047408207391	1.49846026978112
0.463829657978785	0.49751867145669
0.353122430776161	0.850664644080126
2.65123353274781	-0.81923885959855
0.121300530815946	-1.39567273992928
0.529321037421043	-0.444407803183406
-0.363513742156677	-1.18516979570251
0.858665620881974	1.61728353332441
2.19316263508433	-1.41099218618101
0.179016972508045	-0.120332136282117
2.56746341560502	-0.327087368199502
0.792752764198945	1.71182552525979
-0.359038037481103	1.48911055893041
1.37408826620117	2.28067811655594
0.926362020446823	0.945180122324094
-0.766235259945112	0.972877388793418
1.73202127000118	1.70982414963067
1.10165179456925	-1.07239795667696
1.9614617983769	0.163738349411501
-0.930601357320483	-0.693166498003738
2.15541625979715	1.22398794421511
1.63033177941143	-0.0221369811041543
0.458947210951753	1.53433702054031
-1.0836649025194	0.198885601566439
1.29148219353596	2.92758882863335
0.517990709243972	-0.00407434144067921
1.71427859943992	0.447245947061466
0.67233128696509	2.14856831739452
0.503712881202175	1.0800706388523
1.59936188002847	-2.08548351745794
-0.830773361593151	0.98976284664977
0.414850083429941	-1.65254966851353
0.923213762801053	-1.69550554321433
0.749014539132467	-0.841362833530411
1.12035901481563	0.00641365625143428
0.495975372117607	-1.54376105211587
0.379636526240998	1.94195185047923
2.73014130691619	0.442681842372371
2.17585811890729	0.499996029340705
1.7916536436698	-1.64008116228496
-0.591880392467893	-0.234679260959162
1.3455544910896	-0.431864420611605
-1.45118137480251	-0.947425031718188
2.56585994846027	-1.3565024547964
0.259044989387553	2.49261853551279
-0.587488762243312	0.990537657536174
-1.49405050302352	0.0853512590775259
2.54066456321909	1.26650568006857
2.25603825613478	-0.759963065879496
1.54850703572546	-0.975194137026785
1.15273149150775	0.27772184344557
1.60539340355175	0.103170652066768
1.59449492453979	1.1828401735221
0.0273344673933726	-0.110937696245141
1.93226687624173	-0.981715434476578
0.28391944875563	2.01284446151543
1.95010427886268	-0.804857675660347
2.27897407118519	-0.355686171217515
0.108266239005361	0.714837228655256
1.73887787585483	0.395790085476233
0.650484602766735	-0.207025501145391
2.29932340384323	0.468378188437117
0.562620108152544	-1.14345826365065
2.16827795246756	-1.2993006457458
2.0983314137778	1.38094004038324
-2.90176104807548	-0.588379533096006
-2.19064742893367	-0.220809259688637
-1.90680023891599	-0.362605863721319
1.24561481785505	-0.562212064132676
0.981725724342076	-0.404842277806152
-1.08694339063368	-0.00407588100159512
-1.54966168793218	-0.465318770164112
0.782808491819384	1.72876609027823
0.951846623096804	-0.387651997283607
1.05886597896223	-1.58983404945612
2.0792419688482	-0.019776297695947
-0.474311835414307	1.18988101652253
0.323270722637112	2.30967266144293
0.767455209922929	1.83978412052577
2.05579802540157	-2.2662124267384
1.51895748685506	2.2233852606464
0.607067261964076	1.5055614604031
1.33409639467916	2.02388169703744
0.0506735478425584	0.458754847822852
0.996811722262664	2.21426547686263
0.967098678351743	0.800097909118267
0.597941501141022	-1.75924578276075
0.786862916838462	2.33793050759076
1.77918075665336	0.628353984427478
0.399265766827101	2.5394223012094
0.97614044620076	-0.435252224088756
2.47008903170959	0.246163636173248
1.50368199989555	0.612931302809907
-1.61981158373941	-0.703267812740997
-0.308492036049525	-0.258597415156345
0.552956627291444	-1.68012500497109
1.19489165825241	-2.1263097815573
2.3672436423412	-2.81759316072519
0.0842988818299719	1.43675373024034
-1.30474487820892	0.552948272943
2.03588456514822	2.10735654509965
2.42162524437271	1.51562883951869
1.82947303338549	2.47883560735573
0.478724882143285	1.64163222518907
-2.33784905441664	-0.357439726654513
0.207708356846069	1.61628930338203
0.74382370444136	-0.268877856045636
-0.110556350275975	-0.608408603798051
-0.0979226828240331	-1.37205220020424
0.969288762021329	1.45107411240239
0.092919112368493	1.60802409389358
1.85889828809577	0.935158363313451
1.44817060669663	-1.35297740016507
1.03588917223043	-1.29202667476584
1.34121234350573	-0.743532003978595
1.72707577122304	-1.50642464471648
0.54332066372754	1.19386192643736
-0.912505790098789	0.698076270025977
2.32699979653527	-0.0992571764869173
1.79710410165698	1.90277947211415
2.3018033806943	-0.617037516695764
-1.70068711488416	-0.323463112449751
1.81822881382185	1.63715732884453
1.636531489827	-1.31553682948
1.61239509213313	-0.00759733780359047
-2.20743476682927	-0.528193424312002
0.720149066358346	1.3493928195539
2.05283494855253	-0.341533223239897
-0.741998367340392	-1.06238911699376
1.07564473636273	-1.65383214430833
0.221701334867344	2.32195293455857
-0.753762765978671	0.0910686416051423
1.50842518046494	0.194679779200956
0.241727607393403	1.15844520902128
2.21446996820764	-0.727785590979124
2.48946862816153	1.24624336705077
0.16184952244221	0.244414889445217
0.424682923247133	-1.20216884711023
-0.0988769315936614	-0.649098839028271
2.05143065829277	-0.0771959650945464
1.03755675119383	0.55104222684214
1.31136149221409	3.26527781074412
1.2511106801124	-0.158213574837074
0.635786249984207	0.43785663849767
-0.627837799664437	-0.605013558467769
0.870301240130687	-1.58638667041966
-1.07205115086103	-0.223011847851505
0.51808767072649	1.0430913205153
0.0071805028017241	-0.208990549206953
-0.372290458318815	1.38166653404687
-1.85960737933185	0.027601894936125
-1.86889038817889	-0.193597894646887
1.32565134713219	-2.06486920006149
0.561069206125624	0.503634951687766
1.6745568039114	2.25135465784453
2.57766648983614	-1.0570099182646
2.47812487733252	-0.434699526861827
0.0939779143241195	0.516137998640041
-1.65354576412502	-0.591052322487108
0.918474454825459	0.944831767488991
1.82937155327968	-1.17999467019793
1.63298272717496	0.59995393641173
2.66599051961331	-1.9587785284774
0.774652117402644	2.16607085505991
-2.30567924867468	-0.516768638397427
2.25780407029336	0.750056613838661
0.612961870599253	2.35338430928172
0.928321888352444	-1.90591503630701
1.66213031393045	2.82537899915318
2.04155273570531	-2.26665595555405
-0.557700506710433	1.00658246565326
1.34047976294284	0.548664862506915
-1.63559378209824	0.00564986607065727
1.80216653660954	-0.0528072625171892
-1.80460171678867	-0.204575806176119
0.675299734470756	0.401765156951596
-1.39023119539564	-0.469061931889282
1.40483236515272	0.183061294814508
-0.14528848979787	-0.564685280329922
0.029021221548473	0.0879795629303401
2.49850985855859	-1.86258108282226
2.05384636068328	0.678243694650577
1.21545508892253	-0.530619687353463
2.42276713330705	0.408534215712605
0.889933472030755	-0.588300823722009
0.957379084392573	-1.56226058163957
1.52386910053079	-1.06471812589816
0.539810001002199	-0.180510042285345
2.42604265092866	0.190290463435256
0.738401480015738	2.41982700804943
1.46419014853119	0.234608362962147
1.4315235455045	-1.4662384189977
1.6348902612451	-0.354338050326768
1.56265795048774	0.00609172081295096
2.54336543401054	0.984108822764278
2.49615540619028	-0.364448027928979
1.27876473567414	-1.51152752565225
2.12254099524056	1.29928792873184
1.13441608771253	-0.0964928377199347
-1.24595681119898	0.707242637891944
0.244904715635086	1.84761780015737
0.697576676206326	-0.25499851633169
-0.480196171971891	0.158589632838821
0.725387950291036	3.0069514313697
1.12192839267922	-0.3988998635827
2.02834845361279	-0.277063627873809
2.59982543259638	0.576677490061455
-0.214474623994006	1.39946416662564
1.44706172227936	1.47925097792223
0.109334678688124	-0.85965209010918
2.1304029927698	1.76071577203303
2.46645731043642	-1.54905268757946
1.00758492102329	-0.941963629650306
-0.0259485383278736	-0.207495824896425
1.20985781965995	3.17005885766661
0.587085150230332	-1.13168475788275
-0.348870184102608	-0.28242728687009
2.24496178138575	0.149210625048051
0.854745622638162	-0.409147811792954
1.86232486517365	1.42005669680854
0.0792596356589324	-0.786911127223512
0.732520938232896	2.32758127208581
2.26465955211871	-1.61471709714681
0.839979576866416	1.43897582528019
-1.21085138172089	-0.237186695829085
0.416542631100612	-0.715215744202339
-0.269766769095901	-1.28891226029789
0.610762860667022	-0.35036831184119
2.33344609995708	-1.15839313225162
-0.718595483614565	-0.374318884750773
1.93935506736623	1.24434750419626
0.808371346488167	2.8120110722133
1.04868268308457	0.9002113880217
0.132717463248844	-0.021768440816016
1.90509874865822	1.08217991569345
1.53747760148356	1.41080149466181
-0.27036996160105	0.178430482072082
1.50531974783729	2.83407268537622
2.26546268864051	1.0549575034328
1.91738875056707	-1.99381445282562
0.949123813171199	-1.24645003705297
0.889377020553254	3.34947716728501
1.44299220520154	-0.658249979096042
2.0624139202618	1.65659956302803
0.967535081420428	-1.69000612042848
-1.52249180152279	0.0170734794216176
2.29676804958895	1.91898771441571
1.09236150193832	0.371091910928299
2.38336929307738	1.12557338849195
2.32744932614224	1.89993009585749
1.1319736165614	3.1282239627049
2.09887101647254	1.27326923666881
2.62028180494044	1.19164309523671
0.815795276411417	2.67650082614876
2.10350444977018	-0.15712832727706
0.181100592898677	-1.34268620657443
-2.06549784462438	-0.582145887685585
0.0512172645883875	1.5581825979485
-1.00162383091437	-0.488264651391442
1.00937738330405	2.43941107167671
2.16907378072652	-0.679279281696841
2.52305036573989	0.855811945153156
0.672455582704779	-1.67338785382066
0.880932552214026	3.30292245092431
0.907665213742158	1.82732836413823
1.0662465326016	2.36593214880143
-0.724472400361352	0.438670707164573
1.43023940776331	-0.585434873177644
1.98622940252439	-2.3990212109718
1.3938059486572	-1.6293250955995
0.86162673690049	2.03582462006133
1.32496479269659	1.20075049862245
0.505956469501132	-0.741737828527225
2.27283266621071	-2.25624117714011
0.395935711782851	-0.370259320336128
2.20844509442371	-0.0990162307734841
1.14808334760476	-1.2548070705343
0.377576181417998	1.93929811111233
2.11172754415998	-1.42635918877014
0.839043417984954	-1.71578012642063
1.36727204480856	0.83322964997712
-1.54541237791998	-0.496820724165062
1.04488981669749	1.21078775515017
0.403455345025651	-0.352111536684352
2.61739631920363	-1.64418553670209
2.25015463112622	-2.18473354546063
-0.250185497416803	-0.625810934752588
2.20838057755357	0.246094881292171
2.77479265334001	-1.35719159874984
0.568290638155725	-0.149913903712177
0.398516282319611	2.40380988790127
-0.25612211779563	1.12462118735454
0.800183653991164	1.21268383481709
0.887777171145255	3.43789573551313
-0.599982769230423	-0.602622388240673
0.858403176953186	-1.73569933210645
-2.12404465535226	-0.558511904891189
0.625283729622558	0.18420162224173
-1.38745389906196	-0.738873635370207
-1.14233545021457	-0.750004940396269
2.98622656348406	-0.32998309797463
1.63342708755375	2.43176668685114
2.48484551100425	-1.8472342739815
2.33179418791442	-0.462941007712412
0.381553148904618	1.32909714391773
2.304422809815	1.42406493015297
-1.15304776556597	-0.0651545645082585
1.10700713818459	0.0539973810826209
2.35377152132837	-1.72565145000067
-1.2372008817862	-0.0213420407834325
1.71044608408805	0.699902390847775
0.192452274444321	0.0541968259966258
-0.35605730321688	0.287716062889441
-1.62251416202049	-0.0528557741733079
1.99104076438152	1.62927029481157
0.227559453050228	-1.19347471986019
1.85307404914741	-2.02668876195058
0.874045815207601	-0.626505940611144
1.06455284001884	1.40559615835535
1.2569985853889	-1.461851311729
2.10226258972521	-0.836764809103409
0.574747914612528	2.21308432753873
-2.3533479670151	-0.622216895793915
-0.960585530517745	-0.701788546004559
1.51344260109239	2.47479753294792
-1.0164149662862	-0.637487647910228
-0.233578608628319	-1.19714569304998
2.47357773204905	-0.763786082786225
1.00058090043834	-2.01603091260387
0.92680883449478	1.16955089217823
0.801477678275557	1.32459911270572
-1.31610898789755	0.246789221933641
-0.704849441008231	0.478474867847027
2.21978796104606	0.449767476757643
2.59207330240637	-0.691873641745676
0.872839414502119	2.43941609053486
-0.31314766374253	-1.02445238600371
2.91095757602298	0.182294767015428
1.7847054676067	0.22696648251434
-0.832401227434908	0.691311833389367
-1.72333609998791	0.237374249219529
1.27468913293414	0.216686389172297
0.575625720554705	-0.630132942002068
2.21518523006557	-1.54079768710437
-2.02119415489442	-0.60119588224644
1.19857740888802	2.40047958511466
1.34172421306931	-2.21086270776539
0.940581518711015	-0.789638674867254
1.03134179527806	0.327142504575686
-0.383352646958335	0.408372183333943
2.61595455273843	0.764166822848896
-0.222402376717612	0.325280571129462
2.40889069915035	1.43131957155022
-2.02179352938558	-0.254222570629266
-0.640255794485793	0.142389755968406
2.78429239948623	1.0899439039155
2.00939757977274	0.909570238981128
2.12415764556671	0.188913374769532
-0.430065879771495	0.128112217418088
1.67763167116282	-0.192392467977742
2.26753138077439	-1.27515088467423
2.24323590359809	-2.55611732662232
0.465589863661007	-0.128982623074718
2.48618586509639	-2.56237381363544
-1.15743412253552	-0.100807009427007
2.19903068791618	1.03786271540501
0.85188436120457	-1.7303402426026
1.11890319450408	2.77249562444176
1.66376910438914	1.55820234412945
1.49354438279322	1.98474389046972
-0.370587389271636	1.21334226729893
0.496912130714471	-0.941575088526516
2.15169079100592	1.76538208679419
2.20584845002745	0.192312056757372
-0.040931232380422	-0.53003638334591
2.19962542053682	-1.59988600661191
0.808896469205364	2.99170422456099
2.27651123779126	1.52706995762429
1.20560108481305	-0.968740718940076
0.667054082744087	3.11584245994767
-1.1605021175883	-0.650845254216677
2.15845932018986	-2.03107013251961
1.73264225072142	1.56119067350249
0.332284282130004	2.16654269827663
-2.40962672782375	-0.37111017805276
2.02441333217004	-0.365625563766593
1.81925440444077	0.083091512056286
0.52202166848357	-0.875217267923062
1.73858762252514	-1.96977531782546
-2.07485933562399	-0.455478450223611
0.992574233027612	0.423649255583969
1.37760436257086	3.18905096412652
0.246923166922747	0.443370431984345
0.73536450248135	-1.55184359740574
-0.388539430401104	-0.465054855160679
0.343293547087717	-0.352183114915143
-2.05709468788946	-0.627177506938774
1.55335125506527	0.552931624880308
1.20319099823478	1.28431033375936
0.0857854536443607	0.699284444690945
2.22312889798553	-1.59749492098761
0.231133317874747	1.0369079045007
0.33489604724525	0.497512663003174
0.816026791195726	-0.157118145647385
2.38137202486906	-0.305357068204095
2.71413076150949	-1.03749770832137
1.72876866461849	-0.864580617744656
2.77565802820058	-1.22215259571278
0.16871402278969	1.31312679432958
0.569385234848576	2.77258549990077
0.12949049105625	-0.466624460016489
-0.132162077300379	-1.21227017780533
1.22749051505683	0.200645897370105
2.63222261966113	-0.146358981902974
1.45119125853557	-0.322728736496266
-0.694634533968969	0.216375326358643
-1.85343288343612	-0.231600822927341
-0.656298763846753	-0.117603417692766
0.992655662070333	2.27645180720532
0.930295748651456	3.0359955685548
0.62971454563344	2.73841169766159
-2.48977867239765	-0.593570686899905
2.60757639161974	0.453098615849249
1.98722481208013	-2.13725958166661
-0.513178421634612	-0.436640608148373
2.48728481312672	0.0194883965929668
1.74819046355701	2.55532796191413
2.90564134022258	-0.812711287366479
-0.980359247670297	-1.10377116871635
-0.0391321975652615	1.38651258469504
-0.782360706451724	0.489859113706896
2.38455259086015	-2.08733739920497
0.0205501660473109	2.0665806086687
0.9934730156401	0.635061476371584
0.586379364929563	-0.783812542112304
-0.70859619079313	0.45361094326123
-0.884341157650622	-0.141744821111235
1.60632146584588	-1.06397120325372
2.15505325971424	-0.587414428642501
0.372585091467582	-0.315741610424821
2.33100736177044	-2.86958988629714
2.31333402934648	-0.702987918402519
-0.33771892723584	1.06389778257773
2.31295605892556	-2.89501139329577
2.04269518683517	-1.28742315340224
0.994766391547739	2.27820904770032
2.09726624412573	-1.4624998529252
-0.315380051749658	-0.310338368951931
-0.170165627771847	-0.123942573397054
1.23673956119674	2.38917445065519
0.759333414690584	-1.37233892711066
0.979166542737027	-0.760453569116881
2.20705525377363	-1.3748860443685
-2.29510907743392	-0.557237373943461
-0.632343024374688	0.344463957184926
-0.824370387888193	-0.19965478233514
1.0289082560205	0.815666335810397
1.69115179927906	-0.0939691651872014
-2.03605838318294	-0.618077538823376
1.91224601930024	1.02304030327784
-0.563598050500134	0.424753853070908
1.8675783376261	1.99368794496791
1.65668101769887	2.36066608160469
1.721470498361	2.25235380701255
2.68992951285591	0.783540460504019
-2.59833839646666	-0.498815763062928
1.12150803609168	3.33497738865405
0.790866080867663	-1.13763695812895
0.106384517427489	2.24629377508952
-0.705268519398023	-0.25063250294028
1.56530199051508	-2.16418518869119
1.21534065467606	0.976575941964059
2.43706449113268	-0.255541376754511
-0.339614377231513	-0.542895856554244
0.0477243061452801	-1.12803584832092
2.30573128946435	1.61823442088472
-0.74375236778675	-0.0800158399825878
1.44187163998555	0.328398802239682
-0.950645430174619	0.869337625978751
2.08898472244098	-0.327870492071816
1.30669306928438	-1.86697120574396
-1.19909180935689	0.256689165278333
-0.337666878958548	-0.753704194852813
2.32722508475706	1.24797920390561
0.929991422673458	-0.0679272194107297
2.18090024376556	1.09501984158826
2.62953146934115	-1.97652491681871
0.918856896408897	2.0875776296151
0.758882074151868	-0.654163336631385
1.6165237450347	-2.14474533036913
1.51586593509835	-2.19281633897261
-0.0937338973823322	0.474890499598235
2.23694740865119	1.09756309689678
-0.410050098459452	0.322283543074251
0.190449271456692	2.38883368808647
0.143557135008525	1.0807000202542
1.143175937521	-0.503440824822558
1.15960173781116	3.48995044594011
1.95795272721122	-0.135380861602087
1.52183214532873	-0.248240459664461
-0.489576619706202	-0.280365265461919
1.25409324711152	0.88370794562678
1.33676979174105	-0.0856635560168731
0.0313986262839555	0.214946484877821
0.549779563926073	-1.17303992888376
2.42654242906351	-1.38338139303678
1.56607471407112	0.133240639083399
1.56579915050139	2.95937251316633
0.581531297692224	0.494360557839764
-0.36117840679957	-1.22706063967829
-1.76239267162877	-0.408662780922958
2.06111880430458	-0.329831338641034
1.62123761317549	-0.218843919813264
1.42297648607381	-1.04561602768517
1.64914954288261	0.335763961571893
0.136259332297821	1.4828780136768
-0.18734043007933	0.788481377128589
1.08417802730229	0.319333822494467
0.0446290733349145	0.615751062257138
-0.366499619848991	-0.0140169523428619
0.989241877191143	-1.9552179428186
-0.323940118208146	0.0811619890718741
1.4692854299825	-2.31060715440807
0.18875548861707	0.765378286297475
2.41798723339736	-1.28528635282341
0.779718178046691	3.04457578380183
-0.0100233653078649	1.44212255082801
-1.83326519614642	-0.609499137156076
1.20779544449423	2.82690874047215
1.52372641045046	-0.926757448609
-0.874283081462235	-0.0743856221713062
1.70399232845659	-0.324181026105511
0.67514496671493	0.534852348458333
2.01089575938133	-0.257787849539392
1.85874050727384	2.00914361160284
1.73924983258667	0.422361396375125
0.341519597225836	-0.328993115817007
0.266592476334525	-0.582278771116139
2.47532817607806	-1.86609240434101
1.60133198010637	-2.3980766490193
1.75097874524282	-1.23833483546794
0.229248146953023	0.777853483721208
0.839778661366367	0.83799000979339
1.72439137640036	1.04696285692439
-0.0426286338370563	1.89019768958608
0.46153104465091	-1.56747318122219
-0.727380314056576	-0.236873078902237
2.42607516338986	-0.447479958419603
0.0272148777765555	0.360177612868053
0.326621843648577	-0.861804072330547
0.100626944181422	0.841100377523145
0.470289821362196	0.275053386909455
2.08808968859416	-2.65116980323935
1.74124295021272	1.39297715774613
1.55844205110253	1.1084934575595
0.977429297753232	-0.507331545448124
-0.949583207749826	0.0923855403496561
0.520603957850472	-0.130521529256441
-0.551872187112981	-0.753537470229451
1.80111094530145	-1.28033526909662
0.906074022134053	0.787339522350249
2.23791401416665	-0.454437277297161
0.610648507521311	-0.124837715882508
1.47716682328671	-1.4950612831072
2.47822130038334	-2.41656452634423
0.442110534883613	0.872762133021999
2.33694991384565	1.3764130809949
-0.280871951830577	1.56063690098749
-0.34757221913636	1.4062085568151
0.518002987435661	0.470348242238592
-0.723928233390213	0.11062141647329
0.375427873864317	1.51786657854505
2.00800301238753	1.06276355354933
1.05789538391023	1.34434106810368
1.38876680112961	2.51645945398307
-0.929425606593635	0.675178717832081
0.717240138839071	-0.920901792238623
2.41828159429336	0.633254523378497
0.0180765871805793	1.77091931499784
1.92717965127105	0.0707515207300807
0.850515326107023	1.51645224527282
-0.457717323361922	0.691080836165487
-1.52429230705953	0.284645770135002
-1.01459905342774	0.61595589598403
-0.227114078496478	0.705041696782732
-1.18943456483865	0.50821170137527
2.99003422420699	-0.169748994697227
-0.912042734609255	0.670134519805778
2.5169379619187	-1.04077640226119
1.60403451080853	2.12993777086716
-0.557182476228527	0.299690985657555
-0.139248820645949	-0.113177740926284
-0.591454355411334	0.445220084011867
1.40209458950672	-0.896356934141485
2.35246465067787	-2.76257981899969
1.89799313399628	-2.61736675812517
1.7593487517813	0.699386688914677
2.52081863326067	-2.55712041573534
2.13721126551743	0.902821364177916
2.2692642280615	0.858027639127071
-2.43420069958972	-0.719013742730527
2.50374763314201	1.60125523922932
2.02388359951056	1.65527547621243
1.74569282560933	1.51618348462177
2.11848964509569	-0.640047644245257
0.0127758628028159	0.656801029232004
-0.0567741073905319	-0.815219171291204
-0.899651191489601	-0.726824048884579
0.467793162890226	0.0186993822414319
0.961556611239177	3.10094708909613
-1.78373007098507	-0.875747905373599
1.68436223196181	0.899729363528869
-0.465059697357152	-0.657234974992906
0.563959615051054	-0.368794586587882
1.53464338282132	-1.78600577563021
0.17981039322059	0.52797713728969
2.41347112111982	0.926215898903387
-0.575853521196495	-1.07876759854445
2.31339405314588	0.0876000657218577
-0.333131720565006	-0.684398020842225
0.853651744183634	-0.272071834658759
1.52632435395116	-1.54124930081328
-0.670872692611207	-1.21574893810274
0.79367799051313	-0.683685417975055
-0.720351301754235	0.918461863279215
0.0778457446823947	0.13479859575696
1.38842588298276	0.00164697000051542
-2.23832670574481	-0.688086555545709
2.32121452457523	-0.929785805425461
0.82346198442335	2.80413224082187
1.95289643752287	2.25917388795162
0.798472351735355	1.38034066013718
0.829837855213834	-0.229377705491069
2.90216953789974	-0.323529759648779
0.193428648270564	1.43415949048937
-0.0949376962251326	0.072503623399733
0.898873372160792	1.24782294499845
-0.503041390587069	0.562433928276289
2.23294121518304	-0.222548495893731
0.924666693606608	2.47618336196817
2.51192031800911	-1.81230149266163
-0.708124539849659	-0.358908246565645
0.317133986687495	0.812695510494489
2.03301727097671	-2.71191770839351
-0.624045962770201	-0.213365955423651
1.78175626629477	-1.76954535789551
1.97662372910214	-1.6839210142871
-0.867836654207891	-0.446151008448693
2.5686700349008	-2.46244025907679
1.57369498258374	0.182776216935462
1.43192646377447	2.04426812680675
2.09075034173711	-0.765677312242122
-1.51198754657595	0.499793059851663
-1.95532378246545	-0.678274628668606
0.576482950572483	2.50459074662467
1.49678779892973	2.86239562444071
2.09481041328042	-1.35107102392235
1.59739289747622	0.510439120302698
0.890763102340823	1.06476693830729
-1.00079141450974	-0.623551911388328
1.72547184169903	0.0874983826184739
-0.230068726592707	0.107471704598442
1.23078089560216	-1.12574186445917
2.20807854458968	1.63338588671213
0.720397794690941	-0.753655187679753
-1.08148808247324	-0.672426845489597
-0.978602044396527	-0.384422027732102
2.49759638314771	0.285957191973448
2.75849656744242	0.70634035315889
-0.118766143645755	-0.584762767686518
1.83632962639935	1.53394737107994
-0.29611467072719	1.10298193028909
-2.13151214902356	-0.324789958603762
-0.244841317622143	1.38461178868415
-0.886431632020075	0.420794792829989
1.69500071365722	1.80677218369547
0.195283209654415	-0.512430339770157
0.542271150244602	-1.07493685470775
1.95424619176345	0.132982257587702
-0.437341446657755	-0.968860210396893
0.851652434177304	-0.767644727857809
1.53548073827006	-0.535877346134503
2.07721584352164	-1.24215195175444
1.10788330043052	-1.29012297744765
0.121425384411487	-1.25060492805856
-0.555815671285189	-0.333764288865563
0.557821248315021	0.412579054324045
2.48048926017405	0.317886915292992
2.21764197112715	-0.691826358092998
1.70497968023988	-0.812423153142037
1.03577560576927	2.91390389038297
1.36206363499561	-0.837758655745661
2.90694179639384	-0.527392415101383
0.263673861511134	-0.549720939996386
-0.331767789172754	-1.23323031198885
2.9673041125838	0.0971276700206343
1.62257509081917	-1.29598647547454
2.25807134576173	0.582079561814258
-0.940611119659639	0.18001743917476
0.091136531008768	-0.712224473450131
1.15357516342685	2.22281343889721
0.910654804769869	1.38174058594744
2.74289990631082	-1.21643588978599
1.04600378391634	-1.61495980354128
1.8926534525236	0.55914085613952
-2.02480494474236	0.0321073386895572
2.06809792329484	0.577770551811104
2.08214823150194	0.599335245590015
2.61048578687353	-0.633451728375564
2.58323241745668	-2.20865559862709
1.23243273465875	-0.73243377325904
1.62153736949479	-2.44236455079158
0.674036640352948	0.691144338926851
2.3937228849082	1.11665375007693
1.86798467908365	0.354323418183594
0.53969941475251	1.54420623036428
-0.336938269876455	0.221942473659333
2.04562572793633	-0.687828737762746
0.809058940785954	-1.85547522617624
-0.221327498308842	-0.118404981652733
-0.504186858620306	0.529337911872865
-1.15856877361768	-0.207920328599991
1.94554361221683	-1.08917801807697
1.91583007276144	1.08626238033246
0.854315570185349	2.42585436082947
0.583148407934302	1.77178424302234
2.12302102762355	-0.436125601193067
1.55643633500237	-2.11790685811988
0.0139398162034381	0.70163741176687
0.223830444006624	-0.713876737634741
2.14471670755742	1.17777240632901
2.34249785059109	1.2142820981129
0.177254456173336	-0.230251627663345
1.62371289909184	1.56514077078055
2.46020069966039	1.34507171412624
1.08671500985359	3.03280053841364
2.41590798193809	-0.713455383400767
2.33407672081233	-0.0911929589937943
1.16840681403545	2.74899145366839
1.62854589301415	0.384195219475345
-0.686673554136766	0.716393068454418
0.216282364034109	0.369487258190473
1.82318662107962	1.54112724448435
1.91476538408335	1.75244842245805
1.06463379462778	2.52783528583509
1.6021570999454	-1.09257081224757
1.30024622154737	2.07083948910936
1.40566188415876	-1.05686361056079
1.65822895371043	-0.0123899675488581
-1.38032338033554	-0.0457512021969041
1.8857606219568	-0.805349619938815
1.36613935608112	2.49979844338066
2.06472751245484	-2.68400640356186
0.296506873746442	0.769800572948288
2.63450013531478	0.64533902500038
1.67163298184676	1.36589423220481
-0.368135759591363	-0.486553976456097
1.36867712532629	-0.161613018067428
-0.261802519872907	0.562955397471676
0.637664698754643	1.42870516905705
0.98864581295916	-0.840440718885859
0.0422481419318697	-1.14391586460693
0.439539563407168	-1.3740450176558
1.90675391750829	-1.07727206134045
0.713345163007071	1.39723260373724
1.22043505257241	2.41116935140983
2.50095934940108	0.625132575088097
1.36157761029482	-0.322176473930793
2.04775357559655	-2.32565134006079
0.796687835185992	2.69544776660138
1.60254840671733	0.961845745936058
0.736303298497082	1.33610522062823
2.36303114295991	1.23050425798379
2.38336009063387	0.0148484642667101
-0.101989377270657	-0.620641356963632
-1.39920797813758	0.395874510175337
1.65632447120583	2.6573380918823
2.0986785724592	0.399506281280766
2.66540671441275	0.180812666237538
2.3300801601003	-0.971436870365778
0.776086064233488	-1.60998433856915
1.03526828048694	-1.34237139298654
1.60213950617671	-1.86734036141658
1.79590848392327	-1.57900134622721
1.21738733008425	-0.274744828963167
0.502663427031332	2.59677898746827
1.08210997122079	0.847391163977609
1.37824985146622	2.81823379883694
1.40878029811142	1.24590829414766
2.21037593807168	-2.74217631620636
0.965911624391926	0.69618288960985
2.47540804657415	0.447157159051562
-0.195694612211152	-0.0118148376192611
2.27568255062359	-1.60771522635632
2.43410068378866	0.363290842387498
0.326140515866519	-1.25781427330639
1.1433226650122	3.34319900029608
2.67002858812515	0.0598077586454699
-1.75949654277224	0.209093339864398
2.25148250759618	0.331752621221849
2.29435979489921	-1.06114900721114
2.1646905728264	1.55564743221309
-0.617864632915843	-0.204986260582921
1.7395195730048	-0.619455863548014
-1.77859901334119	-0.177064867300334
0.140645183801082	-0.561174387768829
-1.24196071241623	-0.391534278335513
-0.494191757150308	-0.0419866028710022
-0.370938776633703	-1.22535061954283
2.94155371034596	-0.11809656438323
1.56757599741123	0.446786209966283
1.82884900404001	-2.39955876486246
1.46077887764426	-2.25972377977436
0.217667737135395	1.48791107398786
1.77245222489701	2.14487342604064
2.45295822048388	-1.7146772093948
1.85304391823927	2.23905993243969
0.742038232932392	-1.80623141331744
-0.349247053811724	0.487231696741204
1.98929872441245	-0.0789522783521012
0.648867401231557	2.84646775761887
-2.19123378798956	-0.225955650538227
0.475001441252101	-1.38399326662963
2.36494318152423	0.934969201265524
0.595589061362479	-1.05022753745013
0.258905754570991	2.39429961877493
0.537907411604429	1.24931342885131
1.68454646979721	0.133578848196201
2.57660372549545	-0.757085557898878
2.06582725293996	1.51168773872363
1.75895282005594	0.877576679090183
1.73743829436546	-2.3222065645681
2.24090934382169	-1.71489976583383
1.95712250854511	-1.94584247851232
-0.170808269360077	-0.095775210361484
2.59939244927164	-0.494331694748344
-0.610900910629976	-1.21355929437705
0.417035361281123	-0.734316502834492
1.93541654780123	-1.89801404160451
0.137879134402109	2.34305954790547
0.935094440807285	0.220841540641828
2.60190781248099	1.34773540500566
-0.60209360281055	-0.656541939788497
0.343027453958409	2.30651556472097
1.33136251043759	1.28446469450578
1.28211470265495	0.666409615602342
1.94912464818987	2.36072550000653
1.05392839787932	-0.332607642623668
1.93822636062309	-0.114169075064767
-0.221666798187662	0.479430822186164
0.212711465789639	2.36341857434786
2.28230081314222	1.36714048602013
1.78185634616957	-0.728872168139072
2.533579462394	-2.45147019933685
0.364740123333058	-1.33006592674587
2.13128548467987	0.957099713920748
2.07755035639044	-0.0145527876547428
0.138357726528181	0.782945207783751
-1.29213900486774	-0.538200969778248
1.52931333115827	0.507890566570094
2.52390957707635	-0.969485602657085
-0.633911519182634	0.3628615270474
1.84018942114376	0.54677386169027
0.660569716686751	1.46827532222783
1.0841006615942	-0.361568715670259
2.18085188760355	1.11451827730579
-0.0829169499806243	-1.00540259920373
0.00371549628368689	1.53863106858586
2.41242434496796	-1.51599767993702
-0.460209360582877	-0.761399127210679
2.41854557574574	1.6564544619501
1.18194603692178	1.79414998577784
0.474033546246992	2.16912445326763
0.844967036306075	-0.115988291718505
1.96019590799693	1.4333269019382
2.7253283322063	0.196187644554572
2.28300470278133	-0.175961071593501
-1.90011139863997	0.0364441218638077
0.966938077662261	1.60852427615108
2.41953969979128	0.859973132739589
-1.0435841076858	-0.341750293199138
-1.84355282220168	0.248946689056852
1.02765912720402	3.16723700329598
1.74927715106205	-1.20664355650346
0.737319695785973	0.595729790333985
-0.999735430408247	0.0739220904731845
1.47988710032432	2.33125793946189
-0.185461264050014	-1.09428699662092
2.27270583545719	-1.1906494318675
2.42646893820964	-1.96224743717098
1.07297438083176	-1.02092140540228
2.44804300373578	-1.60050506247082
1.02631313311818	-1.60391870437138
-1.68805574307047	0.0299725539530719
2.56952179645449	0.883600657879557
-0.840143821820033	-0.735237807355139
-0.436016709883331	0.246327154495535
1.69345121392593	2.13120169696129
2.0815362899799	-0.167516566771654
-2.37913856349467	-0.459504385980907
2.62746419532132	0.843609248399285
-2.21772452822569	-0.339486788021359
0.328083843197725	0.719927505071505
2.49361392527851	-2.56044672964705
0.639206258775156	-1.12440866207223
-0.932878422916913	-0.0904088053655489
-0.760030665278026	-0.207990308555169
-0.243878625064046	0.975887739780123
1.75915963353011	-0.108256643829854
1.19281860015644	-1.0531885484065
-0.945431496755254	0.135749059113586
-0.596130776666729	0.156880970046382
2.27262236416917	1.17550350868467
0.528686133565768	0.434112418749249
2.79747632807428	1.17528524306369
1.90653838497798	1.831430622949
2.8394513856061	-0.756247087455439
2.04006095985244	-0.164769909332087
0.381887442382024	-0.379601259900838
1.98143156760668	1.1941238616753
-0.740059055657695	0.468914622829477
1.56024816253041	0.0945366350686597
1.02468556153227	-0.845140104002908
0.276884059506381	0.614387097650312
1.67958608902385	1.93357385117303
1.77353461679591	1.85423153829153
2.24078955899739	-2.25302468239084
2.22380297191386	-1.34853734399195
2.38054863675723	-2.9347969507958
2.64912562053428	-0.0485206974624141
2.848519515639	-0.89608544397546
-0.302503948932614	-0.578447770560689
1.10822016470496	1.86554445799686
-1.22681886756887	-0.323966279461684
-1.28503984287098	-1.03992006903232
-1.09955143387976	0.840218709140897
0.78551478696012	-1.32474624159785
-1.6325223676883	-0.808784134007633
0.374862031162975	-0.321936322541458
1.91252952524378	1.72844934600017
0.80186911852731	-1.008715852759
1.35493363306614	-0.403161058929676
1.25587737722478	0.324423331595039
1.5056461269852	-1.53615145967814
0.875539103027405	2.55147640535421
0.833187679785705	-0.0118717564934747
1.59232524509157	-0.85637321784644
1.53726737105586	-1.61304981400414
1.53634603109579	1.46430574410318
-2.07148851495301	-0.244001649140106
0.429637870374982	1.11495310954677
2.67392715743286	-1.73686057174333
2.56252996984143	0.426144461531809
1.21568177783101	-1.15637871185085
2.022268750266	0.0770576660532226
2.40761775765742	-2.5765954097503
1.77770408125915	-2.30954293048567
0.747638733895972	2.94230686126973
1.98120770078995	1.02515621286221
1.12577587331359	2.31635162152874
-0.561287868947159	-0.197612548778865
1.49003777566071	-0.892024238587815
1.32723405423426	0.269636448173177
-0.852361720199085	0.332526549927638
1.32396952435997	-2.23081087889643
2.26396889021636	-0.929584412900591
-0.902935908531393	0.200382918139392
2.47104604699071	-0.147831197747938
-1.18347491654002	0.424570079380925
2.22455429371752	0.394615612560928
-2.57462904607194	-0.713676153769048
-1.22876355162272	0.711818218777957
0.528530156382923	1.15869539883809
2.0948737367889	1.24806425631808
1.71352529345685	-0.370715690353784
1.75676936383813	2.67965000092854
1.71236751402884	0.306954307720406
-2.50862942775811	-0.611387668561374
-0.40466038682371	0.692565878362185
2.3958411428911	-0.456861270640491
0.355436624248989	-0.907161610027004
2.30227040103408	-2.18910248843998
-0.388653177074829	-0.432150631177456
-0.287207132994451	-0.624347596122508
0.0318447904233497	1.89560084277082
0.430039841029321	2.29321987630504
1.29260434067716	1.29988903670343
1.08159362096298	0.253806948018254
2.09330604291892	-0.397712727053279
0.469070630078551	2.82421966843295
0.407793865117533	-1.63501390948418
2.07700808082421	2.12562061359277
-2.00448932305152	-0.71206547387887
0.808857473679812	2.50073582807253
0.245390469955811	-0.921359755272101
2.098013801283	-0.240986457448365
2.42384877805657	-0.505903648567839
1.99009589765487	-0.422279595978118
0.149854795516542	-1.06084164652205
0.895708781918585	-0.604149211472767
-1.05037941004487	0.528736383441071
1.67854012692547	-1.730318660407
2.58217555845433	-1.13292677594603
1.22724341181738	-0.576347329311558
2.13761758807995	-0.7224204724262
-1.42858586443779	0.482369478846491
-0.832219462185046	-0.313158632845019
-0.535630526534455	0.909870439654384
2.09236087133866	-0.762903808251449
-0.624743766233391	1.14549437780928
2.80475082608499	-0.902129892415786
0.0768472609911677	1.27118952252333
1.27368962024746	-1.04661209484646
2.28655364667898	-2.49829005998512
1.00102810437662	-0.122084752034283
0.525999280627323	-1.74228295027119
0.516632786969099	-0.0042036597296712
-0.955814444075685	-0.208402385533332
-1.66431848272367	-0.806759078932303
-0.29693486138086	-0.360163226633927
0.209601302943135	-1.0003525577916
-1.55106434461576	-0.0689462499127354
-0.656062187080083	1.18447559390112
0.705727532695388	-0.516883459986265
2.51271156929405	-0.934468342464015
-0.799677627331372	0.934789640466724
-1.34587757191339	0.430463455527488
1.16290537335092	3.50964537347244
0.282666034190451	-0.858728058411729
-0.477975126743352	-0.534760546553341
0.892131099814141	2.3648085734302
-0.316785971434809	-0.290015853000128
-1.07154221600124	-0.871400002552435
0.289925587830223	1.28850864789663
1.56980313521651	0.309553632786348
-0.659427685292226	-0.602082440976095
1.50558735863199	1.3363500272236
2.64188344941685	-1.72982750427576
1.47404927612303	0.255032119390417
1.85212603910397	0.493979685597504
-0.705637005357409	0.174548469544885
-2.01716460151445	-0.549161281368833
0.267455558725514	-0.66006766791881
0.385585882767156	0.510635326185277
0.676941736713606	0.588119324818981
-0.945413349538071	-0.142347090680738
0.107999129977361	0.21546508872011
-2.22769949716127	-0.174004759749352
0.258298243253909	0.833812331621147
1.6173739379027	-0.173941496125272
2.00017927543714	0.621301632817319
2.02936526631539	1.58310432699388
-0.640806131356867	-0.186570840673817
2.150231087308	0.945463399361502
2.2641451326232	-0.852483381405102
-2.41550052343501	-0.522009298514668
2.56427720446504	-0.345125222515956
1.16772430989854	1.96054226635612
-1.53213316212547	-0.0504062022948057
1.33128749363529	0.533222259627709
2.25090524088766	1.26658063661938
-0.306533405014875	0.438273668036876
-0.239368647132545	-0.231560084323426
2.43820556356169	-1.57204655596487
1.70475157160803	0.558915774670203
-1.58630653840408	-0.6224097142711
1.12017678270015	3.58655380433797
1.08040410489471	-0.512970827895285
-1.71096504098665	-0.422929842339063
0.277627730379669	1.64120174615629
-2.18822625969655	-0.642992206909312
1.21323067794921	3.19598517960734
-0.552873185105349	-0.855007938815793
0.523707774529003	1.57487551609225
2.11044637820298	-2.51730723474154
0.051897853562857	1.90321457923487
2.28714051496063	-0.0271682992739554
1.18131434504996	2.06278711635383
0.716874671179506	1.18012776784642
0.88328753577171	0.135214236400733
1.90035035386412	-2.44515372053087
1.38507692305413	1.88353831822586
2.69521942398452	0.18028441062386
-2.07903867692897	0.0163046285988944
0.649249062770039	0.845932920885921
0.830376774595619	0.522994725325907
1.76251145862447	-0.833361860725682
1.64715774820742	2.37771326754673
1.13578861773042	1.2549780957046
1.67178358457946	0.939102925007463
-0.226426211380877	-1.26078379137489
1.86931936299311	0.895426003059459
2.86502614238629	-0.354608402893999
-0.099988998081972	-1.24595850689721
-0.753788393077275	0.0592784735598754
2.70520194385315	-1.4363263852978
1.53806374322586	-1.85042464099388
1.12115118545289	0.313550336833206
-1.28617081029235	0.552874606162518
1.23276987740446	2.11829991480723
0.0445232946165976	-1.434330212496
1.31306655667845	0.236596871183199
0.648927123327367	-1.34946444280709
2.55398460996011	-0.304551694954637
2.55168929111197	-0.467731482279127
0.814519645418266	1.95177210444845
2.5472588868294	0.768268233242293
2.35034936023853	0.0354917461245769
-2.45140861041311	-0.417648515266746
-0.199833829477684	1.28787557559095
0.850837216490555	-1.1315076444864
2.40181025538287	1.64492709486659
1.1518099233185	2.5560516455394
1.69201013800926	2.2702269855425
-1.09817380274119	-0.327007860237793
2.58770052602014	-2.21799890975089
2.42940225180938	-0.00734331341636149
-0.32821812157076	-0.463626657895861
1.93840599964175	-2.0911767482275
1.85796705138069	1.45485279457444
2.00372548852975	-1.41009857265688
0.8044505524128	3.07280137778799
1.68146163433844	-0.936339357934076
0.755044053521715	0.954129260791335
-0.712809241534853	0.528211384369297
0.812891503179747	1.01295105313337
0.278877668649178	1.39318626166673
0.367461149941626	0.365988505978739
2.22285599336381	0.408944874413459
-0.139507616901283	-1.32414550438144
2.70886030510833	-0.187845778419781
2.40422136360908	-1.02164647059456
0.725237190884196	-1.34052003394725
2.0664338647853	0.80166374096668
0.906182998929399	-0.819319843300176
0.756647060239165	1.31484157187482
1.87481964891607	-2.1628124127173
0.804255659410881	-0.62503753290484
1.69501746680867	-0.612671519232045
1.02853436916751	-1.88414001309042
-0.089578702598772	-0.826771676475406
2.25313738798606	-1.00871863369512
-1.06380210368191	0.175064137922752
2.56344729647057	-2.60874304200203
1.4395389496887	0.869625398790313
1.98568139998818	-0.221406065122075
0.781148769344864	-0.41939652068098
-0.820095011373975	0.140162049526764
2.08768613934389	-1.65279438917309
-0.13398428090807	-1.18236607416097
-0.595436105419854	-0.0939182574397634
0.440817397187202	1.92357700947162
2.98595040025065	0.0593928702805675
0.962893844262306	1.2182226283105
2.16833840904835	1.9346680369868
0.871429429778693	1.41049702417742
1.52941508496072	2.69989732376643
1.06972499703906	-1.33252047850759
0.766695548910761	-0.279638473430798
1.36612095202253	-2.04466162580216
1.99498996964715	2.17345233311759
1.64954019754881	2.27654844547976
1.98729360994532	1.59705789941973
-1.0548233048629	0.00713518318160773
0.458742556591744	1.87478802600118
1.9627467728479	0.991654694387865
1.51294426597669	-0.994397759825834
2.6694392660965	-1.21300176304635
-0.446586429058497	-1.21925070751804
1.8395259968559	2.51473102031901
2.05187804848776	1.20325652411408
-1.40559000102494	-0.113745137175837
0.984970888880684	-0.416150626339431
0.379406699938635	0.612401789213686
1.62410962309908	-2.04034799685108
0.534165910110159	-1.65806240375216
1.38601195624526	2.44614689175684
1.42696051583689	0.26422515023732
0.823847927138356	2.05893164061116
2.51066798608188	-1.61162664229577
0.665032822345694	2.59279639660005
1.64410901138328	-1.77403241302123
0.264283263065067	1.4344041586781
0.870686631097276	1.4374192016325
2.50175394612186	0.993412295818682
1.78454568940298	-0.56616037673191
0.655569128953864	-1.69077858249967
1.95200692095246	0.610690355816852
1.01651637865443	1.35195566992292
0.822212651790109	1.00519391280179
1.26535816688698	2.83012474816569
-0.387798305589012	-0.967825923785684
2.11913703476819	0.510753656444649
1.46275151370392	-0.556825757218438
1.12526671185693	2.91988398933201
2.22804089118797	-0.0528344431686536
0.237658163119088	1.03523520329449
1.43052161369538	2.31386755369926
1.82717739372428	1.11971751909999
1.58701461773314	-2.39880336761849
1.10214991443444	-0.385583638183747
-0.0277983147561886	0.442434740721863
0.468182977887229	0.183651688600308
2.25530953026575	-2.28516409750496
0.518181653564152	0.558190978600402
0.533985490067476	-0.794586119135829
1.86767436548065	-1.85529116540496
-0.231503624681862	-0.622403570871022
0.118883083488225	0.584220161244818
-1.13088784294561	-0.173772361363809
-1.36072690517681	0.548320724576729
2.2173193046801	1.86118068445756
2.28756590795411	-0.790864334178747
1.37730827784649	0.508183350225297
0.63428606779728	-1.78755672422499
-0.350987050074865	0.45008228906797
1.64294221303646	1.8787829277479
1.69580524638899	-0.871814188386695
-1.67816809812741	-0.389878530461007
1.75239530472856	-1.83832388793369
1.24396459444601	0.944201540916236
0.0512769290211436	2.2227478134024
0.575494900790924	0.570897190997925
2.62377502147109	-1.80989471040455
0.946236791564626	-1.81250210128226
1.88278359347584	0.253589299845739
-0.122697246862977	0.646078349781237
1.12709937526574	-1.69817010789974
0.820760689853303	-0.590017977580213
2.11027148880896	-1.92288778514344
0.447430375147581	0.80242221178245
2.23549632578028	-1.89645452066514
1.73061193654815	0.0318246793260399
2.63703854160726	-2.08295681215505
-1.41574756963727	-0.481299568970805
1.32643744001799	-1.23151469493369
1.06333387555581	-0.55392256960259
0.914243397343587	1.78104078071187
-0.939810265414239	-0.0314750924916556
-1.51068564841037	-0.222500592990636
2.40249967480399	-0.315830123783978
-1.78127191359838	-0.530435989805846
1.74237015720293	-2.1224934259588
1.64996176690932	1.52772013076489
1.7443662571308	-1.21136608505564
1.70527369037929	1.87082150003653
1.0657014467097	3.09665862623232
-1.59360491703043	-0.0906267226009238
-0.440008588972765	-0.694382628962274
-0.444678461553187	0.296654635381794
1.72458874714097	1.00262036980767
-0.655947879714362	0.332448349371152
-0.0362414241194507	1.04689796265025
0.278782493552317	2.2005805219923
1.74348249167083	0.948605274413725
0.247017743783562	0.722385050949668
0.775034679814309	2.74594117592074
-1.37396609867066	-0.0824525651536216
1.54357797418794	-1.01821126171597
-2.07240083958943	-0.0401406183643096
-1.43397892028545	-0.0245129915170963
2.74826977033673	0.767429925712557
2.46921664867069	-2.77736604034282
-1.06503564770648	-0.351626218128494
0.95411211987357	0.22569938233854
0.622028148966614	-0.604836170919624
2.29292997146712	-0.311422189281041
0.124533403113471	0.0489370667618032
0.0295631020304132	0.975736497848105
-0.425417441103079	-0.290018841811514
1.86159846890931	-0.46499117821704
0.232523584189279	0.0444620683340806
2.22170540991676	1.6262128214031
1.17980465550401	-0.886272498944444
2.12984751740215	0.714242191786629
-1.73824792939462	-0.344905484879971
-1.32271145068957	-0.713885399548131
1.78652840318292	-2.05948664484628
1.06060354557265	1.35443871363382
-0.620996827164872	-0.817525479751244
2.51328385696958	1.34638016360576
1.33234475779668	-1.35580596936445
1.43574248922863	-1.82715356296246
-0.63026854588092	1.10293736420798
2.62167339711754	1.28480746961043
1.48789748665019	-1.01578656960689
-2.2575595780607	-0.0825272820406471
0.588899269048803	-1.74881594063486
-1.51091257515204	-0.476459536106434
0.902001914177372	0.484693875543632
0.350787169917476	2.24766476091465
0.492149191945906	2.55683027493094
-1.30777469409629	-0.0738958376362017
2.69493766167016	-0.705592429942063
-1.86901918649224	-0.266300653353911
-0.504598139782788	-0.673401562222696
0.711113778920836	1.40453131211332
1.45756854579563	-1.21194686398604
-1.77047637518218	-0.605263332861891
1.35431407024838	-1.45228025600183
1.08056593309884	-0.545848981419776
1.63163632660553	-2.02683522315854
1.67676345054281	2.73916822359457
0.0249618489059688	0.251525430107196
1.85603909092915	-2.35971851853025
-1.02586882186373	0.550650394877084
0.241058816340675	0.915805574292857
2.48781587055097	-1.03473453118202
-0.585259448176041	-0.362215321636861
2.64324565591562	-1.70944895744706
2.24876706689922	-1.20825032782548
1.29300020982804	1.12621439980387
1.15130033373478	2.20942908164009
1.77927616932801	0.902222360783947
0.790249787274879	0.363634746906276
3.00114470908865	0.09206602666123
0.937368786393653	0.491509560616662
-0.382702417709581	1.27032540722494
0.0720084081582289	0.520995165476262
1.95999476838865	1.00679796799983
-0.837380796501645	0.95823741849268
-0.77448650282729	0.510812152730423
1.34700828219006	3.00298125565804
1.62265042486938	0.211740194354909
2.12553633602192	0.335732064560141
-1.46732776035641	0.375445823569258
-0.428188415023638	-0.407850938230949
2.96406258151098	-0.450530908315635
2.0720274979159	-0.0866844021792663
-1.90739532125953	0.134945688781075
1.0983724932132	-1.55322148657863
2.63634625954448	-1.81266817718573
0.746279835717846	-0.12732263114043
-1.76618337603596	-0.896605250632749
0.638215398403493	-1.77942753801594
2.63841348259412	0.566062262825963
1.73443702940368	-0.694044453115925
0.919178818118538	1.91871791727639
1.51077261313692	2.3431293039057
0.673369406877971	2.24433720659182
2.43118183064178	-0.241000190349966
2.54733676453607	-1.39297961989741
2.17045944124797	-1.45775029317001
-0.222575041012967	-0.426608650833086
0.327303776222162	1.6967428238432
2.25009507080717	-0.030652707262866
2.57015942482545	-2.4824118922426
0.621138320105493	2.5269785146496
-0.473881513620042	1.29641530392646
2.71637793326404	0.309692478548933
1.58301705297962	0.230976285466616
-0.275629399861849	-0.863546659060397
1.01403071722537	-1.8010561297376
1.21400192433869	2.61511774615353
2.34676627279178	-1.79408271117754
-0.00916180551685431	-0.144793745077478
-2.3742691401796	-0.301936197668191
0.435319153384097	0.603231708153451
1.48067434684501	1.94111723621945
0.592240606861408	0.930764175161401
2.11478129919425	0.888302151358492
2.18222050380592	-0.251295044530234
1.99214916809103	-0.000484422186436339
-0.144583680072546	0.774272523267566
-2.09833410340461	-0.0106186648528084
2.23209265156959	-1.8958336526497
2.19755695455256	-1.91830281066898
0.774461591737437	-1.6361768170995
-0.872143182281567	-0.0582394561043371
2.3790463170033	-0.674057280432142
-2.64511167458154	-0.586999686401176
2.97617069004104	-0.271003069330422
2.50090942538695	-0.593061371618718
2.73638467637656	-1.07352404909261
2.15904224550758	-0.370313336098751
1.00979860151796	2.91766304030332
2.18257324192682	0.680095153267571
1.88189602469867	1.25114601603485
1.81823260144646	0.104620570187293
2.40264988167542	0.104207858220336
-0.12701048492016	0.562897485489314
1.37366027789448	-0.0221967315915499
-1.85967393419045	-0.606595822729751
0.0971782726040174	0.0306055871088145
1.90484506672933	1.63691610826359
1.58007869505279	2.39401610459756
0.00341861731570135	1.78476378921498
2.45644203852834	-1.91724578347777
0.162239009518518	0.761172444216031
1.169450539928	-1.19585388937041
2.47965484181783	-1.71770468917266
1.25983925822077	1.59991242888311
-1.2471660996324	0.576059180603584
1.93666263566325	-1.26931877430951
1.56123370263302	0.538672388739054
2.05162985835656	-0.84165255484733
-0.345223201507085	-0.759085615466664
-0.32939364296839	1.62379993201601
1.32031811260459	-0.531387919732262
0.312079330234707	0.804207485859634
0.35002313740959	0.035110271741555
2.39480075220808	-1.53174640013255
1.91496468849143	0.525915568469919
2.62456264664956	-0.319856887855678
1.03861008571008	0.705662057322678
2.14621926951592	0.19975591338949
2.33019038179286	-0.21220525622636
0.893424761235048	-0.364897257931877
0.380157487465118	-0.81188369012245
1.61808478893394	0.739772322741757
2.12057164822304	1.31931903280384
1.36783240059517	1.98394653680315
-0.609695047886565	-0.45237833340058
0.962269325685042	3.47255018397341
0.324734866124257	2.21930223595463
1.0619538427145	1.38039352886084
1.3348463532216	-2.19623868707159
2.15644171799399	0.100386166151484
-1.21793816548497	0.0696514495712391
1.66285604253859	2.76599136893271
1.21199809807482	2.23348774183046
-1.28992458974171	-0.755756034917286
1.87812511644393	2.5527723753697
0.384159011986533	-0.0704707115771518
0.574855675599267	-0.677987532595061
0.398239891482873	0.42168652483426
2.08540937653773	-2.33115130486783
2.1128901850033	-2.71514345815666
1.88471598472534	-1.03305860592323
2.10479695187715	1.23560567327372
2.32214852613948	0.0506873236065005
-1.03937863213025	-0.902571901976606
1.66325374690804	-1.7873352563654
0.278759091102268	-0.956858978136633
-0.779530034401327	1.03884919859037
2.18207708732004	-0.601751924489408
0.924346516849315	-1.75549748911816
-1.08034524798344	0.208813232519697
0.661252949076909	2.46001933458998
1.33624617013046	0.665512013141986
1.72285398253349	0.161142357276104
1.07842983462871	1.45842508122984
1.82279639529394	1.46860236448254
2.41250792937203	-2.19087120147014
1.79176849368443	-0.0156185443827113
2.92224885610333	-0.200589503612863
0.873319285310854	-1.58425756146194
2.11340450358864	0.0753741501868885
2.10658744551591	1.21340429088725
0.465672405122716	2.10587633728944
0.733830617255811	1.64296157979742
-0.840365599811431	0.377228647637046
-0.854876557214927	0.810903791589659
1.05703802408599	3.30052233051024
2.54622886423422	0.0046195588184065
1.01256717352089	1.47501531179416
2.01476003280439	1.40284360658215
1.68851320240317	0.456045089213378
0.862654022037148	-1.18655932652919
0.759252045616291	1.31746927752332
-0.976305505881252	0.837108370234461
0.0879358655501854	-1.07493674697779
-1.71237476148624	0.356083831891533
1.95868806433367	-2.42253299014556
1.8885895593402	-1.68067390976993
1.42854874226945	-1.3421236198355
2.31747441316101	-2.44325850386309
2.24278580050639	0.991345336436847
1.40676912034422	-2.03525405039025
-0.137528477833807	-0.510631576731413
0.0804131952238417	0.148468292201323
-1.40344677279935	0.297710815720686
1.41101448659689	2.93954899689811
2.5434621042904	-1.32771227032096
1.02883125258093	-2.00741141094872
-1.27934756582984	0.520103533034829
-0.787080348151475	1.08503025421606
1.71915761034478	0.0746765758983855
2.1144336693597	-1.37656418341737
-0.244998973060212	0.988308195768407
1.39863050199291	0.0367936405520149
2.23662718886795	-2.79720494690739
1.98058959894916	-0.0733018384858432
2.03464859898682	0.427016988207534
0.525369136372878	2.79523915712567
1.62989291663154	-2.10764950276957
0.111467148983512	1.72571571015427
2.82138976081219	-0.758962796275492
-0.841301995419772	0.107924868941371
0.897171166132156	2.37957603349343
0.370022120773645	1.18659572923032
1.26281864708855	-1.84187431881528
0.852948683635634	3.2030212402881
0.670196280197558	1.17843834992483
1.2123388990899	-1.90364149638959
-1.50516354741712	-0.389549697318745
1.47904880226532	1.67755500500869
0.74869439765439	1.46351400414802
1.41983216881697	2.20998503999864
1.69948675576198	1.30692690478269
2.55179738115998	0.624849290118176
2.84226029451489	-0.0484742521785067
1.44846799532074	-1.92265545733164
2.15665830752046	-1.56567687408333
1.76161250824163	0.989039465575904
1.78000385263836	2.49458946139775
1.90824053589492	-1.87985495144334
1.09781538423796	3.60969199631689
1.91243706094184	0.693033998633623
0.395577100430332	2.26009166810309
0.849977977708454	-1.5395595274835
1.24466809249412	-1.62752449384902
2.14382500239469	0.542850321167957
1.25836071711737	1.36154086941845
0.663444550453875	0.914974687781273
-0.295333248083164	0.598999506900411
-0.1351399983411	0.73842199875628
2.19562544811032	-2.34392189169307
0.406966302045394	0.276708048793558
2.50263512553868	-2.85214955406605
-1.22934280346562	-0.902853586962902
2.10458169032359	1.19079664286908
1.08143677068976	1.42116570783247
0.646051143163655	-1.06095185840898
1.02598715519227	3.51115160386889
-0.509184633075814	1.18159124079121
0.427538124727232	2.43950435790116
0.861329604804926	1.75782170711855
1.52827789075868	1.56493755335258
2.32592525467813	1.01862130192626
-0.593408741798207	-1.20409601513403
0.723048627415183	-1.6183359188412
-0.342588551624002	-1.00043777005718
2.15761200428904	0.308800719066774
0.938223391380913	1.91493414237933
0.573837883832312	-0.511074756688564
0.305802500321705	1.69686523840469
-0.645575262708503	0.139675121529511
-0.0605278095633918	1.19951729023892
0.688913454845312	-0.812872317690668
1.86299469080247	2.53113847210351
1.76425913488372	-0.433429682143179
0.593775160810306	2.77369111775049
1.97846154480237	-0.61987465596167
-2.24314472707352	-0.163456682824804
1.20086591415982	1.64810665028547
1.53310869508863	2.63512095724296
0.799564486527867	2.07083651539065
2.46401986168306	-1.68024841879544
2.38586884510054	-2.14955147640758
0.405295269294581	-0.41852231839876
1.75545451400809	0.376874708353262
1.68619800729914	0.872865687029665
2.14100051533663	0.894924177289769
0.140659985596516	1.81640195240231
-2.02680703869732	-0.0226283809870773
-0.296840432367099	-0.611667066979395
1.87700370526945	0.870017756057492
2.62156917388659	-1.32828315214794
1.20145715823641	-1.72180458953582
1.34131076807269	0.528680718462989
-0.706286745099441	-0.0592736619897178
1.47310234796142	0.0946687141703865
1.75081036182877	-1.62828745862533
1.85578181819094	1.02465637167908
0.885046188934376	-1.00481683019398
1.03736136960636	3.62536684779113
-0.267602094445866	-0.758410486808835
-0.358744961684718	0.0832996452267313
1.73266768717879	-1.18003654204874
-0.665828731815738	0.762861633994695
1.93813332212043	0.177660749275242
0.868667304104313	-1.90943858634943
0.903450835788166	1.29835622863742
0.971958105913286	0.313819635918189
1.87556818209809	-0.525271941798016
2.69600302512729	-1.55916411567923
1.85275076243319	-2.32206626335068
1.43616528932274	0.320134762676656
-0.460572784539	-0.65325896821683
-0.262584087595196	-1.13449872964313
1.6582111005474	-1.53903445961702
-1.43012312301985	-0.268018388124478
-0.926889703952539	-0.950816274515574
2.0727937547164	-2.65478318486439
-1.78882581508556	-0.198221384029183
0.67649914572213	2.6728670740299
0.41177750741249	1.14677181182919
1.15270994340679	-1.18711655847632
1.3470041623719	-0.207646737682935
1.43243302718623	-0.425472451660595
1.12116311602428	3.28359707228232
2.08099406353207	-0.184691738996732
0.493762603042846	1.51665614609015
1.59956248157444	1.32538248397566
2.76046422875299	-0.411176299116873
2.03721745893344	-0.117890376723182
0.270451303559718	-0.987024719447759
1.92723621300959	-1.14581502152577
0.821975115668414	1.5622435713064
0.673560317899802	-1.17625912831095
-0.0661363405533588	1.83236839218261
-1.98527457699875	0.0136282757749552
0.364532769313774	1.84272459982205
-0.780588134325659	0.436837997026041
2.64294644740107	1.06675249300824
2.01049014932186	-2.56577391575922
1.51054027769184	-0.337490932822327
1.28309908494421	-1.05657054542212
2.64144221852536	1.03002065615317
2.34330755095692	-2.51692391203894
2.17373864759516	1.00727658508447
1.5967513520302	-2.40337483983396
2.02988498724231	2.16276541211335
1.60704730325028	1.55552546468998
2.83875580904065	-0.0328277881330953
2.08590107357574	-0.0158683380321284
0.381621625624864	-1.4817223534725
0.0912263334902312	-0.69341756496003
-0.202847460920547	0.416992979422402
-0.859565879004659	0.439473406026363
0.486255134279332	2.21816187824143
1.89251028653795	-0.0681999753076393
1.12875695688037	0.0295700438394847
2.81563844671162	0.472055752443207
0.718040754413988	1.11354562628037
0.0168502408002123	1.33522524369924
-0.485637536279702	0.804150712339158
1.00228093662454	-0.433171325705874
-0.797248567218796	-1.03016741788025
0.891208155527181	0.259996818758387
1.78780737100227	-0.97559128903597
0.616717677744726	0.477334229533622
0.460626084089034	-1.12038843993152
0.505966708151908	-0.696415847778395
-0.44380018439691	-1.11205242051162
1.30545192808316	2.04985709614598
2.10803396866293	0.658022664329543
2.19988691924638	1.38951265807604
-1.04040022968471	-0.407985162714363
0.896715028197182	0.51509128253873
-0.54197694655865	0.299109750780078
-0.960893934758197	-0.505388018066369
1.47808289573626	-1.91163091615377
1.99604870908079	2.36412210428354
0.372045341010837	2.19336762885108
1.79879999518382	2.46032628643414
1.57302890375594	-0.961935479952835
1.16999309703293	-1.03892734711036
-0.916983865530697	0.430881187652547
0.646437752795924	3.11715204597933
1.9346434841678	1.97085040492656
1.46037484522975	-2.0071448331303
0.138303337551053	2.20147865638372
0.307112442743274	0.273196292870189
1.83381460716934	-2.43437811180352
-0.603448667700418	-0.296299204525631
2.57114137140786	-0.323788440489169
-0.54851344742661	-0.585369057755611
-1.12499438183607	-0.204254143557273
1.78919199594273	-0.87958265052704
-0.372484912327677	0.513083814159527
1.12633720792648	1.04187297863256
-1.7884082829221	-0.680328333530826
-0.689767003846474	-0.178926021012257
0.839729259185189	-1.85291040871844
1.70930215636629	0.600206281546613
-0.507180973715589	-0.297012155175933
0.6099609926543	1.69336744585325
1.06990737487395	-1.65778704911198
2.16886373372139	1.86766697862099
1.14602238691576	2.68554719944879
0.262010552233578	1.84911697168636
1.43046348704395	0.0501006089990024
2.15671235750368	-1.25783475098223
1.36871944354497	0.438580209010666
-0.0682184203820863	1.23164811651101
0.105453624495007	-0.0728883173947049
1.85106317186668	-1.0559390334819
1.88502864472849	1.78000476408919
-2.46594268168081	-0.55784846276722
1.90847893004193	-0.389043261448223
1.46470996780764	2.00873792872941
-0.300233160067828	0.330913746758742
1.48823695366611	-0.70816754715079
-1.07776903707258	-0.776604247935303
2.37481124595677	-0.659613496710324
2.8363819094964	0.0769755777596993
1.07409225685175	1.39778744557482
1.82614718554026	1.02325880331898
-0.320356837282405	-0.445942793130314
2.20367360329732	1.12217446989271
2.1272908443194	-0.0509687968815149
1.41903247019907	-1.18001134927461
1.46808788948188	2.01480324211405
0.442360204131314	0.500882618078945
0.33007952193565	-0.836783321427629
2.17094827069046	-2.20331038703956
-1.60796468288004	0.327995120783813
0.51905549080241	1.12050166724581
1.09985025286762	1.33528214614013
1.66523182257969	-0.663643483742638
1.71816444541881	0.286834518384928
0.494997805936146	0.898455700885471
0.871753730562786	-0.0588640980209065
2.37585232895686	-1.49865070119454
-2.61529577120656	-0.494163514075972
0.41234961840207	-1.13137045558043
0.77489924207008	-1.17978340021891
-2.14144171776657	-0.00431735685305823
-0.169589632880649	-0.216524098023172
2.02952427350809	-2.60880312480014
0.410646704215652	0.530818442579309
1.00791467275472	-0.134928606969973
2.58374349900645	0.318680842496923
-0.71038016097418	0.369896557086061
1.66202697503979	1.58592710586595
1.6218249728678	1.0846063232141
1.90944785796487	0.0705759026390308
0.161129476742227	-1.27388640564501
0.283677468833234	1.95014726297969
2.51059153392275	0.194798806690306
2.61280904263107	-0.378294346357576
1.93111598520314	0.557845442588432
2.36735689617655	1.30112430928511
2.13087600351953	-2.0457221393746
1.63887278974205	1.08987266939356
2.06864783792293	-0.971076998962909
0.763581543502402	0.113734616656393
1.76912974817852	2.22923252863894
0.1492723140735	0.356202195870586
1.15261068922772	1.38331601540628
-0.724507072827697	0.131692108639578
0.280998207234714	0.771044411816957
1.64059298069109	-2.31921643406821
1.91909601806592	-0.772493230615675
0.210531799291603	0.480913975348398
1.48089434196546	0.123510619722425
0.883307179097904	0.960782636681085
2.19383659624356	0.199468569859861
-1.42932619648354	-0.182898643729954
1.61863228456671	-2.34529987772042
0.100414241107712	2.21492055499863
1.59286993828828	2.06955290468741
2.03716437133152	1.01892305208937
2.54881241575917	-1.99908448335245
2.05399140982216	-0.73780636381614
1.52729294606983	0.260452805222714
2.01110464748701	-2.60612989862898
-0.417870135286534	-0.765973688357818
0.732496528744301	2.16001047248162
1.86268842932766	-1.50516182624199
0.841108522714407	-1.93120972160951
-1.13527034719935	-0.873437309565866
-0.78615375684255	-0.12860270749606
0.466067629825479	-1.30537791813067
0.593938096791261	0.797447346601505
0.971087181816841	3.33445770624268
1.68852068039539	1.97874816327994
-1.94305196191497	-0.204337082468985
0.362272441987	0.479139738682881
1.15002076205265	1.36325985399102
1.88910472250049	-0.049993965725901
1.1095874435547	-1.92645271556161
1.12320358760108	-0.590210898508592
-1.96573876985049	0.154716136869657
0.38261457494925	0.888300507022728
0.346389997139621	1.23664160019561
0.444308445486677	-0.370319118025164
1.64560846985042	-1.85871607193958
2.14892680893203	0.237439857551942
1.37192361523884	0.51202326162957
2.49046913084763	-2.25482385889048
-1.77157547092274	-0.425673973466859
0.766586609250129	-1.88572598516356
-0.909788976960029	-0.664414148476773
-0.204662556967883	-0.408854261759326
-1.31300817713879	-0.343268149935183
-0.279297150203444	-0.0330365855828681
1.96327118741527	2.13604575375499
0.522752983201566	-0.923981282771627
2.53903770834236	-0.368675159635849
-0.923281832526682	0.237501081967976
-0.567027906608803	-0.493097104776243
0.23706861028132	-0.394623195414873
2.51849541109543	-1.9868416561888
1.5745816533236	0.713099057796838
2.06788758042409	-1.62742751959714
0.908577517558549	3.54435576321349
2.66800634914531	-1.26011482296706
-0.869552246237334	-0.889659937929262
2.46074276417772	1.50546236414774
1.7351949695396	0.457003633908912
1.11387095556275	0.977797755688307
1.12772782339251	0.0562597489385298
0.448977508882513	2.26205537066704
-0.111251166883322	-1.15212398844331
2.60257847409509	-0.0247194812189435
2.1842121787236	-1.40126438793116
1.87444725249747	1.58988600926047
1.44749778726531	-0.120750945108229
0.29748972953062	-0.152376650595394
0.461030344850366	0.692391451071007
0.706383418819281	0.938815804904756
1.01300465956934	2.11800383271109
0.856950074077348	1.1029196096959
1.62787227302287	0.457312919391038
1.64122511725471	0.887226464341227
0.656442266285172	2.81305720777947
0.514721261373672	2.73581383927447
2.25363047292512	-1.12957638918903
2.05586473194036	-1.334923091124
0.978983657543863	-1.97211090278448
2.18463873476081	0.10205991319978
1.21188591150507	-1.5582536913974
-0.0772277383285431	-0.465631614683655
2.50720475997391	-2.82303812482446
1.87500887058583	1.70173063163588
1.1063638536343	0.327970866288236
-0.536188782307957	0.210962276363985
1.24746486301873	1.42234260839529
-0.222984444721599	-0.637686166197194
0.497502100070494	-0.415990201344958
-0.724382780619193	-0.532594091617108
0.766537451352373	-1.81975734836737
0.753404991218354	2.41290698941055
0.598831961631383	2.82186977314857
-2.29685397336447	-0.655530698981343
-2.27109622040066	-0.290475189813827
-1.75069313371176	-0.619764804260853
2.86747323562795	-0.670541352765803
1.65115200123943	1.78993926154435
-1.44307855131549	0.321660482296597
-1.09237054464273	-0.858227560576884
2.1380267374486	0.432685614701261
1.73958849552415	0.0214431838200105
1.49340563099997	-2.22653304341786
0.679355965842632	3.1723459129214
1.99742378408164	0.15108770429304
2.15944365128464	0.639273982421474
2.02022815439289	0.618814350169149
0.825173021320007	-1.8004725177724
2.80813775047617	-0.870684136624172
1.84995300183091	-1.63784143696285
1.04582683040149	-1.35554289416772
1.5833000152979	-0.0818696708059436
1.28232646333883	3.11205638248032
2.23025868899966	-0.0520382999048647
2.08607183115458	-2.20290472520136
1.73096439628671	-2.39676644611443
1.43677135240677	2.03676601249429
-0.491022664311481	0.461458706908989
-0.524140147805236	-0.520333089799678
-0.780715196622618	0.181719040377667
1.90269209169484	-2.04572107298824
1.912035632664	2.481248007073
0.944704099158014	0.891984278022158
1.95467254409129	0.882732599364689
1.13559524114471	0.873926573979534
1.00195422582047	3.47249047033909
-0.415110270356948	-0.891413734243889
0.43472869319874	0.867620059654554
0.78825402469436	0.288561613123239
0.739991762918935	1.16842857202505
2.57998515686099	1.34613518949321
1.18565859205704	-0.652357730528301
2.91094206681044	-0.502527151004819
1.04605007290505	2.00362525678329
-0.731773932809218	-0.493796887981281
-1.26241616552791	-0.877588191714611
1.36173466421721	0.748482608856036
0.565974752888079	0.0552168847312282
0.242660992188568	-1.32239923849751
0.553970032611189	0.621748745210868
-0.26196145329146	1.4418420943605
-0.293343991149289	-0.177012484487899
2.099246530721	-0.71671769662224
1.30539928878891	3.0009982613927
0.619973935804391	0.638900270914585
1.13337140903194	3.2959746105229
-2.28582100995364	-0.244094566217995
0.698052797885219	-0.211323975523485
1.90975484555253	2.09250598182378
2.34219062422399	1.63619278946289
2.88377574757668	-0.877595844512102
-0.234963171002599	-1.12244207638352
0.754702120515701	1.98229574085378
1.44690324272521	-1.63151634957472
-0.493762183931467	0.340746004561687
-0.800604910251077	0.471919834736746
2.38117579512072	-1.73647901413682
0.554164085884895	1.6440679970378
0.49427602380634	1.99333443230195
1.48695065283904	-2.11508200286059
1.76554658487026	-1.73478899064081
2.45124506053631	0.850141998346202
1.16233443315092	-0.312200970710458
2.33924917752568	-2.31437312260958
-0.107405889636041	0.991427235994689
-0.541581010755333	0.442124649428917
1.60724455075639	2.75309495873193
2.26934360649495	1.10689946893161
1.2540138680197	-0.150350202110835
2.29549992870166	-0.431390648082982
-1.68961328002666	-0.606243493451669
-1.3294485738153	-0.134653694639538
0.209532037977083	0.378957461875037
2.40464478998529	0.292967379723961
1.67240217970613	1.26547577991815
2.21497047360763	-0.443958332839391
2.43331730757302	-1.86150133763832
-1.53141697384729	-0.807710181384036
0.784104177463082	0.944793791233874
0.153935648425743	2.20016384065921
1.93388489731413	0.058282686136488
0.0900448839199704	1.99921192310939
1.40580246798006	1.00540518771324
-0.201687707946474	-0.172129088655213
-2.12993819111178	-0.375062375849519
-1.20017296211662	-0.814695490512881
-1.12617545531533	-0.607341992999881
-0.685854753069199	-0.948026208469951
0.666393427306215	-1.07091642050358
2.94346598415966	-0.0969007440479347
-0.426514486875848	-0.642655029390777
1.74067220962837	1.63520011747024
1.40760057896488	-1.26518602125509
0.771109780634204	-0.559656804315887
-0.359679696995852	1.48841813504843
1.06087970678694	-0.0931192127015806
1.76583189801958	2.40916652248009
1.91617680641252	-0.966457683214779
0.644336548922638	0.828930669381362
-0.46411781681964	0.0998047927480275
-0.596967071913048	-0.82509791287927
1.98397350264405	-1.45445358846588
1.30668624354266	1.25636904228139
2.58042712675411	-0.682430024258017
0.407491884897824	0.389197965797326
2.05510034537405	-2.13268642498226
1.33102486022678	1.14572727271383
2.28160460635189	-1.36563052659101
2.1900903615097	0.340837934414187
-0.739776297236445	0.370202783197839
0.567172890352763	-1.69039168186235
2.07754205455311	0.502081678014551
-2.02602115063247	-0.865245898084332
2.43677319239286	-1.88490213497594
-1.0308883088147	-0.0930728488241907
0.989988462026128	1.58959279195988
1.78669696079995	0.451217592291307
0.593642415634455	-1.15577540831321
1.55924687674604	2.67197413064509
1.69238479696056	1.0670301219551
-0.0137885916234006	1.7116089096537
1.7291503035639	0.119796433748901
0.818037707657533	0.703340466608488
1.9074996000483	-0.759650539475331
2.11432985543767	-1.75580308001012
1.88577070558738	-0.068426669386822
1.84061121176177	0.951243617763306
1.07155904269114	2.03705198576948
1.68049861949245	0.502026666417655
2.60592604689488	-0.375795178671171
1.21037995450835	3.04586831159521
1.72361596610991	0.024937462630896
0.0200401334530714	-0.526144938252956
2.69973827880244	-0.504983279931576
2.37512671276142	0.35935310416425
1.8448162086341	1.07832968288713
-1.79792487904438	0.0789458137427793
2.26250416083585	-0.0595079607264976
0.944780789755816	2.50688722248546
-0.154858490698235	-1.30748337834116
0.722169642979042	2.76842761417047
0.469823375248737	0.0538337359842902
0.816397893220895	0.441125967054024
-1.04359821024016	0.328599879110672
2.02640541330652	0.326419052971427
1.91856172105911	2.13917094915607
2.20513308772117	0.520061832358283
1.87569776362302	1.21905367768961
1.1154338981458	-0.799604049242617
0.986524046340059	-1.728729243984
0.807860931148368	-1.31461773509964
1.03231377667131	-0.38158990025586
1.77045642632217	1.19249143446559
-0.929251455343327	-0.0690163698433427
0.341868504866647	2.53720562933468
-0.132168892705838	-1.1934885379862
2.13034125554877	-0.112709616755517
2.55393619438155	-1.05479629033331
2.16709146145935	-0.130932329605091
0.675551496034709	1.06548489394828
1.42240194553691	2.72692790810012
-1.59353859728681	-0.803544141923109
2.80680406369378	-0.441494374577295
0.34409505446673	2.33283579084234
1.09099020874362	2.80626188072974
1.9979666788712	0.38157609425962
1.39510910902838	-1.54335951802358
2.76978763551579	-0.701580164439192
2.05847014386329	-1.58319635043491
2.14599128428015	-1.20629528592843
1.61405364028849	-0.0478949324733753
-0.47639535832326	0.226384968133767
1.51483924256165	1.74357036276507
-1.17670054429006	-0.114875464588652
0.918584225067723	-1.05776144488987
-2.48123192027366	-0.6718320836575
0.199709339705116	-0.523222817013583
1.35973940511037	2.45132310814866
0.988823772530538	-0.393338069468567
-0.333226006975486	-1.25017774316793
-0.839837915803632	-0.198043643034361
2.36830617564743	0.87819829345036
1.18935134134004	2.73987359147489
2.12588946568709	1.53728091068721
0.574660588166359	-1.20579476783851
-1.69400821109172	-0.922287192147483
2.2038744706872	-2.47046771679834
0.154718352976757	0.80756288046536
1.0084550574294	1.45089231222159
0.839636397183418	-1.05431580918668
0.675682851872126	0.992880997880724
1.88788997849373	-0.70093682233317
2.28133065360845	1.47868673088952
-2.31438414562792	-0.387274905587973
1.69434977465041	1.70732580277985
0.717002764688908	1.63381741213719
-2.13086347132963	-0.350822703238582
-0.852146487875015	-0.899658246656331
0.548776286136393	1.33269117345954
-1.9171359681244	0.180997886574974
1.56951263656872	0.0427001116296035
2.00718836320048	-1.44757409024393
0.796593686944973	1.95467374536818
-1.80756627777856	0.0761871465905646
-1.60788313362851	-0.165784962884497
1.6252093750804	-0.956939844222834
2.46090651948734	-1.82762996974227
1.2125607356648	0.464628828376509
2.10042104294611	-0.789592039669172
2.44063002890809	-2.82438002585228
1.91740085511073	1.5853756249588
1.61946883309324	2.48652433594871
-0.157748889951572	-1.27583634769221
2.64751336961177	-1.10343934268664
-1.92709557379505	0.140719486653538
1.95156504402657	-1.04467627052316
1.3150795453373	3.02739383411117
-0.639593675720075	0.579063024018612
0.699530949194236	-1.34260485091823
-0.679203729296117	0.834056404929553
2.62400251183437	1.08732325428914
0.115915113268759	0.357776301437375
-0.998231583540901	-0.214300560571621
2.17616801604692	-1.46689897873756
-2.31540409271505	-0.134011072021529
2.68005009160762	-0.39800709198204
2.1423014167812	-0.493368794370808
1.65468557107996	0.0970859038165766
2.44002437688775	-2.19392856687808
1.01156369537796	0.0269604435825518
0.195555588642114	1.45232302922546
-0.804145293370866	-0.517372925218656
1.46654996816415	0.437307244154594
0.648613301204063	2.72377819689744
1.09719541960501	3.3329152454867
0.145122161764501	0.0310294893691164
1.07695519207096	0.20977813690853
2.49556757774371	-0.120496217719647
-0.154431270205036	1.07799336633066
0.811511257609399	0.531781465743422
-0.7611910154366	0.497169630236413
2.0320103514339	-0.439193195806441
0.997362650297057	-0.517781056230063
2.38327075402663	-1.89853115407439
1.06813919188924	-1.08893101554478
-0.391758771913276	-1.19695242927803
0.0866504495567682	0.418419937146779
-1.14313106427851	-1.0318206513526
-0.430283674932536	-0.718608814606124
1.80337386166544	-1.66198902432089
0.437557902534619	0.992225743046445
-0.217547639760852	0.767182492775346
-0.325048865890078	1.50241739662282
0.835125014505123	0.872251638758873
-0.40314779701145	-0.556951131138805
0.80586483517824	0.651171482429781
1.1876025974875	2.91248573219521
-0.382694985943591	0.3936093206795
0.449082993862103	-0.108683231160454
0.4190477120505	-0.737623679016214
1.40116308848892	0.527504531587713
1.5149223231823	0.738004654090575
1.31025462001113	1.97314376787188
0.67001167293434	-0.951934892357675
0.186822660623499	-0.0401825544843053
2.50822850684128	-1.94320358132857
-1.31948109158293	0.141288078490668
2.02626052127226	0.577710978470392
1.49441805685484	-0.0924257364973574
2.54563245986995	1.44354885531248
1.9002722275205	1.49250692668179
0.957177027402432	3.51567136779823
0.365248939754238	1.49645479263854
2.04216713305598	-1.42155161210067
1.10969618884495	-1.87174797150561
1.7769956770466	1.81995645326635
-0.0198074087996346	1.99689957627451
1.77489611910069	0.965803206101261
-0.833954358471472	0.992980142122697
1.96329951137276	0.36686609326243
-0.59216044830225	0.27779117390364
0.594742660735284	0.784324172602457
2.03701721957498	-1.27484843600092
2.70418548470666	1.2762944390148
1.85314918732266	0.190130809276749
2.32166290386965	1.38991558786005
-1.95754867144848	-0.358271673488897
0.320443258482115	-0.762582883347411
1.79609373756174	2.29877414416822
0.532147235494434	2.44596488380837
1.73220582352559	0.381957314412661
-0.108336664782976	1.22272981273757
-1.9753753229934	-0.278267055302064
-0.244913430535593	-0.722533378424284
-0.136896131492018	1.71171275588682
0.98220970850987	1.88504681350013
-0.0140053064549195	0.43595823926737
-1.46625873944805	0.231709332858313
-2.49874055955167	-0.425839422060708
0.40170657077904	-1.39410874738603
1.09292067976324	0.280348077256708
1.21711743497934	-1.52530568125129
2.27846814978377	1.28869968472322
1.83597378026672	1.10348969935733
-0.357095008737248	0.392981157714801
1.24734681934197	0.920743884306712
1.33693756571014	-1.70649904517797
1.89937532881053	-0.920149141212303
-0.450254333124433	-0.343607004198249
-2.34609347084941	-0.624275950843348
2.79210694766284	1.12139225009044
1.3962615894307	1.80441891104355
-0.401781255544157	-0.137988902240542
1.1382268478216	0.601616258510778
2.32019581216235	0.775546707172325
1.78126041732432	0.377205150334814
0.960474610499696	2.54679071020357
0.0457962240563926	2.05052823324574
2.48931214488083	-2.16204272520273
-0.308260451907843	0.833873098456293
2.08859784673036	0.133764708196622
1.780539198176	1.34351476900736
1.71401170316364	0.772943129505107
-1.73527264434313	0.0693729035126506
0.4826561102274	2.49544645665631
2.04614013944817	-0.0451287867853987
1.76372698599149	-1.42144113812494
-0.357567655661531	0.312785472014606
1.82338933963854	-0.942966107685044
0.729469523976138	0.0459273740454108
0.856943143200131	0.963198975947441
1.784283700347	-0.319770553670437
2.15686031667097	0.949681381876777
-0.779260027452509	-0.344634748533768
2.57738335110898	1.12407078776532
1.14318700449946	-0.454528448037982
-0.128608072227501	-1.22402425691036
-0.212316484868186	1.36757738156939
1.53688478873379	0.788611568175732
-0.0800498656226963	-0.39805455830121
-1.09374736396437	0.268505703182013
1.41037165391747	-2.15642153964308
1.63965982548337	2.85352129662392
1.1341004658186	1.23601559464338
0.144541032062506	-0.351483038442794
1.26640584047288	-1.56608350305723
0.091320603452374	1.1537337879035
1.3729929409638	-1.78393903710502
1.51597840611135	-1.20812440383291
0.476420071354149	2.0612557146754
2.69125644422227	0.504347803693623
-2.13842614412487	-0.814584055793066
1.87286705924743	1.05058395853425
2.445334542025	0.0390991582630989
-0.231479410207216	1.12065627570804
0.355514683172422	1.20159219637543
1.28297879541858	2.14965715384402
-0.164760961261993	1.32957897988137
2.4560149040787	1.65466860734661
1.4596167307131	0.194455373224511
0.211156383011489	0.238473241626941
1.53140452261889	0.538079963251813
1.9914141909597	-0.944301682998303
0.382814123027228	1.75744227074943
1.48455634204743	1.88964381461205
-0.22149329058285	-0.623418807657501
-1.93713298765938	-0.803894221099656
2.45651375764746	0.324791631464305
0.796233238008155	3.10389334029207
1.72642801461002	1.43622384228508
-1.95274477671778	-0.73815943204932
-1.85615328436832	-0.21827548959461
-2.63056194061183	-0.591175034484421
0.606986211395808	-1.50128003986881
0.28655513067602	1.2591601305901
1.14374019114237	-1.954076713816
0.807236607548266	1.01624219646141
2.31198420401592	1.15089669128876
-0.850244727024295	-0.137649227668779
0.491121649837001	1.86414123871355
0.123814024694479	0.437044463324275
-0.799757611737097	0.277906185089559
0.607470993719499	-1.76073181466304
0.728000245299236	2.61811996403958
1.31616463138846	1.38352018782054
-0.564041793819847	1.20986299865614
-0.414660849057251	0.0377682682789315
0.990469404748635	3.40069005555209
1.95572651281284	-2.10968359917373
1.1024252161524	0.181638424438342
-1.35854839678524	-0.44301717241525
-1.98087813840125	-0.811356626315203
-2.24401140218968	-0.258234340158941
1.20513261808585	1.84147344142722
-2.32499981077348	-0.626613588499348
2.79945182393278	0.0674051670951535
1.48887286184734	1.41584747977895
1.04754993581704	2.86556202134308
-0.696319768012883	0.44748114348523
1.67866818267197	-2.2715886327563
2.55117106020771	-2.19709070893383
1.5093053311222	0.302168349971764
0.118462325220563	-1.11420661940139
0.772203509116029	2.61456820644472
0.906587944720355	1.02766662965092
1.59374820719425	2.89735600865033
0.969781538606595	-1.70776240089385
0.201968676508764	1.20929369675325
2.12355889435233	-1.17736050026483
2.67646865813476	0.950624023661982
0.0995172211463597	2.17623799359492
0.600600783651152	-0.0347250058223391
0.766253813991433	-1.31625070884762
1.88105182053882	0.935461786492314
2.17125912312251	-0.0176816253144347
1.01351764605043	3.58268843653997
1.99533226793523	-0.139335912327153
1.11910249402108	-0.40625538835591
1.10802423515748	-2.0612275462121
0.976910861645548	-0.40693797219419
2.62513703228509	-0.046143857182935
2.40545864897129	-0.147047167894143
2.37636799652401	0.781680102307637
0.773934875027682	1.48539458332435
-0.701517288401885	0.0205374329731664
-1.57981488632183	-0.19441444562318
1.19927267148494	1.61999794314827
0.998757885706598	1.31213947534928
1.43799807084336	-2.15113240230816
1.13781640496382	2.3665544010054
0.93705390301104	2.28939271159669
0.700062349444315	-0.942546288025532
2.55089786017839	-2.1020303022848
1.81411750976602	-2.43136696924859
-0.801764091466437	-0.83043112270935
2.694176790184	-0.944534715858561
2.03286388671466	-2.2104979140599
1.09400437389176	3.17769569320582
0.352131424049594	2.42107511215383
0.235045473880379	-0.801741660217187
1.96831725335496	0.449120228195489
2.04838840172226	-0.522727897984903
-0.452055829417949	1.22782218694681
2.72794176500519	-0.966537511968464
0.251884304087183	2.42732278823277
-1.55575025452558	0.383689942729767
-2.37100388980119	-0.166338342185096
2.45606881347687	0.341569027452411
-1.38236783612261	-0.4578661117811
-0.652128585573482	0.577816705434246
0.509075235754816	-1.59484029164519
0.698363630039631	-0.853483770891048
-1.68510763525501	0.0254810347431291
-1.59718969768843	0.299574564507881
0.724991739974087	0.368212926732224
1.47389606927474	0.275578509640123
0.164196672563927	0.318855236178927
1.88616811889533	1.25369820749342
0.839468814757696	0.561451155051918
0.138827038627112	-0.290282593861331
1.71329317079944	0.0687931590107165
0.860003300664522	-0.779720911012335
2.733490733055	-0.489405857951866
2.00879501368531	-1.83657173523318
2.48428110857301	0.152992745848445
1.39290779741231	-0.741172725128926
2.49010288679375	-1.86508534549297
1.63077651177882	-0.312646785327588
2.39979572936462	-0.0811692911312683
0.322408657307232	1.76034841444333
0.281752278319068	1.80914793015254
0.966995921855454	-0.609185879328365
-2.37780726993316	-0.738294899738235
-0.944195267881724	0.70599371706368
1.30459228987355	2.37608194641103
1.45797159325606	0.528183593970929
-1.59441643679007	-0.348081322925972
-0.872027215064858	-0.422772723673879
0.253701680403322	-0.38089316474678
-0.852907718775607	-0.372089903109092
-2.52177535609579	-0.51564478947319
2.03657955036212	1.6765970376993
1.30185795690322	-0.949697360422533
1.50648807788018	-1.99356884779197
2.72598268155857	0.609288896656793
0.339544993998474	-0.813522253914013
1.71221265050425	2.50280101073258
1.12169137204612	1.12452627819501
1.18184086162671	1.5407294624759
2.53418469870828	0.901257261907901
0.799437248612499	1.66247530102596
2.61813505291964	-0.214091890348853
1.98085215340143	1.09534358394368
0.641219874651542	1.90525455984954
2.08071578958771	0.235214971705232
1.45769129018612	2.28722516805189
0.411120921406325	1.96411864849794
2.08226610329026	0.824876362258776
1.62108178290808	-0.472508045345889
-0.793914224923157	0.116730116697263
1.40877810235216	-1.53846501679141
1.11418720761121	1.91284077104966
0.780200145690429	2.85924553997077
-1.13371522595016	0.172237138594286
1.11119179535346	0.562452231992846
-1.34967508920896	0.0937702497535524
-1.10264195239742	0.399391608396217
-2.2573860920163	-0.430114405702186
1.36535247021767	3.22770406333936
-0.267105520683934	1.60164276946476
1.53600005970858	0.316093443055914
2.05090622263713	-0.987548351233847
0.836965830088651	0.312181715719511
1.99253094269335	1.16768874791345
0.458707149621552	1.86321183505694
2.88756504972099	0.384228147886157
2.29914351076676	0.699594644193741
0.566539946652377	-0.192201721024683
2.06193954964573	1.12100401974324
2.30421472462518	-0.397171503431448
2.18916982288563	-2.45198869457012
1.6082819099447	-1.85867046190595
1.08100031565332	-1.27170435406469
2.20442158465672	0.67972886613795
0.0092094766560538	0.954274233976215
0.897767918214535	2.8931636648139
-0.0317792144873977	1.40512639638753
2.50800519290908	-0.334583754311355
0.908942100570594	-1.84455245444069
2.05257789684795	0.209001857642925
2.80541733654623	1.0763993796733
-0.0222314254603991	1.35757283695724
0.83402555163996	1.63169745187327
2.38177332207361	-0.797554555126321
2.5228088007169	-2.11866750451486
1.92665895697844	-0.549877206132487
0.500463398461744	0.51136465058489
2.35321140181346	0.677642773838915
1.03379715650074	0.913079324548546
-0.350423939642477	1.14477862067591
-0.289942248575341	0.779026387092887
-0.284909571839321	1.14068024916856
-1.63574158118927	-0.702873748258931
0.00112712088858728	1.76832023662107
-2.20568043610964	-0.374305847425165
1.48116120578177	2.60328872487809
2.79644845184736	1.19797869890753
1.72070046191382	-0.399904142063422
1.28372511863939	1.63298571072911
2.43343742863091	1.39266034401649
1.09601482961199	3.57332777967203
2.54261025192779	-1.73076199507017
2.37892477605751	1.14446554739864
0.655197704010757	-0.309312672671234
2.61039719649056	-0.112018929889226
0.669674962319418	-1.73765996659429
1.55483477675107	-0.48391961476024
2.58931779856613	1.5274891143438
-0.0705702849571747	-0.0683107843534211
-0.621436914177693	-0.706410039745307
1.36368560200649	0.588039890607608
2.43134715544676	-0.79823970418792
0.860657007306309	-1.12857875363987
-0.291658513028216	-0.861040273020061
-1.06118396962697	0.802679428022359
2.54778256803952	1.18528093479111
1.91297557322591	-0.93644060937011
1.44994602315632	1.23632031855434
0.161457994509107	-0.88366240836924
-2.07021555989136	-0.122719650761593
-0.741345050704923	-0.745522694338439
-1.41582007769397	-0.94792800981815
2.33867146321015	1.14155669433762
-0.34697894821672	-1.10837873651609
1.2799304205762	-1.61247642393642
-2.51062022499536	-0.669764624720763
2.07366330510392	-0.34308040825385
0.258945745860809	0.472510199696411
0.605558256757832	-0.673120873759035
-1.49336598841654	0.353011163718288
1.67995552323302	0.280801767960506
2.45367458263683	-1.74865321238979
-1.07507384490906	-0.410200370591446
2.92346733341128	0.0876820780413289
1.96788420503037	-1.53561134530238
1.3560376580766	-0.121250076020222
1.26838770042906	-0.15349998787233
1.92970077790407	-1.76476492575478
-0.970805230627899	0.421402285431395
1.79314008992109	0.249051813914514
0.00369756547721531	1.69194517745873
-1.84796849306492	-0.385509882811872
1.35439735327144	0.254905449707302
2.81381982808832	-1.24138543765262
0.670389877620711	1.78765025906138
1.02338600482446	1.24774388882707
0.782702210574896	2.81654560371244
2.16065628281297	0.509684806708679
2.71712239963185	0.236121851148781
-1.13082338603178	0.524004099331322
1.34857394069609	1.51074332438528
0.433655345992234	-1.16709192422263
0.572404972915964	0.850173367352244
2.84623671161219	-0.784471079542597
2.48572236856458	-0.0131389047439171
0.782811932415386	-1.52326549962201
1.97988324117465	0.192417047291341
-1.5310142470682	-0.722021300244137
1.90072973903561	0.237666471256124
-0.0767309623708462	-0.725158402450042
0.606030297831052	2.71212270421261
2.10950668960697	-0.31563055539622
-0.768234853076486	0.44867731539804
2.04948495840343	-0.167444148192498
1.0904048355569	3.34684275315893
0.30591282539917	-1.30867041383675
-0.981137146959582	-0.708995691820531
-0.021022866994933	1.51813700375986
2.51814290187951	-1.48160278932509
2.08968898670026	-0.272551062617558
0.575453140644076	2.77279653363458
1.88200367859315	0.161668819596596
1.21845038063875	0.87954339461091
0.445846298948185	1.78584331795287
0.420002991624334	-0.959715224065221
1.77645123518708	1.00847412740022
1.64909864674461	-0.628624175104626
-1.01947779344644	0.821382571431281
0.287513992246575	0.772390203338376
1.43830290723676	2.92324697895031
-1.46586974348086	-0.078763473185851
2.67324804410122	-1.97659031097674
1.02705789939651	-0.708745070209527
-0.145785660101011	0.645977436781548
-0.529552694534958	-0.0110812867504986
0.254070979202802	0.0446307012923561
-1.61008228513681	-0.404662158155424
-2.06488451097507	-0.477825164537761
1.95213131164438	-2.50559656968015
-1.275789280832	0.2312579778878
0.593849698180702	-0.31337438870593
-1.18774642917593	0.265733712682763
2.94299734868862	0.184879447602699
-1.63146665070742	-0.904104324778396
0.0180880045411727	1.04994186099585
2.40321363615378	0.802813230902293
0.19821820111001	1.38022599183505
0.468149519659494	-1.14900025830479
2.00152316063572	0.386163620570348
-1.18612508802549	-0.512005992158267
-1.49401227693352	-0.0226789250932584
2.23726205760025	-0.379139171008477
1.93184255386393	0.690843364491345
-0.412563671324602	1.35137366386187
-1.08582006029452	-0.862190096431776
0.342860647506399	-0.341532522038392
0.829663597840282	-0.734696275704567
1.48537277238881	2.82540598689033
-2.62304781837529	-0.648522287944638
0.169018705420732	2.24947879742505
2.2250757613509	-1.3764685625485
0.767905568102785	2.59777648746211
-2.29500400149801	-0.582407431013031
0.495094866101991	1.1938229946514
2.6572700110273	-0.995066112938306
2.3618139521687	-0.055606673222659
2.70912078553285	-1.43446788334632
2.15318257073331	-0.171250728466158
0.172575223335716	0.0698374668137126
-0.402367516055963	-1.13635184780845
1.45187461178343	2.37737943105541
-0.158303847121893	1.35934584951934
1.78734385352621	-1.97532723374004
0.0435623285364152	-1.41576929492075
0.376555152980889	1.17218931541847
1.52071078089975	1.77292772733463
1.89908013746538	-0.193305394852203
2.4282927633061	-0.27667282187634
2.59906734094139	1.52407197762985
-1.23026752289968	0.00597848319953752
0.571179118425494	1.43551106467956
2.54636220327639	0.690343716260164
2.21698566504485	0.26329548080279
2.44083526013807	1.65699073290117
0.514156383729425	2.72767798968832
-1.09830514216441	-0.668352794880681
1.8297759762211	2.23231826682943
-0.328399479812975	0.344811557749212
1.90089647843804	0.822285557534319
-0.611128238448225	0.751811018019855
0.563346635924769	2.01896374938629
-1.88210316967907	-0.655874424255557
1.49663242166491	1.75299138468331
-0.254839496918169	-0.205992642271002
-0.0606791398739202	0.691340192015681
1.15858648981188	2.95525553022172
2.20908434507917	-1.55741991322486
0.950315831852918	1.01140316217728
2.31616589967993	-1.29453291677482
2.38055457231745	-0.397505024494373
-1.55122176682794	-0.830977591552502
0.345311847692494	2.23522517211088
0.907221024063535	-0.732401380974657
2.41633636365285	-1.08918896462996
-1.68709186681234	-0.757275303474993
0.239791917642181	-0.707050810611788
0.657506654226442	-0.593422491869283
2.29563648455181	0.110063308240885
1.95032206609983	-0.0178706153412506
-1.32930215230986	-0.621888610068521
-0.326446757964089	-0.484926768138691
0.274168525948676	-0.377504571506144
-2.06531475138933	-0.550586363342889
2.0438758375877	1.69904977690892
0.829505187864614	2.70113208526805
-0.815041000025941	0.0681091837450954
-2.28217615487192	-0.761473435162183
0.458231692347507	-0.0301535129132292
0.788059763286816	0.752251308677764
-0.300511400306189	0.400032973222612
-0.731892822281163	0.668934891747645
-0.389761586441076	0.424089601966242
0.355856824778392	-0.073715904225884
-0.228933751127516	-1.07040722790868
0.749769892592242	1.61552267459801
0.156289059938565	-0.155785029640587
-0.229148552878166	0.658107000653036
1.68428692798179	0.099931678965314
-0.587632992153204	-0.685900469128534
2.61885266515015	-0.456293124314018
-1.9670690231528	-0.378384028566131
1.78512839350998	1.97892805877438
-1.60826219018581	-0.0712354469894876
0.929026205039129	-0.651961557725779
0.568177729245616	1.63893471351052
-0.477254490476039	-1.17352275273415
1.45678927930414	0.650356137675881
0.763120653735072	-1.47340995145966
-2.29746670164255	-0.525700388843088
2.36838564685794	-1.37267886039543
-1.10014543374906	-0.683409787727276
-0.998735944921054	0.0835968869059405
2.00139826044584	0.391771912342421
0.0534472347307181	1.39007293028996
0.254012962273877	0.233712699920273
-0.77552743294502	0.0528739531773179
-0.0742141913320058	-0.323367593657723
1.7234891032713	-0.856492906746141
-0.0412145213942143	-0.464717734693026
1.45105895431897	-0.752576407726625
-0.481256651918284	-1.16933301580342
0.886351566379982	1.43171785315625
-1.54597608952007	0.189762080992016
0.979710664142704	-0.224861327919432
1.16766951256069	-0.925947048426218
0.524313833225339	-1.50619982130089
1.03894813917966	-1.81124606866301
2.41957690358949	-0.146669322698809
1.61634139162468	1.74209012677578
-0.0841612989725089	-1.21665628365226
2.3902494492811	1.26225392040151
1.52143752246649	-1.02512397240893
2.05217676673925	-2.07337364862725
1.75143130339424	0.270228781982048
1.83599013521189	0.675622870552453
0.16006066361595	1.03827384029677
1.93420369392373	-0.290184984888784
-0.0879765289222304	-0.875591461696422
0.181362603016673	-1.45481883420006
0.773791366927564	2.74761955320268
0.907226856883494	-1.79172478752506
1.24622760909168	0.168709557924067
-1.01006742966255	-0.020776461586476
1.08131264846123	3.00970403087102
2.04481152843465	-0.0632899143970129
-1.29072090703553	-0.691779537565773
0.491201576159196	0.877756378175799
-2.38378784316147	-0.613837437508128
2.55815294296129	-1.78589096493513
2.62792314953061	0.844498196534835
1.54462663616869	-0.540130797162899
0.572745790373951	2.81146961815928
-0.382429234243604	-0.554452227850452
-0.472614025789781	1.34496748440235
1.14644444064196	-0.555112809627376
2.55952870635375	0.675860090826771
0.0827081160685475	-0.506880856660111
1.6737638201599	1.05618390087267
1.37697465839858	1.28490663245143
0.759417143556711	-0.414284218720098
0.239876012399122	0.165549536275866
-0.766657076088365	0.252790452726572
1.0654777718271	2.54924929912996
1.53251803838773	3.01999404146146
-1.1124473568989	0.525847888648965
1.07142913140805	0.532197007988366
2.1413200415839	2.15497480629668
1.00132206811846	-1.25021016465751
-0.638418552909726	0.435557890474492
2.07209084244034	0.324312557960711
1.14874543112707	-0.62660125874853
0.85150881881521	-1.92114257578869
2.35039682852831	-0.251946829547295
-0.54602554421796	-0.268914385784221
0.0287888294735473	1.44780322087871
1.09948539190144	1.37637361850307
1.71876363383761	-0.811772486249549
2.15084443880848	-0.944635014950592
-0.642246086324507	-0.835163923093126
-0.323835444670548	0.429823612286311
2.28830058474799	-2.19353083987405
2.10723067632472	1.95506603952014
0.956898000846363	-1.34286890961389
1.0835539250228	-1.27588757925614
-1.42035766892956	0.571391951449163
1.15353915692665	-0.0771296799216562
1.16718698084341	-0.221636283587269
1.71042531149916	0.0543306577414325
2.29197669880941	-0.521449874425478
1.12982847245487	0.905920197692383
2.70792234290559	-0.412570205894526
1.82681382715408	0.349380590824083
1.68684696848901	1.76899844375509
-1.46968243654619	0.208733505250188
-2.128406014145	-0.318749081763958
-1.18218513570975	-0.895306688086972
2.79149614705778	0.328282351907942
1.6253915054678	-0.222104364247525
0.370833639611224	2.65820688896674
1.08685208408976	-0.957846448828685
1.83285022145709	-1.41256408662532
1.05903827449635	-0.679326129978929
-1.00740701599971	-0.294705024557488
2.15978975472537	0.232627035541865
2.00046565525034	0.271654179510796
0.525334754422398	0.814059436140301
0.0382131536318868	1.7223350243585
1.47485172298094	-1.15789757451768
1.0880377689117	3.30774990127653
0.402080894315187	-0.818919614118471
2.86723329349361	-0.684457612989318
1.51225204608234	0.213185478363815
1.98442924983246	1.69587556392999
-2.15526744972885	-0.27775314723955
0.633759954080651	1.53501496752921
1.36964888596878	-1.81704027137747
2.12196606727988	-2.18750119612634
-1.8172067476118	0.254582273084792
1.34664633389935	0.93668231438992
0.120236835219612	1.29417012841097
1.94195838605987	1.03649389889864
1.15403323843388	-1.93387197027766
2.34931777783115	-1.08100874492745
-0.821915287765763	-0.599854375675714
1.91926249474402	1.07058448394092
2.19402401431612	1.821250638256
-1.96515999315641	-0.539743083779561
1.81361040372409	0.385040033019938
0.580259797006849	0.0536731064064458
0.592410463475809	1.55489319748188
1.86150405928759	0.372391079551553
2.41474626682933	1.58247536977055
-0.90474743159012	-0.11114587556495
-1.36911968494734	0.109418610441874
1.57582869096414	-0.154206681372769
2.35886804411345	-1.12967277821643
2.93415437435491	-0.141999838172798
2.64119425957632	-2.19842172759519
2.30383119012754	1.68092816123979
0.808087991259302	-1.7028117808332
-0.0422266940362971	1.20688688412252
0.0749167312597999	-1.45330426586456
1.8078538322432	2.12124918606583
-0.110476188953758	-0.719390055579535
0.389981411991252	-0.985484052928073
0.946174022421346	-1.71120003174802
1.52077717123201	2.59981536178941
2.24778952004156	1.25248888688289
0.514828894499866	2.0534088033658
-1.84391645926441	-0.852604940958824
-0.880396816539858	-0.164224505191511
0.464834583172121	0.382260835016874
0.825316728552848	2.17309291490651
-0.99149034632226	-0.877431303142596
0.0515195597801082	-0.0472331214516633
-0.487322779182367	-1.02327035569736
0.612460219793839	-0.958194665644496
1.82022909201256	1.65039689140334
-0.686797956558678	0.488723123199924
-0.851183944854822	-0.73273584271643
1.07015792085905	-1.95098554462328
-0.262645278948696	0.39789341765011
1.69320491563637	-1.11598897927995
-0.755358455013829	0.498336432781063
0.543754097291942	2.7208838654692
0.613301234511598	1.75350336116889
-1.27965305766667	0.688333145473826
0.958590592590964	3.39359036955587
2.75728220143914	0.152325096543837
-0.340005791580325	0.587230782384104
2.30382928771404	-2.45802253563427
-1.89551253890752	-0.229546716769389
0.279145301370303	0.273064495246303
-1.17307502264733	-0.444776805852672
1.57902238877879	2.113173917288
0.386550340756849	-0.910722044447688
1.05710235934633	0.0746017768699463
1.43939354872175	2.97761779014208
-1.59478873610146	-0.684104244456284
0.197480737190095	1.47188949121258
1.12103656876467	-1.73130564426887
2.80915311908834	-0.836075189959023
0.690133592573264	2.84323685387225
-2.03261929321215	-0.674107063316872
-0.269029289667649	-0.872945347463533
0.137738901627178	-0.474646771734042
-1.04478522038084	-1.02080730829271
1.01991456310151	-0.0479415305006138
2.16324923933887	-0.953718131638195
2.74522274958294	0.729345738550679
0.550979098254743	1.46902933692984
-0.548796787883318	0.407898688828748
2.4551580940468	-0.75219910817473
-0.20063836863354	-0.581810315131266
-0.152599665964386	0.187016680832288
0.995044746618325	0.52805261372535
1.45288460682813	1.20452467448465
-2.20684107924003	-0.488065907472133
2.04594049732951	-2.24638282667732
-0.39176990750146	-1.27526724510536
1.81791653252748	1.12088900149051
0.884616249819555	0.934346106137015
0.808632700796751	2.90932545678748
0.381351345268727	0.5513210646478
2.43520843827923	0.175915303176372
1.02030523929616	-0.391637760971194
-0.315273605644545	1.50432755727694
0.129691464001887	-1.38067294948518
1.62794458496117	-2.10318921162325
2.61241538551002	0.94462347984726
1.97655718121453	2.32530416098827
2.36934659301841	-0.208312091866358
1.99658802450655	-1.71439932932524
1.10178126963225	-0.55031529022874
2.61879403043104	-0.246912780003779
2.12410247436921	0.42953672182615
1.24191951035164	-0.635912852461233
0.448807439821177	0.378119738561199
1.79075916947012	-1.19360939290989
0.793568171331937	0.557309814347807
0.983215602416459	-0.418649594367927
2.58405848637137	0.0752225619742953
-2.22208382044039	-0.636480245126891
0.571699621079981	0.879225893336205
-1.05515703462449	-0.353628818283385
1.36100170951124	1.07709041470134
1.61738114258891	-0.266535209400113
2.12812148471508	-0.85277914921018
2.78839079985141	-1.08132818535269
1.52196885695714	-0.949624429528908
1.04426252911805	-1.87718322801797
2.75004722085243	0.518010135981575
-0.112649780955869	-0.0092774945586854
0.108194517606102	-1.01974902158713
1.1840556978562	-0.607880374660758
0.927867760430349	1.80543857019373
1.66576909084931	2.43462665103175
1.09362301966619	-1.76045126232403
1.31757593345665	2.79919015440975
2.11536031784975	0.519819851504208
2.48561697035	-1.10565302312054
0.589406309622013	-0.796537660166225
1.21564187484173	-1.16687832313597
0.557009682161259	-0.639376623790768
1.76014827719063	0.341387179404187
1.57403794302795	-1.18536849256768
2.54233511687791	0.222056213950266
-1.56303953743277	0.118762897002904
2.018025326839	-0.203359550755613
1.15169575323389	2.88255351412663
-0.666631349836242	0.380064836840717
0.146164319065172	1.69176217276715
1.66014281122184	0.153357228808359
1.92255487996197	0.441552869254014
2.21853153522433	0.105021053054844
0.772845662697293	3.29950411176621
-0.934588703104701	0.0740403687736665
1.71053359675971	-1.2255777819354
1.40168984148172	0.174165765192424
-0.650485511604021	0.404333287265195
-0.814600040433746	-0.287478877935786
1.21283635187076	-1.36453168768905
2.14274616249543	-2.2963385678665
0.891898137166388	1.94184050910546
1.63229675886379	-2.00147363502371
1.96593750645527	1.03131702826646
-1.18840869439989	0.567530061974252
1.36671278125499	2.45733852640606
0.640555405649993	0.526585675894143
0.590474067526141	-0.704246498197283
2.03851562734316	0.773037196344483
1.50695595300404	-0.152143488815655
1.68803413791285	0.655127630460794
2.4428509680975	1.50583937834673
2.8146937040362	-0.365264186928158
-1.54757092654165	-0.491771323137007
1.55348313508353	0.894735911788881
1.00819686102743	-0.98442579443913
0.801608425689764	-0.15208435683178
2.32157865257964	-0.209787227153835
0.732621010549818	1.14672504314867
0.608368030036321	1.21404871840682
-1.73482161248978	-0.291645068340035
1.8331831663866	-1.88843115796498
-1.64037804078924	-0.427009668774578
0.927993927850643	1.17940027477497
2.28222561241108	-2.03631561140958
0.030313877165925	-0.512380894405319
1.83632362045224	-2.30953373838422
2.06270656882693	-2.15657552466447
0.480002123708782	2.36251459253004
0.757656520083705	2.68836688153638
-0.171891039067907	-0.641447002650958
2.49558634599361	-1.8898434531115
1.86543304751878	1.84325057181457
-1.20298897542127	-0.547041233493866
2.40711530305665	0.996616040388252
2.35889533427709	-1.7709794489251
-1.05901923363585	-0.0377572275455416
0.800775256501425	-0.613368120120363
1.65063358115061	-1.47728860540156
1.31448973405951	-0.660633815538951
1.83251384016268	-2.46260697275394
2.12297422928288	0.551623091461719
0.432710725775675	2.55091150079458
1.11022023103499	1.05399027130423
0.814708125897468	2.16715362326945
2.56981275627971	-1.55634644519527
2.83303866613797	-0.357879261120252
1.59587146986326	0.722804093709021
0.856785520255492	-1.74504313822577
1.01146925893398	0.3296757499701
0.982393176350466	2.8753047414316
1.74220891101261	1.93707869789279
0.153974724753607	1.63992321937597
0.394313736886657	1.11756635422584
2.14565395799073	-0.46633569836154
1.63484695306926	1.96213645703555
1.14853532907831	1.11481289230623
1.80945965449175	-0.0316211580735311
-1.63822466729324	-0.389223578668191
