CST XY Data Exchange Format V2

Title    = S-Parameters
Xlabel   = Frequency / GHz
Ylabel   = deg

Curvelabel          = SZmax(1),Zmax(1)_(5)
Filename            = ^cSZmax(1)Zmax(1).sig
Npoints             = 1001
Type                = 8
Subtype             = 16
Result type         = complex:none;impedance
View type           = Cartesian
Plot type           = Phase
Parameters          = {C_off=0.16; C_on_approx=1000; Cx=0.16; Cy=0.16; L1=2.9; L_diode=0.45; Lpin=0.45; R1=2.5; R_off=10; R_on=1; Rx=10; Ry=10; S1=0.3; W1=6; W2=5.3; alpha1=60; antipad_d=0.8; bias_w=0.2; common_return_y=2; eps_bond=3.52; eps_f4bm=2.65; eps_fr4=4.4; fmax=14; fmin=6; h1=3; h2=0.5; hbond=0.1; p=15; phi=0; phi_inc=0; pin_inset=0.02; sigma_cu=5.8e+07; tand_bond=0.004; tand_f4bm=0.003; tand_fr4=0.02; tcu=0.035; theta=0; theta_inc=0; via_d=0.3}
Data/Title          = S-Parameters
X/Label             = Frequency
X/Unit              = GHz
Y/Unit              = 
Y/Logfactor         = 20
Plot/wrapHeuristics = 0

6	0.92205575232029	0.36443528527165	376.73031366685	0
6.008	0.92443017234929	0.35859360510893	376.73031366685	0
6.016	0.92676339495972	0.35273973151456	376.73031366685	0
6.024	0.92905557908059	0.34687363635917	376.73031366685	0
6.032	0.93130687196675	0.340995293675	376.73031366685	0
6.04	0.93351740956997	0.33510467968742	376.73031366685	0
6.048	0.93568731689408	0.32920177284434	376.73031366685	0
6.056	0.93781670833475	0.32328655384357	376.73031366685	0
6.064	0.93990568800481	0.31735900565863	376.73031366685	0
6.072	0.94195435004571	0.31141911356282	376.73031366685	0
6.08	0.94396277892583	0.30546686515211	376.73031366685	0
6.088	0.94593104972628	0.29950225036675	376.73031366685	0
6.096	0.94785922841469	0.29352526151178	376.73031366685	0
6.104	0.94974737210775	0.28753589327679	376.73031366685	0
6.112	0.95159552932279	0.28153414275473	376.73031366685	0
6.12	0.95340374021908	0.27552000946016	376.73031366685	0
6.128	0.95517203682937	0.26949349534689	376.73031366685	0
6.136	0.95690044328183	0.26345460482525	376.73031366685	0
6.144	0.95858897601331	0.25740334477886	376.73031366685	0
6.152	0.9602376439738	0.25133972458128	376.73031366685	0
6.16	0.96184644882291	0.24526375611237	376.73031366685	0
6.168	0.96341538511852	0.23917545377453	376.73031366685	0
6.176	0.96494444049799	0.23307483450896	376.73031366685	0
6.184	0.96643359585232	0.22696191781186	376.73031366685	0
6.192	0.96788282549352	0.22083672575071	376.73031366685	0
6.2	0.96929209731553	0.21469928298071	376.73031366685	0
6.208	0.970661372949	0.20854961676137	376.73031366685	0
6.216	0.97199060791011	0.20238775697331	376.73031366685	0
6.224	0.97327975174388	0.19621373613539	376.73031366685	0
6.232	0.97452874816197	0.19002758942199	376.73031366685	0
6.24	0.97573753517548	0.18382935468086	376.73031366685	0
6.248	0.97690604522275	0.17761907245113	376.73031366685	0
6.256	0.97803420529252	0.17139678598188	376.73031366685	0
6.264	0.97912193704262	0.16516254125107	376.73031366685	0
6.272	0.98016915691437	0.15891638698496	376.73031366685	0
6.28	0.98117577624292	0.15265837467804	376.73031366685	0
6.288	0.98214170136367	0.14638855861346	376.73031366685	0
6.296	0.98306683371494	0.14010699588401	376.73031366685	0
6.304	0.98395106993719	0.13381374641364	376.73031366685	0
6.312	0.98479430196872	0.12750887297963	376.73031366685	0
6.32	0.98559641713817	0.12119244123527	376.73031366685	0
6.328	0.98635729825399	0.11486451973322	376.73031366685	0
6.336	0.98707682369087	0.1085251799495	376.73031366685	0
6.344	0.98775486747338	0.10217449630813	376.73031366685	0
6.352	0.98839129935699	0.095812546206406	376.73031366685	0
6.36	0.9889859849064	0.089439410040913	376.73031366685	0
6.368	0.98953878557159	0.083055171234171	376.73031366685	0
6.376	0.99004955876137	0.076659916262036	376.73031366685	0
6.384	0.99051815791491	0.07025373468179	376.73031366685	0
6.392	0.99094443257099	0.063836719160969	376.73031366685	0
6.4	0.99132822843539	0.057408965506948	376.73031366685	0
6.408	0.99166938744626	0.050970572697223	376.73031366685	0
6.416	0.99196774783783	0.044521642910527	376.73031366685	0
6.424	0.99222314420223	0.038062281558647	376.73031366685	0
6.432	0.9924354075499	0.031592597319065	376.73031366685	0
6.44	0.99260436536827	0.025112702168353	376.73031366685	0
6.448	0.99272984167914	0.018622711416382	376.73031366685	0
6.456	0.9928116570946	0.012122743741325	376.73031366685	0
6.464	0.99284962887176	0.0056129212254681	376.73031366685	0
6.472	0.99284357096614	-0.00090663060815912	376.73031366685	0
6.48	0.99279329408408	-0.0074357827583348	376.73031366685	0
6.488	0.99269860573398	-0.013974402707365	376.73031366685	0
6.496	0.99255931027658	-0.020522354381961	376.73031366685	0
6.504	0.99237520897435	-0.027079498113284	376.73031366685	0
6.512	0.99214610003999	-0.033645690596148	376.73031366685	0
6.52	0.99187177868415	-0.040220784847332	376.73031366685	0
6.528	0.99155203716247	-0.046804630163097	376.73031366685	0
6.536	0.99118666482191	-0.053397072075772	376.73031366685	0
6.544	0.99077544814648	-0.059997952309515	376.73031366685	0
6.552	0.99031817080249	-0.066607108735181	376.73031366685	0
6.56	0.98981461368327	-0.073224375324314	376.73031366685	0
6.568	0.98926455495348	-0.079849582102253	376.73031366685	0
6.576	0.98866777009306	-0.086482555100359	376.73031366685	0
6.584	0.9880240319409	-0.093123116307333	376.73031366685	0
6.592	0.98733311073819	-0.099771083619657	376.73031366685	0
6.6	0.98659477417165	-0.10642627079112	376.73031366685	0
6.608	0.98580878741658	-0.11308848738144	376.73031366685	0
6.616	0.98497491317979	-0.11975753870399	376.73031366685	0
6.624	0.98409291174255	-0.12643322577262	376.73031366685	0
6.632	0.98316254100352	-0.13311534524753	376.73031366685	0
6.64	0.98218355652173	-0.13980368938026	376.73031366685	0
6.648	0.98115571155972	-0.14649804595776	376.73031366685	0
6.656	0.98007875712681	-0.15319819824553	376.73031366685	0
6.664	0.97895244202257	-0.15990392492982	376.73031366685	0
6.672	0.97777651288061	-0.16661500005896	376.73031366685	0
6.68	0.97655071421267	-0.17333119298371	376.73031366685	0
6.688	0.97527478845301	-0.18005226829668	376.73031366685	0
6.696	0.9739484760033	-0.18677798577091	376.73031366685	0
6.704	0.97257151527793	-0.19350810029739	376.73031366685	0
6.712	0.97114364274982	-0.20024236182176	376.73031366685	0
6.72	0.96966459299685	-0.20698051528004	376.73031366685	0
6.728	0.9681340987488	-0.21372230053341	376.73031366685	0
6.736	0.96655189093504	-0.22046745230215	376.73031366685	0
6.744	0.96491769873289	-0.22721570009853	376.73031366685	0
6.752	0.96323124961672	-0.23396676815887	376.73031366685	0
6.76	0.96149226940789	-0.24072037537468	376.73031366685	0
6.768	0.95970048232552	-0.24747623522284	376.73031366685	0
6.776	0.95785561103816	-0.25423405569485	376.73031366685	0
6.784	0.95595737671641	-0.26099353922527	376.73031366685	0
6.792	0.9540054990866	-0.26775438261915	376.73031366685	0
6.8	0.95199969648543	-0.2745162769786	376.73031366685	0
6.808	0.94993968591576	-0.28127890762847	376.73031366685	0
6.816	0.9478251831036	-0.28804195404115	376.73031366685	0
6.824	0.94565590255617	-0.29480508976047	376.73031366685	0
6.832	0.94343155762138	-0.3015679823247	376.73031366685	0
6.84	0.94115186054848	-0.30833029318878	376.73031366685	0
6.848	0.93881652255014	-0.31509167764555	376.73031366685	0
6.856	0.93642525386591	-0.32185178474629	376.73031366685	0
6.864	0.93397776382714	-0.32861025722029	376.73031366685	0
6.872	0.93147376092344	-0.33536673139367	376.73031366685	0
6.88	0.92891295287068	-0.34212083710737	376.73031366685	0
6.888	0.92629504668059	-0.34887219763432	376.73031366685	0
6.896	0.92361974873207	-0.35562042959586	376.73031366685	0
6.904	0.92088676484422	-0.36236514287737	376.73031366685	0
6.912	0.9180958003511	-0.36910594054309	376.73031366685	0
6.92	0.91524656017837	-0.37584241875032	376.73031366685	0
6.928	0.91233874892183	-0.38257416666277	376.73031366685	0
6.936	0.90937207092781	-0.38930076636331	376.73031366685	0
6.944	0.90634623037564	-0.39602179276594	376.73031366685	0
6.952	0.90326093136215	-0.40273681352717	376.73031366685	0
6.96	0.9001158779882	-0.40944538895671	376.73031366685	0
6.968	0.89691077444749	-0.41614707192758	376.73031366685	0
6.976	0.89364532511742	-0.42284140778557	376.73031366685	0
6.984	0.89031923465234	-0.42952793425814	376.73031366685	0
6.992	0.886932208079	-0.4362061813628	376.73031366685	0
7	0.88348395089449	-0.44287567131493	376.73031366685	0
7.008	0.87997416916643	-0.44953591843509	376.73031366685	0
7.016	0.87640256963572	-0.4561864290559	376.73031366685	0
7.024	0.87276885982178	-0.4628267014284	376.73031366685	0
7.032	0.86907274813028	-0.46945622562807	376.73031366685	0
7.04	0.86531394396355	-0.47607448346036	376.73031366685	0
7.048	0.86149215783349	-0.48268094836594	376.73031366685	0
7.056	0.85760710147726	-0.48927508532549	376.73031366685	0
7.064	0.85365848797555	-0.49585635076428	376.73031366685	0
7.072	0.84964603187367	-0.50242419245633	376.73031366685	0
7.08	0.84556944930525	-0.50897804942835	376.73031366685	0
7.088	0.84142845811877	-0.51551735186337	376.73031366685	0
7.096	0.83722277800678	-0.52204152100402	376.73031366685	0
7.104	0.83295213063789	-0.52854996905565	376.73031366685	0
7.112	0.82861623979136	-0.53504209908905	376.73031366685	0
7.12	0.82421483149448	-0.54151730494282	376.73031366685	0
7.128	0.81974763416248	-0.54797497112546	376.73031366685	0
7.136	0.81521437874093	-0.55441447271685	376.73031366685	0
7.144	0.81061479885059	-0.56083517526934	376.73031366685	0
7.152	0.80594863093451	-0.56723643470797	376.73031366685	0
7.16	0.80121561440716	-0.57361759722993	376.73031366685	0
7.168	0.79641549180544	-0.57997799920279	376.73031366685	0
7.176	0.79154800894118	-0.58631696706128	376.73031366685	0
7.184	0.78661291505478	-0.5926338172021	376.73031366685	0
7.192	0.78160996296965	-0.59892785587624	376.73031366685	0
7.2	0.77653890924663	-0.60519837907795	376.73031366685	0
7.208	0.77139951433792	-0.6114446724294	376.73031366685	0
7.216	0.76619154273957	-0.61766601105965	376.73031366685	0
7.224	0.76091476314141	-0.62386165947609	376.73031366685	0
7.232	0.75556894857326	-0.63003087142605	376.73031366685	0
7.24	0.75015387654576	-0.63617288974529	376.73031366685	0
7.248	0.74466932918396	-0.64228694618906	376.73031366685	0
7.256	0.73911509335152	-0.64837226124001	376.73031366685	0
7.264	0.73349096076277	-0.6544280438848	376.73031366685	0
7.272	0.72779672807985	-0.66045349134858	376.73031366685	0
7.28	0.72203219699166	-0.66644778877215	376.73031366685	0
7.288	0.7161971742715	-0.67241010881045	376.73031366685	0
7.296	0.71029147181133	-0.67833961112251	376.73031366685	0
7.304	0.70431490663222	-0.68423544171007	376.73031366685	0
7.312	0.69826730087608	-0.69009673204346	376.73031366685	0
7.32	0.69214848179343	-0.69592259788589	376.73031366685	0
7.328	0.68595828176251	-0.70171213768599	376.73031366685	0
7.336	0.67969653841454	-0.70746443034824	376.73031366685	0
7.344	0.67336309501632	-0.71317853210097	376.73031366685	0
7.352	0.66695780140982	-0.7188534720534	376.73031366685	0
7.36	0.66048051609498	-0.72448824585752	376.73031366685	0
7.368	0.65393111059874	-0.7300818066813	376.73031366685	0
7.376	0.64730947834982	-0.73563305254482	376.73031366685	0
7.384	0.64061555233228	-0.74114080929397	376.73031366685	0
7.392	0.63384933954848	-0.74660381008211	376.73031366685	0
7.4	0.62701098649891	-0.75202067796166	376.73031366685	0
7.408	0.62010089711469	-0.75738993487101	376.73031366685	0
7.416	0.61311992087489	-0.76271010109272	376.73031366685	0
7.424	0.60606956733515	-0.76798002252844	376.73031366685	0
7.432	0.59895197735386	-0.77319959276979	376.73031366685	0
7.44	0.59176899570873	-0.77837066278973	376.73031366685	0
7.448	0.58452001359052	-0.78349677602427	376.73031366685	0
7.456	0.57720065311829	-0.78858023328315	376.73031366685	0
7.464	0.56980535571632	-0.7936190101535	376.73031366685	0
7.472	0.56233136155276	-0.79860792932582	376.73031366685	0
7.48	0.55477922212771	-0.80354213149711	376.73031366685	0
7.488	0.54715083417837	-0.80841859332198	376.73031366685	0
7.496	0.53944796804033	-0.81323570110763	376.73031366685	0
7.504	0.53167185955612	-0.81799248668386	376.73031366685	0
7.512	0.52382328919757	-0.82268816308759	376.73031366685	0
7.52	0.51590274763617	-0.82732193037025	376.73031366685	0
7.528	0.50791056384335	-0.83189291718945	376.73031366685	0
7.536	0.49984698484857	-0.83640017517255	376.73031366685	0
7.544	0.49171222151928	-0.84084268932909	376.73031366685	0
7.552	0.48350647402401	-0.84521939090385	376.73031366685	0
7.56	0.47522994587077	-0.84952916850062	376.73031366685	0
7.568	0.46688285167106	-0.85377087670779	376.73031366685	0
7.576	0.45846542148434	-0.85794334250876	376.73031366685	0
7.584	0.44997790330137	-0.86204536997816	376.73031366685	0
7.592	0.44142056451567	-0.86607574372279	376.73031366685	0
7.6	0.43279369284694	-0.87003323142485	376.73031366685	0
7.608	0.42409759697149	-0.87391658574956	376.73031366685	0
7.616	0.41533260700002	-0.87772454580386	376.73031366685	0
7.624	0.40649907488014	-0.88145583827777	376.73031366685	0
7.632	0.39759737476613	-0.88510917836127	376.73031366685	0
7.64	0.38862790337868	-0.88868327050201	376.73031366685	0
7.648	0.37959108036662	-0.89217680905052	376.73031366685	0
7.656	0.37048734867638	-0.89558847882605	376.73031366685	0
7.664	0.36131717493163	-0.89891695562722	376.73031366685	0
7.672	0.35208104982354	-0.90216090670494	376.73031366685	0
7.68	0.3427794885114	-0.90531899121062	376.73031366685	0
7.688	0.33341303103252	-0.90838986062909	376.73031366685	0
7.696	0.32398224272032	-0.91137215920369	376.73031366685	0
7.704	0.31448771462943	-0.91426452435885	376.73031366685	0
7.712	0.30493006396665	-0.91706558712447	376.73031366685	0
7.72	0.2953099345265	-0.91977397256541	376.73031366685	0
7.728	0.28562799713042	-0.9223883002186	376.73031366685	0
7.736	0.27588495006853	-0.92490718453993	376.73031366685	0
7.744	0.26608151954308	-0.9273292353625	376.73031366685	0
7.752	0.25621846011258	-0.92965305836768	376.73031366685	0
7.76	0.24629655513583	-0.93187725557003	376.73031366685	0
7.768	0.23631661721509	-0.93400042581708	376.73031366685	0
7.776	0.22627948863743	-0.93602116530472	376.73031366685	0
7.784	0.21618604181371	-0.93793806810891	376.73031366685	0
7.792	0.20603717971426	-0.93974972673431	376.73031366685	0
7.8	0.19583383630061	-0.94145473268029	376.73031366685	0
7.808	0.18557697695252	-0.94305167702485	376.73031366685	0
7.816	0.17526759888956	-0.94453915102671	376.73031366685	0
7.824	0.16490673158654	-0.9459157467461	376.73031366685	0
7.832	0.15449543718196	-0.94718005768436	376.73031366685	0
7.84	0.14403481087887	-0.94833067944272	376.73031366685	0
7.848	0.13352598133727	-0.94936621040049	376.73031366685	0
7.856	0.12297011105729	-0.95028525241285	376.73031366685	0
7.864	0.1123683967525	-0.95108641152834	376.73031366685	0
7.872	0.10172206971237	-0.95176829872627	376.73031366685	0
7.88	0.091032396153245	-0.9523295306741	376.73031366685	0
7.888	0.080300677556887	-0.95276873050492	376.73031366685	0
7.896	0.069528250995892	-0.95308452861501	376.73031366685	0
7.904	0.058716489445017	-0.95327556348155	376.73031366685	0
7.912	0.047866802077628	-0.95334048250037	376.73031366685	0
7.92	0.036980634546392	-0.95327794284388	376.73031366685	0
7.928	0.026059469247321	-0.9530866123389	376.73031366685	0
7.936	0.015104825566273	-0.95276517036437	376.73031366685	0
7.944	0.0041182601070281	-0.95231230876884	376.73031366685	0
7.952	-0.0068986331000184	-0.95172673280745	376.73031366685	0
7.96	-0.017944222409433	-0.9510071620983	376.73031366685	0
7.968	-0.029016838393555	-0.95015233159784	376.73031366685	0
7.976	-0.040114773697477	-0.94916099259513	376.73031366685	0
7.984	-0.051236282917152	-0.94803191372453	376.73031366685	0
7.992	-0.062379582501586	-0.94676388199646	376.73031366685	0
8	-0.073542850680087	-0.9453557038459	376.73031366685	0
8.008	-0.084724227415532	-0.94380620619814	376.73031366685	0
8.016	-0.095921814384638	-0.94211423755123	376.73031366685	0
8.024	-0.10713367498618	-0.94027866907465	376.73031366685	0
8.032	-0.11835783437819	-0.9382983957237	376.73031366685	0
8.04	-0.12959227954502	-0.93617233736876	376.73031366685	0
8.048	-0.14083495939534	-0.93389943993899	376.73031366685	0
8.056	-0.15208378489191	-0.93147867657959	376.73031366685	0
8.064	-0.1633366292142	-0.92890904882193	376.73031366685	0
8.072	-0.17459132795474	-0.92618958776566	376.73031366685	0
8.08	-0.18584567935009	-0.92331935527207	376.73031366685	0
8.088	-0.19709744454742	-0.92029744516759	376.73031366685	0
8.096	-0.20834434790761	-0.91712298445665	376.73031366685	0
8.104	-0.21958407734563	-0.91379513454275	376.73031366685	0
8.112	-0.23081428470918	-0.91031309245675	376.73031366685	0
8.12	-0.24203258619641	-0.90667609209123	376.73031366685	0
8.128	-0.25323656281346	-0.90288340543974	376.73031366685	0
8.136	-0.26442376087264	-0.89893434383979	376.73031366685	0
8.144	-0.27559169253201	-0.89482825921815	376.73031366685	0
8.152	-0.28673783637706	-0.89056454533737	376.73031366685	0
8.16	-0.29785963804515	-0.88614263904194	376.73031366685	0
8.168	-0.30895451089336	-0.88156202150277	376.73031366685	0
8.176	-0.32001983671034	-0.87682221945852	376.73031366685	0
8.184	-0.33105296647266	-0.87192280645227	376.73031366685	0
8.192	-0.34205122114627	-0.86686340406189	376.73031366685	0
8.2	-0.35301189253334	-0.86164368312261	376.73031366685	0
8.208	-0.3639322441651	-0.8562633649401	376.73031366685	0
8.216	-0.3748095122407	-0.85072222249235	376.73031366685	0
8.224	-0.38564090661269	-0.8450200816186	376.73031366685	0
8.232	-0.39642361181911	-0.83915682219364	376.73031366685	0
8.24	-0.40715478816238	-0.83313237928555	376.73031366685	0
8.248	-0.41783157283511	-0.82694674429518	376.73031366685	0
8.256	-0.42845108109277	-0.82059996607538	376.73031366685	0
8.264	-0.43901040747316	-0.81409215202807	376.73031366685	0
8.272	-0.4495066270626	-0.80742346917743	376.73031366685	0
8.28	-0.45993679680844	-0.80059414521693	376.73031366685	0
8.288	-0.47029795687779	-0.79360446952859	376.73031366685	0
8.296	-0.48058713206189	-0.78645479417215	376.73031366685	0
8.304	-0.49080133322579	-0.77914553484242	376.73031366685	0
8.312	-0.50093755880257	-0.77167717179268	376.73031366685	0
8.32	-0.51099279633174	-0.7640502507221	376.73031366685	0
8.328	-0.52096402404067	-0.75626538362527	376.73031366685	0
8.336	-0.53084821246868	-0.74832324960168	376.73031366685	0
8.344	-0.54064232613236	-0.74022459562338	376.73031366685	0
8.352	-0.55034332523146	-0.73197023725851	376.73031366685	0
8.36	-0.55994816739408	-0.72356105934913	376.73031366685	0
8.368	-0.56945380945987	-0.71499801664095	376.73031366685	0
8.376	-0.57885720930002	-0.7062821343635	376.73031366685	0
8.384	-0.5881553276726	-0.69741450875844	376.73031366685	0
8.392	-0.59734513011168	-0.68839630755442	376.73031366685	0
8.4	-0.6064235888487	-0.6792287703866	376.73031366685	0
8.408	-0.61538768476423	-0.669913209159	376.73031366685	0
8.416	-0.62423440936857	-0.66045100834806	376.73031366685	0
8.424	-0.63296076680898	-0.6508436252457	376.73031366685	0
8.432	-0.64156377590181	-0.64109259014032	376.73031366685	0
8.44	-0.6500404721873	-0.63119950643409	376.73031366685	0
8.448	-0.65838791000497	-0.62116605069531	376.73031366685	0
8.456	-0.66660316458723	-0.61099397264421	376.73031366685	0
8.464	-0.674683334169	-0.60068509507105	376.73031366685	0
8.472	-0.68262554211087	-0.59024131368527	376.73031366685	0
8.48	-0.69042693903325	-0.57966459689452	376.73031366685	0
8.488	-0.69808470495907	-0.56895698551271	376.73031366685	0
8.496	-0.70559605146226	-0.55812059239596	376.73031366685	0
8.504	-0.71295822381938	-0.54715760200575	376.73031366685	0
8.512	-0.72016850316166	-0.5360702698986	376.73031366685	0
8.52	-0.72722420862458	-0.52486092214164	376.73031366685	0
8.528	-0.73412269949213	-0.51353195465362	376.73031366685	0
8.536	-0.74086137733294	-0.50208583247097	376.73031366685	0
8.544	-0.74743768812516	-0.49052508893882	376.73031366685	0
8.552	-0.75384912436721	-0.47885232482673	376.73031366685	0
8.56	-0.76009322717147	-0.46707020736934	376.73031366685	0
8.568	-0.76616758833769	-0.45518146923191	376.73031366685	0
8.576	-0.77206985240323	-0.4431889074013	376.73031366685	0
8.584	-0.77779771866701	-0.43109538200262	376.73031366685	0
8.592	-0.78334894318416	-0.4189038150423	376.73031366685	0
8.6	-0.78872134072828	-0.40661718907823	376.73031366685	0
8.608	-0.79391278671834	-0.39423854581781	376.73031366685	0
8.616	-0.79892121910708	-0.38177098464505	376.73031366685	0
8.624	-0.80374464022818	-0.3692176610777	376.73031366685	0
8.632	-0.80838111859893	-0.35658178515585	376.73031366685	0
8.64	-0.81282879067574	-0.34386661976335	376.73031366685	0
8.648	-0.81708586255958	-0.33107547888361	376.73031366685	0
8.656	-0.82115061164847	-0.31821172579153	376.73031366685	0
8.664	-0.82502138823439	-0.30527877118345	376.73031366685	0
8.672	-0.82869661704188	-0.29228007124688	376.73031366685	0
8.68	-0.83217479870576	-0.2792191256724	376.73031366685	0
8.688	-0.83545451118555	-0.26609947560971	376.73031366685	0
8.696	-0.83853441111409	-0.2529247015703	376.73031366685	0
8.704	-0.84141323507799	-0.2396984212792	376.73031366685	0
8.712	-0.84408980082802	-0.22642428747831	376.73031366685	0
8.72	-0.8465630084169	-0.21310598568407	376.73031366685	0
8.728	-0.84883184126291	-0.19974723190219	376.73031366685	0
8.736	-0.85089536713725	-0.18635177030241	376.73031366685	0
8.744	-0.8527527390735	-0.17292337085609	376.73031366685	0
8.752	-0.85440319619753	-0.15946582693992	376.73031366685	0
8.76	-0.85584606447656	-0.14598295290864	376.73031366685	0
8.768	-0.85708075738583	-0.13247858164011	376.73031366685	0
8.776	-0.85810677649187	-0.118956562056	376.73031366685	0
8.784	-0.85892371195134	-0.1054207566213	376.73031366685	0
8.792	-0.85953124292449	-0.091875038826153	376.73031366685	0
8.8	-0.8599291379026	-0.078323290653335	376.73031366685	0
8.808	-0.86011725494879	-0.064769400034819	376.73031366685	0
8.816	-0.86009554185181	-0.051217258300924	376.73031366685	0
8.824	-0.85986403619263	-0.037670757625507	376.73031366685	0
8.832	-0.85942286532355	-0.024133788470688	376.73031366685	0
8.84	-0.85877224626017	-0.010610237034587	376.73031366685	0
8.848	-0.85791248548626	0.002896017294453	376.73031366685	0
8.856	-0.8568439786719	0.016381104473661	376.73031366685	0
8.864	-0.85556721030564	0.029841166328244	376.73031366685	0
8.872	-0.85408275324116	0.043272359056996	376.73031366685	0
8.88	-0.85239126815935	0.056670855717736	376.73031366685	0
8.888	-0.85049350294691	0.070032848689252	376.73031366685	0
8.896	-0.84839029199248	0.083354552106485	376.73031366685	0
8.904	-0.8460825554017	0.096632204265768	376.73031366685	0
8.912	-0.8435712981326	0.10986206999699	376.73031366685	0
8.92	-0.84085760905284	0.12304044299959	376.73031366685	0
8.928	-0.83794265992062	0.13616364813946	376.73031366685	0
8.936	-0.83482770429102	0.14922804370381	376.73031366685	0
8.944	-0.8315140763497	0.16223002361132	376.73031366685	0
8.952	-0.82800318967608	0.17516601957472	376.73031366685	0
8.96	-0.8242965359382	0.18803250321337	376.73031366685	0
8.968	-0.82039568352149	0.2008259881133	376.73031366685	0
8.976	-0.81630227609384	0.21354303183232	376.73031366685	0
8.984	-0.81201803110951	0.22618023784802	376.73031366685	0
8.992	-0.8075447382544	0.23873425744654	376.73031366685	0
9	-0.8028842578353	0.25120179155008	376.73031366685	0
9.008	-0.79803851911585	0.26357959248128	376.73031366685	0
9.016	-0.79300951860212	0.2758644656628	376.73031366685	0
9.024	-0.78779931828038	0.28805327125043	376.73031366685	0
9.032	-0.78241004381022	0.30014292569836	376.73031366685	0
9.04	-0.7768438826758	0.31213040325509	376.73031366685	0
9.048	-0.77110308229829	0.32401273738905	376.73031366685	0
9.056	-0.76518994811247	0.33578702214261	376.73031366685	0
9.064	-0.75910684161052	0.34745041341372	376.73031366685	0
9.072	-0.75285617835606	0.3590001301643	376.73031366685	0
9.08	-0.7464404259716	0.3704334555548	376.73031366685	0
9.088	-0.73986210210233	0.38174773800424	376.73031366685	0
9.096	-0.73312377235947	0.39294039217551	376.73031366685	0
9.104	-0.72622804824619	0.40400889988557	376.73031366685	0
9.112	-0.71917758506923	0.41495081094027	376.73031366685	0
9.12	-0.71197507983932	0.42576374389395	376.73031366685	0
9.128	-0.70462326916345	0.43644538673377	376.73031366685	0
9.136	-0.69712492713209	0.44699349748893	376.73031366685	0
9.144	-0.68948286320441	0.45740590476509	376.73031366685	0
9.152	-0.68169992009475	0.46768050820441	376.73031366685	0
9.16	-0.6737789716632	0.47781527887158	376.73031366685	0
9.168	-0.6657229208136	0.48780825956652	376.73031366685	0
9.176	-0.6575346974022	0.49765756506426	376.73031366685	0
9.184	-0.64921725616001	0.50736138228294	376.73031366685	0
9.192	-0.64077357463248	0.51691797038054	376.73031366685	0
9.2	-0.63220665113974	0.52632566078141	376.73031366685	0
9.208	-0.62351950276137	0.53558285713374	376.73031366685	0
9.216	-0.61471516334943	0.54468803519888	376.73031366685	0
9.224	-0.60579668157418	0.55363974267427	376.73031366685	0
9.232	-0.59676711900721	0.56243659895144	376.73031366685	0
9.24	-0.58762954824728	0.57107729481112	376.73031366685	0
9.248	-0.57838705109504	0.57956059205833	376.73031366685	0
9.256	-0.56904271678348	0.5878853231005	376.73031366685	0
9.264	-0.55959964027228	0.59605039047363	376.73031366685	0
9.272	-0.55006092061553	0.60405476632253	376.73031366685	0
9.28	-0.54042965941389	0.61189749184411	376.73031366685	0
9.288	-0.53070895936367	0.61957767670614	376.73031366685	0
9.296	-0.52090192291745	0.62709449845913	376.73031366685	0
9.304	-0.51101165107152	0.63444720196633	376.73031366685	0
9.312	-0.50104124229595	0.64163509888723	376.73031366685	0
9.32	-0.49099379162047	0.64865756726436	376.73031366685	0
9.328	-0.48087238988253	0.65551405128211	376.73031366685	0
9.336	-0.47068012312894	0.6622040612918	376.73031366685	0
9.344	-0.46042007213372	0.66872717422686	376.73031366685	0
9.352	-0.45009531194362	0.67508303456587	376.73031366685	0
9.36	-0.4397089112792	0.68127135602838	376.73031366685	0
9.368	-0.42926393148785	0.68729192419467	376.73031366685	0
9.376	-0.41876342455816	0.69314460018916	376.73031366685	0
9.384	-0.40821042946462	0.69882932540419	376.73031366685	0
9.392	-0.39760796586339	0.70434612688288	376.73031366685	0
9.4	-0.38695902402576	0.70969512233965	376.73031366685	0
9.408	-0.37626655012082	0.71487652284377	376.73031366685	0
9.416	-0.36553342690949	0.71989063008517	376.73031366685	0
9.424	-0.35476245193425	0.72473782442928	376.73031366685	0
9.432	-0.34395631830501	0.72941854066281	376.73031366685	0
9.44	-0.33311760609866	0.73393323156873	376.73031366685	0
9.448	-0.32224879286114	0.7382823253791	376.73031366685	0
9.456	-0.31135228723421	0.74246618947945	376.73031366685	0
9.464	-0.30043048034599	0.74648511489361	376.73031366685	0
9.472	-0.28948579985701	0.75033933032433	376.73031366685	0
9.48	-0.27852074835719	0.75402904242371	376.73031366685	0
9.488	-0.26753791438943	0.75755448778614	376.73031366685	0
9.496	-0.25653995657807	0.76091597906327	376.73031366685	0
9.504	-0.24552957120311	0.76411393341129	376.73031366685	0
9.512	-0.23450945623997	0.7671488808945	376.73031366685	0
9.52	-0.22348228140356	0.77002145757023	376.73031366685	0
9.528	-0.21245066817697	0.77273239044429	376.73031366685	0
9.536	-0.2014171794517	0.77528248041837	376.73031366685	0
9.544	-0.1903843163106	0.777672586942	376.73031366685	0
9.552	-0.17935451916147	0.77990361588919	376.73031366685	0
9.56	-0.16833017098768	0.78197651077783	376.73031366685	0
9.568	-0.15731360125184	0.78389224678895	376.73031366685	0
9.576	-0.14630708964207	0.7856518268632	376.73031366685	0
9.584	-0.13531286929729	0.78725627921319	376.73031366685	0
9.592	-0.12433312941158	0.78870665573524	376.73031366685	0
9.6	-0.11337001725149	0.79000403095427	376.73031366685	0
9.608	-0.10242563967576	0.79114950125883	376.73031366685	0
9.616	-0.091502064259595	0.79214418427416	376.73031366685	0
9.624	-0.08060132011836	0.7929892182832	376.73031366685	0
9.632	-0.069725398510262	0.79368576164584	376.73031366685	0
9.64	-0.058876253281548	0.79423499219203	376.73031366685	0
9.648	-0.048055801202884	0.79463810657896	376.73031366685	0
9.656	-0.037265922233299	0.79489631961148	376.73031366685	0
9.664	-0.026508459738563	0.79501086352893	376.73031366685	0
9.672	-0.015785220683324	0.79498298726389	376.73031366685	0
9.68	-0.0050979758109297	0.79481395567893	376.73031366685	0
9.688	0.0055515401793639	0.7945050487874	376.73031366685	0
9.696	0.01616162845098	0.79405756096367	376.73031366685	0
9.704	0.026730625839882	0.79347280014783	376.73031366685	0
9.712	0.037256904652634	0.79275208704912	376.73031366685	0
9.72	0.047738872450857	0.79189675435162	376.73031366685	0
9.728	0.058174971820942	0.79090814592526	376.73031366685	0
9.736	0.068563680128605	0.78978761604473	376.73031366685	0
9.744	0.078903509258134	0.78853652861835	376.73031366685	0
9.752	0.089193005336599	0.78715625642865	376.73031366685	0
9.76	0.099430748443358	0.785648180386	376.73031366685	0
9.768	0.10961535230547	0.78401368879656	376.73031366685	0
9.776	0.11974546397958	0.78225417664539	376.73031366685	0
9.784	0.12981976352101	0.78037104489545	376.73031366685	0
9.792	0.13983696364069	0.77836569980316	376.73031366685	0
9.8	0.14979580935082	0.77623955225094	376.73031366685	0
9.808	0.15969507759978	0.77399401709697	376.73031366685	0
9.816	0.16953357689722	0.77163051254263	376.73031366685	0
9.824	0.17931014692996	0.76915045951762	376.73031366685	0
9.832	0.18902365816935	0.76655528108295	376.73031366685	0
9.84	0.19867301147095	0.76384640185178	376.73031366685	0
9.848	0.20825713766702	0.76102524742827	376.73031366685	0
9.856	0.21777499715258	0.75809324386414	376.73031366685	0
9.864	0.22722557946562	0.75505181713314	376.73031366685	0
9.872	0.2366079028621	0.75190239262312	376.73031366685	0
9.88	0.24592101388634	0.74864639464561	376.73031366685	0
9.888	0.25516398693726	0.74528524596288	376.73031366685	0
9.896	0.26433592383118	0.74182036733204	376.73031366685	0
9.904	0.27343595336154	0.73825317706622	376.73031366685	0
9.912	0.28246323085618	0.73458509061255	376.73031366685	0
9.92	0.29141693773254	0.73081752014655	376.73031366685	0
9.928	0.30029628105132	0.72695187418298	376.73031366685	0
9.936	0.30910049306907	0.72298955720259	376.73031366685	0
9.944	0.31782883078996	0.71893196929478	376.73031366685	0
9.952	0.32648057551742	0.71478050581564	376.73031366685	0
9.96	0.33505503240573	0.71053655706138	376.73031366685	0
9.968	0.34355153001216	0.70620150795656	376.73031366685	0
9.976	0.3519694198499	0.70177673775712	376.73031366685	0
9.984	0.36030807594212	0.69726361976768	376.73031366685	0
9.992	0.36856689437753	0.69266352107301	376.73031366685	0
10	0.37674529286769	0.6879778022832	376.73031366685	0
10.008	0.38484271030638	0.68320781729243	376.73031366685	0
10.016	0.39285860633128	0.6783549130508	376.73031366685	0
10.024	0.40079246088828	0.67342042934916	376.73031366685	0
10.032	0.40864377379859	0.66840569861647	376.73031366685	0
10.04	0.41641206432888	0.66331204572945	376.73031366685	0
10.048	0.42409687076477	0.65814078783425	376.73031366685	0
10.056	0.4316977499877	0.65289323417983	376.73031366685	0
10.064	0.43921427705555	0.64757068596265	376.73031366685	0
10.072	0.4466460447871	0.64217443618259	376.73031366685	0
10.08	0.45399266335044	0.63670576950957	376.73031366685	0
10.088	0.46125375985558	0.63116596216081	376.73031366685	0
10.096	0.46842897795146	0.62555628178819	376.73031366685	0
10.104	0.47551797742725	0.61987798737572	376.73031366685	0
10.112	0.48252043381837	0.61413232914659	376.73031366685	0
10.12	0.48943603801714	0.60832054847963	376.73031366685	0
10.128	0.49626449588816	0.60244387783494	376.73031366685	0
10.136	0.50300552788874	0.59650354068836	376.73031366685	0
10.144	0.50965886869415	0.59050075147454	376.73031366685	0
10.152	0.51622426682801	0.58443671553837	376.73031366685	0
10.16	0.5227014842978	0.57831262909442	376.73031366685	0
10.168	0.52909029623558	0.57212967919433	376.73031366685	0
10.176	0.5353904905439	0.5658890437017	376.73031366685	0
10.184	0.54160186754707	0.55959189127433	376.73031366685	0
10.192	0.54772423964778	0.55323938135362	376.73031366685	0
10.2	0.55375743098903	0.54683266416079	376.73031366685	0
10.208	0.55970127712156	0.54037288069977	376.73031366685	0
10.216	0.56555562467668	0.53386116276652	376.73031366685	0
10.224	0.57132033104452	0.52729863296453	376.73031366685	0
10.232	0.5769952640578	0.52068640472638	376.73031366685	0
10.24	0.58258030168107	0.51402558234097	376.73031366685	0
10.248	0.58807533170545	0.50731726098646	376.73031366685	0
10.256	0.59348025144879	0.50056252676852	376.73031366685	0
10.264	0.5987949674614	0.49376245676375	376.73031366685	0
10.272	0.6040193952372	0.48691811906819	376.73031366685	0
10.28	0.60915345893033	0.48003057285055	376.73031366685	0
10.288	0.61419709107725	0.47310086841016	376.73031366685	0
10.296	0.61915023232423	0.46613004723933	376.73031366685	0
10.304	0.62401283116026	0.45911914209003	376.73031366685	0
10.312	0.62878484365534	0.45206917704468	376.73031366685	0
10.32	0.63346623320416	0.44498116759098	376.73031366685	0
10.328	0.63805697027506	0.43785612070043	376.73031366685	0
10.336	0.64255703216431	0.43069503491066	376.73031366685	0
10.344	0.64696640275566	0.42349890041115	376.73031366685	0
10.352	0.65128507228512	0.41626869913244	376.73031366685	0
10.36	0.6555130371109	0.40900540483848	376.73031366685	0
10.368	0.65965029948854	0.40170998322216	376.73031366685	0
10.376	0.66369686735114	0.39438339200377	376.73031366685	0
10.384	0.66765275409462	0.38702658103235	376.73031366685	0
10.392	0.67151797836811	0.37964049238977	376.73031366685	0
10.4	0.67529256386919	0.37222606049736	376.73031366685	0
10.408	0.67897653914415	0.36478421222515	376.73031366685	0
10.416	0.68256993739318	0.35731586700344	376.73031366685	0
10.424	0.68607279628028	0.34982193693665	376.73031366685	0
10.432	0.68948515774811	0.34230332691941	376.73031366685	0
10.44	0.69280706783749	0.33476093475467	376.73031366685	0
10.448	0.69603857651165	0.32719565127394	376.73031366685	0
10.456	0.69917973748517	0.31960836045924	376.73031366685	0
10.464	0.70223060805748	0.31199993956707	376.73031366685	0
10.472	0.7051912489509	0.30437125925399	376.73031366685	0
10.48	0.70806172415331	0.29672318370391	376.73031366685	0
10.488	0.71084210076517	0.28905657075694	376.73031366685	0
10.496	0.71353244885102	0.28137227203978	376.73031366685	0
10.504	0.71613284129534	0.27367113309748	376.73031366685	0
10.512	0.71864335366275	0.26595399352667	376.73031366685	0
10.52	0.72106406406248	0.25822168710999	376.73031366685	0
10.528	0.7233950530171	0.25047504195182	376.73031366685	0
10.536	0.7256364033354	0.24271488061518	376.73031366685	0
10.544	0.72778819998947	0.23494202025979	376.73031366685	0
10.552	0.72985052999585	0.22715727278109	376.73031366685	0
10.56	0.73182348230079	0.21936144495044	376.73031366685	0
10.568	0.73370714766942	0.21155533855616	376.73031366685	0
10.576	0.7355016185791	0.20373975054554	376.73031366685	0
10.584	0.73720698911649	0.19591547316777	376.73031366685	0
10.592	0.73882335487869	0.18808329411763	376.73031366685	0
10.6	0.74035081287816	0.18024399668003	376.73031366685	0
10.608	0.74178946145153	0.1723983598753	376.73031366685	0
10.616	0.74313940017211	0.16454715860518	376.73031366685	0
10.624	0.74440072976632	0.15669116379954	376.73031366685	0
10.632	0.74557355203366	0.1488311425637	376.73031366685	0
10.64	0.74665796977054	0.14096785832646	376.73031366685	0
10.648	0.74765408669769	0.1331020709886	376.73031366685	0
10.656	0.74856200739122	0.1252345370721	376.73031366685	0
10.664	0.74938183721732	0.11736600986975	376.73031366685	0
10.672	0.75011368227054	0.10949723959543	376.73031366685	0
10.68	0.75075764931562	0.10162897353475	376.73031366685	0
10.688	0.75131384573283	0.093761956196287	376.73031366685	0
10.696	0.75178237946695	0.085896929463161	376.73031366685	0
10.704	0.75216335897957	0.078034632745146	376.73031366685	0
10.712	0.75245689320503	0.070175803131145	376.73031366685	0
10.72	0.75266309150978	0.062321175542073	376.73031366685	0
10.728	0.75278206365509	0.054471482884143	376.73031366685	0
10.736	0.75281391976339	0.046627456202519	376.73031366685	0
10.744	0.75275877028785	0.038789824835313	376.73031366685	0
10.752	0.75261672598552	0.030959316567943	376.73031366685	0
10.76	0.75238789789379	0.023136657787816	376.73031366685	0
10.768	0.75207239731027	0.015322573639342	376.73031366685	0
10.776	0.75167033577614	0.0075177881792491	376.73031366685	0
10.784	0.75118182506281	-0.00027697546779935	376.73031366685	0
10.792	0.75060697716198	-0.0080609949532904	376.73031366685	0
10.8	0.74994590427923	-0.015833548548665	376.73031366685	0
10.808	0.74919871883081	-0.023593914988854	376.73031366685	0
10.816	0.74836553344401	-0.031341373315549	376.73031366685	0
10.824	0.74744646096088	-0.039075202720213	376.73031366685	0
10.832	0.74644161444532	-0.04679468238684	376.73031366685	0
10.84	0.74535110719375	-0.05449909133448	376.73031366685	0
10.848	0.74417505274908	-0.062187708259534	376.73031366685	0
10.856	0.74291356491821	-0.06985981137782	376.73031366685	0
10.864	0.74156675779304	-0.077514678266414	376.73031366685	0
10.872	0.74013474577496	-0.085151585705302	376.73031366685	0
10.88	0.73861764360282	-0.092769809518821	376.73031366685	0
10.888	0.73701556638452	-0.10036862441691	376.73031366685	0
10.896	0.73532862963212	-0.10794730383618	376.73031366685	0
10.904	0.73355694930059	-0.11550511978082	376.73031366685	0
10.912	0.73170064183014	-0.12304134266332	376.73031366685	0
10.92	0.7297598241923	-0.13055524114507	376.73031366685	0
10.928	0.72773461393959	-0.13804608197682	376.73031366685	0
10.936	0.72562512925903	-0.14551312983896	376.73031366685	0
10.944	0.72343148902933	-0.1529556471818	376.73031366685	0
10.952	0.72115381288198	-0.16037289406561	376.73031366685	0
10.96	0.71879222126616	-0.16776412800067	376.73031366685	0
10.968	0.71634683551752	-0.17512860378727	376.73031366685	0
10.976	0.71381777793098	-0.18246557335556	376.73031366685	0
10.984	0.71120517183751	-0.18977428560545	376.73031366685	0
10.992	0.70850914168494	-0.19705398624651	376.73031366685	0
11	0.7057298131229	-0.20430391763781	376.73031366685	0
11.008	0.70286731309197	-0.21152331862786	376.73031366685	0
11.016	0.69992176991695	-0.21871142439457	376.73031366685	0
11.024	0.69689331340456	-0.22586746628535	376.73031366685	0
11.032	0.69378207494539	-0.23299067165724	376.73031366685	0
11.04	0.69058818762032	-0.24008026371727	376.73031366685	0
11.048	0.6873117863114	-0.24713546136301	376.73031366685	0
11.056	0.68395300781735	-0.25415547902319	376.73031366685	0
11.064	0.68051199097365	-0.26113952649879	376.73031366685	0
11.072	0.67698887677731	-0.26808680880426	376.73031366685	0
11.08	0.67338380851656	-0.27499652600915	376.73031366685	0
11.088	0.66969693190527	-0.2818678730801	376.73031366685	0
11.096	0.6659283952224	-0.28870003972327	376.73031366685	0
11.104	0.66207834945652	-0.29549221022728	376.73031366685	0
11.112	0.65814694845538	-0.30224356330662	376.73031366685	0
11.12	0.65413434908077	-0.30895327194576	376.73031366685	0
11.128	0.65004071136869	-0.31562050324382	376.73031366685	0
11.136	0.64586619869486	-0.32224441826001	376.73031366685	0
11.144	0.64161097794588	-0.32882417185992	376.73031366685	0
11.152	0.63727521969581	-0.33535891256254	376.73031366685	0
11.16	0.63285909838866	-0.34184778238837	376.73031366685	0
11.168	0.62836279252653	-0.34828991670851	376.73031366685	0
11.176	0.62378648486374	-0.35468444409478	376.73031366685	0
11.184	0.61913036260702	-0.36103048617122	376.73031366685	0
11.192	0.61439461762178	-0.3673271574667	376.73031366685	0
11.2	0.60957944664466	-0.37357356526909	376.73031366685	0
11.208	0.60468505150243	-0.37976880948086	376.73031366685	0
11.216	0.5997116393374	-0.3859119824763	376.73031366685	0
11.224	0.59465942283942	-0.39200216896054	376.73031366685	0
11.232	0.58952862048456	-0.39803844583033	376.73031366685	0
11.24	0.58431945678069	-0.40401988203695	376.73031366685	0
11.248	0.57903216251997	-0.40994553845112	376.73031366685	0
11.256	0.57366697503849	-0.41581446773026	376.73031366685	0
11.264	0.56822413848304	-0.42162571418815	376.73031366685	0
11.272	0.56270390408527	-0.42737831366717	376.73031366685	0
11.28	0.55710653044333	-0.43307129341324	376.73031366685	0
11.288	0.55143228381107	-0.4387036719538	376.73031366685	0
11.296	0.54568143839493	-0.44427445897871	376.73031366685	0
11.304	0.53985427665878	-0.44978265522457	376.73031366685	0
11.312	0.53395108963666	-0.45522725236245	376.73031366685	0
11.32	0.52797217725363	-0.46060723288931	376.73031366685	0
11.328	0.52191784865493	-0.46592157002334	376.73031366685	0
11.336	0.5157884225434	-0.47116922760338	376.73031366685	0
11.344	0.50958422752553	-0.47634915999272	376.73031366685	0
11.352	0.50330560246601	-0.48146031198747	376.73031366685	0
11.36	0.49695289685111	-0.48650161872979	376.73031366685	0
11.368	0.49052647116091	-0.49147200562622	376.73031366685	0
11.376	0.48402669725058	-0.49637038827138	376.73031366685	0
11.384	0.47745395874067	-0.50119567237732	376.73031366685	0
11.392	0.47080865141676	-0.50594675370888	376.73031366685	0
11.4	0.46409118363842	-0.51062251802526	376.73031366685	0
11.408	0.45730197675767	-0.51522184102821	376.73031366685	0
11.416	0.45044146554695	-0.51974358831707	376.73031366685	0
11.424	0.44351009863689	-0.52418661535116	376.73031366685	0
11.432	0.43650833896376	-0.52854976741972	376.73031366685	0
11.44	0.42943666422692	-0.53283187961983	376.73031366685	0
11.448	0.42229556735616	-0.53703177684271	376.73031366685	0
11.456	0.41508555698915	-0.54114827376882	376.73031366685	0
11.464	0.40780715795901	-0.54518017487203	376.73031366685	0
11.472	0.40046091179215	-0.54912627443349	376.73031366685	0
11.48	0.39304737721632	-0.55298535656546	376.73031366685	0
11.488	0.38556713067903	-0.55675619524569	376.73031366685	0
11.496	0.37802076687639	-0.56043755436265	376.73031366685	0
11.504	0.37040889929233	-0.56402818777238	376.73031366685	0
11.512	0.36273216074824	-0.56752683936705	376.73031366685	0
11.52	0.35499120396317	-0.57093224315619	376.73031366685	0
11.528	0.34718670212442	-0.57424312336078	376.73031366685	0
11.536	0.3393193494686	-0.57745819452088	376.73031366685	0
11.544	0.33138986187315	-0.58057616161741	376.73031366685	0
11.552	0.32339897745825	-0.58359572020862	376.73031366685	0
11.56	0.31534745719906	-0.58651555658172	376.73031366685	0
11.568	0.30723608554824	-0.58933434792054	376.73031366685	0
11.576	0.29906567106866	-0.59205076248962	376.73031366685	0
11.584	0.29083704707621	-0.59466345983551	376.73031366685	0
11.592	0.2825510722925	-0.5971710910059	376.73031366685	0
11.6	0.27420863150742	-0.59957229878719	376.73031366685	0
11.608	0.2658106362513	-0.60186571796143	376.73031366685	0
11.616	0.25735802547653	-0.60404997558298	376.73031366685	0
11.624	0.24885176624836	-0.60612369127603	376.73031366685	0
11.632	0.24029285444473	-0.60808547755334	376.73031366685	0
11.64	0.23168231546474	-0.60993394015729	376.73031366685	0
11.648	0.22302120494555	-0.61166767842381	376.73031366685	0
11.656	0.2143106094873	-0.61328528567	376.73031366685	0
11.664	0.20555164738579	-0.61478534960642	376.73031366685	0
11.672	0.19674546937242	-0.61616645277464	376.73031366685	0
11.68	0.18789325936096	-0.61742717301106	376.73031366685	0
11.688	0.17899623520077	-0.61856608393773	376.73031366685	0
11.696	0.17005564943586	-0.61958175548119	376.73031366685	0
11.704	0.16107279006931	-0.62047275441995	376.73031366685	0
11.712	0.15204898133237	-0.62123764496178	376.73031366685	0
11.72	0.14298558445773	-0.62187498935154	376.73031366685	0
11.728	0.13388399845616	-0.62238334851039	376.73031366685	0
11.736	0.12474566089582	-0.6227612827075	376.73031366685	0
11.744	0.11557204868357	-0.62300735226499	376.73031366685	0
11.752	0.10636467884723	-0.62312011829705	376.73031366685	0
11.76	0.097125109318135	-0.62309814348429	376.73031366685	0
11.768	0.087854939712887	-0.622939992884	376.73031366685	0
11.776	0.078555812113405	-0.62264423477752	376.73031366685	0
11.784	0.069229411844143	-0.62220944155542	376.73031366685	0
11.792	0.05987746824543	-0.62163419064146	376.73031366685	0
11.8	0.050501755441706	-0.62091706545635	376.73031366685	0
11.808	0.041104093103437	-0.62005665642195	376.73031366685	0
11.816	0.031686347201386	-0.61905156200711	376.73031366685	0
11.824	0.022250430751877	-0.61790038981574	376.73031366685	0
11.832	0.012798304551611	-0.61660175771808	376.73031366685	0
11.84	0.003331977900493	-0.61515429502602	376.73031366685	0
11.848	-0.0061464906890978	-0.61355664371315	376.73031366685	0
11.856	-0.015634992798263	-0.61180745968047	376.73031366685	0
11.864	-0.025131369424498	-0.60990541406832	376.73031366685	0
11.872	-0.034633410323397	-0.60784919461537	376.73031366685	0
11.88	-0.044138853371038	-0.60563750706524	376.73031366685	0
11.888	-0.053645383949002	-0.60326907662143	376.73031366685	0
11.896	-0.063150634354097	-0.60074264945103	376.73031366685	0
11.904	-0.072652183234928	-0.59805699423782	376.73031366685	0
11.912	-0.082147555057518	-0.59521090378509	376.73031366685	0
11.92	-0.091634219602269	-0.59220319666872	376.73031366685	0
11.928	-0.10110959149465	-0.58903271894065	376.73031366685	0
11.936	-0.11057102977207	-0.58569834588307	376.73031366685	0
11.944	-0.1200158374895	-0.58219898381352	376.73031366685	0
11.952	-0.12944126136642	-0.57853357194083	376.73031366685	0
11.96	-0.1388444914778	-0.57470108427204	376.73031366685	0
11.968	-0.14822266099195	-0.57070053156998	376.73031366685	0
11.976	-0.15757284595802	-0.56653096336143	376.73031366685	0
11.984	-0.16689206514612	-0.56219146999539	376.73031366685	0
11.992	-0.17617727994301	-0.55768118475106	376.73031366685	0
12	-0.18542539430654	-0.55299928599489	376.73031366685	0
12.008	-0.19463325478187	-0.54814499938591	376.73031366685	0
12.016	-0.20379765058262	-0.54311760012862	376.73031366685	0
12.024	-0.21291531374043	-0.53791641527212	376.73031366685	0
12.032	-0.22198291932595	-0.53254082605466	376.73031366685	0
12.04	-0.23099708574481	-0.52699027029188	376.73031366685	0
12.048	-0.23995437511191	-0.52126424480745	376.73031366685	0
12.056	-0.2488512937074	-0.5153623079044	376.73031366685	0
12.064	-0.25768429251792	-0.50928408187504	376.73031366685	0
12.072	-0.26644976786647	-0.50302925554764	376.73031366685	0
12.08	-0.27514406213446	-0.49659758686734	376.73031366685	0
12.088	-0.28376346457937	-0.48998890550904	376.73031366685	0
12.096	-0.29230421225162	-0.48320311551928	376.73031366685	0
12.104	-0.300762491014	-0.47624019798442	376.73031366685	0
12.112	-0.3091344366671	-0.46910021372175	376.73031366685	0
12.12	-0.31741613618426	-0.46178330599035	376.73031366685	0
12.128	-0.3256036290592	-0.45428970321784	376.73031366685	0
12.136	-0.33369290876983	-0.44661972173929	376.73031366685	0
12.144	-0.3416799243612	-0.43877376854415	376.73031366685	0
12.152	-0.34956058215091	-0.43075234402677	376.73031366685	0
12.16	-0.35733074755978	-0.42255604473595	376.73031366685	0
12.168	-0.36498624707085	-0.41418556611853	376.73031366685	0
12.176	-0.37252287031929	-0.40564170525204	376.73031366685	0
12.184	-0.37993637231579	-0.39692536356083	376.73031366685	0
12.192	-0.38722247580597	-0.38803754951023	376.73031366685	0
12.2	-0.39437687376782	-0.37897938127261	376.73031366685	0
12.208	-0.40139523204927	-0.36975208935932	376.73031366685	0
12.216	-0.40827319214761	-0.36035701921216	376.73031366685	0
12.224	-0.41500637413226	-0.35079563374745	376.73031366685	0
12.232	-0.42159037971209	-0.34106951584621	376.73031366685	0
12.24	-0.42802079544827	-0.33118037078289	376.73031366685	0
12.248	-0.4342931961132	-0.32113002858576	376.73031366685	0
12.256	-0.44040314819593	-0.31092044632099	376.73031366685	0
12.264	-0.44634621355381	-0.30055371029298	376.73031366685	0
12.272	-0.45211795321012	-0.29003203815286	376.73031366685	0
12.28	-0.45771393129672	-0.2793577809071	376.73031366685	0
12.288	-0.4631297191405	-0.26853342481797	376.73031366685	0
12.296	-0.46836089949203	-0.25756159318749	376.73031366685	0
12.304	-0.47340307089405	-0.24644504801633	376.73031366685	0
12.312	-0.47825185218748	-0.23518669152916	376.73031366685	0
12.32	-0.48290288715164	-0.22378956755772	376.73031366685	0
12.328	-0.48735184927522	-0.2122568627729	376.73031366685	0
12.336	-0.49159444665372	-0.2005919077573	376.73031366685	0
12.344	-0.49562642700896	-0.18879817790937	376.73031366685	0
12.352	-0.49944358282522	-0.17687929417063	376.73031366685	0
12.36	-0.50304175659644	-0.1648390235674	376.73031366685	0
12.368	-0.50641684617814	-0.15268127955855	376.73031366685	0
12.376	-0.50956481023704	-0.14041012218102	376.73031366685	0
12.384	-0.51248167379128	-0.12802975798505	376.73031366685	0
12.392	-0.51516353383276	-0.11554453975115	376.73031366685	0
12.4	-0.51760656502342	-0.10295896598119	376.73031366685	0
12.408	-0.51980702545606	-0.090277680156497	376.73031366685	0
12.416	-0.52176126246998	-0.077505469755727	376.73031366685	0
12.424	-0.52346571851132	-0.064647265026073	376.73031366685	0
12.432	-0.52491693702697	-0.051708137501688	376.73031366685	0
12.44	-0.52611156838102	-0.038693298263564	376.73031366685	0
12.448	-0.52704637578156	-0.025608095935719	376.73031366685	0
12.456	-0.5277182412057	-0.012458014413116	376.73031366685	0
12.464	-0.52812417130977	0.00075132968277116	376.73031366685	0
12.472	-0.5282613033116	0.014014189824063	376.73031366685	0
12.48	-0.52812691083099	0.027324692675008	376.73031366685	0
12.488	-0.5277184096745	0.040676841470959	376.73031366685	0
12.496	-0.52703336354992	0.054064519678951	376.73031366685	0
12.504	-0.52606948969602	0.067481494940468	376.73031366685	0
12.512	-0.52482466441231	0.080921423295941	376.73031366685	0
12.52	-0.52329692847379	0.094377853689897	376.73031366685	0
12.528	-0.52148449241551	0.10784423275454	376.73031366685	0
12.536	-0.51938574167115	0.12131390986897	376.73031366685	0
12.544	-0.5169992415506	0.13478014248999	376.73031366685	0
12.552	-0.51432374204066	0.14823610174987	376.73031366685	0
12.56	-0.51135818241384	0.1616748783151	376.73031366685	0
12.568	-0.50810169562976	0.17508948849963	376.73031366685	0
12.576	-0.50455361251416	0.18847288062468	376.73031366685	0
12.584	-0.5007134657008	0.20181794161674	376.73031366685	0
12.592	-0.49658099332173	0.21511750383395	376.73031366685	0
12.6	-0.49215614243186	0.22836435211036	376.73031366685	0
12.608	-0.4874390721542	0.24155123100678	376.73031366685	0
12.616	-0.48243015653283	0.2546708522555	376.73031366685	0
12.624	-0.47712998708086	0.26771590238591	376.73031366685	0
12.632	-0.47153937501194	0.2806790505167	376.73031366685	0
12.64	-0.46565935314374	0.29355295629972	376.73031366685	0
12.648	-0.45949117746357	0.30633027799982	376.73031366685	0
12.656	-0.45303632834632	0.31900368069409	376.73031366685	0
12.664	-0.44629651141633	0.33156584457339	376.73031366685	0
12.672	-0.43927365804552	0.34400947332832	376.73031366685	0
12.68	-0.43196992548118	0.35632730260124	376.73031366685	0
12.688	-0.42438769659788	0.36851210848555	376.73031366685	0
12.696	-0.416529579269	0.3805567160527	376.73031366685	0
12.704	-0.40839840535459	0.39245400788733	376.73031366685	0
12.712	-0.39999722930337	0.40419693261051	376.73031366685	0
12.72	-0.39132932636781	0.41577851337078	376.73031366685	0
12.728	-0.38239819043269	0.42719185628265	376.73031366685	0
12.736	-0.37320753145841	0.43843015879199	376.73031366685	0
12.744	-0.36376127254179	0.44948671794803	376.73031366685	0
12.752	-0.35406354659834	0.46035493856146	376.73031366685	0
12.76	-0.34411869267104	0.47102834122857	376.73031366685	0
12.768	-0.33393125187214	0.48150057020147	376.73031366685	0
12.776	-0.32350596296537	0.49176540108487	376.73031366685	0
12.784	-0.31284775759758	0.50181674834034	376.73031366685	0
12.792	-0.30196175518946	0.51164867257939	376.73031366685	0
12.8	-0.29085325749664	0.5212553876274	376.73031366685	0
12.808	-0.2795277428531	0.53063126734103	376.73031366685	0
12.816	-0.26799086011023	0.53977085216261	376.73031366685	0
12.824	-0.2562484222855	0.54866885539551	376.73031366685	0
12.832	-0.24430639993607	0.55732016918589	376.73031366685	0
12.84	-0.23217091427298	0.56571987019656	376.73031366685	0
12.848	-0.21984823003298	0.57386322496014	376.73031366685	0
12.856	-0.20734474812529	0.58174569489949	376.73031366685	0
12.864	-0.19466699807142	0.58936294100471	376.73031366685	0
12.872	-0.18182163025698	0.59671082815679	376.73031366685	0
12.88	-0.1688154080144	0.60378542908945	376.73031366685	0
12.888	-0.15565519955646	0.61058302798193	376.73031366685	0
12.896	-0.14234796978057	0.61710012367626	376.73031366685	0
12.904	-0.12890077196388	0.62333343251448	376.73031366685	0
12.912	-0.1153207393699	0.62927989079175	376.73031366685	0
12.92	-0.10161507678688	0.63493665682321	376.73031366685	0
12.928	-0.087791052018729	0.64030111262316	376.73031366685	0
12.936	-0.073855987348626	0.64537086519662	376.73031366685	0
12.944	-0.059817250995807	0.65014374744464	376.73031366685	0
12.952	-0.045682248585489	0.65461781868556	376.73031366685	0
12.96	-0.031458414651648	0.65879136479586	376.73031366685	0
12.968	-0.017153204192015	0.66266289797544	376.73031366685	0
12.976	-0.0027740842941514	0.66623115614289	376.73031366685	0
12.984	0.011671474149028	0.66949510196776	376.73031366685	0
12.992	0.026176004616581	0.67245392154763	376.73031366685	0
13	0.040732053012437	0.67510702273868	376.73031366685	0
13.008	0.05533218557767	0.67745403314965	376.73031366685	0
13.016	0.069968996646282	0.67949479780946	376.73031366685	0
13.024	0.084635116229693	0.68122937652006	376.73031366685	0
13.032	0.099323217415977	0.68265804090639	376.73031366685	0
13.04	0.11402602357051	0.68378127117609	376.73031366685	0
13.048	0.12873631532592	0.6845997526024	376.73031366685	0
13.056	0.14344693734981	0.68511437174385	376.73031366685	0
13.064	0.15815080488002	0.68532621241524	376.73031366685	0
13.072	0.17284091001788	0.68523655142419	376.73031366685	0
13.08	0.18751032777094	0.68484685408851	376.73031366685	0
13.088	0.20215222183765	0.68415876954958	376.73031366685	0
13.096	0.21675985012756	0.68317412589692	376.73031366685	0
13.104	0.23132657001123	0.68189492511974	376.73031366685	0
13.112	0.24584584329543	0.68032333790082	376.73031366685	0
13.12	0.2603112409197	0.67846169826855	376.73031366685	0
13.128	0.27471644737168	0.6763124981224	376.73031366685	0
13.136	0.2890552648192	0.67387838164746	376.73031366685	0
13.144	0.3033216169582	0.67116213963329	376.73031366685	0
13.152	0.31750955257628	0.66816670371181	376.73031366685	0
13.16	0.33161324883241	0.66489514052951	376.73031366685	0
13.168	0.34562701425461	0.661350645868	376.73031366685	0
13.176	0.35954529145731	0.65753653872738	376.73031366685	0
13.184	0.37336265958168	0.65345625538578	376.73031366685	0
13.192	0.38707383646226	0.64911334344881	376.73031366685	0
13.2	0.40067368052428	0.64451145590145	376.73031366685	0
13.208	0.4141571924163	0.63965434517499	376.73031366685	0
13.216	0.42751951638368	0.6345458572407	376.73031366685	0
13.224	0.44075594138864	0.62918992574191	376.73031366685	0
13.232	0.45386190198331	0.6235905661749	376.73031366685	0
13.24	0.46683297894243	0.61775187012927	376.73031366685	0
13.248	0.479664899663	0.6116779995973	376.73031366685	0
13.256	0.49235353833815	0.60537318136136	376.73031366685	0
13.264	0.50489491591322	0.59884170146818	376.73031366685	0
13.272	0.51728519983189	0.5920878997977	376.73031366685	0
13.28	0.52952070358084	0.58511616473401	376.73031366685	0
13.288	0.54159788604108	0.57793092794512	376.73031366685	0
13.296	0.55351335065488	0.57053665927802	376.73031366685	0
13.304	0.56526384441666	0.56293786177427	376.73031366685	0
13.312	0.57684625669691	0.5551390668118	376.73031366685	0
13.32	0.58825761790768	0.5471448293769	376.73031366685	0
13.328	0.59949509801864	0.53895972347088	376.73031366685	0
13.336	0.61055600493251	0.53058833765472	376.73031366685	0
13.344	0.62143778272838	0.52203527073471	376.73031366685	0
13.352	0.63213800978204	0.51330512759163	376.73031366685	0
13.36	0.64265439677144	0.50440251515551	376.73031366685	0
13.368	0.65298478457607	0.49533203852761	376.73031366685	0
13.376	0.66312714207849	0.48609829725057	376.73031366685	0
13.384	0.67307956387615	0.47670588172785	376.73031366685	0
13.392	0.68284026791157	0.46715936979242	376.73031366685	0
13.4	0.69240759302867	0.45746332342477	376.73031366685	0
13.408	0.70177999646284	0.44762228562021	376.73031366685	0
13.416	0.7109560512721	0.4376407774041	376.73031366685	0
13.424	0.71993444371676	0.42752329499456	376.73031366685	0
13.432	0.72871397059406	0.41727430711102	376.73031366685	0
13.44	0.73729353653504	0.4068982524272	376.73031366685	0
13.448	0.74567215126958	0.39639953716649	376.73031366685	0
13.456	0.75384892686612	0.38578253283781	376.73031366685	0
13.464	0.76182307495194	0.37505157410959	376.73031366685	0
13.472	0.7695939039195	0.36421095681947	376.73031366685	0
13.48	0.77716081612449	0.35326493611695	376.73031366685	0
13.488	0.78452330508063	0.34221772473628	376.73031366685	0
13.496	0.79168095265607	0.33107349139654	376.73031366685	0
13.504	0.79863342627613	0.31983635932604	376.73031366685	0
13.512	0.8053804761367	0.3085104049076	376.73031366685	0
13.52	0.8119219324324	0.2970996564416	376.73031366685	0
13.528	0.81825770260345	0.28560809302346	376.73031366685	0
13.536	0.82438776860484	0.27403964353209	376.73031366685	0
13.544	0.83031218420115	0.26239818572587	376.73031366685	0
13.552	0.83603107229028	0.25068754544266	376.73031366685	0
13.56	0.84154462225893	0.23891149590031	376.73031366685	0
13.568	0.84685308737253	0.22707375709423	376.73031366685	0
13.576	0.85195678220225	0.21517799528834	376.73031366685	0
13.584	0.85685608009111	0.20322782259593	376.73031366685	0
13.592	0.86155141066161	0.191226796647	376.73031366685	0
13.6	0.86604325736643	0.17917842033844	376.73031366685	0
13.608	0.87033215508413	0.16708614166371	376.73031366685	0
13.616	0.87441868776126	0.15495335361852	376.73031366685	0
13.624	0.87830348610228	0.14278339417912	376.73031366685	0
13.632	0.88198722530842	0.13057954635007	376.73031366685	0
13.64	0.88547062286648	0.11834503827779	376.73031366685	0
13.648	0.88875443638876	0.10608304342728	376.73031366685	0
13.656	0.89183946150412	0.093796680818243	376.73031366685	0
13.664	0.89472652980171	0.081489015317906	376.73031366685	0
13.672	0.89741650682712	0.069163057987598	376.73031366685	0
13.68	0.89991029013161	0.056821766479711	376.73031366685	0
13.688	0.90220880737459	0.04446804548272	376.73031366685	0
13.696	0.90431301447958	0.032104747211124	376.73031366685	0
13.704	0.90622389384352	0.01973467193772	376.73031366685	0
13.712	0.90794245259949	0.0073605685656482	376.73031366685	0
13.72	0.90946972093262	-0.0050148647625014	376.73031366685	0
13.728	0.91080675044919	-0.017388980020632	376.73031366685	0
13.736	0.91195461259812	-0.029759178622982	376.73031366685	0
13.744	0.91291439714519	-0.042122910717685	376.73031366685	0
13.752	0.91368721069882	-0.054477674452535	376.73031366685	0
13.76	0.91427417528755	-0.06682101521498	376.73031366685	0
13.768	0.91467642698835	-0.079150524848484	376.73031366685	0
13.776	0.9148951146051	-0.091463840846878	376.73031366685	0
13.784	0.91493139839694	-0.10375864552917	376.73031366685	0
13.792	0.91478644885548	-0.11603266519594	376.73031366685	0
13.8	0.9144614455306	-0.12828366926955	376.73031366685	0
13.808	0.91395757590339	-0.14050946941959	376.73031366685	0
13.816	0.91327603430639	-0.15270791867511	376.73031366685	0
13.824	0.91241802088953	-0.1648769105252	376.73031366685	0
13.832	0.91138474063167	-0.17701437800936	376.73031366685	0
13.84	0.91017740239619	-0.18911829279898	376.73031366685	0
13.848	0.90879721803059	-0.20118666427109	376.73031366685	0
13.856	0.90724540150865	-0.21321753857587	376.73031366685	0
13.864	0.90552316811472	-0.22520899769887	376.73031366685	0
13.872	0.90363173366895	-0.23715915851902	376.73031366685	0
13.88	0.90157231379282	-0.24906617186363	376.73031366685	0
13.888	0.89934612321439	-0.2609282215612	376.73031366685	0
13.896	0.89695437511169	-0.27274352349297	376.73031366685	0
13.904	0.89439828049422	-0.28451032464425	376.73031366685	0
13.912	0.89167904762122	-0.29622690215605	376.73031366685	0
13.92	0.88879788145613	-0.30789156237803	376.73031366685	0
13.928	0.88575598315622	-0.31950263992333	376.73031366685	0
13.936	0.88255454959689	-0.33105849672607	376.73031366685	0
13.944	0.8791947729296	-0.34255752110196	376.73031366685	0
13.952	0.87567784017272	-0.3539981268129	376.73031366685	0
13.96	0.87200493283463	-0.36537875213573	376.73031366685	0
13.968	0.86817722656824	-0.37669785893598	376.73031366685	0
13.976	0.86419589085624	-0.3879539317469	376.73031366685	0
13.984	0.86006208872637	-0.39914547685423	376.73031366685	0
13.992	0.85577697649604	-0.41027102138716	376.73031366685	0
14	0.85134170354556	-0.42132911241582	376.73031366685	0

Curvelabel          = SZmax(1),Zmax(1)_(6)
Filename            = ^cSZmax(1)Zmax(1).sig
Npoints             = 1001
Type                = 8
Subtype             = 16
Result type         = complex:none;impedance
View type           = Cartesian
Plot type           = Phase
Parameters          = {C_off=0.16; C_on_approx=1000; Cx=0.16; Cy=1000; L1=2.9; L_diode=0.45; Lpin=0.45; R1=2.5; R_off=10; R_on=1; Rx=10; Ry=1; S1=0.3; W1=6; W2=5.3; alpha1=60; antipad_d=0.8; bias_w=0.2; common_return_y=2; eps_bond=3.52; eps_f4bm=2.65; eps_fr4=4.4; fmax=14; fmin=6; h1=3; h2=0.5; hbond=0.1; p=15; phi=0; phi_inc=0; pin_inset=0.02; sigma_cu=5.8e+07; tand_bond=0.004; tand_f4bm=0.003; tand_fr4=0.02; tcu=0.035; theta=0; theta_inc=0; via_d=0.3}
Data/Title          = S-Parameters
X/Label             = Frequency
X/Unit              = GHz
Y/Unit              = 
Y/Logfactor         = 20
Plot/wrapHeuristics = 0

6	0.93371620834072	0.34395665716847	376.73031366685	0
6.008	0.93554047284685	0.33888392761197	376.73031366685	0
6.016	0.93734246282392	0.33378462503875	376.73031366685	0
6.024	0.93912192138728	0.32865857066212	376.73031366685	0
6.032	0.9408785865851	0.32350558211493	376.73031366685	0
6.04	0.94261219124533	0.31832547336921	376.73031366685	0
6.048	0.94432246281732	0.31311805465407	376.73031366685	0
6.056	0.94600912320776	0.3078831323716	376.73031366685	0
6.064	0.94767188861062	0.30262050901092	376.73031366685	0
6.072	0.94931046933108	0.29732998306015	376.73031366685	0
6.08	0.95092456960292	0.2920113489165	376.73031366685	0
6.088	0.95251388739938	0.28666439679406	376.73031366685	0
6.096	0.95407811423697	0.28128891262981	376.73031366685	0
6.104	0.95561693497214	0.27588467798725	376.73031366685	0
6.112	0.95713002759028	0.27045146995787	376.73031366685	0
6.12	0.95861706298696	0.26498906106063	376.73031366685	0
6.128	0.96007770474104	0.25949721913891	376.73031366685	0
6.136	0.961511608879	0.25397570725539	376.73031366685	0
6.144	0.96291842363073	0.24842428358443	376.73031366685	0
6.152	0.96429778917557	0.24284270130238	376.73031366685	0
6.16	0.96564933737903	0.23723070847513	376.73031366685	0
6.168	0.96697269151929	0.23158804794361	376.73031366685	0
6.176	0.96826746600294	0.22591445720666	376.73031366685	0
6.184	0.96953326607007	0.22020966830146	376.73031366685	0
6.192	0.97076968748748	0.21447340768155	376.73031366685	0
6.2	0.97197631623008	0.2087053960922	376.73031366685	0
6.208	0.97315272814962	0.20290534844349	376.73031366685	0
6.216	0.97429848863047	0.19707297368068	376.73031366685	0
6.224	0.97541315223144	0.19120797465219	376.73031366685	0
6.232	0.97649626231339	0.18531004797483	376.73031366685	0
6.24	0.97754735065201	0.17937888389672	376.73031366685	0
6.248	0.97856593703447	0.17341416615759	376.73031366685	0
6.256	0.97955152884031	0.16741557184662	376.73031366685	0
6.264	0.98050362060461	0.16138277125783	376.73031366685	0
6.272	0.98142169356351	0.15531542774289	376.73031366685	0
6.28	0.98230521518105	0.14921319756159	376.73031366685	0
6.288	0.98315363865593	0.14307572973029	376.73031366685	0
6.296	0.98396640240809	0.13690266586742	376.73031366685	0
6.304	0.98474292954368	0.13069364003748	376.73031366685	0
6.312	0.98548262729714	0.12444827859257	376.73031366685	0
6.32	0.98618488644999	0.11816620001194	376.73031366685	0
6.328	0.98684908072475	0.11184701473973	376.73031366685	0
6.336	0.98747456615249	0.10549032502105	376.73031366685	0
6.344	0.98806068041375	0.099095724736555	376.73031366685	0
6.352	0.98860674215042	0.092662799235439	376.73031366685	0
6.36	0.98911205024777	0.086191125167313	376.73031366685	0
6.368	0.98957588308509	0.07968027031359	376.73031366685	0
6.376	0.98999749775325	0.073129793417799	376.73031366685	0
6.384	0.99037612923779	0.066539244015696	376.73031366685	0
6.392	0.99071098956523	0.059908162265523	376.73031366685	0
6.4	0.99100126691188	0.053236078778631	376.73031366685	0
6.408	0.99124612467182	0.04652251445098	376.73031366685	0
6.416	0.99144470048315	0.03976698029591	376.73031366685	0
6.424	0.99159610520993	0.032968977278705	376.73031366685	0
6.432	0.99169942187751	0.026127996154211	376.73031366685	0
6.44	0.99175370455892	0.019243517306479	376.73031366685	0
6.448	0.99175797720994	0.01231501059343	376.73031366685	0
6.456	0.99171123244992	0.0053419351954403	376.73031366685	0
6.464	0.99161243028574	-0.0016762605302515	376.73031366685	0
6.472	0.99146049677603	-0.0087401391887142	376.73031366685	0
6.48	0.99125432263212	-0.015850274478667	376.73031366685	0
6.488	0.99099276175268	-0.023007251314992	376.73031366685	0
6.496	0.99067462968911	-0.03021166594153	376.73031366685	0
6.504	0.99029870203612	-0.037464126031462	376.73031366685	0
6.512	0.9898637127462	-0.044765250775244	376.73031366685	0
6.52	0.98936835236179	-0.052115670953258	376.73031366685	0
6.528	0.98881126616124	-0.059516028991052	376.73031366685	0
6.536	0.98819105221471	-0.066966978996463	376.73031366685	0
6.544	0.98750625934421	-0.074469186774258	376.73031366685	0
6.552	0.98675538498283	-0.08202332981757	376.73031366685	0
6.56	0.985936872928	-0.08963009727198	376.73031366685	0
6.568	0.98504911098255	-0.097290189869742	376.73031366685	0
6.576	0.98409042847751	-0.10500431983067	376.73031366685	0
6.584	0.9830590936706	-0.1127732107251	376.73031366685	0
6.592	0.98195331101265	-0.1205975972969	376.73031366685	0
6.6	0.98077121827558	-0.12847822523912	376.73031366685	0
6.608	0.97951088353374	-0.13641585091907	376.73031366685	0
6.616	0.97817030199046	-0.14441124104748	376.73031366685	0
6.624	0.97674739264126	-0.15246517228475	376.73031366685	0
6.632	0.97523999476483	-0.16057843077756	376.73031366685	0
6.64	0.97364586423194	-0.16875181161993	376.73031366685	0
6.648	0.97196266962177	-0.17698611822921	376.73031366685	0
6.656	0.97018798813548	-0.18528216162875	376.73031366685	0
6.664	0.96831930129539	-0.19364075962797	376.73031366685	0
6.672	0.96635399041763	-0.20206273588826	376.73031366685	0
6.68	0.96428933184571	-0.21054891886389	376.73031366685	0
6.688	0.96212249193138	-0.21910014060464	376.73031366685	0
6.696	0.95985052174922	-0.227717235406	376.73031366685	0
6.704	0.95747035152922	-0.23640103829148	376.73031366685	0
6.712	0.95497878479267	-0.24515238330987	376.73031366685	0
6.72	0.95237249217355	-0.25397210162874	376.73031366685	0
6.728	0.94964800490983	-0.26286101940338	376.73031366685	0
6.736	0.94680170798451	-0.27181995539833	376.73031366685	0
6.744	0.94382983289871	-0.28084971833669	376.73031366685	0
6.752	0.94072845005614	-0.28995110394948	376.73031366685	0
6.76	0.93749346073831	-0.2991248916946	376.73031366685	0
6.768	0.93412058864817	-0.30837184111211	376.73031366685	0
6.776	0.93060537099997	-0.31769268777902	376.73031366685	0
6.784	0.9269431491311	-0.32708813882278	376.73031366685	0
6.792	0.92312905861182	-0.33655886794968	376.73031366685	0
6.8	0.91915801882756	-0.34610550993725	376.73031366685	0
6.808	0.9150247220071	-0.35572865453858	376.73031366685	0
6.816	0.91072362167071	-0.3654288397371	376.73031366685	0
6.824	0.90624892047056	-0.37520654428724	376.73031366685	0
6.832	0.90159455739612	-0.38506217946696	376.73031366685	0
6.84	0.89675419431656	-0.39499607996406	376.73031366685	0
6.848	0.89172120183282	-0.40500849380655	376.73031366685	0
6.856	0.88648864441221	-0.4150995712404	376.73031366685	0
6.864	0.88104926477964	-0.42526935244782	376.73031366685	0
6.872	0.87539546753971	-0.43551775398768	376.73031366685	0
6.88	0.86951930200771	-0.44584455382793	376.73031366685	0
6.888	0.86341244422883	-0.4562493748265	376.73031366685	0
6.896	0.85706617816868	-0.46673166650305	376.73031366685	0
6.904	0.85047137606297	-0.47729068492673	376.73031366685	0
6.912	0.84361847792007	-0.48792547052888	376.73031366685	0
6.92	0.83649747017692	-0.49863482362888	376.73031366685	0
6.928	0.82909786351823	-0.50941727744153	376.73031366685	0
6.936	0.82140866987922	-0.52027106830984	376.73031366685	0
6.944	0.81341837866672	-0.53119410288262	376.73031366685	0
6.952	0.80511493224841	-0.54218392192853	376.73031366685	0
6.96	0.79648570078044	-0.55323766044808	376.73031366685	0
6.968	0.7875174564673	-0.56435200371243	376.73031366685	0
6.976	0.77819634737556	-0.57552313882331	376.73031366685	0
6.984	0.76850787095728	-0.58674670134978	376.73031366685	0
6.992	0.75843684747828	-0.5980177165576	376.73031366685	0
7	0.74796739359498	-0.60933053470351	376.73031366685	0
7.008	0.73708289637814	-0.62067875982124	376.73031366685	0
7.016	0.72576598814893	-0.63205517137817	376.73031366685	0
7.024	0.71399852257017	-0.64345163813125	376.73031366685	0
7.032	0.70176155252614	-0.65485902346058	376.73031366685	0
7.04	0.68903531043173	-0.6662670814066	376.73031366685	0
7.048	0.6757991917351	-0.67766434258662	376.73031366685	0
7.056	0.6620317425232	-0.68903798911779	376.73031366685	0
7.064	0.64771065230745	-0.70037371762874	376.73031366685	0
7.072	0.63281275326051	-0.71165558940557	376.73031366685	0
7.08	0.61731402740002	-0.72286586668986	376.73031366685	0
7.088	0.60118962347216	-0.73398483413433	376.73031366685	0
7.096	0.5844138855832	-0.74499060442909	376.73031366685	0
7.104	0.56696039596362	-0.75585890714521	376.73031366685	0
7.112	0.54880203463124	-0.76656285991193	376.73031366685	0
7.12	0.52991105915038	-0.7770727211579	376.73031366685	0
7.128	0.51025920816752	-0.78735562381943	376.73031366685	0
7.136	0.48981783294155	-0.79737528966341	376.73031366685	0
7.144	0.46855806167962	-0.80709172420875	376.73031366685	0
7.152	0.4464510021376	-0.81646089267816	376.73031366685	0
7.16	0.4234679886415	-0.82543437799715	376.73031366685	0
7.168	0.39958088042641	-0.83395902260846	376.73031366685	0
7.176	0.37476241895863	-0.84197655681984	376.73031366685	0
7.184	0.34898665268469	-0.8494232175889	376.73031366685	0
7.192	0.32222943841055	-0.85622936310975	376.73031366685	0
7.2	0.2944690292159	-0.86231909034603	376.73031366685	0
7.208	0.26568675940545	-0.86760986479784	376.73031366685	0
7.216	0.23586783742666	-0.8720121743398	376.73031366685	0
7.224	0.20500225787258	-0.87542922196678	376.73031366685	0
7.232	0.17308584355809	-0.87775667577084	376.73031366685	0
7.24	0.14012142812688	-0.87888249848998	376.73031366685	0
7.248	0.10612018865794	-0.87868688356284	376.73031366685	0
7.256	0.071103136267573	-0.87704232988778	376.73031366685	0
7.264	0.035102770819596	-0.87381389362889	376.73031366685	0
7.272	-0.0018350962463967	-0.868859662925	376.73031366685	0
7.28	-0.039649348928436	-0.86203151139473	376.73031366685	0
7.288	-0.07826140295566	-0.85317620147816	376.73031366685	0
7.296	-0.11757287219599	-0.84213693455173	376.73031366685	0
7.304	-0.1574630712746	-0.82875549313834	376.73031366685	0
7.312	-0.19778638596267	-0.81287521404523	376.73031366685	0
7.32	-0.23836964290929	-0.79434520619265	376.73031366685	0
7.328	-0.27900994281505	-0.77302650915594	376.73031366685	0
7.336	-0.31947437263739	-0.7488011363905	376.73031366685	0
7.344	-0.3595052037073	-0.72158424301033	376.73031366685	0
7.352	-0.39883709627629	-0.69133495980272	376.73031366685	0
7.36	-0.43722875213724	-0.65804880156503	376.73031366685	0
7.368	-0.47448159082166	-0.62170812350328	376.73031366685	0
7.376	-0.51038413554103	-0.58222123149106	376.73031366685	0
7.384	-0.54460479145859	-0.53945944169086	376.73031366685	0
7.392	-0.5766828071683	-0.49338574603852	376.73031366685	0
7.4	-0.60612970529335	-0.44411337280269	376.73031366685	0
7.408	-0.63250375165937	-0.39186592336341	376.73031366685	0
7.416	-0.65542003017657	-0.33692970120223	376.73031366685	0
7.424	-0.67454006959042	-0.2796343783784	376.73031366685	0
7.432	-0.68956703346645	-0.22034966414482	376.73031366685	0
7.44	-0.70024857734559	-0.15948459228991	376.73031366685	0
7.448	-0.70638346825372	-0.097484391568055	376.73031366685	0
7.456	-0.70782885189304	-0.03482417057489	376.73031366685	0
7.464	-0.7045064174391	0.028000057477645	376.73031366685	0
7.472	-0.69640653978032	0.090482220331029	376.73031366685	0
7.48	-0.6835899342514	0.15211809595731	376.73031366685	0
7.488	-0.66618664743262	0.21241750803467	376.73031366685	0
7.496	-0.64439242994304	0.27091607985568	376.73031366685	0
7.504	-0.6184627248806	0.32718589790441	376.73031366685	0
7.512	-0.58870465991907	0.38084454988492	376.73031366685	0
7.52	-0.55546754408543	0.43156214586146	376.73031366685	0
7.528	-0.51913243457953	0.47906609369324	376.73031366685	0
7.536	-0.48010135228527	0.52314356563108	376.73031366685	0
7.544	-0.43878669041092	0.56364174615145	376.73031366685	0
7.552	-0.39560128777682	0.6004660788534	376.73031366685	0
7.56	-0.35094953874547	0.63357682400048	376.73031366685	0
7.568	-0.30521979901136	0.66298429458784	376.73031366685	0
7.576	-0.25877823292984	0.68874315890511	376.73031366685	0
7.584	-0.21196414401865	0.71094618636691	376.73031366685	0
7.592	-0.16508674281007	0.72971777807839	376.73031366685	0
7.6	-0.11842323922571	0.74520757227026	376.73031366685	0
7.608	-0.072218100995917	0.75758435513172	376.73031366685	0
7.616	-0.026683293977026	0.7670304463396	376.73031366685	0
7.624	0.018000688360716	0.77373667081898	376.73031366685	0
7.632	0.061683194137942	0.77789797737286	376.73031366685	0
7.64	0.10424135437109	0.77970972266683	376.73031366685	0
7.648	0.14557774926702	0.77936460624061	376.73031366685	0
7.656	0.18561792884302	0.7770502184026	376.73031366685	0
7.664	0.22430789298499	0.77294714710015	376.73031366685	0
7.672	0.2616116128521	0.76722758086879	376.73031366685	0
7.68	0.29750865447116	0.76005434135752	376.73031366685	0
7.688	0.33199194703946	0.751580279375	376.73031366685	0
7.696	0.36506572310948	0.74194797169162	376.73031366685	0
7.704	0.39674364542172	0.7312896609642	376.73031366685	0
7.712	0.42704712547091	0.71972738731014	376.73031366685	0
7.72	0.45600383162076	0.70737326663175	376.73031366685	0
7.728	0.48364637936562	0.69432987734009	376.73031366685	0
7.736	0.51001119281326	0.68069072334453	376.73031366685	0
7.744	0.53513752428983	0.66654074687927	376.73031366685	0
7.752	0.55906661784357	0.65195686982987	376.73031366685	0
7.76	0.5818410020854	0.63700854666486	376.73031366685	0
7.768	0.60350389803482	0.62175831588189	376.73031366685	0
7.776	0.62409872826482	0.60626234007652	376.73031366685	0
7.784	0.64366871451551	0.59057092739315	376.73031366685	0
7.792	0.66225655197424	0.57472902927828	376.73031366685	0
7.8	0.67990414951256	0.55877671119421	376.73031366685	0
7.808	0.69665242627593	0.54274959432519	376.73031366685	0
7.816	0.71254115609714	0.52667926737719	376.73031366685	0
7.824	0.7276088522229	0.51059366838772	376.73031366685	0
7.832	0.74189268579011	0.4945174370706	376.73031366685	0
7.84	0.75542843235312	0.47847223865991	376.73031366685	0
7.848	0.768250441545	0.46247706052332	376.73031366685	0
7.856	0.78039162565307	0.44654848301462	376.73031366685	0
7.864	0.79188346350733	0.43070092615226	376.73031366685	0
7.872	0.80275601662278	0.41494687376453	376.73031366685	0
7.88	0.81303795501117	0.39929707674824	376.73031366685	0
7.888	0.8227565904885	0.38376073705908	376.73031366685	0
7.896	0.83193791566014	0.36834567399772	376.73031366685	0
7.904	0.84060664707036	0.35305847428469	376.73031366685	0
7.912	0.84878627126469	0.33790462733528	376.73031366685	0
7.92	0.85649909273559	0.32288864705689	376.73031366685	0
7.928	0.86376628291126	0.30801418140026	376.73031366685	0
7.936	0.87060792950725	0.29328411080494	376.73031366685	0
7.944	0.87704308569478	0.27870063658932	376.73031366685	0
7.952	0.88308981865353	0.26426536025012	376.73031366685	0
7.96	0.88876525717027	0.24997935455311	376.73031366685	0
7.968	0.89408563802431	0.23584322722029	376.73031366685	0
7.976	0.89906635096551	0.22185717794546	376.73031366685	0
7.984	0.90372198214473	0.20802104940322	376.73031366685	0
7.992	0.9080663559007	0.19433437285419	376.73031366685	0
8	0.91211257484375	0.1807964088914	376.73031366685	0
8.008	0.91587305820549	0.16740618382108	376.73031366685	0
8.016	0.91935957844778	0.15416252212233	376.73031366685	0
8.024	0.92258329614237	0.14106407538703	376.73031366685	0
8.032	0.92555479314794	0.12810934810119	376.73031366685	0
8.04	0.92828410412194	0.11529672059309	376.73031366685	0
8.048	0.93078074641398	0.10262446944105	376.73031366685	0
8.056	0.93305374839337	0.090090785603861	376.73031366685	0
8.064	0.93511167626808	0.077693790510525	376.73031366685	0
8.072	0.93696265945538	0.065431550321784	376.73031366685	0
8.08	0.93861441456606	0.053302088554386	376.73031366685	0
8.088	0.94007426806507	0.041303397239404	376.73031366685	0
8.096	0.94134917767103	0.029433446768527	376.73031366685	0
8.104	0.94244575255672	0.017690194566337	376.73031366685	0
8.112	0.94337027241136	0.0060715927125339	376.73031366685	0
8.12	0.9441287054238	-0.0054244053747113	376.73031366685	0
8.128	0.94472672524425	-0.016799839094606	376.73031366685	0
8.136	0.94516972697977	-0.02805673556921	376.73031366685	0
8.144	0.94546284227695	-0.039197105218377	376.73031366685	0
8.152	0.94561095354269	-0.050222937932052	376.73031366685	0
8.16	0.94561870735188	-0.061136199775486	376.73031366685	0
8.168	0.94549052708831	-0.071938830169337	376.73031366685	0
8.176	0.94523062486302	-0.082632739492738	376.73031366685	0
8.184	0.94484301275199	-0.093219807062726	376.73031366685	0
8.192	0.94433151339284	-0.10370187944823	376.73031366685	0
8.2	0.94369976997808	-0.11408076908108	376.73031366685	0
8.208	0.94295125568044	-0.12435825313027	376.73031366685	0
8.216	0.94208928254392	-0.13453607260945	376.73031366685	0
8.224	0.9411170098721	-0.14461593169011	376.73031366685	0
8.232	0.94003745214362	-0.15459949719637	376.73031366685	0
8.24	0.93885348648319	-0.16448839825895	376.73031366685	0
8.248	0.93756785971465	-0.17428422610875	376.73031366685	0
8.256	0.93618319502142	-0.18398853399166	376.73031366685	0
8.264	0.93470199823833	-0.19360283718844	376.73031366685	0
8.272	0.93312666379773	-0.20312861312436	376.73031366685	0
8.28	0.93145948035204	-0.21256730155492	376.73031366685	0
8.288	0.92970263609436	-0.22192030481454	376.73031366685	0
8.296	0.9278582237987	-0.23118898811628	376.73031366685	0
8.304	0.92592824560211	-0.24037467989096	376.73031366685	0
8.312	0.92391461755256	-0.24947867215547	376.73031366685	0
8.32	0.92181917394939	-0.25850222090077	376.73031366685	0
8.328	0.91964367150801	-0.26744654649324	376.73031366685	0
8.336	0.91738979338836	-0.27631283408768	376.73031366685	0
8.344	0.91505915313717	-0.28510223406093	376.73031366685	0
8.352	0.91265329860828	-0.29381586249551	376.73031366685	0
8.36	0.91017371593931	-0.30245480178124	376.73031366685	0
8.368	0.9076218336674	-0.311020101472	376.73031366685	0
8.376	0.90499902703529	-0.3195127796506	376.73031366685	0
8.384	0.90230662241296	-0.32793382522171	376.73031366685	0
8.392	0.89954590143074	-0.33628420172922	376.73031366685	0
8.4	0.8967181037475	-0.34456485329109	376.73031366685	0
8.408	0.89382442635442	-0.3527767125854	376.73031366685	0
8.416	0.89086601656154	-0.36092070876759	376.73031366685	0
8.424	0.88784395724776	-0.36899776962521	376.73031366685	0
8.432	0.88475924903567	-0.3770088099403	376.73031366685	0
8.44	0.88161280293599	-0.38495470339408	376.73031366685	0
8.448	0.87840545758414	-0.39283625058227	376.73031366685	0
8.456	0.87513801796227	-0.40065416637266	376.73031366685	0
8.464	0.87181129196444	-0.40840909737795	376.73031366685	0
8.472	0.86842610357162	-0.41610165526029	376.73031366685	0
8.48	0.86498328320224	-0.423732443458	376.73031366685	0
8.488	0.861483649948	-0.43130206766974	376.73031366685	0
8.496	0.85792799760516	-0.43881113408848	376.73031366685	0
8.504	0.85431708785795	-0.4462602429752	376.73031366685	0
8.512	0.85065164892017	-0.45364998246795	376.73031366685	0
8.52	0.84693237701302	-0.46098092430981	376.73031366685	0
8.528	0.84315993884194	-0.46825362146473	376.73031366685	0
8.536	0.83933497414461	-0.47546860707365	376.73031366685	0
8.544	0.83545809795959	-0.482626394223	376.73031366685	0
8.552	0.83152990254468	-0.48972747615451	376.73031366685	0
8.56	0.82755095898143	-0.49677232669102	376.73031366685	0
8.568	0.82352181852968	-0.5037614007525	376.73031366685	0
8.576	0.81944301379183	-0.51069513489692	376.73031366685	0
8.584	0.81531505973483	-0.51757394785426	376.73031366685	0
8.592	0.81113845460493	-0.52439824103996	376.73031366685	0
8.6	0.80691368076029	-0.53116839904319	376.73031366685	0
8.608	0.80264120543902	-0.53788479008959	376.73031366685	0
8.616	0.79832148147509	-0.54454776648016	376.73031366685	0
8.624	0.79395494797093	-0.55115766500828	376.73031366685	0
8.632	0.78954203093275	-0.55771480735722	376.73031366685	0
8.64	0.7850831438735	-0.5642195004802	376.73031366685	0
8.648	0.78057868838673	-0.57067203696469	376.73031366685	0
8.656	0.77602905469416	-0.5770726953825	376.73031366685	0
8.664	0.77143462216899	-0.583421740627	376.73031366685	0
8.672	0.76679575983678	-0.5897194242384	376.73031366685	0
8.68	0.76211282685541	-0.59596598471802	376.73031366685	0
8.688	0.75738617297529	-0.60216164783237	376.73031366685	0
8.696	0.75261613898109	-0.60830662690755	376.73031366685	0
8.704	0.74780305711584	-0.61440112311465	376.73031366685	0
8.712	0.74294725148854	-0.62044532574647	376.73031366685	0
8.72	0.73804903846584	-0.62643941248611	376.73031366685	0
8.728	0.73310872704894	-0.63238354966776	376.73031366685	0
8.736	0.72812661923605	-0.63827789253004	376.73031366685	0
8.744	0.72310301037141	-0.6441225854621	376.73031366685	0
8.752	0.71803818948138	-0.64991776224294	376.73031366685	0
8.76	0.71293243959821	-0.65566354627404	376.73031366685	0
8.768	0.70778603807208	-0.66136005080569	376.73031366685	0
8.776	0.70259925687201	-0.66700737915711	376.73031366685	0
8.784	0.69737236287605	-0.67260562493069	376.73031366685	0
8.792	0.69210561815136	-0.67815487222055	376.73031366685	0
8.8	0.68679928022455	-0.68365519581549	376.73031366685	0
8.808	0.68145360234278	-0.68910666139672	376.73031366685	0
8.816	0.67606883372604	-0.69450932573041	376.73031366685	0
8.824	0.67064521981097	-0.69986323685524	376.73031366685	0
8.832	0.66518300248665	-0.70516843426523	376.73031366685	0
8.84	0.65968242032267	-0.71042494908787	376.73031366685	0
8.848	0.65414370878993	-0.7156328042578	376.73031366685	0
8.856	0.64856710047431	-0.72079201468621	376.73031366685	0
8.864	0.64295282528376	-0.725902587426	376.73031366685	0
8.872	0.63730111064892	-0.73096452183299	376.73031366685	0
8.88	0.63161218171761	-0.73597780972315	376.73031366685	0
8.888	0.62588626154354	-0.74094243552617	376.73031366685	0
8.896	0.62012357126937	-0.74585837643535	376.73031366685	0
8.904	0.61432433030445	-0.75072560255403	376.73031366685	0
8.912	0.60848875649745	-0.75554407703862	376.73031366685	0
8.92	0.60261706630411	-0.76031375623841	376.73031366685	0
8.928	0.59670947495031	-0.76503458983226	376.73031366685	0
8.936	0.59076619659068	-0.76970652096221	376.73031366685	0
8.944	0.58478744446292	-0.77432948636425	376.73031366685	0
8.952	0.57877343103805	-0.77890341649627	376.73031366685	0
8.96	0.57272436816673	-0.78342823566331	376.73031366685	0
8.968	0.56664046722183	-0.78790386214022	376.73031366685	0
8.976	0.56052193923744	-0.79233020829182	376.73031366685	0
8.984	0.55436899504442	-0.79670718069069	376.73031366685	0
8.992	0.54818184540269	-0.80103468023263	376.73031366685	0
9	0.5419607011303	-0.80531260224991	376.73031366685	0
9.008	0.53570577322961	-0.80954083662243	376.73031366685	0
9.016	0.52941727301046	-0.81371926788679	376.73031366685	0
9.024	0.52309541221063	-0.81784777534348	376.73031366685	0
9.032	0.51674040311366	-0.82192623316213	376.73031366685	0
9.04	0.51035245866405	-0.82595451048499	376.73031366685	0
9.048	0.50393179258014	-0.82993247152876	376.73031366685	0
9.056	0.49747861946452	-0.83385997568469	376.73031366685	0
9.064	0.49099315491233	-0.83773687761718	376.73031366685	0
9.072	0.48447561561727	-0.84156302736087	376.73031366685	0
9.08	0.47792621947563	-0.84533827041635	376.73031366685	0
9.088	0.47134518568837	-0.84906244784443	376.73031366685	0
9.096	0.46473273486114	-0.85273539635922	376.73031366685	0
9.104	0.45808908910267	-0.85635694841994	376.73031366685	0
9.112	0.45141447212122	-0.85992693232162	376.73031366685	0
9.12	0.44470910931947	-0.86344517228463	376.73031366685	0
9.128	0.4379732278877	-0.86691148854327	376.73031366685	0
9.136	0.43120705689544	-0.87032569743331	376.73031366685	0
9.144	0.42441082738162	-0.87368761147868	376.73031366685	0
9.152	0.41758477244322	-0.87699703947725	376.73031366685	0
9.16	0.4107291273226	-0.88025378658583	376.73031366685	0
9.168	0.40384412949338	-0.88345765440444	376.73031366685	0
9.176	0.39693001874509	-0.88660844105982	376.73031366685	0
9.184	0.38998703726656	-0.88970594128836	376.73031366685	0
9.192	0.38301542972806	-0.89274994651841	376.73031366685	0
9.2	0.37601544336227	-0.89574024495205	376.73031366685	0
9.208	0.36898732804414	-0.89867662164632	376.73031366685	0
9.216	0.36193133636963	-0.90155885859405	376.73031366685	0
9.224	0.35484772373336	-0.9043867348043	376.73031366685	0
9.232	0.34773674840528	-0.90716002638234	376.73031366685	0
9.24	0.34059867160627	-0.90987850660944	376.73031366685	0
9.248	0.33343375758282	-0.91254194602226	376.73031366685	0
9.256	0.32624227368069	-0.91515011249212	376.73031366685	0
9.264	0.3190244904177	-0.91770277130402	376.73031366685	0
9.272	0.31178068155561	-0.92019968523548	376.73031366685	0
9.28	0.30451112417107	-0.92264061463537	376.73031366685	0
9.288	0.29721609872574	-0.92502531750252	376.73031366685	0
9.296	0.28989588913554	-0.92735354956445	376.73031366685	0
9.304	0.28255078283913	-0.92962506435597	376.73031366685	0
9.312	0.27518107086547	-0.9318396132979	376.73031366685	0
9.32	0.26778704790066	-0.93399694577584	376.73031366685	0
9.328	0.26036901235397	-0.936096809219	376.73031366685	0
9.336	0.25292726642305	-0.93813894917926	376.73031366685	0
9.344	0.24546211615842	-0.94012310941032	376.73031366685	0
9.352	0.23797387152719	-0.94204903194709	376.73031366685	0
9.36	0.23046284647597	-0.94391645718535	376.73031366685	0
9.368	0.22292935899311	-0.94572512396159	376.73031366685	0
9.376	0.21537373117012	-0.94747476963325	376.73031366685	0
9.384	0.20779628926242	-0.9491651301592	376.73031366685	0
9.392	0.20019736374925	-0.95079594018066	376.73031366685	0
9.4	0.19257728939297	-0.95236693310242	376.73031366685	0
9.408	0.1849364052975	-0.95387784117453	376.73031366685	0
9.416	0.17727505496609	-0.95532839557442	376.73031366685	0
9.424	0.16959358635833	-0.95671832648948	376.73031366685	0
9.432	0.16189235194638	-0.95804736320011	376.73031366685	0
9.44	0.15417170877055	-0.95931523416332	376.73031366685	0
9.448	0.14643201849397	-0.96052166709688	376.73031366685	0
9.456	0.13867364745665	-0.96166638906397	376.73031366685	0
9.464	0.13089696672867	-0.96274912655848	376.73031366685	0
9.472	0.12310235216266	-0.9637696055909	376.73031366685	0
9.48	0.11529018444542	-0.96472755177485	376.73031366685	0
9.488	0.10746084914885	-0.96562269041425	376.73031366685	0
9.496	0.099614736779946	-0.96645474659117	376.73031366685	0
9.504	0.091752242830101	-0.96722344525435	376.73031366685	0
9.512	0.083873767823491	-0.96792851130851	376.73031366685	0
9.52	0.075979717364665	-0.96856966970429	376.73031366685	0
9.528	0.068070502185251	-0.96914664552901	376.73031366685	0
9.536	0.060146538189809	-0.9696591640982	376.73031366685	0
9.544	0.052208246500778	-0.97010695104785	376.73031366685	0
9.552	0.044256053502545	-0.97048973242751	376.73031366685	0
9.56	0.036290390884559	-0.97080723479425	376.73031366685	0
9.568	0.028311695683539	-0.97105918530732	376.73031366685	0
9.576	0.020320410324699	-0.97124531182381	376.73031366685	0
9.584	0.01231698266201	-0.97136534299505	376.73031366685	0
9.592	0.0043018660174525	-0.97141900836393	376.73031366685	0
9.6	-0.0037244807807312	-0.97140603846312	376.73031366685	0
9.608	-0.011761593360853	-0.97132616491413	376.73031366685	0
9.616	-0.019809001771626	-0.97117912052736	376.73031366685	0
9.624	-0.027866230447131	-0.97096463940294	376.73031366685	0
9.632	-0.035932798172858	-0.97068245703266	376.73031366685	0
9.64	-0.044008218052913	-0.97033231040266	376.73031366685	0
9.648	-0.05209199747836	-0.9699139380972	376.73031366685	0
9.656	-0.060183638096768	-0.96942708040327	376.73031366685	0
9.664	-0.068282635782947	-0.96887147941626	376.73031366685	0
9.672	-0.076388480610948	-0.96824687914648	376.73031366685	0
9.68	-0.084500656827299	-0.96755302562675	376.73031366685	0
9.688	-0.092618642825564	-0.96678966702084	376.73031366685	0
9.696	-0.1007419111222	-0.96595655373301	376.73031366685	0
9.704	-0.10886992833378	-0.96505343851839	376.73031366685	0
9.712	-0.1170021551556	-0.96408007659446	376.73031366685	0
9.72	-0.12513804634167	-0.96303622575338	376.73031366685	0
9.728	-0.13327705068618	-0.96192164647541	376.73031366685	0
9.736	-0.14141861100644	-0.96073610204322	376.73031366685	0
9.744	-0.14956216412729	-0.95947935865717	376.73031366685	0
9.752	-0.15770714086708	-0.95815118555162	376.73031366685	0
9.76	-0.1658529660252	-0.95675135511215	376.73031366685	0
9.768	-0.17399905837125	-0.95527964299371	376.73031366685	0
9.776	-0.18214483063578	-0.9537358282398	376.73031366685	0
9.784	-0.19028968950277	-0.9521196934025	376.73031366685	0
9.792	-0.19843303560378	-0.95043102466352	376.73031366685	0
9.8	-0.20657426351384	-0.94866961195611	376.73031366685	0
9.808	-0.21471276174911	-0.94683524908791	376.73031366685	0
9.816	-0.22284791276638	-0.94492773386468	376.73031366685	0
9.824	-0.23097909296438	-0.94294686821496	376.73031366685	0
9.832	-0.23910567268698	-0.94089245831558	376.73031366685	0
9.84	-0.24722701622835	-0.93876431471802	376.73031366685	0
9.848	-0.25534248183997	-0.93656225247563	376.73031366685	0
9.856	-0.26345142173976	-0.93428609127167	376.73031366685	0
9.864	-0.27155318212314	-0.93193565554819	376.73031366685	0
9.872	-0.2796471031762	-0.92951077463564	376.73031366685	0
9.88	-0.28773251909094	-0.92701128288331	376.73031366685	0
9.888	-0.29580875808268	-0.92443701979047	376.73031366685	0
9.896	-0.30387514240963	-0.92178783013829	376.73031366685	0
9.904	-0.31193098839466	-0.91906356412236	376.73031366685	0
9.912	-0.31997560644935	-0.91626407748605	376.73031366685	0
9.92	-0.32800830110026	-0.91338923165431	376.73031366685	0
9.928	-0.33602837101764	-0.91043889386829	376.73031366685	0
9.936	-0.34403510904635	-0.90741293732039	376.73031366685	0
9.944	-0.35202780223932	-0.90431124129001	376.73031366685	0
9.952	-0.36000573189337	-0.90113369127968	376.73031366685	0
9.96	-0.36796817358746	-0.89788017915182	376.73031366685	0
9.968	-0.37591439722354	-0.89455060326588	376.73031366685	0
9.976	-0.38384366706992	-0.89114486861593	376.73031366685	0
9.984	-0.39175524180714	-0.88766288696864	376.73031366685	0
9.992	-0.39964837457654	-0.88410457700158	376.73031366685	0
10	-0.40752231303147	-0.88046986444189	376.73031366685	0
10.008	-0.41537629939113	-0.87675868220512	376.73031366685	0
10.016	-0.42320957049717	-0.87297097053442	376.73031366685	0
10.024	-0.43102135787306	-0.8691066771398	376.73031366685	0
10.032	-0.43881088778618	-0.86516575733754	376.73031366685	0
10.04	-0.44657738131278	-0.8611481741898	376.73031366685	0
10.048	-0.45432005440581	-0.85705389864408	376.73031366685	0
10.056	-0.46203811796553	-0.85288290967286	376.73031366685	0
10.064	-0.46973077791313	-0.84863519441304	376.73031366685	0
10.072	-0.4773972352673	-0.84431074830532	376.73031366685	0
10.08	-0.48503668622366	-0.83990957523343	376.73031366685	0
10.088	-0.49264832223729	-0.83543168766311	376.73031366685	0
10.096	-0.50023133010826	-0.83087710678079	376.73031366685	0
10.104	-0.50778489207022	-0.82624586263202	376.73031366685	0
10.112	-0.51530818588203	-0.82153799425935	376.73031366685	0
10.12	-0.52280038492254	-0.81675354983993	376.73031366685	0
10.128	-0.53026065828845	-0.81189258682246	376.73031366685	0
10.136	-0.53768817089538	-0.80695517206357	376.73031366685	0
10.144	-0.54508208358208	-0.80194138196365	376.73031366685	0
10.152	-0.55244155321779	-0.79685130260184	376.73031366685	0
10.16	-0.55976573281286	-0.79168502987033	376.73031366685	0
10.168	-0.56705377163261	-0.78644266960772	376.73031366685	0
10.176	-0.57430481531437	-0.78112433773156	376.73031366685	0
10.184	-0.58151800598783	-0.77573016036985	376.73031366685	0
10.192	-0.58869248239863	-0.77026027399142	376.73031366685	0
10.2	-0.59582738003525	-0.76471482553531	376.73031366685	0
10.208	-0.60292183125921	-0.75909397253876	376.73031366685	0
10.216	-0.60997496543848	-0.75339788326408	376.73031366685	0
10.224	-0.61698590908434	-0.74762673682406	376.73031366685	0
10.232	-0.62395378599144	-0.7417807233059	376.73031366685	0
10.24	-0.6308777173812	-0.73586004389376	376.73031366685	0
10.248	-0.63775682204855	-0.72986491098955	376.73031366685	0
10.256	-0.64459021651199	-0.72379554833214	376.73031366685	0
10.264	-0.65137701516693	-0.71765219111473	376.73031366685	0
10.272	-0.65811633044236	-0.71143508610043	376.73031366685	0
10.28	-0.66480727296083	-0.7051444917359	376.73031366685	0
10.288	-0.67144895170173	-0.69878067826289	376.73031366685	0
10.296	-0.67804047416782	-0.69234392782782	376.73031366685	0
10.304	-0.68458094655508	-0.68583453458901	376.73031366685	0
10.312	-0.69106947392578	-0.67925280482178	376.73031366685	0
10.32	-0.69750516038479	-0.67259905702106	376.73031366685	0
10.328	-0.70388710925919	-0.66587362200164	376.73031366685	0
10.336	-0.71021442328092	-0.65907684299582	376.73031366685	0
10.344	-0.71648620477279	-0.65220907574847	376.73031366685	0
10.352	-0.72270155583751	-0.64527068860933	376.73031366685	0
10.36	-0.72885957854987	-0.63826206262257	376.73031366685	0
10.368	-0.73495937515205	-0.63118359161332	376.73031366685	0
10.376	-0.74100004825193	-0.62403568227139	376.73031366685	0
10.384	-0.74698070102448	-0.61681875423173	376.73031366685	0
10.392	-0.75290043741605	-0.60953324015188	376.73031366685	0
10.4	-0.75875836235168	-0.602179585786	376.73031366685	0
10.408	-0.76455358194522	-0.59475825005571	376.73031366685	0
10.416	-0.7702852037124	-0.58726970511737	376.73031366685	0
10.424	-0.7759523367866	-0.57971443642588	376.73031366685	0
10.432	-0.78155409213741	-0.57209294279484	376.73031366685	0
10.44	-0.78708958279187	-0.56440573645303	376.73031366685	0
10.448	-0.79255792405837	-0.55665334309708	376.73031366685	0
10.456	-0.79795823375307	-0.54883630194022	376.73031366685	0
10.464	-0.80328963242886	-0.54095516575708	376.73031366685	0
10.472	-0.80855124360675	-0.53301050092449	376.73031366685	0
10.48	-0.81374219400965	-0.52500288745803	376.73031366685	0
10.488	-0.81886161379843	-0.5169329190444	376.73031366685	0
10.496	-0.8239086368102	-0.5088012030695	376.73031366685	0
10.504	-0.82888240079877	-0.50060836064206	376.73031366685	0
10.512	-0.83378204767714	-0.49235502661285	376.73031366685	0
10.52	-0.83860672376203	-0.48404184958925	376.73031366685	0
10.528	-0.84335558002019	-0.47566949194528	376.73031366685	0
10.536	-0.84802777231669	-0.46723862982685	376.73031366685	0
10.544	-0.85262246166479	-0.45874995315221	376.73031366685	0
10.552	-0.85713881447748	-0.45020416560758	376.73031366685	0
10.56	-0.86157600282058	-0.44160198463783	376.73031366685	0
10.568	-0.86593320466719	-0.43294414143212	376.73031366685	0
10.576	-0.87020960415355	-0.42423138090449	376.73031366685	0
10.584	-0.87440439183607	-0.41546446166929	376.73031366685	0
10.592	-0.87851676494948	-0.40664415601143	376.73031366685	0
10.6	-0.88254592766596	-0.39777124985136	376.73031366685	0
10.608	-0.88649109135522	-0.38884654270463	376.73031366685	0
10.616	-0.8903514748453	-0.37987084763622	376.73031366685	0
10.624	-0.89412630468404	-0.37084499120927	376.73031366685	0
10.632	-0.89781481540108	-0.36176981342843	376.73031366685	0
10.64	-0.90141624977029	-0.35264616767761	376.73031366685	0
10.648	-0.90492985907248	-0.34347492065214	376.73031366685	0
10.656	-0.90835490335826	-0.33425695228533	376.73031366685	0
10.664	-0.91169065171097	-0.32499315566931	376.73031366685	0
10.672	-0.91493638250943	-0.31568443697019	376.73031366685	0
10.68	-0.91809138369058	-0.30633171533746	376.73031366685	0
10.688	-0.92115495301162	-0.29693592280763	376.73031366685	0
10.696	-0.92412639831177	-0.28749800420199	376.73031366685	0
10.704	-0.92700503777329	-0.2780189170187	376.73031366685	0
10.712	-0.92979020018178	-0.26849963131881	376.73031366685	0
10.72	-0.93248122518552	-0.25894112960661	376.73031366685	0
10.728	-0.93507746355375	-0.24934440670398	376.73031366685	0
10.736	-0.93757827743377	-0.23971046961891	376.73031366685	0
10.744	-0.93998304060663	-0.23004033740805	376.73031366685	0
10.752	-0.94229113874134	-0.22033504103344	376.73031366685	0
10.76	-0.94450196964747	-0.21059562321332	376.73031366685	0
10.768	-0.94661494352583	-0.20082313826699	376.73031366685	0
10.776	-0.94862948321734	-0.19101865195387	376.73031366685	0
10.784	-0.95054502444971	-0.18118324130664	376.73031366685	0
10.792	-0.95236101608186	-0.17131799445856	376.73031366685	0
10.8	-0.95407692034602	-0.16142401046493	376.73031366685	0
10.808	-0.95569221308714	-0.15150239911876	376.73031366685	0
10.816	-0.95720638399973	-0.1415542807607	376.73031366685	0
10.824	-0.95861893686174	-0.13158078608321	376.73031366685	0
10.832	-0.9599293897655	-0.12158305592901	376.73031366685	0
10.84	-0.96113727534538	-0.11156224108395	376.73031366685	0
10.848	-0.96224214100229	-0.10151950206418	376.73031366685	0
10.856	-0.9632435491246	-0.091456008897889	376.73031366685	0
10.864	-0.96414107730546	-0.081372940901448	376.73031366685	0
10.872	-0.96493431855639	-0.071271486450179	376.73031366685	0
10.88	-0.9656228815169	-0.061152842743743	376.73031366685	0
10.888	-0.96620639066013	-0.051018215566245	376.73031366685	0
10.896	-0.96668448649416	-0.040868819041117	376.73031366685	0
10.904	-0.96705682575907	-0.030705875380864	376.73031366685	0
10.912	-0.96732308161945	-0.020530614631753	376.73031366685	0
10.92	-0.96748294385228	-0.010344274413543	376.73031366685	0
10.928	-0.96753611903003	-0.00014809965435068	376.73031366685	0
10.936	-0.96748233069882	0.010056657679276	376.73031366685	0
10.944	-0.96732131955157	0.020268738856948	376.73031366685	0
10.952	-0.96705284359591	0.030486878663588	376.73031366685	0
10.96	-0.9666766783168	0.04070980568304	376.73031366685	0
10.968	-0.96619261683369	0.050936242586028	376.73031366685	0
10.976	-0.96560047005209	0.06116490642234	376.73031366685	0
10.984	-0.96490006680947	0.071394508917108	376.73031366685	0
10.992	-0.96409125401532	0.081623756771054	376.73031366685	0
11	-0.96317389678526	0.091851351964604	376.73031366685	0
11.008	-0.9621478785691	0.1020759920657	376.73031366685	0
11.016	-0.96101310127277	0.11229637054118	376.73031366685	0
11.024	-0.95976948537395	0.1225111770716	376.73031366685	0
11.032	-0.9584169700313	0.13271909786934	376.73031366685	0
11.04	-0.95695551318726	0.14291881599985	376.73031366685	0
11.048	-0.95538509166429	0.15310901170589	376.73031366685	0
11.056	-0.95370570125433	0.16328836273457	376.73031366685	0
11.064	-0.95191735680167	0.1734555446671	376.73031366685	0
11.072	-0.9500200922789	0.18360923125105	376.73031366685	0
11.08	-0.94801396085587	0.19374809473495	376.73031366685	0
11.088	-0.94589903496185	0.20387080620505	376.73031366685	0
11.096	-0.94367540634041	0.21397603592417	376.73031366685	0
11.104	-0.94134318609735	0.22406245367226	376.73031366685	0
11.112	-0.93890250474131	0.2341287290888	376.73031366685	0
11.12	-0.93635351221724	0.24417353201651	376.73031366685	0
11.128	-0.93369637793245	0.25419553284653	376.73031366685	0
11.136	-0.93093129077547	0.26419340286465	376.73031366685	0
11.144	-0.92805845912736	0.27416581459849	376.73031366685	0
11.152	-0.92507811086572	0.2841114421655	376.73031366685	0
11.16	-0.92199049336119	0.29402896162148	376.73031366685	0
11.168	-0.91879587346645	0.30391705130957	376.73031366685	0
11.176	-0.91549453749779	0.3137743922094	376.73031366685	0
11.184	-0.91208679120909	0.32359966828624	376.73031366685	0
11.192	-0.90857295975828	0.33339156684009	376.73031366685	0
11.2	-0.90495338766634	0.3431487788543	376.73031366685	0
11.208	-0.90122843876866	0.3528699993437	376.73031366685	0
11.216	-0.89739849615895	0.36255392770202	376.73031366685	0
11.224	-0.89346396212563	0.37219926804833	376.73031366685	0
11.232	-0.88942525808066	0.38180472957238	376.73031366685	0
11.24	-0.88528282448095	0.39136902687872	376.73031366685	0
11.248	-0.88103712074235	0.40089088032919	376.73031366685	0
11.256	-0.87668862514613	0.41036901638383	376.73031366685	0
11.264	-0.87223783473814	0.41980216793991	376.73031366685	0
11.272	-0.86768526522068	0.42918907466887	376.73031366685	0
11.28	-0.86303145083697	0.43852848335105	376.73031366685	0
11.288	-0.85827694424854	0.44781914820799	376.73031366685	0
11.296	-0.8534223164053	0.45705983123215	376.73031366685	0
11.304	-0.84846815640861	0.46624930251379	376.73031366685	0
11.312	-0.8434150713673	0.47538634056493	376.73031366685	0
11.32	-0.83826368624669	0.48446973264015	376.73031366685	0
11.328	-0.83301464371077	0.49349827505412	376.73031366685	0
11.336	-0.82766860395758	0.50247077349557	376.73031366685	0
11.344	-0.82222624454789	0.51138604333762	376.73031366685	0
11.352	-0.81668826022727	0.52024290994437	376.73031366685	0
11.36	-0.81105536274165	0.52904020897338	376.73031366685	0
11.368	-0.80532828064648	0.5377767866741	376.73031366685	0
11.376	-0.79950775910962	0.54645150018191	376.73031366685	0
11.384	-0.79359455970803	0.55506321780778	376.73031366685	0
11.392	-0.78758946021836	0.56361081932327	376.73031366685	0
11.4	-0.78149325440171	0.57209319624077	376.73031366685	0
11.408	-0.77530675178248	0.58050925208884	376.73031366685	0
11.416	-0.76903077742155	0.58885790268254	376.73031366685	0
11.424	-0.76266617168396	0.5971380763885	376.73031366685	0
11.432	-0.75621379000113	0.6053487143848	376.73031366685	0
11.44	-0.74967450262786	0.61348877091524	376.73031366685	0
11.448	-0.74304919439414	0.62155721353824	376.73031366685	0
11.456	-0.73633876445204	0.62955302336987	376.73031366685	0
11.464	-0.72954412601773	0.63747519532124	376.73031366685	0
11.472	-0.7226662061089	0.64532273832986	376.73031366685	0
11.48	-0.71570594527755	0.65309467558504	376.73031366685	0
11.488	-0.70866429733855	0.66079004474717	376.73031366685	0
11.496	-0.70154222909391	0.66840789816081	376.73031366685	0
11.504	-0.69434072005306	0.67594730306139	376.73031366685	0
11.512	-0.6870607621493	0.68340734177562	376.73031366685	0
11.52	-0.67970335945246	0.69078711191536	376.73031366685	0
11.528	-0.67226952787816	0.69808572656499	376.73031366685	0
11.536	-0.6647602948936	0.70530231446211	376.73031366685	0
11.544	-0.65717669922029	0.71243602017158	376.73031366685	0
11.552	-0.64951979053366	0.7194860042528	376.73031366685	0
11.56	-0.64179062915989	0.72645144342024	376.73031366685	0
11.568	-0.63399028577019	0.733331530697	376.73031366685	0
11.576	-0.62611984107239	0.74012547556155	376.73031366685	0
11.584	-0.61818038550047	0.74683250408756	376.73031366685	0
11.592	-0.6101730189018	0.75345185907666	376.73031366685	0
11.6	-0.60209885022258	0.75998280018424	376.73031366685	0
11.608	-0.5939589971914	0.76642460403822	376.73031366685	0
11.616	-0.58575458600133	0.77277656435079	376.73031366685	0
11.624	-0.57748675099055	0.77903799202301	376.73031366685	0
11.632	-0.56915663432184	0.78520821524238	376.73031366685	0
11.64	-0.5607653856609	0.79128657957336	376.73031366685	0
11.648	-0.55231416185397	0.79727244804073	376.73031366685	0
11.656	-0.54380412660465	0.80316520120595	376.73031366685	0
11.664	-0.5352364501503	0.80896423723642	376.73031366685	0
11.672	-0.52661230893802	0.81466897196765	376.73031366685	0
11.68	-0.51793288530059	0.82027883895848	376.73031366685	0
11.688	-0.50919936713231	0.82579328953925	376.73031366685	0
11.696	-0.50041294756512	0.83121179285298	376.73031366685	0
11.704	-0.49157482464505	0.83653383588965	376.73031366685	0
11.712	-0.48268620100919	0.84175892351354	376.73031366685	0
11.72	-0.47374828356334	0.84688657848372	376.73031366685	0
11.728	-0.46476228316056	0.85191634146775	376.73031366685	0
11.736	-0.45572941428072	0.85684777104859	376.73031366685	0
11.744	-0.44665089471121	0.86168044372481	376.73031366685	0
11.752	-0.437527945229	0.86641395390417	376.73031366685	0
11.76	-0.42836178928421	0.87104791389062	376.73031366685	0
11.768	-0.41915365268529	0.87558195386479	376.73031366685	0
11.776	-0.40990476328603	0.88001572185798	376.73031366685	0
11.784	-0.40061635067445	0.8843488837199	376.73031366685	0
11.792	-0.39128964586386	0.88858112308001	376.73031366685	0
11.8	-0.38192588098601	0.89271214130274	376.73031366685	0
11.808	-0.37252628898678	0.89674165743654	376.73031366685	0
11.816	-0.36309210332419	0.90066940815692	376.73031366685	0
11.824	-0.35362455766911	0.90449514770358	376.73031366685	0
11.832	-0.34412488560877	0.90821864781162	376.73031366685	0
11.84	-0.33459432035307	0.91183969763711	376.73031366685	0
11.848	-0.32503409444388	0.91535810367696	376.73031366685	0
11.856	-0.31544543946755	0.91877368968323	376.73031366685	0
11.864	-0.30582958577055	0.92208629657204	376.73031366685	0
11.872	-0.29618776217849	0.9252957823272	376.73031366685	0
11.88	-0.28652119571858	0.92840202189849	376.73031366685	0
11.888	-0.27683111134564	0.93140490709499	376.73031366685	0
11.896	-0.26711873167176	0.93430434647332	376.73031366685	0
11.904	-0.25738527669967	0.93710026522103	376.73031366685	0
11.912	-0.24763196355999	0.93979260503529	376.73031366685	0
11.92	-0.23786000625238	0.94238132399686	376.73031366685	0
11.928	-0.22807061539068	0.9448663964396	376.73031366685	0
11.936	-0.21826499795215	0.94724781281559	376.73031366685	0
11.944	-0.20844435703087	0.94952557955595	376.73031366685	0
11.952	-0.19860989159537	0.95169971892753	376.73031366685	0
11.96	-0.18876279625056	0.95377026888561	376.73031366685	0
11.968	-0.17890426100403	0.95573728292267	376.73031366685	0
11.976	-0.16903547103679	0.95760082991341	376.73031366685	0
11.984	-0.15915760647844	0.95936099395614	376.73031366685	0
11.992	-0.14927184218695	0.96101787421064	376.73031366685	0
12	-0.139379347533	0.96257158473268	376.73031366685	0
12.008	-0.12948128618891	0.96402225430522	376.73031366685	0
12.016	-0.11957881592232	0.96537002626658	376.73031366685	0
12.024	-0.10967308839452	0.96661505833551	376.73031366685	0
12.032	-0.09976524896354	0.96775752243352	376.73031366685	0
12.04	-0.089856436492076	0.96879760450431	376.73031366685	0
12.048	-0.079947783160131	0.96973550433077	376.73031366685	0
12.056	-0.070040414282557	0.97057143534937	376.73031366685	0
12.064	-0.06013544813142	0.97130562446223	376.73031366685	0
12.072	-0.050233995763225	0.97193831184702	376.73031366685	0
12.08	-0.040337160851047	0.97246975076466	376.73031366685	0
12.088	-0.030446039521539	0.97290020736513	376.73031366685	0
12.096	-0.020561720196841	0.97322996049137	376.73031366685	0
12.104	-0.010685283441389	0.97345930148154	376.73031366685	0
12.112	-0.00081780181363658	0.97358853396952	376.73031366685	0
12.12	0.0090396602773233	0.97361797368411	376.73031366685	0
12.128	0.018886046710244	0.97354794824673	376.73031366685	0
12.136	0.028720309785329	0.97337879696794	376.73031366685	0
12.144	0.038541410352942	0.9731108706428	376.73031366685	0
12.152	0.048348317937462	0.97274453134528	376.73031366685	0
12.16	0.058140010856295	0.97228015222167	376.73031366685	0
12.168	0.067915476334064	0.97171811728332	376.73031366685	0
12.176	0.077673710611976	0.97105882119864	376.73031366685	0
12.184	0.087413719052422	0.97030266908455	376.73031366685	0
12.192	0.097134516238818	0.96945007629749	376.73031366685	0
12.2	0.10683512607074	0.9685014682241	376.73031366685	0
12.208	0.11651458185432	0.96745728007159	376.73031366685	0
12.216	0.12617192638805	0.96631795665807	376.73031366685	0
12.224	0.13580621204391	0.96508395220276	376.73031366685	0
12.232	0.14541650084392	0.96375573011632	376.73031366685	0
12.24	0.15500186453218	0.96233376279127	376.73031366685	0
12.248	0.16456138464238	0.96081853139277	376.73031366685	0
12.256	0.17409415256083	0.95921052564965	376.73031366685	0
12.264	0.18359926958515	0.9575102436459	376.73031366685	0
12.272	0.19307584697851	0.95571819161276	376.73031366685	0
12.28	0.20252300601964	0.95383488372132	376.73031366685	0
12.288	0.21193987804845	0.95186084187588	376.73031366685	0
12.296	0.22132560450762	0.94979659550812	376.73031366685	0
12.304	0.23067933697981	0.94764268137203	376.73031366685	0
12.312	0.24000023722098	0.94539964333993	376.73031366685	0
12.32	0.24928747718948	0.94306803219939	376.73031366685	0
12.328	0.25854023907129	0.94064840545126	376.73031366685	0
12.336	0.2677577153012	0.93814132710895	376.73031366685	0
12.344	0.27693910858023	0.93554736749884	376.73031366685	0
12.352	0.28608363188914	0.93286710306208	376.73031366685	0
12.36	0.29519050849824	0.93010111615767	376.73031366685	0
12.368	0.30425897197352	0.92724999486708	376.73031366685	0
12.376	0.31328826617908	0.92431433280026	376.73031366685	0
12.384	0.32227764527606	0.92129472890329	376.73031366685	0
12.392	0.33122637371806	0.91819178726758	376.73031366685	0
12.4	0.34013372624307	0.91500611694078	376.73031366685	0
12.408	0.3489989878621	0.91173833173937	376.73031366685	0
12.416	0.35782145384444	0.90838905006305	376.73031366685	0
12.424	0.36660042969973	0.90495889471095	376.73031366685	0
12.432	0.37533523115677	0.90144849269965	376.73031366685	0
12.44	0.38402518413936	0.89785847508324	376.73031366685	0
12.448	0.39266962473893	0.89418947677514	376.73031366685	0
12.456	0.40126789918433	0.89044213637211	376.73031366685	0
12.464	0.40981936380863	0.88661709598015	376.73031366685	0
12.472	0.4183233850131	0.88271500104257	376.73031366685	0
12.48	0.42677933922842	0.87873650017005	376.73031366685	0
12.488	0.43518661287316	0.874682244973	376.73031366685	0
12.496	0.44354460230965	0.87055288989588	376.73031366685	0
12.504	0.45185271379722	0.86634909205393	376.73031366685	0
12.512	0.46011036344294	0.86207151107198	376.73031366685	0
12.52	0.46831697715001	0.85772080892554	376.73031366685	0
12.528	0.47647199056358	0.85329764978423	376.73031366685	0
12.536	0.48457484901443	0.84880269985742	376.73031366685	0
12.544	0.49262500746032	0.84423662724225	376.73031366685	0
12.552	0.50062193042515	0.83960010177393	376.73031366685	0
12.56	0.508565091936	0.83489379487848	376.73031366685	0
12.568	0.51645397545815	0.83011837942772	376.73031366685	0
12.576	0.52428807382803	0.8252745295968	376.73031366685	0
12.584	0.53206688918431	0.82036292072394	376.73031366685	0
12.592	0.53978993289709	0.81538422917276	376.73031366685	0
12.6	0.54745672549522	0.81033913219687	376.73031366685	0
12.608	0.55506679659198	0.80522830780705	376.73031366685	0
12.616	0.56261968480898	0.80005243464068	376.73031366685	0
12.624	0.57011493769843	0.79481219183378	376.73031366685	0
12.632	0.57755211166391	0.78950825889537	376.73031366685	0
12.64	0.58493077187953	0.78414131558434	376.73031366685	0
12.648	0.5922504922077	0.77871204178878	376.73031366685	0
12.656	0.59951085511546	0.77322111740769	376.73031366685	0
12.664	0.60671145158944	0.7676692222352	376.73031366685	0
12.672	0.61385188104962	0.76205703584726	376.73031366685	0
12.68	0.62093175126171	0.75638523749066	376.73031366685	0
12.688	0.62795067824846	0.75065450597465	376.73031366685	0
12.696	0.63490828619979	0.74486551956487	376.73031366685	0
12.704	0.6418042073818	0.7390189558798	376.73031366685	0
12.712	0.6486380820448	0.73311549178953	376.73031366685	0
12.72	0.65540955833034	0.7271558033171	376.73031366685	0
12.728	0.66211829217729	0.72114056554211	376.73031366685	0
12.736	0.66876394722699	0.71507045250681	376.73031366685	0
12.744	0.67534619472766	0.70894613712457	376.73031366685	0
12.752	0.68186471343793	0.70276829109071	376.73031366685	0
12.76	0.68831918952961	0.69653758479571	376.73031366685	0
12.768	0.69470931648981	0.69025468724081	376.73031366685	0
12.776	0.70103479502232	0.68392026595592	376.73031366685	0
12.784	0.70729533294845	0.67753498691987	376.73031366685	0
12.792	0.71349064510718	0.67109951448297	376.73031366685	0
12.8	0.71962045325487	0.66461451129196	376.73031366685	0
12.808	0.72568448596438	0.6580806382171	376.73031366685	0
12.816	0.73168247852376	0.65149855428167	376.73031366685	0
12.824	0.73761417283452	0.64486891659369	376.73031366685	0
12.832	0.74347931730944	0.63819238027985	376.73031366685	0
12.84	0.74927766677013	0.6314695984217	376.73031366685	0
12.848	0.75500898234414	0.62470122199409	376.73031366685	0
12.856	0.76067303136186	0.6178878998057	376.73031366685	0
12.864	0.76626958725312	0.61103027844189	376.73031366685	0
12.872	0.77179842944359	0.60412900220956	376.73031366685	0
12.88	0.77725934325093	0.59718471308429	376.73031366685	0
12.888	0.78265211978083	0.59019805065951	376.73031366685	0
12.896	0.78797655582283	0.58316965209782	376.73031366685	0
12.904	0.79323245374613	0.57610015208439	376.73031366685	0
12.912	0.79841962139522	0.56899018278242	376.73031366685	0
12.92	0.80353787198546	0.5618403737907	376.73031366685	0
12.928	0.80858702399868	0.55465135210312	376.73031366685	0
12.936	0.81356690107871	0.54742374207028	376.73031366685	0
12.944	0.81847733192694	0.54015816536303	376.73031366685	0
12.952	0.82331815019787	0.53285524093805	376.73031366685	0
12.96	0.82808919439483	0.5255155850053	376.73031366685	0
12.968	0.8327903077656	0.51813981099756	376.73031366685	0
12.976	0.83742133819828	0.51072852954172	376.73031366685	0
12.984	0.84198213811717	0.50328234843208	376.73031366685	0
12.992	0.84647256437883	0.49580187260553	376.73031366685	0
13	0.85089247816826	0.48828770411858	376.73031366685	0
13.008	0.85524174489526	0.48074044212621	376.73031366685	0
13.016	0.85952023409097	0.47316068286263	376.73031366685	0
13.024	0.86372781930455	0.46554901962377	376.73031366685	0
13.032	0.86786437800016	0.45790604275165	376.73031366685	0
13.04	0.87192979145411	0.45023233962047	376.73031366685	0
13.048	0.87592394465218	0.44252849462448	376.73031366685	0
13.056	0.87984672618734	0.43479508916763	376.73031366685	0
13.064	0.88369802815755	0.4270327016549	376.73031366685	0
13.072	0.88747774606394	0.41924190748542	376.73031366685	0
13.08	0.89118577870927	0.41142327904718	376.73031366685	0
13.088	0.89482202809657	0.40357738571358	376.73031366685	0
13.096	0.89838639932819	0.39570479384151	376.73031366685	0
13.104	0.90187880050509	0.38780606677113	376.73031366685	0
13.112	0.90529914262644	0.37988176482739	376.73031366685	0
13.12	0.90864733948955	0.37193244532303	376.73031366685	0
13.128	0.91192330759012	0.36395866256328	376.73031366685	0
13.136	0.91512696602278	0.35596096785221	376.73031366685	0
13.144	0.91825823638203	0.34793990950054	376.73031366685	0
13.152	0.92131704266342	0.3398960328352	376.73031366685	0
13.16	0.92430331116518	0.3318298802103	376.73031366685	0
13.168	0.92721697039004	0.3237419910198	376.73031366685	0
13.176	0.93005795094759	0.31563290171164	376.73031366685	0
13.184	0.93282618545675	0.30750314580346	376.73031366685	0
13.192	0.93552160844882	0.29935325389983	376.73031366685	0
13.2	0.93814415627069	0.29118375371103	376.73031366685	0
13.208	0.9406937669885	0.28299517007334	376.73031366685	0
13.216	0.94317038029162	0.27478802497084	376.73031366685	0
13.224	0.94557393739697	0.26656283755871	376.73031366685	0
13.232	0.94790438095367	0.25832012418807	376.73031366685	0
13.24	0.95016165494808	0.25006039843228	376.73031366685	0
13.248	0.95234570460915	0.24178417111475	376.73031366685	0
13.256	0.95445647631408	0.23349195033823	376.73031366685	0
13.264	0.95649391749439	0.22518424151563	376.73031366685	0
13.272	0.95845797654226	0.21686154740226	376.73031366685	0
13.28	0.96034860271725	0.20852436812964	376.73031366685	0
13.288	0.96216574605327	0.20017320124071	376.73031366685	0
13.296	0.96390935726598	0.19180854172664	376.73031366685	0
13.304	0.96557938766042	0.18343088206499	376.73031366685	0
13.312	0.967175789039	0.1750407122595	376.73031366685	0
13.32	0.96869851360978	0.16663851988128	376.73031366685	0
13.328	0.97014751389506	0.1582247901116	376.73031366685	0
13.336	0.97152274264026	0.14980000578604	376.73031366685	0
13.344	0.97282415272314	0.14136464744034	376.73031366685	0
13.352	0.97405169706322	0.13291919335763	376.73031366685	0
13.36	0.97520532853155	0.12446411961723	376.73031366685	0
13.368	0.97628499986076	0.11599990014504	376.73031366685	0
13.376	0.97729066355533	0.10752700676539	376.73031366685	0
13.384	0.97822227180214	0.099045909254581	376.73031366685	0
13.392	0.97907977638132	0.090557075395844	376.73031366685	0
13.4	0.97986312857729	0.082060971036024	376.73031366685	0
13.408	0.98057227909008	0.073558060143808	376.73031366685	0
13.416	0.98120717794684	0.065048804869579	376.73031366685	0
13.424	0.98176777441367	0.056533665606913	376.73031366685	0
13.432	0.98225401690757	0.048013101055736	376.73031366685	0
13.44	0.98266585290869	0.039487568287169	376.73031366685	0
13.448	0.9830032288727	0.030957522810051	376.73031366685	0
13.456	0.98326609014347	0.022423418639196	376.73031366685	0
13.464	0.98345438086585	0.013885708365396	376.73031366685	0
13.472	0.9835680438987	0.0053448432272006	376.73031366685	0
13.48	0.98360702072806	-0.0031987268155176	376.73031366685	0
13.488	0.98357125138055	-0.011744553006168	376.73031366685	0
13.496	0.98346067433688	-0.020292187714184	376.73031366685	0
13.504	0.98327522644557	-0.028841184355872	376.73031366685	0
13.512	0.98301484283682	-0.037391097313366	376.73031366685	0
13.52	0.9826794568365	-0.045941481851599	376.73031366685	0
13.528	0.98226899988034	-0.054491894033302	376.73031366685	0
13.536	0.98178340142824	-0.063041890631964	376.73031366685	0
13.544	0.98122258887872	-0.071591029042722	376.73031366685	0
13.552	0.98058648748351	-0.080138867191161	376.73031366685	0
13.56	0.97987502026225	-0.088684963439944	376.73031366685	0
13.568	0.97908810791738	-0.09722887649324	376.73031366685	0
13.576	0.97822566874908	-0.10577016529892	376.73031366685	0
13.584	0.97728761857041	-0.11430838894849	376.73031366685	0
13.592	0.97627387062252	-0.12284310657458	376.73031366685	0
13.6	0.97518433549	-0.13137387724617	376.73031366685	0
13.608	0.9740189210164	-0.13990025986129	376.73031366685	0
13.616	0.97277753221978	-0.14842181303719	376.73031366685	0
13.624	0.97146007120849	-0.156938094998	376.73031366685	0
13.632	0.97006643709701	-0.16544866345976	376.73031366685	0
13.64	0.96859652592197	-0.17395307551269	376.73031366685	0
13.648	0.96705023055827	-0.18245088750077	376.73031366685	0
13.656	0.96542744063538	-0.1909416548985	376.73031366685	0
13.664	0.96372804245376	-0.19942493218467	376.73031366685	0
13.672	0.96195191890148	-0.20790027271329	376.73031366685	0
13.68	0.96009894937099	-0.21636722858135	376.73031366685	0
13.688	0.95816900967602	-0.22482535049354	376.73031366685	0
13.696	0.9561619719688	-0.23327418762373	376.73031366685	0
13.704	0.95407770465733	-0.24171328747313	376.73031366685	0
13.712	0.95191607232303	-0.25014219572513	376.73031366685	0
13.72	0.9496769356385	-0.2585604560966	376.73031366685	0
13.728	0.9473601512856	-0.26696761018569	376.73031366685	0
13.736	0.94496557187382	-0.27536319731592	376.73031366685	0
13.744	0.94249304585896	-0.28374675437656	376.73031366685	0
13.752	0.93994241746205	-0.29211781565905	376.73031366685	0
13.76	0.93731352658876	-0.30047591268958	376.73031366685	0
13.768	0.93460620874912	-0.3088205740575	376.73031366685	0
13.776	0.93182029497764	-0.31715132523952	376.73031366685	0
13.784	0.92895561175396	-0.32546768841968	376.73031366685	0
13.792	0.92601198092392	-0.33376918230483	376.73031366685	0
13.8	0.92298921962124	-0.34205532193554	376.73031366685	0
13.808	0.91988714018968	-0.35032561849237	376.73031366685	0
13.816	0.91670555010596	-0.35857957909726	376.73031366685	0
13.824	0.91344425190321	-0.36681670661004	376.73031366685	0
13.832	0.91010304309528	-0.37503649941976	376.73031366685	0
13.84	0.9066817161018	-0.38323845123082	376.73031366685	0
13.848	0.90318005817406	-0.3914220508437	376.73031366685	0
13.856	0.89959785132185	-0.39958678193012	376.73031366685	0
13.864	0.89593487224134	-0.40773212280253	376.73031366685	0
13.872	0.89219089224393	-0.41585754617769	376.73031366685	0
13.88	0.88836567718636	-0.42396251893419	376.73031366685	0
13.888	0.884458987402	-0.43204650186383	376.73031366685	0
13.896	0.88047057763353	-0.44010894941653	376.73031366685	0
13.904	0.87640019696697	-0.44814930943867	376.73031366685	0
13.912	0.87224758876739	-0.45616702290468	376.73031366685	0
13.92	0.86801249061611	-0.46416152364167	376.73031366685	0
13.928	0.86369463424985	-0.47213223804689	376.73031366685	0
13.936	0.85929374550164	-0.48007858479775	376.73031366685	0
13.944	0.85480954424383	-0.48799997455437	376.73031366685	0
13.952	0.85024174433329	-0.49589580965425	376.73031366685	0
13.96	0.8455900535589	-0.5037654837989	376.73031366685	0
13.968	0.84085417359158	-0.5116083817323	376.73031366685	0
13.976	0.8360337999369	-0.51942387891076	376.73031366685	0
13.984	0.83112862189063	-0.52721134116412	376.73031366685	0
13.992	0.82613832249726	-0.53497012434793	376.73031366685	0
14	0.82106257851174	-0.54269957398641	376.73031366685	0

Curvelabel          = SZmax(1),Zmax(1)_(7)
Filename            = ^cSZmax(1)Zmax(1).sig
Npoints             = 1001
Type                = 8
Subtype             = 16
Result type         = complex:none;impedance
View type           = Cartesian
Plot type           = Phase
Parameters          = {C_off=0.16; C_on_approx=1000; Cx=1000; Cy=1000; L1=2.9; L_diode=0.45; Lpin=0.45; R1=2.5; R_off=10; R_on=1; Rx=1; Ry=1; S1=0.3; W1=6; W2=5.3; alpha1=60; antipad_d=0.8; bias_w=0.2; common_return_y=2; eps_bond=3.52; eps_f4bm=2.65; eps_fr4=4.4; fmax=14; fmin=6; h1=3; h2=0.5; hbond=0.1; p=15; phi=0; phi_inc=0; pin_inset=0.02; sigma_cu=5.8e+07; tand_bond=0.004; tand_f4bm=0.003; tand_fr4=0.02; tcu=0.035; theta=0; theta_inc=0; via_d=0.3}
Data/Title          = S-Parameters
X/Label             = Frequency
X/Unit              = GHz
Y/Unit              = 
Y/Logfactor         = 20
Plot/wrapHeuristics = 0

6	0.93387589718026	0.34303958938694	376.73031366685	0
6.008	0.93571804877153	0.33790907416985	376.73031366685	0
6.016	0.93753719624738	0.33275168646669	376.73031366685	0
6.024	0.93933307664669	0.32756726340038	376.73031366685	0
6.032	0.94110542199788	0.32235563909556	376.73031366685	0
6.04	0.94285395917619	0.31711664462259	376.73031366685	0
6.048	0.94457840975618	0.31185010794057	376.73031366685	0
6.056	0.94627848985946	0.30655585383946	376.73031366685	0
6.064	0.94795390999729	0.30123370388118	376.73031366685	0
6.072	0.949604374908	0.29588347633977	376.73031366685	0
6.08	0.95122958338892	0.29050498614064	376.73031366685	0
6.088	0.95282922812266	0.2850980447987	376.73031366685	0
6.096	0.95440299549761	0.27966246035574	376.73031366685	0
6.104	0.95595056542221	0.27419803731669	376.73031366685	0
6.112	0.95747161113302	0.26870457658495	376.73031366685	0
6.12	0.95896579899612	0.26318187539691	376.73031366685	0
6.128	0.96043278830175	0.25762972725535	376.73031366685	0
6.136	0.9618722310518	0.25204792186205	376.73031366685	0
6.144	0.96328377173996	0.24643624504945	376.73031366685	0
6.152	0.96466704712416	0.24079447871147	376.73031366685	0
6.16	0.96602168599107	0.2351224007334	376.73031366685	0
6.168	0.96734730891233	0.22941978492101	376.73031366685	0
6.176	0.96864352799204	0.22368640092889	376.73031366685	0
6.184	0.96990994660547	0.2179220141879	376.73031366685	0
6.192	0.97114615912825	0.21212638583205	376.73031366685	0
6.2	0.97235175065595	0.20629927262458	376.73031366685	0
6.208	0.97352629671357	0.20044042688343	376.73031366685	0
6.216	0.97466936295445	0.19454959640621	376.73031366685	0
6.224	0.97578050484826	0.18862652439456	376.73031366685	0
6.232	0.97685926735762	0.1826709493781	376.73031366685	0
6.24	0.97790518460279	0.17668260513803	376.73031366685	0
6.248	0.97891777951405	0.17066122063044	376.73031366685	0
6.256	0.9798965634712	0.16460651990944	376.73031366685	0
6.264	0.98084103592958	0.15851822205015	376.73031366685	0
6.272	0.98175068403222	0.15239604107185	376.73031366685	0
6.28	0.98262498220729	0.14623968586115	376.73031366685	0
6.288	0.98346339175051	0.14004886009554	376.73031366685	0
6.296	0.98426536039159	0.13382326216734	376.73031366685	0
6.304	0.98503032184428	0.12756258510835	376.73031366685	0
6.312	0.98575769533912	0.12126651651515	376.73031366685	0
6.32	0.98644688513831	0.11493473847554	376.73031366685	0
6.328	0.98709728003177	0.1085669274961	376.73031366685	0
6.336	0.9877082528138	0.10216275443121	376.73031366685	0
6.344	0.98827915973917	0.095721884413775	376.73031366685	0
6.352	0.9888093399581	0.089243976787944	376.73031366685	0
6.36	0.98929811492893	0.082728685044081	376.73031366685	0
6.368	0.98974478780768	0.076175656756369	376.73031366685	0
6.376	0.9901486428133	0.069584533523376	376.73031366685	0
6.384	0.99050894456778	0.062954950911984	376.73031366685	0
6.392	0.99082493740975	0.0562865384051	376.73031366685	0
6.4	0.99109584468053	0.049578919353614	376.73031366685	0
6.408	0.99132086798144	0.042831710933091	376.73031366685	0
6.416	0.99149918640088	0.036044524105757	376.73031366685	0
6.424	0.99162995571005	0.029216963588342	376.73031366685	0
6.432	0.99171230752577	0.022348627826436	376.73031366685	0
6.44	0.99174534843892	0.015439108976039	376.73031366685	0
6.448	0.99172815910691	0.0084879928930471	376.73031366685	0
6.456	0.99165979330869	0.0014948591314917	376.73031366685	0
6.464	0.99153927696034	-0.0055407190485886	376.73031366685	0
6.472	0.99136560708967	-0.012619174662706	376.73031366685	0
6.48	0.99113775076778	-0.019740946971872	376.73031366685	0
6.488	0.99085464399573	-0.026906481439826	376.73031366685	0
6.496	0.99051519054408	-0.03411622967634	376.73031366685	0
6.504	0.9901182607433	-0.041370649365281	376.73031366685	0
6.512	0.98966269022261	-0.048670204176046	376.73031366685	0
6.52	0.98914727859499	-0.056015363656793	376.73031366685	0
6.528	0.98857078808573	-0.063406603107865	376.73031366685	0
6.536	0.98793194210194	-0.070844403433554	376.73031366685	0
6.544	0.98722942374028	-0.078329250970318	376.73031366685	0
6.552	0.98646187422993	-0.085861637289299	376.73031366685	0
6.56	0.98562789130791	-0.093442058970907	376.73031366685	0
6.568	0.98472602752338	-0.10107101734896	376.73031366685	0
6.576	0.98375478846772	-0.10874901822175	376.73031366685	0
6.584	0.9827126309269	-0.11647657152713	376.73031366685	0
6.592	0.98159796095239	-0.12425419097848	376.73031366685	0
6.6	0.98040913184683	-0.13208239365814	376.73031366685	0
6.608	0.97914444206051	-0.13996169956476	376.73031366685	0
6.616	0.97780213299427	-0.14789263111036	376.73031366685	0
6.624	0.97638038670475	-0.15587571256307	376.73031366685	0
6.632	0.974877323507	-0.16391146943065	376.73031366685	0
6.64	0.97329099947003	-0.17200042777985	376.73031366685	0
6.648	0.97161940380002	-0.1801431134861	376.73031366685	0
6.656	0.96986045610607	-0.18834005140764	376.73031366685	0
6.664	0.96801200354304	-0.19659176447757	376.73031366685	0
6.672	0.96607181782573	-0.20489877270689	376.73031366685	0
6.68	0.9640375921085	-0.213261592091	376.73031366685	0
6.688	0.96190693772422	-0.22168073341143	376.73031366685	0
6.696	0.959677380776	-0.23015670092387	376.73031366685	0
6.704	0.95734635857515	-0.23868999092298	376.73031366685	0
6.712	0.95491121591846	-0.24728109017341	376.73031366685	0
6.72	0.95236920119758	-0.25593047419573	376.73031366685	0
6.728	0.94971746233315	-0.26463860539504	376.73031366685	0
6.736	0.94695304252607	-0.27340593101878	376.73031366685	0
6.744	0.94407287581802	-0.28223288092943	376.73031366685	0
6.752	0.94107378245317	-0.29111986517622	376.73031366685	0
6.76	0.93795246403278	-0.30006727134896	376.73031366685	0
6.768	0.93470549845432	-0.30907546169534	376.73031366685	0
6.776	0.93132933462647	-0.31814476998177	376.73031366685	0
6.784	0.92782028695125	-0.32727549807581	376.73031366685	0
6.792	0.92417452956458	-0.33646791222662	376.73031366685	0
6.8	0.92038809032641	-0.34572223901773	376.73031366685	0
6.808	0.91645684455166	-0.35503866096413	376.73031366685	0
6.816	0.91237650847333	-0.3644173117236	376.73031366685	0
6.824	0.90814263242924	-0.37385827088916	376.73031366685	0
6.832	0.90375059376435	-0.38336155832707	376.73031366685	0
6.84	0.89919558944081	-0.39292712802165	376.73031366685	0
6.848	0.8944726283486	-0.40255486138471	376.73031366685	0
6.856	0.88957652331025	-0.41224455998403	376.73031366685	0
6.864	0.88450188277416	-0.42199593764117	376.73031366685	0
6.872	0.87924310219197	-0.43180861184498	376.73031366685	0
6.88	0.8737943550772	-0.44168209442215	376.73031366685	0
6.888	0.86814958374359	-0.45161578140169	376.73031366685	0
6.896	0.86230248972411	-0.46160894200446	376.73031366685	0
6.904	0.85624652387371	-0.47166070668316	376.73031366685	0
6.912	0.84997487616206	-0.48177005413222	376.73031366685	0
6.92	0.84348046516573	-0.49193579717975	376.73031366685	0
6.928	0.83675592727371	-0.5021565674669	376.73031366685	0
6.936	0.82979360562447	-0.51243079881188	376.73031366685	0
6.944	0.82258553879891	-0.52275670914759	376.73031366685	0
6.952	0.81512344929968	-0.53313228091263	376.73031366685	0
6.96	0.80739873185506	-0.54355523976595	376.73031366685	0
6.968	0.79940244159468	-0.554023031485	376.73031366685	0
6.976	0.79112528215424	-0.56453279689605	376.73031366685	0
6.984	0.78255759377849	-0.57508134467387	376.73031366685	0
6.992	0.7736893415054	-0.58566512183528	376.73031366685	0
7	0.76451010353004	-0.59628018173807	376.73031366685	0
7.008	0.75500905986533	-0.60692214938266	376.73031366685	0
7.016	0.74517498143712	-0.6175861837997	376.73031366685	0
7.024	0.73499621977589	-0.62826693729115	376.73031366685	0
7.032	0.72446069749439	-0.63895851127664	376.73031366685	0
7.04	0.71355589977292	-0.64965440848087	376.73031366685	0
7.048	0.70226886711032	-0.6603474811803	376.73031366685	0
7.056	0.69058618964116	-0.67102987521082	376.73031366685	0
7.064	0.67849400336831	-0.68169296942032	376.73031366685	0
7.072	0.66597798871658	-0.69232731023269	376.73031366685	0
7.08	0.65302337187895	-0.70292254097274	376.73031366685	0
7.088	0.63961492950343	-0.7134673255847	376.73031366685	0
7.096	0.62573699735973	-0.72394926636119	376.73031366685	0
7.104	0.61137348373238	-0.73435481528583	376.73031366685	0
7.112	0.59650788841783	-0.74466917858126	376.73031366685	0
7.12	0.58112332836236	-0.75487621404865	376.73031366685	0
7.128	0.5652025711775	-0.76495832078762	376.73031366685	0
7.136	0.54872807802346	-0.77489632090509	376.73031366685	0
7.144	0.53168205768074	-0.78466933287152	376.73031366685	0
7.152	0.51404653406606	-0.79425463628942	376.73031366685	0
7.16	0.49580343003207	-0.80362752805141	376.73031366685	0
7.168	0.47693467107406	-0.81276117027502	376.73031366685	0
7.176	0.45742231360647	-0.82162643117817	376.73031366685	0
7.184	0.43724870379417	-0.8301917215058	376.73031366685	0
7.192	0.41639667443755	-0.83842283176674	376.73031366685	0
7.2	0.39484978868394	-0.84628278025794	376.73031366685	0
7.208	0.37259263909518	-0.85373168990875	376.73031366685	0
7.216	0.34961120571329	-0.86072672473142	376.73031366685	0
7.224	0.32589326060264	-0.86722213404952	376.73031366685	0
7.232	0.30142876727469	-0.873169468511	376.73031366685	0
7.24	0.27621014781269	-0.87851802330792	376.73031366685	0
7.248	0.25023218305643	-0.88321547690849	376.73031366685	0
7.256	0.22349125098056	-0.88720845040531	376.73031366685	0
7.264	0.19598381784248	-0.89044231986955	376.73031366685	0
7.272	0.16770483228301	-0.89285941979875	376.73031366685	0
7.28	0.13864764549758	-0.89439552016446	376.73031366685	0
7.288	0.10880694470963	-0.89497627246159	376.73031366685	0
7.296	0.078183977189796	-0.89451635110284	376.73031366685	0
7.304	0.046791059435483	-0.89292220681052	376.73031366685	0
7.312	0.014653066831327	-0.89009635879636	376.73031366685	0
7.32	-0.018193614131923	-0.88594055403967	376.73031366685	0
7.328	-0.051702717175485	-0.8803569401867	376.73031366685	0
7.336	-0.085818977970524	-0.87324799786996	376.73031366685	0
7.344	-0.12047804737629	-0.86451622861358	376.73031366685	0
7.352	-0.15560576730557	-0.8540641564768	376.73031366685	0
7.36	-0.19111718057505	-0.84179479539231	376.73031366685	0
7.368	-0.22691551681623	-0.82761254757694	376.73031366685	0
7.376	-0.26289128188155	-0.81142445662833	376.73031366685	0
7.384	-0.29892151613244	-0.79314175084659	376.73031366685	0
7.392	-0.33486926311295	-0.77268163157274	376.73031366685	0
7.4	-0.37058328537612	-0.74996927317338	376.73031366685	0
7.408	-0.40589806653265	-0.72494000413692	376.73031366685	0
7.416	-0.44063414180091	-0.6975416346035	376.73031366685	0
7.424	-0.47459880063033	-0.66773688682887	376.73031366685	0
7.432	-0.50758720303544	-0.63550587343056	376.73031366685	0
7.44	-0.53938394544578	-0.60084855526539	376.73031366685	0
7.448	-0.5697651017844	-0.56378709775511	376.73031366685	0
7.456	-0.59850075100346	-0.52436803271846	376.73031366685	0
7.464	-0.62535798357487	-0.48266412362952	376.73031366685	0
7.472	-0.65010435694478	-0.43877582708454	376.73031366685	0
7.48	-0.67251174461602	-0.39283224344316	376.73031366685	0
7.488	-0.69236049666771	-0.34499145625359	376.73031366685	0
7.496	-0.70944380292737	-0.29544017396421	376.73031366685	0
7.504	-0.72357212578435	-0.24439260884682	376.73031366685	0
7.512	-0.73457755006507	-0.1920885566294	376.73031366685	0
7.52	-0.74231788472698	-0.13879067493921	376.73031366685	0
7.528	-0.74668034731989	-0.084780997406022	376.73031366685	0
7.536	-0.74758466858062	-0.030356760630613	376.73031366685	0
7.544	-0.7449854717289	0.024174339831603	376.73031366685	0
7.552	-0.73887380859377	0.078499313975374	376.73031366685	0
7.56	-0.72927777116395	0.13230528511608	376.73031366685	0
7.568	-0.71626214011622	0.18528494708139	376.73031366685	0
7.576	-0.69992707819318	0.2371418721018	376.73031366685	0
7.584	-0.68040592243421	0.28759547810702	376.73031366685	0
7.592	-0.65786217165774	0.33638548328674	376.73031366685	0
7.6	-0.63248580108272	0.38327570497001	376.73031366685	0
7.608	-0.60448906212451	0.42805709656746	376.73031366685	0
7.616	-0.57410194073424	0.4705499573869	376.73031366685	0
7.624	-0.5415674517624	0.51060529226915	376.73031366685	0
7.632	-0.5071369403376	0.54810533806032	376.73031366685	0
7.64	-0.47106554563796	0.58296330928968	376.73031366685	0
7.648	-0.43360795979046	0.61512244410461	376.73031366685	0
7.656	-0.39501458737579	0.64455445238489	376.73031366685	0
7.664	-0.35552818160093	0.67125748067068	376.73031366685	0
7.672	-0.31538100387456	0.69525371346008	376.73031366685	0
7.68	-0.27479252615561	0.71658672847734	376.73031366685	0
7.688	-0.23396767142585	0.73531871596277	376.73031366685	0
7.696	-0.19309556784194	0.7515276603483	376.73031366685	0
7.704	-0.15234877694197	0.76530456833053	376.73031366685	0
7.712	-0.11188294570102	0.77675081169025	376.73031366685	0
7.72	-0.071836825917353	0.78597563738885	376.73031366685	0
7.728	-0.032332601819361	0.79309388240351	376.73031366685	0
7.736	0.0065235327496638	0.79822391709169	376.73031366685	0
7.744	0.044640603389311	0.80148582900675	376.73031366685	0
7.752	0.081941941761349	0.80299984921466	376.73031366685	0
7.76	0.11836417552012	0.8028850153119	376.73031366685	0
7.768	0.15385616118468	0.80125805941809	376.73031366685	0
7.776	0.18837789333152	0.79823250522929	376.73031366685	0
7.784	0.22189941741694	0.79391795553801	376.73031366685	0
7.792	0.25439976787325	0.788419550202	376.73031366685	0
7.8	0.28586594800348	0.78183757412528	376.73031366685	0
7.808	0.31629196370261	0.77426719516861	376.73031366685	0
7.816	0.34567791918277	0.76579831282358	376.73031366685	0
7.824	0.37402917966329	0.75651549978636	376.73031366685	0
7.832	0.4013556033647	0.74649802010615	376.73031366685	0
7.84	0.42767084306368	0.73581990924203	376.73031366685	0
7.848	0.45299171586011	0.72455010304741	376.73031366685	0
7.856	0.47733763861082	0.71275260434883	376.73031366685	0
7.864	0.50073012563223	0.70048667734393	376.73031366685	0
7.872	0.52319234470401	0.68780706148241	376.73031366685	0
7.88	0.54474872706044	0.67476419779048	376.73031366685	0
7.888	0.56542462688493	0.66140446174305	376.73031366685	0
7.896	0.58524602577713	0.64777039776986	376.73031366685	0
7.904	0.6042392776985	0.63390095129565	376.73031366685	0
7.912	0.62243088997443	0.6198316948526	376.73031366685	0
7.92	0.63984733598724	0.60559504524699	376.73031366685	0
7.928	0.65651489516403	0.59122046898266	376.73031366685	0
7.936	0.67245951563514	0.57673467308436	376.73031366685	0
7.944	0.68770669431647	0.56216177802918	376.73031366685	0
7.952	0.70228136778109	0.54752346852814	376.73031366685	0
7.96	0.71620780438267	0.53283911616181	376.73031366685	0
7.968	0.72950948210889	0.5181258650535	376.73031366685	0
7.976	0.74220892415382	0.50339866765859	376.73031366685	0
7.984	0.75432743746833	0.48867025317985	376.73031366685	0
7.992	0.76588464055546	0.4739510116983	376.73031366685	0
8	0.77689753311342	0.45924880828112	376.73031366685	0
8.008	0.78737855662892	0.44456890832783	376.73031366685	0
8.016	0.79733146237065	0.42991492190216	376.73031366685	0
8.024	0.8067430585353	0.41529457805095	376.73031366685	0
8.032	0.81557288448074	0.40074386890288	376.73031366685	0
8.04	0.8237817998414	0.38639434807395	376.73031366685	0
8.048	0.8315280515767	0.37247945087204	376.73031366685	0
8.056	0.83922606180287	0.358910362232	376.73031366685	0
8.064	0.84687994034245	0.34526066415407	376.73031366685	0
8.072	0.85420562468851	0.33145786760054	376.73031366685	0
8.08	0.86110296559812	0.31762492561323	376.73031366685	0
8.088	0.8675855709359	0.30384369149175	376.73031366685	0
8.096	0.87368560988152	0.29014972871247	376.73031366685	0
8.104	0.87943090728446	0.27655752603477	376.73031366685	0
8.112	0.88484342276424	0.2630731894412	376.73031366685	0
8.12	0.88994089900768	0.24969944908738	376.73031366685	0
8.128	0.89473828611798	0.23643758540179	376.73031366685	0
8.136	0.89924865301178	0.22328819131548	376.73031366685	0
8.144	0.90348373984988	0.2102514874057	376.73031366685	0
8.152	0.90745429509266	0.19732745932889	376.73031366685	0
8.16	0.91117028709584	0.18451592215198	376.73031366685	0
8.168	0.91464104208986	0.17181655371599	376.73031366685	0
8.176	0.91787533805244	0.15922891454795	376.73031366685	0
8.184	0.92088147145087	0.14675246177243	376.73031366685	0
8.192	0.92366730681255	0.13438656023021	376.73031366685	0
8.2	0.92624031509971	0.12213049218184	376.73031366685	0
8.208	0.92860760455953	0.10998346617597	376.73031366685	0
8.216	0.93077594635853	0.097944625315182	376.73031366685	0
8.224	0.93275179648637	0.086013055005761	376.73031366685	0
8.232	0.93454131490631	0.074187790219175	376.73031366685	0
8.24	0.93615038260935	0.062467822274213	376.73031366685	0
8.248	0.93758461702325	0.050852105145263	376.73031366685	0
8.256	0.93884938609372	0.039339561305092	376.73031366685	0
8.264	0.93994982126501	0.027929087114836	376.73031366685	0
8.272	0.94089082952727	0.016619557777937	376.73031366685	0
8.28	0.94167710465576	0.0054098318778777	376.73031366685	0
8.288	0.94231313773859	-0.0057012444782842	376.73031366685	0
8.296	0.94280322706856	-0.016714833887344	376.73031366685	0
8.304	0.94315148746023	-0.027632104224617	376.73031366685	0
8.312	0.94336185904209	-0.038454225542207	376.73031366685	0
8.32	0.94343811556599	-0.049182367267753	376.73031366685	0
8.328	0.94338387226968	-0.059817695681245	376.73031366685	0
8.336	0.94320259332351	-0.070361371648588	376.73031366685	0
8.344	0.94289759888895	-0.080814548591581	376.73031366685	0
8.352	0.9424720718134	-0.091178370675281	376.73031366685	0
8.36	0.94192906398336	-0.10145397119476	376.73031366685	0
8.368	0.94127150235627	-0.11164247114465	376.73031366685	0
8.376	0.94050219468945	-0.12174497795573	376.73031366685	0
8.384	0.93962383498322	-0.13176258438442	376.73031366685	0
8.392	0.9386390086541	-0.14169636754145	376.73031366685	0
8.4	0.93755019745281	-0.15154738804769	376.73031366685	0
8.408	0.93635978414089	-0.1613166893055	376.73031366685	0
8.416	0.93507005693883	-0.17100529687533	376.73031366685	0
8.424	0.93368321375796	-0.18061421794765	376.73031366685	0
8.432	0.93220136622733	-0.1901444409016	376.73031366685	0
8.44	0.93062654352653	-0.19959693494198	376.73031366685	0
8.448	0.92896069603444	-0.20897264980729	376.73031366685	0
8.456	0.92720569880359	-0.21827251554174	376.73031366685	0
8.464	0.92536335486905	-0.22749744232519	376.73031366685	0
8.472	0.92343539840056	-0.23664832035496	376.73031366685	0
8.48	0.92142349770576	-0.24572601977453	376.73031366685	0
8.488	0.91932925809239	-0.25473139064397	376.73031366685	0
8.496	0.91715422459651	-0.26366526294805	376.73031366685	0
8.504	0.91489988458375	-0.2725284466375	376.73031366685	0
8.512	0.9125676702299	-0.28132173170025	376.73031366685	0
8.52	0.91015896088716	-0.29004588825872	376.73031366685	0
8.528	0.90767508534185	-0.29870166669049	376.73031366685	0
8.536	0.90511732396897	-0.30728979776922	376.73031366685	0
8.544	0.90248691078904	-0.31581099282335	376.73031366685	0
8.552	0.8997850354322	-0.32426594391017	376.73031366685	0
8.56	0.89701284501415	-0.33265532400301	376.73031366685	0
8.568	0.89417144592866	-0.34097978718969	376.73031366685	0
8.576	0.89126190556078	-0.34923996888024	376.73031366685	0
8.584	0.88828525392499	-0.35743648602228	376.73031366685	0
8.592	0.88524248523213	-0.36556993732252	376.73031366685	0
8.6	0.88213455938891	-0.37364090347293	376.73031366685	0
8.608	0.87896240343361	-0.3816499473803	376.73031366685	0
8.616	0.87572691291139	-0.38959761439788	376.73031366685	0
8.624	0.87242895319271	-0.39748443255824	376.73031366685	0
8.632	0.86906936073797	-0.40531091280601	376.73031366685	0
8.64	0.8656489443116	-0.4130775492298	376.73031366685	0
8.648	0.86216848614875	-0.42078481929239	376.73031366685	0
8.656	0.85862874307767	-0.42843318405839	376.73031366685	0
8.664	0.85503044760074	-0.43602308841868	376.73031366685	0
8.672	0.8513743089373	-0.44355496131109	376.73031366685	0
8.68	0.84766101403132	-0.45102921593681	376.73031366685	0
8.688	0.84389122852711	-0.45844624997204	376.73031366685	0
8.696	0.84006559771625	-0.46580644577487	376.73031366685	0
8.704	0.83618474745916	-0.47311017058702	376.73031366685	0
8.712	0.83224928508475	-0.48035777673088	376.73031366685	0
8.72	0.82825980027196	-0.48754960180195	376.73031366685	0
8.728	0.82421686591699	-0.49468596885769	376.73031366685	0
8.736	0.8201210389906	-0.50176718660369	376.73031366685	0
8.744	0.81597286138977	-0.50879354957906	376.73031366685	0
8.752	0.81177286078868	-0.51576533834332	376.73031366685	0
8.76	0.80752155149395	-0.522682819668	376.73031366685	0
8.768	0.8032194353097	-0.52954624673752	376.73031366685	0
8.776	0.7988670024178	-0.53635585936481	376.73031366685	0
8.784	0.79446473227924	-0.54311188422936	376.73031366685	0
8.792	0.79001309456178	-0.54981453514713	376.73031366685	0
8.8	0.78551255009928	-0.55646401338448	376.73031366685	0
8.808	0.7809635518864	-0.56306050803135	376.73031366685	0
8.816	0.776366546111	-0.56960419645245	376.73031366685	0
8.824	0.7717219732237	-0.57609524483936	376.73031366685	0
8.832	0.76703026903952	-0.5825338088912	376.73031366685	0
8.84	0.76229186586057	-0.58892003465581	376.73031366685	0
8.848	0.75750719359994	-0.5952540595686	376.73031366685	0
8.856	0.75267668087493	-0.60153601372922	376.73031366685	0
8.864	0.74780075602269	-0.60776602145849	376.73031366685	0
8.872	0.74287984797093	-0.61394420317606	376.73031366685	0
8.88	0.73791438687322	-0.62007067763162	376.73031366685	0
8.888	0.73290480439039	-0.6261455645071	376.73031366685	0
8.896	0.72785153347058	-0.6321689873792	376.73031366685	0
8.904	0.72275500745328	-0.63814107698861	376.73031366685	0
8.912	0.71761565830338	-0.64406197470081	376.73031366685	0
8.92	0.71243391377935	-0.64993183596155	376.73031366685	0
8.928	0.70721019336613	-0.65575083345108	376.73031366685	0
8.936	0.70194490287296	-0.66151915953255	376.73031366685	0
8.944	0.69663842772127	-0.66723702748859	376.73031366685	0
8.952	0.69129112513542	-0.67290467097239	376.73031366685	0
8.96	0.68590331569411	-0.67852234110171	376.73031366685	0
8.968	0.6804752749781	-0.68409030073295	376.73031366685	0
8.976	0.67500722630997	-0.6896088156995	376.73031366685	0
8.984	0.6694993357531	-0.69507814318823	376.73031366685	0
8.992	0.66395171053683	-0.70049851792528	376.73031366685	0
9	0.65836440183897	-0.70587013736278	376.73031366685	0
9.008	0.65273741236655	-0.71119314747538	376.73031366685	0
9.016	0.64707070848786	-0.71646763095679	376.73031366685	0
9.024	0.64136423591543	-0.72169359945249	376.73031366685	0
9.032	0.6356179373009	-0.72687099096388	376.73031366685	0
9.04	0.62983176974778	-0.73199967279942	376.73031366685	0
9.048	0.62400572027692	-0.7370794496048	376.73031366685	0
9.056	0.61813981768051	-0.74211007527709	376.73031366685	0
9.064	0.61223413985791	-0.74709126711816	376.73031366685	0
9.072	0.60628881646785	-0.75202272048014	376.73031366685	0
9.08	0.60030402738246	-0.75690412236948	376.73031366685	0
9.088	0.59427999787443	-0.76173516290153	376.73031366685	0
9.096	0.58821699166643	-0.7665155440021	376.73031366685	0
9.104	0.5821153029501	-0.77124498522066	376.73031366685	0
9.112	0.57597524830689	-0.77592322687821	376.73031366685	0
9.12	0.56979715921215	-0.78055003099368	376.73031366685	0
9.128	0.56358137554406	-0.78512518052682	376.73031366685	0
9.136	0.55732824029238	-0.78964847747142	376.73031366685	0
9.144	0.55103809549075	-0.79411974026822	376.73031366685	0
9.152	0.54471127928228	-0.79853880091224	376.73031366685	0
9.16	0.53834812396512	-0.80290550202986	376.73031366685	0
9.168	0.53194895484029	-0.80721969411026	376.73031366685	0
9.176	0.52551408968507	-0.81148123300139	376.73031366685	0
9.184	0.51904383869222	-0.8156899777244	376.73031366685	0
9.192	0.51253850473934	-0.81984578862047	376.73031366685	0
9.2	0.50599838387856	-0.82394852581854	376.73031366685	0
9.208	0.49942376596122	-0.82799804799682	376.73031366685	0
9.216	0.49281493533406	-0.83199421140384	376.73031366685	0
9.224	0.48617217156084	-0.83593686910245	376.73031366685	0
9.232	0.47949575013788	-0.83982587040092	376.73031366685	0
9.24	0.47278594318267	-0.84366106043856	376.73031366685	0
9.248	0.46604302008307	-0.84744227989678	376.73031366685	0
9.256	0.45926724810011	-0.85116936481052	376.73031366685	0
9.264	0.45245889292205	-0.85484214645925	376.73031366685	0
9.272	0.4456182191696	-0.85846045131982	376.73031366685	0
9.28	0.43874549085435	-0.86202410106729	376.73031366685	0
9.288	0.43184097179341	-0.86553291261192	376.73031366685	0
9.296	0.42490492598373	-0.86898669816345	376.73031366685	0
9.304	0.41793761794002	-0.87238526531527	376.73031366685	0
9.312	0.41093931299989	-0.87572841714288	376.73031366685	0
9.32	0.40391027759992	-0.8790159523122	376.73031366685	0
9.328	0.39685077952598	-0.88224766519442	376.73031366685	0
9.336	0.38976108814093	-0.88542334598472	376.73031366685	0
9.344	0.38264147459243	-0.88854278082306	376.73031366685	0
9.352	0.37549221200339	-0.89160575191555	376.73031366685	0
9.36	0.36831357564722	-0.8946120376553	376.73031366685	0
9.368	0.36110584310989	-0.89756141274227	376.73031366685	0
9.376	0.35386929444042	-0.90045364830127	376.73031366685	0
9.384	0.34660421229127	-0.90328851199815	376.73031366685	0
9.392	0.33931088205006	-0.9060657681538	376.73031366685	0
9.4	0.3319895919635	-0.90878517785587	376.73031366685	0
9.408	0.32464063325473	-0.9114464990684	376.73031366685	0
9.416	0.31726430023473	-0.91404948673914	376.73031366685	0
9.424	0.30986089040859	-0.9165938929049	376.73031366685	0
9.432	0.30243070457732	-0.91907946679491	376.73031366685	0
9.44	0.29497404693559	-0.92150595493232	376.73031366685	0
9.448	0.28749122516599	-0.92387310123407	376.73031366685	0
9.456	0.27998255053015	-0.92618064710918	376.73031366685	0
9.464	0.27244833795707	-0.92842833155568	376.73031366685	0
9.472	0.26488890612894	-0.93061589125628	376.73031366685	0
9.48	0.25730457756477	-0.932743060673	376.73031366685	0
9.488	0.2496956787019	-0.93480957214076	376.73031366685	0
9.496	0.24206253997581	-0.93681515596023	376.73031366685	0
9.504	0.23440549589811	-0.93875954048993	376.73031366685	0
9.512	0.22672488513311	-0.94064245223778	376.73031366685	0
9.52	0.21902105057289	-0.94246361595221	376.73031366685	0
9.528	0.21129433941112	-0.9442227547129	376.73031366685	0
9.536	0.20354510321557	-0.94591959002124	376.73031366685	0
9.544	0.19577369799953	-0.94755384189074	376.73031366685	0
9.552	0.18798048429212	-0.94912522893722	376.73031366685	0
9.56	0.1801658272075	-0.95063346846922	376.73031366685	0
9.568	0.17233009651319	-0.95207827657831	376.73031366685	0
9.576	0.1644736666973	-0.95345936822976	376.73031366685	0
9.584	0.15659691703492	-0.95477645735332	376.73031366685	0
9.592	0.14870023165356	-0.9560292569344	376.73031366685	0
9.6	0.14078399959772	-0.95721747910559	376.73031366685	0
9.608	0.13284861489253	-0.95834083523865	376.73031366685	0
9.616	0.12489447660658	-0.95939903603694	376.73031366685	0
9.624	0.11692198891388	-0.96039179162843	376.73031366685	0
9.632	0.10893156115493	-0.96131881165933	376.73031366685	0
9.64	0.10092360789694	-0.96217980538831	376.73031366685	0
9.648	0.092898548993231	-0.96297448178142	376.73031366685	0
9.656	0.084856809641676	-0.96370254960776	376.73031366685	0
9.664	0.076798820442378	-0.96436371753591	376.73031366685	0
9.672	0.068725017454372	-0.96495769423115	376.73031366685	0
9.68	0.060635842251483	-0.96548418845351	376.73031366685	0
9.688	0.052531741977242	-0.96594290915675	376.73031366685	0
9.696	0.044413169398907	-0.96633356558818	376.73031366685	0
9.704	0.036280582960507	-0.96665586738945	376.73031366685	0
9.712	0.028134446834963	-0.9669095246983	376.73031366685	0
9.72	0.019975230975192	-0.96709424825132	376.73031366685	0
9.728	0.011803411164247	-0.96720974948769	376.73031366685	0
9.736	0.0036194690644002	-0.96725574065398	376.73031366685	0
9.744	-0.00457610773479	-0.96723193491004	376.73031366685	0
9.752	-0.012782825669513	-0.96713804643591	376.73031366685	0
9.76	-0.021000185155802	-0.96697379053994	376.73031366685	0
9.768	-0.029227680544789	-0.96673888376793	376.73031366685	0
9.776	-0.03746480007908	-0.96643304401347	376.73031366685	0
9.784	-0.045711025850331	-0.96605599062946	376.73031366685	0
9.792	-0.053965833758018	-0.96560744454074	376.73031366685	0
9.8	-0.062228693469464	-0.96508712835795	376.73031366685	0
9.808	-0.070499068381116	-0.96449476649265	376.73031366685	0
9.816	-0.078776415581151	-0.9638300852735	376.73031366685	0
9.824	-0.087060185813392	-0.96309281306385	376.73031366685	0
9.832	-0.095349823442626	-0.96228268038045	376.73031366685	0
9.84	-0.1036447664213	-0.9613994200134	376.73031366685	0
9.848	-0.11194444625768	-0.96044276714747	376.73031366685	0
9.856	-0.12024828798548	-0.9594124594845	376.73031366685	0
9.864	-0.12855571013502	-0.95830823736724	376.73031366685	0
9.872	-0.1368661247059	-0.95712984390434	376.73031366685	0
9.88	-0.14517893714135	-0.95587702509663	376.73031366685	0
9.888	-0.1534935463041	-0.95454952996476	376.73031366685	0
9.896	-0.16180934445405	-0.95314711067797	376.73031366685	0
9.904	-0.17012571722751	-0.95166952268424	376.73031366685	0
9.912	-0.17844204361838	-0.95011652484168	376.73031366685	0
9.92	-0.18675769596095	-0.94848787955118	376.73031366685	0
9.928	-0.19507203991463	-0.9467833528903	376.73031366685	0
9.936	-0.20338443445058	-0.94500271474847	376.73031366685	0
9.944	-0.21169423184027	-0.94314573896341	376.73031366685	0
9.952	-0.2200007776459	-0.94121220345877	376.73031366685	0
9.96	-0.22830341071305	-0.93920189038303	376.73031366685	0
9.968	-0.23660146316516	-0.93711458624961	376.73031366685	0
9.976	-0.24489426040033	-0.93495008207821	376.73031366685	0
9.984	-0.25318112109017	-0.93270817353729	376.73031366685	0
9.992	-0.26146135718081	-0.93038866108776	376.73031366685	0
10	-0.26973427389631	-0.92799135012787	376.73031366685	0
10.008	-0.27799916974424	-0.92551605113914	376.73031366685	0
10.016	-0.2862553365237	-0.92296257983355	376.73031366685	0
10.024	-0.29450205933563	-0.92033075730168	376.73031366685	0
10.032	-0.30273861659568	-0.91762041016207	376.73031366685	0
10.04	-0.31096428004952	-0.91483137071153	376.73031366685	0
10.048	-0.31917831479073	-0.91196347707653	376.73031366685	0
10.056	-0.32737997928116	-0.9090165733656	376.73031366685	0
10.064	-0.33556852537417	-0.90599050982262	376.73031366685	0
10.072	-0.34374319834029	-0.9028851429812	376.73031366685	0
10.08	-0.35190323689586	-0.89970033581977	376.73031366685	0
10.088	-0.36004787323428	-0.89643595791776	376.73031366685	0
10.096	-0.36817633306025	-0.89309188561241	376.73031366685	0
10.104	-0.37628783562677	-0.88966800215656	376.73031366685	0
10.112	-0.38438159377518	-0.88616419787706	376.73031366685	0
10.12	-0.39245681397815	-0.88258037033397	376.73031366685	0
10.128	-0.40051269638569	-0.87891642448044	376.73031366685	0
10.136	-0.40854843487429	-0.87517227282319	376.73031366685	0
10.144	-0.4165632170992	-0.87134783558358	376.73031366685	0
10.152	-0.42455622454979	-0.86744304085922	376.73031366685	0
10.16	-0.43252663260832	-0.86345782478608	376.73031366685	0
10.168	-0.44047361061182	-0.859392131701	376.73031366685	0
10.176	-0.4483963219174	-0.85524591430462	376.73031366685	0
10.184	-0.45629392397089	-0.85101913382457	376.73031366685	0
10.192	-0.4641655683789	-0.84671176017902	376.73031366685	0
10.2	-0.47201040098437	-0.84232377214032	376.73031366685	0
10.208	-0.47982756194557	-0.83785515749885	376.73031366685	0
10.216	-0.48761618581871	-0.83330591322697	376.73031366685	0
10.224	-0.49537540164411	-0.82867604564292	376.73031366685	0
10.232	-0.50310433303597	-0.82396557057469	376.73031366685	0
10.24	-0.5108020982759	-0.81917451352378	376.73031366685	0
10.248	-0.51846781041008	-0.81430290982879	376.73031366685	0
10.256	-0.5261005773502	-0.80935080482861	376.73031366685	0
10.264	-0.53369950197818	-0.80431825402547	376.73031366685	0
10.272	-0.54126368225475	-0.79920532324737	376.73031366685	0
10.28	-0.54879221133181	-0.79401208881016	376.73031366685	0
10.288	-0.55628417766877	-0.7887386376789	376.73031366685	0
10.296	-0.5637386651527	-0.78338506762872	376.73031366685	0
10.304	-0.57115475322257	-0.77795148740475	376.73031366685	0
10.312	-0.57853151699733	-0.77243801688134	376.73031366685	0
10.32	-0.58586802740807	-0.76684478722032	376.73031366685	0
10.328	-0.59316335133423	-0.76117194102823	376.73031366685	0
10.336	-0.60041655174379	-0.75541963251243	376.73031366685	0
10.344	-0.60762668783755	-0.74958802763606	376.73031366685	0
10.352	-0.61479281519757	-0.74367730427163	376.73031366685	0
10.36	-0.62191398593965	-0.73768765235331	376.73031366685	0
10.368	-0.62898924886992	-0.7316192740276	376.73031366685	0
10.376	-0.63601764964564	-0.72547238380255	376.73031366685	0
10.384	-0.64299823094006	-0.71924720869513	376.73031366685	0
10.392	-0.64993003261149	-0.71294398837695	376.73031366685	0
10.4	-0.65681209187651	-0.70656297531795	376.73031366685	0
10.408	-0.66364344348733	-0.70010443492816	376.73031366685	0
10.416	-0.67042311991333	-0.6935686456973	376.73031366685	0
10.424	-0.67715015152673	-0.68695589933215	376.73031366685	0
10.432	-0.68382356679243	-0.68026650089159	376.73031366685	0
10.44	-0.69044239246201	-0.67350076891919	376.73031366685	0
10.448	-0.69700565377181	-0.66665903557326	376.73031366685	0
10.456	-0.7035123746452	-0.65974164675412	376.73031366685	0
10.464	-0.70996157789888	-0.65274896222871	376.73031366685	0
10.472	-0.7163522854533	-0.6456813557522	376.73031366685	0
10.48	-0.72268351854715	-0.63853921518662	376.73031366685	0
10.488	-0.72895429795585	-0.63132294261627	376.73031366685	0
10.496	-0.73516364421404	-0.62403295446	376.73031366685	0
10.504	-0.74131057784207	-0.61666968157994	376.73031366685	0
10.512	-0.74739411957638	-0.60923356938689	376.73031366685	0
10.52	-0.75341329060382	-0.60172507794198	376.73031366685	0
10.528	-0.75936711279977	-0.59414468205463	376.73031366685	0
10.536	-0.76525460897006	-0.58649287137664	376.73031366685	0
10.544	-0.77107480309671	-0.57877015049229	376.73031366685	0
10.552	-0.77682672058724	-0.57097703900438	376.73031366685	0
10.56	-0.78250938852777	-0.56311407161595	376.73031366685	0
10.568	-0.78812183593953	-0.55518179820781	376.73031366685	0
10.576	-0.793663094039	-0.54718078391142	376.73031366685	0
10.584	-0.79913219650144	-0.53911160917735	376.73031366685	0
10.592	-0.80452817972782	-0.53097486983896	376.73031366685	0
10.6	-0.80985008311492	-0.52277117717124	376.73031366685	0
10.608	-0.81509694932884	-0.51450115794478	376.73031366685	0
10.616	-0.82026782458143	-0.50616545447466	376.73031366685	0
10.624	-0.82536175890984	-0.4977647246641	376.73031366685	0
10.632	-0.83037780645907	-0.48929964204298	376.73031366685	0
10.64	-0.83531502576721	-0.48077089580081	376.73031366685	0
10.648	-0.84017248005354	-0.47217919081426	376.73031366685	0
10.656	-0.84494923750924	-0.46352524766913	376.73031366685	0
10.664	-0.84964437159059	-0.45480980267644	376.73031366685	0
10.672	-0.8542569613146	-0.44603360788289	376.73031366685	0
10.68	-0.85878609155696	-0.4371974310752	376.73031366685	0
10.688	-0.86323085335212	-0.42830205577852	376.73031366685	0
10.696	-0.86759034419543	-0.41934828124869	376.73031366685	0
10.704	-0.87186366834727	-0.41033692245823	376.73031366685	0
10.712	-0.87604993713882	-0.40126881007604	376.73031366685	0
10.72	-0.88014826927965	-0.39214479044065	376.73031366685	0
10.728	-0.88415779116666	-0.38296572552699	376.73031366685	0
10.736	-0.88807763719455	-0.37373249290655	376.73031366685	0
10.744	-0.89190695006735	-0.36444598570084	376.73031366685	0
10.752	-0.89564488111115	-0.35510711252813	376.73031366685	0
10.76	-0.89929059058764	-0.34571679744335	376.73031366685	0
10.768	-0.90284324800849	-0.33627597987107	376.73031366685	0
10.776	-0.90630203245025	-0.3267856145315	376.73031366685	0
10.784	-0.90966613286977	-0.31724667135949	376.73031366685	0
10.792	-0.91293474841977	-0.30766013541637	376.73031366685	0
10.8	-0.91610708876458	-0.2980270067947	376.73031366685	0
10.808	-0.91918237439579	-0.28834830051579	376.73031366685	0
10.816	-0.92215983694761	-0.27862504641992	376.73031366685	0
10.824	-0.9250387195118	-0.26885828904932	376.73031366685	0
10.832	-0.92781827695199	-0.25904908752379	376.73031366685	0
10.84	-0.93049777621721	-0.24919851540896	376.73031366685	0
10.848	-0.93307649665437	-0.23930766057711	376.73031366685	0
10.856	-0.93555373031961	-0.22937762506066	376.73031366685	0
10.864	-0.93792878228825	-0.21940952489809	376.73031366685	0
10.872	-0.94020097096321	-0.20940448997252	376.73031366685	0
10.88	-0.94236962838158	-0.19936366384279	376.73031366685	0
10.888	-0.94443410051937	-0.18928820356702	376.73031366685	0
10.896	-0.94639374759394	-0.17917927951882	376.73031366685	0
10.904	-0.94824794436424	-0.16903807519597	376.73031366685	0
10.912	-0.94999608042835	-0.15886578702164	376.73031366685	0
10.92	-0.95163756051834	-0.1486636241383	376.73031366685	0
10.928	-0.95317180479218	-0.13843280819417	376.73031366685	0
10.936	-0.9545982491224	-0.12817457312228	376.73031366685	0
10.944	-0.95591634538153	-0.1178901649123	376.73031366685	0
10.952	-0.95712556172378	-0.10758084137505	376.73031366685	0
10.96	-0.95822538286314	-0.097247871899772	376.73031366685	0
10.968	-0.95921531034738	-0.086892537204278	376.73031366685	0
10.976	-0.96009486282788	-0.076516129077979	376.73031366685	0
10.984	-0.96086357632514	-0.066119950117876	376.73031366685	0
10.992	-0.96152100448969	-0.055705313457619	376.73031366685	0
11	-0.96206671885814	-0.045273542489675	376.73031366685	0
11.008	-0.96250030910437	-0.03482597058071	376.73031366685	0
11.016	-0.96282138328544	-0.024363940780303	376.73031366685	0
11.024	-0.96302956808223	-0.013888805523061	376.73031366685	0
11.032	-0.96312450903437	-0.0034019263242578	376.73031366685	0
11.04	-0.96310587076955	0.0070953265309032	376.73031366685	0
11.048	-0.96297333722682	0.017601574304254	376.73031366685	0
11.056	-0.96272661187374	0.028115430127751	376.73031366685	0
11.064	-0.96236541791726	0.038635499332551	376.73031366685	0
11.072	-0.96188949850805	0.04916037978395	376.73031366685	0
11.08	-0.96129861693816	0.059688662221997	376.73031366685	0
11.088	-0.96059255683192	0.070218930607676	376.73031366685	0
11.096	-0.95977112232966	0.080749762474486	376.73031366685	0
11.104	-0.95883413826438	0.091279729285255	376.73031366685	0
11.112	-0.957781450331	0.10180739679402	376.73031366685	0
11.12	-0.95661292524814	0.11233132541278	376.73031366685	0
11.128	-0.95532845091218	0.12285007058301	376.73031366685	0
11.136	-0.95392793654361	0.13336218315166	376.73031366685	0
11.144	-0.9524113128253	0.14386620975152	376.73031366685	0
11.152	-0.95077853203283	0.15436069318574	376.73031366685	0
11.16	-0.9490295681564	0.16484417281626	376.73031366685	0
11.168	-0.94716441701462	0.17531518495603	376.73031366685	0
11.176	-0.94518309635958	0.18577226326478	376.73031366685	0
11.184	-0.94308564597356	0.19621393914802	376.73031366685	0
11.192	-0.94087212775684	0.20663874215927	376.73031366685	0
11.2	-0.93854262580684	0.2170452004051	376.73031366685	0
11.208	-0.93609724648829	0.22743184095287	376.73031366685	0
11.216	-0.93353611849441	0.23779719024087	376.73031366685	0
11.224	-0.93085939289905	0.24813977449072	376.73031366685	0
11.232	-0.92806724319963	0.25845812012167	376.73031366685	0
11.24	-0.92515986535085	0.26875075416672	376.73031366685	0
11.248	-0.92213747778911	0.27901620469014	376.73031366685	0
11.256	-0.91900032144765	0.28925300120629	376.73031366685	0
11.264	-0.91574865976217	0.29945967509949	376.73031366685	0
11.272	-0.91238277866707	0.30963476004453	376.73031366685	0
11.28	-0.90890298658225	0.31977679242781	376.73031366685	0
11.288	-0.90530961439034	0.32988431176869	376.73031366685	0
11.296	-0.90160301540443	0.3399558611408	376.73031366685	0
11.304	-0.89778356532626	0.34998998759325	376.73031366685	0
11.312	-0.89385166219488	0.35998524257117	376.73031366685	0
11.32	-0.88980772632576	0.36994018233562	376.73031366685	0
11.328	-0.88565220024036	0.37985336838248	376.73031366685	0
11.336	-0.88138554858624	0.38972336786003	376.73031366685	0
11.344	-0.87700825804758	0.3995487539851	376.73031366685	0
11.352	-0.87252083724637	0.40932810645737	376.73031366685	0
11.36	-0.86792381663414	0.41906001187175	376.73031366685	0
11.368	-0.86321774837427	0.42874306412841	376.73031366685	0
11.376	-0.85840320621512	0.43837586484038	376.73031366685	0
11.384	-0.85348078535381	0.4479570237383	376.73031366685	0
11.392	-0.8484511022909	0.45748515907225	376.73031366685	0
11.4	-0.84331479467592	0.46695889801025	376.73031366685	0
11.408	-0.83807252114399	0.47637687703333	376.73031366685	0
11.416	-0.83272496114342	0.48573774232687	376.73031366685	0
11.424	-0.82727281475463	0.4950401501679	376.73031366685	0
11.432	-0.82171680250023	0.5042827673083	376.73031366685	0
11.44	-0.81605766514666	0.51346427135351	376.73031366685	0
11.448	-0.81029616349725	0.5225833511366	376.73031366685	0
11.456	-0.80443307817704	0.5316387070875	376.73031366685	0
11.464	-0.79846920940935	0.54062905159709	376.73031366685	0
11.472	-0.79240537678433	0.54955310937601	376.73031366685	0
11.48	-0.78624241901957	0.55840961780796	376.73031366685	0
11.488	-0.77998119371299	0.56719732729728	376.73031366685	0
11.496	-0.77362257708816	0.57591500161065	376.73031366685	0
11.504	-0.76716746373211	0.58456141821258	376.73031366685	0
11.512	-0.76061676632604	0.59313536859474	376.73031366685	0
11.52	-0.75397141536879	0.60163565859871	376.73031366685	0
11.528	-0.74723235889353	0.61006110873211	376.73031366685	0
11.536	-0.74040056217774	0.61841055447791	376.73031366685	0
11.544	-0.73347700744662	0.62668284659675	376.73031366685	0
11.552	-0.72646269357027	0.63487685142208	376.73031366685	0
11.56	-0.71935863575468	0.64299145114805	376.73031366685	0
11.568	-0.71216586522687	0.65102554410987	376.73031366685	0
11.576	-0.70488542891433	0.65897804505667	376.73031366685	0
11.584	-0.69751838911893	0.6668478854166	376.73031366685	0
11.592	-0.69006582318567	0.67463401355408	376.73031366685	0
11.6	-0.68252882316622	0.68233539501906	376.73031366685	0
11.608	-0.67490849547785	0.68995101278827	376.73031366685	0
11.616	-0.66720596055755	0.69747986749824	376.73031366685	0
11.624	-0.65942235251192	0.70492097767004	376.73031366685	0
11.632	-0.65155881876291	0.71227337992567	376.73031366685	0
11.64	-0.64361651968959	0.71953612919596	376.73031366685	0
11.648	-0.63559662826627	0.72670829891999	376.73031366685	0
11.656	-0.62750032969726	0.73378898123589	376.73031366685	0
11.664	-0.6193288210483	0.74077728716296	376.73031366685	0
11.672	-0.61108331087514	0.74767234677509	376.73031366685	0
11.68	-0.60276501884932	0.75447330936543	376.73031366685	0
11.688	-0.59437517538151	0.76117934360227	376.73031366685	0
11.696	-0.58591502124258	0.76778963767602	376.73031366685	0
11.704	-0.57738580718264	0.77430339943745	376.73031366685	0
11.712	-0.56878879354839	0.78071985652692	376.73031366685	0
11.72	-0.56012524989881	0.78703825649483	376.73031366685	0
11.728	-0.55139645461967	0.79325786691316	376.73031366685	0
11.736	-0.54260369453691	0.79937797547806	376.73031366685	0
11.744	-0.53374826452924	0.80539789010366	376.73031366685	0
11.752	-0.52483146714008	0.81131693900698	376.73031366685	0
11.76	-0.51585461218922	0.81713447078397	376.73031366685	0
11.768	-0.50681901638428	0.82284985447684	376.73031366685	0
11.776	-0.4977260029323	0.82846247963253	376.73031366685	0
11.784	-0.48857690115164	0.83397175635257	376.73031366685	0
11.792	-0.47937304608443	0.83937711533414	376.73031366685	0
11.8	-0.47011577810975	0.84467800790266	376.73031366685	0
11.808	-0.46080644255785	0.84987390603573	376.73031366685	0
11.816	-0.45144638932547	0.85496430237863	376.73031366685	0
11.824	-0.44203697249265	0.85994871025142	376.73031366685	0
11.832	-0.43257954994111	0.86482666364774	376.73031366685	0
11.84	-0.42307548297441	0.86959771722532	376.73031366685	0
11.848	-0.41352613594018	0.87426144628838	376.73031366685	0
11.856	-0.40393287585451	0.878817446762	376.73031366685	0
11.864	-0.39429707202878	0.88326533515848	376.73031366685	0
11.872	-0.384620095699	0.88760474853598	376.73031366685	0
11.88	-0.37490331965799	0.89183534444929	376.73031366685	0
11.888	-0.36514811789045	0.89595680089309	376.73031366685	0
11.896	-0.3553558652112	0.89996881623769	376.73031366685	0
11.904	-0.34552793690666	0.9038711091574	376.73031366685	0
11.912	-0.33566570837978	0.90766341855165	376.73031366685	0
11.92	-0.32577055479859	0.91134550345907	376.73031366685	0
11.928	-0.31584385074855	0.9149171429645	376.73031366685	0
11.936	-0.30588696988872	0.91837813609923	376.73031366685	0
11.944	-0.29590128461207	0.92172830173459	376.73031366685	0
11.952	-0.28588816570995	0.9249674784689	376.73031366685	0
11.96	-0.27584898204086	0.92809552450811	376.73031366685	0
11.968	-0.26578510020373	0.93111231754015	376.73031366685	0
11.976	-0.25569788421572	0.93401775460323	376.73031366685	0
11.984	-0.24558869519475	0.93681175194815	376.73031366685	0
11.992	-0.23545889104684	0.93949424489489	376.73031366685	0
12	-0.2253098261583	0.94206518768357	376.73031366685	0
12.008	-0.21514285109304	0.9445245533199	376.73031366685	0
12.016	-0.20495931229488	0.94687233341542	376.73031366685	0
12.024	-0.19476055179514	0.94910853802253	376.73031366685	0
12.032	-0.18454790692545	0.95123319546465	376.73031366685	0
12.04	-0.17432271003601	0.95324635216146	376.73031366685	0
12.048	-0.16408628821915	0.95514807244961	376.73031366685	0
12.056	-0.15383996303856	0.9569384383989	376.73031366685	0
12.064	-0.14358505026398	0.95861754962421	376.73031366685	0
12.072	-0.13332285961152	0.96018552309325	376.73031366685	0
12.08	-0.12305469448972	0.96164249293037	376.73031366685	0
12.088	-0.11278185175133	0.9629886102166	376.73031366685	0
12.096	-0.10250562145079	0.96422404278597	376.73031366685	0
12.104	-0.092227286607606	0.96534897501853	376.73031366685	0
12.112	-0.081948122975524	0.96636360762985	376.73031366685	0
12.12	-0.071669398817595	0.96726815745762	376.73031366685	0
12.128	-0.061392374687125	0.96806285724509	376.73031366685	0
12.136	-0.05111830321453	0.96874795542187	376.73031366685	0
12.144	-0.040848428900138	0.9693237158819	376.73031366685	0
12.152	-0.030583987912919	0.96979041775917	376.73031366685	0
12.16	-0.020326207895155	0.97014835520089	376.73031366685	0
12.168	-0.010076307773044	0.97039783713865	376.73031366685	0
12.176	0.00016450242673894	0.97053918705752	376.73031366685	0
12.184	0.010395021754559	0.97057274276327	376.73031366685	0
12.192	0.020614058509419	0.97049885614795	376.73031366685	0
12.2	0.030820430404664	0.97031789295387	376.73031366685	0
12.208	0.041012964727784	0.97003023253617	376.73031366685	0
12.216	0.051190498494361	0.96963626762418	376.73031366685	0
12.224	0.061351878596191	0.96913640408166	376.73031366685	0
12.232	0.071495961943598	0.96853106066601	376.73031366685	0
12.24	0.08162161560198	0.96782066878668	376.73031366685	0
12.248	0.091727716922609	0.96700567226294	376.73031366685	0
12.256	0.10181315366776	0.96608652708101	376.73031366685	0
12.264	0.11187682413017	0.96506370115078	376.73031366685	0
12.272	0.12191763724693	0.96393767406225	376.73031366685	0
12.28	0.13193451270775	0.96270893684175	376.73031366685	0
12.288	0.14192638105781	0.96137799170818	376.73031366685	0
12.296	0.1518921837951	0.95994535182919	376.73031366685	0
12.304	0.16183087346237	0.95841154107773	376.73031366685	0
12.312	0.1717414137338	0.95677709378866	376.73031366685	0
12.32	0.18162277949631	0.95504255451602	376.73031366685	0
12.328	0.19147395692574	0.95320847779059	376.73031366685	0
12.336	0.20129394355785	0.95127542787823	376.73031366685	0
12.344	0.21108174835422	0.94924397853888	376.73031366685	0
12.352	0.22083639176316	0.94711471278636	376.73031366685	0
12.36	0.23055690577569	0.94488822264917	376.73031366685	0
12.368	0.24024233397666	0.94256510893219	376.73031366685	0
12.376	0.249891731591	0.94014598097959	376.73031366685	0
12.384	0.2595041655253	0.93763145643887	376.73031366685	0
12.392	0.2690787144048	0.93502216102616	376.73031366685	0
12.4	0.27861446860568	0.93231872829293	376.73031366685	0
12.408	0.28811053028293	0.92952179939407	376.73031366685	0
12.416	0.29756601339381	0.92663202285753	376.73031366685	0
12.424	0.30698004371692	0.9236500543555	376.73031366685	0
12.432	0.31635175886709	0.92057655647723	376.73031366685	0
12.44	0.32568030830596	0.91741219850362	376.73031366685	0
12.448	0.33496485334859	0.91415765618352	376.73031366685	0
12.456	0.344204567166	0.91081361151189	376.73031366685	0
12.464	0.35339863478371	0.90738075250988	376.73031366685	0
12.472	0.36254625307651	0.90385977300679	376.73031366685	0
12.48	0.3716466307594	0.90025137242412	376.73031366685	0
12.488	0.38069898837484	0.89655625556157	376.73031366685	0
12.496	0.38970255827637	0.89277513238522	376.73031366685	0
12.504	0.39865658460871	0.8889087178178	376.73031366685	0
12.512	0.40756032328438	0.88495773153114	376.73031366685	0
12.52	0.41641304195698	0.88092289774084	376.73031366685	0
12.528	0.42521401999107	0.87680494500321	376.73031366685	0
12.536	0.43396254842897	0.8726046060145	376.73031366685	0
12.544	0.44265792995429	0.86832261741239	376.73031366685	0
12.552	0.45129947885244	0.86395971957993	376.73031366685	0
12.56	0.45988652096819	0.85951665645171	376.73031366685	0
12.568	0.46841839366021	0.8549941753226	376.73031366685	0
12.576	0.47689444575288	0.85039302665875	376.73031366685	0
12.584	0.48531403748525	0.84571396391115	376.73031366685	0
12.592	0.49367654045738	0.84095774333155	376.73031366685	0
12.6	0.50198133757396	0.83612512379094	376.73031366685	0
12.608	0.51022782298547	0.83121686660046	376.73031366685	0
12.616	0.51841540202684	0.82623373533483	376.73031366685	0
12.624	0.52654349115365	0.82117649565831	376.73031366685	0
12.632	0.53461151787601	0.81604591515315	376.73031366685	0
12.64	0.54261892069022	0.81084276315056	376.73031366685	0
12.648	0.5505651490081	0.80556781056426	376.73031366685	0
12.656	0.5584496630843	0.80022182972655	376.73031366685	0
12.664	0.56627193394143	0.79480559422687	376.73031366685	0
12.672	0.57403144329318	0.78931987875298	376.73031366685	0
12.68	0.58172768346555	0.78376545893462	376.73031366685	0
12.688	0.58936015731606	0.77814311118974	376.73031366685	0
12.696	0.5969283781512	0.77245361257329	376.73031366685	0
12.704	0.60443186964204	0.76669774062847	376.73031366685	0
12.712	0.61187016573816	0.76087627324059	376.73031366685	0
12.72	0.6192428105798	0.75498998849341	376.73031366685	0
12.728	0.62654935840847	0.74903966452802	376.73031366685	0
12.736	0.63378937347593	0.74302607940421	376.73031366685	0
12.744	0.64096242995165	0.73695001096437	376.73031366685	0
12.752	0.64806811182877	0.73081223669986	376.73031366685	0
12.76	0.65510601282867	0.72461353361986	376.73031366685	0
12.768	0.66207573630406	0.71835467812274	376.73031366685	0
12.776	0.66897689514078	0.71203644586985	376.73031366685	0
12.784	0.67580911165827	0.70565961166174	376.73031366685	0
12.792	0.68257201750882	0.69922494931694	376.73031366685	0
12.8	0.68926525357544	0.692733231553	376.73031366685	0
12.808	0.69588846986874	0.68618522987009	376.73031366685	0
12.816	0.70244132542249	0.67958171443696	376.73031366685	0
12.824	0.70892348818812	0.67292345397922	376.73031366685	0
12.832	0.71533463492814	0.66621121567014	376.73031366685	0
12.84	0.72167445110846	0.65944576502371	376.73031366685	0
12.848	0.72794263078971	0.65262786579009	376.73031366685	0
12.856	0.73413887651758	0.6457582798534	376.73031366685	0
12.864	0.74026289921211	0.63883776713184	376.73031366685	0
12.872	0.74631441805612	0.63186708548013	376.73031366685	0
12.88	0.75229316038268	0.62484699059428	376.73031366685	0
12.888	0.75819886156168	0.61777823591856	376.73031366685	0
12.896	0.7640312648855	0.61066157255491	376.73031366685	0
12.904	0.76979012145392	0.60349774917444	376.73031366685	0
12.912	0.77547519005806	0.59628751193135	376.73031366685	0
12.92	0.78108623706363	0.58903160437899	376.73031366685	0
12.928	0.78662303629331	0.58173076738817	376.73031366685	0
12.936	0.79208536890835	0.57438573906781	376.73031366685	0
12.944	0.79747302328945	0.56699725468765	376.73031366685	0
12.952	0.80278579491686	0.55956604660327	376.73031366685	0
12.96	0.80802348624971	0.55209284418331	376.73031366685	0
12.968	0.81318590660469	0.54457837373886	376.73031366685	0
12.976	0.81827287203394	0.53702335845504	376.73031366685	0
12.984	0.82328420520231	0.52942851832481	376.73031366685	0
12.992	0.82821973526384	0.52179457008492	376.73031366685	0
13	0.83307929773764	0.51412222715402	376.73031366685	0
13.008	0.83786273438303	0.50641219957303	376.73031366685	0
13.016	0.84256989307404	0.49866519394759	376.73031366685	0
13.024	0.84720062767324	0.49088191339274	376.73031366685	0
13.032	0.85175479790491	0.48306305747975	376.73031366685	0
13.04	0.85623226922756	0.47520932218513	376.73031366685	0
13.048	0.86063291270578	0.46732139984182	376.73031366685	0
13.056	0.86495660488148	0.45939997909256	376.73031366685	0
13.064	0.86920322764444	0.45144574484543	376.73031366685	0
13.072	0.87337266810226	0.44345937823161	376.73031366685	0
13.08	0.87746481844968	0.43544155656531	376.73031366685	0
13.088	0.88147957583717	0.42739295330591	376.73031366685	0
13.096	0.88541684223902	0.41931423802234	376.73031366685	0
13.104	0.88927652432069	0.41120607635965	376.73031366685	0
13.112	0.89305853330555	0.40306913000784	376.73031366685	0
13.12	0.89676278484102	0.39490405667294	376.73031366685	0
13.128	0.90038919886401	0.38671151005036	376.73031366685	0
13.136	0.9039376994658	0.37849213980049	376.73031366685	0
13.144	0.90740821475622	0.37024659152667	376.73031366685	0
13.152	0.91080067672721	0.36197550675539	376.73031366685	0
13.16	0.91411502111573	0.35367952291892	376.73031366685	0
13.168	0.9173511872661	0.34535927334024	376.73031366685	0
13.176	0.92050911799158	0.33701538722038	376.73031366685	0
13.184	0.92358875943541	0.32864848962819	376.73031366685	0
13.192	0.92659006093117	0.32025920149248	376.73031366685	0
13.2	0.92951297486248	0.31184813959675	376.73031366685	0
13.208	0.93235745652209	0.30341591657629	376.73031366685	0
13.216	0.93512346397032	0.29496314091792	376.73031366685	0
13.224	0.93781095789281	0.28649041696218	376.73031366685	0
13.232	0.94041990145774	0.27799834490826	376.73031366685	0
13.24	0.94295026017229	0.26948752082144	376.73031366685	0
13.248	0.94540200173849	0.26095853664327	376.73031366685	0
13.256	0.94777509590854	0.2524119802045	376.73031366685	0
13.264	0.95006951433933	0.24384843524068	376.73031366685	0
13.272	0.95228523044644	0.23526848141064	376.73031366685	0
13.28	0.9544222192575	0.22667269431783	376.73031366685	0
13.288	0.9564804572649	0.2180616455345	376.73031366685	0
13.296	0.95845992227792	0.20943590262887	376.73031366685	0
13.304	0.96036059327421	0.20079602919536	376.73031366685	0
13.312	0.96218245025072	0.19214258488775	376.73031366685	0
13.32	0.963925474074	0.18347612545562	376.73031366685	0
13.328	0.96558964632997	0.17479720278381	376.73031366685	0
13.336	0.96717494917303	0.16610636493526	376.73031366685	0
13.344	0.96868136517473	0.15740415619705	376.73031366685	0
13.352	0.97010887717182	0.1486911171299	376.73031366685	0
13.36	0.97145746811377	0.13996778462099	376.73031366685	0
13.368	0.97272712090987	0.13123469194039	376.73031366685	0
13.376	0.97391781827573	0.12249236880107	376.73031366685	0
13.384	0.97502954257937	0.11374134142249	376.73031366685	0
13.392	0.97606227568687	0.10498213259798	376.73031366685	0
13.4	0.97701599880758	0.096215261765933	376.73031366685	0
13.408	0.97789069233895	0.087441245084876	376.73031366685	0
13.416	0.97868633571096	0.078660595512535	376.73031366685	0
13.424	0.97940290723029	0.069873822888966	376.73031366685	0
13.432	0.98004038392409	0.061081434023837	376.73031366685	0
13.44	0.9805987413836	0.052283932787988	376.73031366685	0
13.448	0.98107795360744	0.043481820209311	376.73031366685	0
13.456	0.98147799284481	0.034675594573079	376.73031366685	0
13.464	0.98179882943846	0.025865751526842	376.73031366685	0
13.472	0.98204043166767	0.017052784189955	376.73031366685	0
13.48	0.98220276559114	0.0082371832678741	376.73031366685	0
13.488	0.98228579488984	-0.00058056282870045	376.73031366685	0
13.496	0.98228948071011	-0.0093999678596863	376.73031366685	0
13.504	0.98221378150668	-0.018220547626384	376.73031366685	0
13.512	0.9820586528861	-0.027041819837052	376.73031366685	0
13.52	0.98182404745029	-0.035863303967143	376.73031366685	0
13.528	0.98150991464052	-0.044684521114081	376.73031366685	0
13.536	0.98111620058184	-0.05350499384646	376.73031366685	0
13.544	0.98064284792795	-0.062324246047537	376.73031366685	0
13.552	0.98008979570675	-0.071141802752889	376.73031366685	0
13.56	0.97945697916657	-0.07995718998209	376.73031366685	0
13.568	0.97874432962317	-0.088769934564255	376.73031366685	0
13.576	0.97795177430769	-0.09757956395736	376.73031366685	0
13.584	0.97707923621561	-0.10638560606115	376.73031366685	0
13.592	0.97612663395687	-0.11518758902351	376.73031366685	0
13.6	0.97509388160718	-0.12398504104009	376.73031366685	0
13.608	0.97398088856086	-0.1327774901472	376.73031366685	0
13.616	0.9727875593851	-0.14156446400754	376.73031366685	0
13.624	0.97151379367595	-0.15034548968894	376.73031366685	0
13.632	0.9701594859162	-0.15912009343567	376.73031366685	0
13.64	0.9687245253352	-0.16788780043228	376.73031366685	0
13.648	0.96720879577089	-0.17664813455982	376.73031366685	0
13.656	0.96561217553422	-0.18540061814426	376.73031366685	0
13.664	0.96393453727606	-0.19414477169688	376.73031366685	0
13.672	0.96217574785692	-0.20288011364649	376.73031366685	0
13.68	0.96033566821966	-0.21160616006342	376.73031366685	0
13.688	0.95841415326529	-0.22032242437486	376.73031366685	0
13.696	0.95641105173232	-0.22902841707164	376.73031366685	0
13.704	0.9543262060797	-0.23772364540605	376.73031366685	0
13.712	0.95215945237371	-0.2464076130807	376.73031366685	0
13.72	0.94991062017907	-0.25507981992807	376.73031366685	0
13.728	0.94757953245448	-0.26373976158072	376.73031366685	0
13.736	0.94516600545306	-0.27238692913188	376.73031366685	0
13.744	0.94266984862773	-0.28102080878626	376.73031366685	0
13.752	0.94009086454214	-0.28964088150094	376.73031366685	0
13.76	0.9374288487873	-0.29824662261607	376.73031366685	0
13.768	0.93468358990435	-0.3068375014753	376.73031366685	0
13.776	0.93185486931388	-0.31541298103569	376.73031366685	0
13.784	0.92894246125203	-0.32397251746697	376.73031366685	0
13.792	0.92594613271403	-0.33251555973992	376.73031366685	0
13.8	0.9228656434054	-0.34104154920374	376.73031366685	0
13.808	0.91970074570136	-0.34954991915226	376.73031366685	0
13.816	0.91645118461488	-0.35804009437879	376.73031366685	0
13.824	0.91311669777392	-0.36651149071941	376.73031366685	0
13.832	0.90969701540827	-0.37496351458469	376.73031366685	0
13.84	0.90619186034667	-0.38339556247954	376.73031366685	0
13.848	0.9026009480246	-0.39180702051114	376.73031366685	0
13.856	0.89892398650347	-0.40019726388479	376.73031366685	0
13.864	0.89516067650171	-0.40856565638758	376.73031366685	0
13.872	0.89131071143848	-0.41691154985975	376.73031366685	0
13.88	0.88737377749056	-0.42523428365364	376.73031366685	0
13.888	0.88334955366322	-0.43353318408023	376.73031366685	0
13.896	0.87923771187566	-0.441807563843	376.73031366685	0
13.904	0.87503791706185	-0.45005672145934	376.73031366685	0
13.912	0.87074982728753	-0.45827994066922	376.73031366685	0
13.92	0.86637309388409	-0.46647648983121	376.73031366685	0
13.928	0.8619073616003	-0.47464562130592	376.73031366685	0
13.936	0.85735226877259	-0.48278657082675	376.73031366685	0
13.944	0.85270744751487	-0.49089855685809	376.73031366685	0
13.952	0.84797252392887	-0.49898077994108	376.73031366685	0
13.96	0.84314711833576	-0.50703242202688	376.73031366685	0
13.968	0.83823084553024	-0.51505264579777	376.73031366685	0
13.976	0.83322331505805	-0.52304059397621	376.73031366685	0
13.984	0.8281241315179	-0.53099538862191	376.73031366685	0
13.992	0.82293289488901	-0.53891613041742	376.73031366685	0
14	0.81764920088531	-0.54680189794228	376.73031366685	0

Curvelabel          = SZmax(1),Zmax(1)_(8)
Filename            = ^cSZmax(1)Zmax(1).sig
Npoints             = 1001
Type                = 8
Subtype             = 16
Result type         = complex:none;impedance
View type           = Cartesian
Plot type           = Phase
Parameters          = {C_off=0.16; C_on_approx=1000; Cx=1000; Cy=0.16; L1=2.9; L_diode=0.45; Lpin=0.45; R1=2.5; R_off=10; R_on=1; Rx=1; Ry=10; S1=0.3; W1=6; W2=5.3; alpha1=60; antipad_d=0.8; bias_w=0.2; common_return_y=2; eps_bond=3.52; eps_f4bm=2.65; eps_fr4=4.4; fmax=14; fmin=6; h1=3; h2=0.5; hbond=0.1; p=15; phi=0; phi_inc=0; pin_inset=0.02; sigma_cu=5.8e+07; tand_bond=0.004; tand_f4bm=0.003; tand_fr4=0.02; tcu=0.035; theta=0; theta_inc=0; via_d=0.3}
Data/Title          = S-Parameters
X/Label             = Frequency
X/Unit              = GHz
Y/Unit              = 
Y/Logfactor         = 20
Plot/wrapHeuristics = 0

6	0.9212243462527	0.36626564854036	376.73031366685	0
6.008	0.92367050106505	0.360529388208	376.73031366685	0
6.016	0.92607498623425	0.35477366816433	376.73031366685	0
6.024	0.9284378292664	0.34899875632205	376.73031366685	0
6.032	0.93075905630591	0.34320491438362	376.73031366685	0
6.04	0.93303869198222	0.33739239800948	376.73031366685	0
6.048	0.93527675926345	0.33156145698666	376.73031366685	0
6.056	0.93747327931666	0.32571233539742	376.73031366685	0
6.064	0.93962827137467	0.31984527178783	376.73031366685	0
6.072	0.94174175260917	0.31396049933608	376.73031366685	0
6.08	0.94381373800997	0.30805824602051	376.73031366685	0
6.088	0.94584424027022	0.30213873478702	376.73031366685	0
6.096	0.94783326967739	0.29620218371589	376.73031366685	0
6.104	0.94978083400988	0.29024880618795	376.73031366685	0
6.112	0.95168693843901	0.28427881104974	376.73031366685	0
6.12	0.95355158543633	0.27829240277783	376.73031366685	0
6.128	0.95537477468593	0.27228978164211	376.73031366685	0
6.136	0.95715650300178	0.26627114386792	376.73031366685	0
6.144	0.9588967642497	0.26023668179708	376.73031366685	0
6.152	0.96059554927406	0.25418658404753	376.73031366685	0
6.16	0.9622528458288	0.24812103567183	376.73031366685	0
6.168	0.96386863851284	0.2420402183142	376.73031366685	0
6.176	0.96544290870952	0.23594431036614	376.73031366685	0
6.184	0.96697563453013	0.22983348712068	376.73031366685	0
6.192	0.96846679076126	0.22370792092514	376.73031366685	0
6.2	0.96991634881579	0.21756778133231	376.73031366685	0
6.208	0.97132427668755	0.21141323525014	376.73031366685	0
6.216	0.97269053890939	0.20524444708998	376.73031366685	0
6.224	0.97401509651454	0.19906157891302	376.73031366685	0
6.232	0.97529790700117	0.19286479057543	376.73031366685	0
6.24	0.97653892430003	0.18665423987166	376.73031366685	0
6.248	0.97773809874507	0.18043008267635	376.73031366685	0
6.256	0.97889537704683	0.17419247308454	376.73031366685	0
6.264	0.9800107022686	0.16794156355034	376.73031366685	0
6.272	0.98108401380529	0.16167750502401	376.73031366685	0
6.28	0.98211524736462	0.15540044708746	376.73031366685	0
6.288	0.98310433495095	0.14911053808822	376.73031366685	0
6.296	0.98405120485131	0.14280792527186	376.73031366685	0
6.304	0.98495578162372	0.13649275491287	376.73031366685	0
6.312	0.98581798608765	0.13016517244407	376.73031366685	0
6.32	0.98663773531655	0.12382532258444	376.73031366685	0
6.328	0.98741494263238	0.11747334946564	376.73031366685	0
6.336	0.98814951760203	0.11110939675696	376.73031366685	0
6.344	0.98884136603558	0.1047336077889	376.73031366685	0
6.352	0.98949038998635	0.098346125675423	376.73031366685	0
6.36	0.99009648775259	0.091947093434704	376.73031366685	0
6.368	0.99065955388089	0.085536654108725	376.73031366685	0
6.376	0.99117947917107	0.07911495088147	376.73031366685	0
6.384	0.99165615068268	0.07268212719585	376.73031366685	0
6.392	0.99208945174283	0.066238326869484	376.73031366685	0
6.4	0.99247926195558	0.059783694209146	376.73031366685	0
6.408	0.99282545721252	0.053318374124182	376.73031366685	0
6.416	0.99312790970482	0.046842512238734	376.73031366685	0
6.424	0.99338648793642	0.040356255002816	376.73031366685	0
6.432	0.99360105673849	0.033859749802452	376.73031366685	0
6.44	0.9937714772851	0.027353145068689	376.73031366685	0
6.448	0.99389760710998	0.020836590385664	376.73031366685	0
6.456	0.99397930012441	0.014310236597705	376.73031366685	0
6.464	0.99401640663625	0.0077742359155622	376.73031366685	0
6.472	0.99400877336992	0.0012287420216512	376.73031366685	0
6.48	0.99395624348751	-0.0053260898253895	376.73031366685	0
6.488	0.99385865661078	-0.01189010268708	376.73031366685	0
6.496	0.99371584884426	-0.018463137842203	376.73031366685	0
6.504	0.99352765279921	-0.02504503468462	376.73031366685	0
6.512	0.99329389761858	-0.031635630621781	376.73031366685	0
6.52	0.99301440900289	-0.038234760973944	376.73031366685	0
6.528	0.99268900923694	-0.044842258873957	376.73031366685	0
6.536	0.99231751721761	-0.051457955167668	376.73031366685	0
6.544	0.99189974848235	-0.058081678314889	376.73031366685	0
6.552	0.99143551523864	-0.064713254290827	376.73031366685	0
6.56	0.99092462639438	-0.071352506488045	376.73031366685	0
6.568	0.99036688758909	-0.077999255618879	376.73031366685	0
6.576	0.98976210122601	-0.084653319618236	376.73031366685	0
6.584	0.98911006650508	-0.09131451354674	376.73031366685	0
6.592	0.98841057945683	-0.097982649494353	376.73031366685	0
6.6	0.98766343297707	-0.10465753648413	376.73031366685	0
6.608	0.9868684168626	-0.11133898037645	376.73031366685	0
6.616	0.98602531784774	-0.11802678377329	376.73031366685	0
6.624	0.9851339196418	-0.12472074592295	376.73031366685	0
6.632	0.98419400296747	-0.13142066262475	376.73031366685	0
6.64	0.98320534560021	-0.13812632613402	376.73031366685	0
6.648	0.98216772240855	-0.14483752506718	376.73031366685	0
6.656	0.98108090539538	-0.15155404430694	376.73031366685	0
6.664	0.97994466374032	-0.15827566490756	376.73031366685	0
6.672	0.97875876384301	-0.16500216400015	376.73031366685	0
6.68	0.97752296936761	-0.17173331469801	376.73031366685	0
6.688	0.9762370412883	-0.17846888600199	376.73031366685	0
6.696	0.97490073793594	-0.18520864270576	376.73031366685	0
6.704	0.97351381504591	-0.19195234530113	376.73031366685	0
6.712	0.97207602580723	-0.1986997498832	376.73031366685	0
6.72	0.97058712091278	-0.20545060805552	376.73031366685	0
6.728	0.96904684861106	-0.21220466683508	376.73031366685	0
6.736	0.96745495475912	-0.21896166855718	376.73031366685	0
6.744	0.9658111828771	-0.22572135078026	376.73031366685	0
6.752	0.9641152742041	-0.23248344619046	376.73031366685	0
6.76	0.9623669677558	-0.2392476825061	376.73031366685	0
6.768	0.96056600038359	-0.24601378238205	376.73031366685	0
6.776	0.95871210683559	-0.25278146331385	376.73031366685	0
6.784	0.9568050198194	-0.25955043754173	376.73031366685	0
6.792	0.95484447006692	-0.26632041195454	376.73031366685	0
6.8	0.95283018640117	-0.27309108799351	376.73031366685	0
6.808	0.95076189580541	-0.27986216155592	376.73031366685	0
6.816	0.94863932349461	-0.28663332289879	376.73031366685	0
6.824	0.94646219298949	-0.29340425654248	376.73031366685	0
6.832	0.94423022619332	-0.30017464117447	376.73031366685	0
6.84	0.94194314347167	-0.30694414955327	376.73031366685	0
6.848	0.93960066373544	-0.31371244841258	376.73031366685	0
6.856	0.93720250452737	-0.3204791983659	376.73031366685	0
6.864	0.9347483821124	-0.32724405381185	376.73031366685	0
6.872	0.93223801157225	-0.33400666284019	376.73031366685	0
6.88	0.9296711069046	-0.34076666713917	376.73031366685	0
6.888	0.92704738112743	-0.34752370190426	376.73031366685	0
6.896	0.92436654638899	-0.35427739574902	376.73031366685	0
6.904	0.92162831408407	-0.36102737061857	376.73031366685	0
6.912	0.9188323949773	-0.36777324170638	376.73031366685	0
6.92	0.91597849933425	-0.37451461737554	376.73031366685	0
6.928	0.91306633706131	-0.38125109908557	376.73031366685	0
6.936	0.91009561785534	-0.38798228132641	376.73031366685	0
6.944	0.90706605136434	-0.39470775156168	376.73031366685	0
6.952	0.90397734736026	-0.40142709018368	376.73031366685	0
6.96	0.90082921592555	-0.40813987048354	376.73031366685	0
6.968	0.89762136765458	-0.41484565864073	376.73031366685	0
6.976	0.89435351387164	-0.42154401373743	376.73031366685	0
6.984	0.89102536686647	-0.42823448780498	376.73031366685	0
6.992	0.88763664014826	-0.43491662591139	376.73031366685	0
7	0.88418704871808	-0.44158996630194	376.73031366685	0
7.008	0.88067630935822	-0.44825404060809	376.73031366685	0
7.016	0.87710414093459	-0.45490837414457	376.73031366685	0
7.024	0.8734702647043	-0.46155248631975	376.73031366685	0
7.032	0.86977440461407	-0.46818589119186	376.73031366685	0
7.04	0.86601628756523	-0.47480809821135	376.73031366685	0
7.048	0.86219564360538	-0.48141861319964	376.73031366685	0
7.056	0.85831220598303	-0.48801693962431	376.73031366685	0
7.064	0.85436571096548	-0.49460258023866	376.73031366685	0
7.072	0.85035589726714	-0.50117503915631	376.73031366685	0
7.08	0.84628250485836	-0.50773382441886	376.73031366685	0
7.088	0.84214527281792	-0.51427845107277	376.73031366685	0
7.096	0.83794393575103	-0.52080844467265	376.73031366685	0
7.104	0.83367821812735	-0.52732334492842	376.73031366685	0
7.112	0.82934782573356	-0.53382270884902	376.73031366685	0
7.12	0.82495243337557	-0.54030611212199	376.73031366685	0
7.128	0.82049166820386	-0.54677314653934	376.73031366685	0
7.136	0.81596508892941	-0.55322341007006	376.73031366685	0
7.144	0.81137216326402	-0.55965648502803	376.73031366685	0
7.152	0.80671224963317	-0.56607189964385	376.73031366685	0
7.16	0.80198459434871	-0.57246907104125	376.73031366685	0
7.168	0.79718835983534	-0.57884723538559	376.73031366685	0
7.176	0.79232269802155	-0.58520538433528	376.73031366685	0
7.184	0.78738686905436	-0.59154224070069	376.73031366685	0
7.192	0.78238037812831	-0.5978563074518	376.73031366685	0
7.2	0.77730307632678	-0.60414599982565	376.73031366685	0
7.208	0.77215517083685	-0.61040982511195	376.73031366685	0
7.216	0.76693712891682	-0.61664653978454	376.73031366685	0
7.224	0.76164951562308	-0.62285522156295	376.73031366685	0
7.232	0.75629283454515	-0.62903524137567	376.73031366685	0
7.24	0.75086742498812	-0.63518616865778	376.73031366685	0
7.248	0.74537342934499	-0.64130766060261	376.73031366685	0
7.256	0.73981081292912	-0.64739937248246	376.73031366685	0
7.264	0.7341794087448	-0.65346090259446	376.73031366685	0
7.272	0.72847896550034	-0.65949176828757	376.73031366685	0
7.28	0.72270918749081	-0.66549140285966	376.73031366685	0
7.288	0.71686976308643	-0.67145916344482	376.73031366685	0
7.296	0.71096038289341	-0.67739434298073	376.73031366685	0
7.304	0.70498075014794	-0.68329618235368	376.73031366685	0
7.312	0.69893058590568	-0.68916388095422	376.73031366685	0
7.32	0.69280963104004	-0.69499660511933	376.73031366685	0
7.328	0.68661764644542	-0.70079349454654	376.73031366685	0
7.336	0.68035441233626	-0.7065536670015	376.73031366685	0
7.344	0.67401972717419	-0.71227622168811	376.73031366685	0
7.352	0.66761340652086	-0.71796024161401	376.73031366685	0
7.36	0.66113528196993	-0.72360479522272	376.73031366685	0
7.368	0.65458520022676	-0.72920893750091	376.73031366685	0
7.376	0.64796302235758	-0.73477171071553	376.73031366685	0
7.384	0.64126862320515	-0.74029214489313	376.73031366685	0
7.392	0.63450189095643	-0.74576925812186	376.73031366685	0
7.4	0.62766272684363	-0.75120205673308	376.73031366685	0
7.408	0.62075104495943	-0.7565895354027	376.73031366685	0
7.416	0.61376677216848	-0.76193067720017	376.73031366685	0
7.424	0.6067098480997	-0.76722445360487	376.73031366685	0
7.432	0.59958022520575	-0.77246982450336	376.73031366685	0
7.44	0.5923778688787	-0.77766573817696	376.73031366685	0
7.448	0.58510275761249	-0.78281113128619	376.73031366685	0
7.456	0.57775488320474	-0.78790492885647	376.73031366685	0
7.464	0.57033425099149	-0.79294604426833	376.73031366685	0
7.472	0.56284088011009	-0.7979333792541	376.73031366685	0
7.48	0.55527480378596	-0.80286582390253	376.73031366685	0
7.488	0.54763606964	-0.80774225667252	376.73031366685	0
7.496	0.53992474001371	-0.81256154441635	376.73031366685	0
7.504	0.53214089231017	-0.81732254241322	376.73031366685	0
7.512	0.52428461934859	-0.82202409441317	376.73031366685	0
7.52	0.51635602973134	-0.82666503269188	376.73031366685	0
7.528	0.50835524822189	-0.83124417811638	376.73031366685	0
7.536	0.50028241613278	-0.83576034022201	376.73031366685	0
7.544	0.49213769172273	-0.84021231730077	376.73031366685	0
7.552	0.48392125060198	-0.84459889650115	376.73031366685	0
7.56	0.47563328614541	-0.84891885393984	376.73031366685	0
7.568	0.46727400991273	-0.85317095482533	376.73031366685	0
7.576	0.45884365207531	-0.85735395359367	376.73031366685	0
7.584	0.45034246184908	-0.86146659405675	376.73031366685	0
7.592	0.44177070793324	-0.86550760956313	376.73031366685	0
7.6	0.43312867895427	-0.86947572317193	376.73031366685	0
7.608	0.4244166839149	-0.87336964783989	376.73031366685	0
7.616	0.4156350526477	-0.87718808662194	376.73031366685	0
7.624	0.40678413627295	-0.88092973288573	376.73031366685	0
7.632	0.39786430766039	-0.88459327054029	376.73031366685	0
7.64	0.38887596189459	-0.88817737427926	376.73031366685	0
7.648	0.37981951674352	-0.89168070983912	376.73031366685	0
7.656	0.37069541313003	-0.89510193427273	376.73031366685	0
7.664	0.36150411560579	-0.89843969623863	376.73031366685	0
7.672	0.35224611282742	-0.90169263630662	376.73031366685	0
7.68	0.34292191803435	-0.90485938727992	376.73031366685	0
7.688	0.33353206952803	-0.90793857453464	376.73031366685	0
7.696	0.32407713115204	-0.91092881637684	376.73031366685	0
7.704	0.31455769277272	-0.91382872441797	376.73031366685	0
7.712	0.30497437075971	-0.91663690396916	376.73031366685	0
7.72	0.29532780846614	-0.91935195445503	376.73031366685	0
7.728	0.28561867670763	-0.92197246984779	376.73031366685	0
7.736	0.27584767423987	-0.9244970391224	376.73031366685	0
7.744	0.26601552823391	-0.9269242467336	376.73031366685	0
7.752	0.25612299474869	-0.92925267311585	376.73031366685	0
7.76	0.24617085920008	-0.93148089520722	376.73031366685	0
7.768	0.23615993682563	-0.93360748699847	376.73031366685	0
7.776	0.22609107314433	-0.93563102010876	376.73031366685	0
7.784	0.21596514441045	-0.9375500643896	376.73031366685	0
7.792	0.20578305806047	-0.93936318855896	376.73031366685	0
7.8	0.19554575315213	-0.94106896086779	376.73031366685	0
7.808	0.18525420079426	-0.94266594980165	376.73031366685	0
7.816	0.17490940456627	-0.94415272482067	376.73031366685	0
7.824	0.16451240092557	-0.94552785714173	376.73031366685	0
7.832	0.15406425960126	-0.94678992056766	376.73031366685	0
7.84	0.14356608397214	-0.94793749236938	376.73031366685	0
7.848	0.13301901142644	-0.94896915422824	376.73031366685	0
7.856	0.12242421370056	-0.94988349324784	376.73031366685	0
7.864	0.11178289719329	-0.95067910304698	376.73031366685	0
7.872	0.10109630325124	-0.9513545849485	376.73031366685	0
7.88	0.090365708420065	-0.95190854928328	376.73031366685	0
7.888	0.079592424654874	-0.95233961683432	376.73031366685	0
7.896	0.06877779948104	-0.95264642045343	376.73031366685	0
7.904	0.057923216094121	-0.95282760689411	376.73031366685	0
7.912	0.047030093383969	-0.95288183891862	376.73031366685	0
7.92	0.036099885862837	-0.95280779775807	376.73031366685	0
7.928	0.025134083470074	-0.95260418603396	376.73031366685	0
7.936	0.014134211215233	-0.95226973129162	376.73031366685	0
7.944	0.0031018286057682	-0.9518031903583	376.73031366685	0
7.952	-0.0079614712181049	-0.95120335483089	376.73031366685	0
7.96	-0.01905406275481	-0.95046905813807	376.73031366685	0
7.968	-0.030174289988786	-0.94959918483835	376.73031366685	0
7.976	-0.041320469073855	-0.94859268315834	376.73031366685	0
7.984	-0.052490892260312	-0.9474485823318	376.73031366685	0
7.992	-0.063683833724214	-0.94616601722936	376.73031366685	0
8	-0.074897558395493	-0.94474426436967	376.73031366685	0
8.008	-0.086130335677425	-0.94318279626339	376.73031366685	0
8.016	-0.097380461460871	-0.9414813663667	376.73031366685	0
8.024	-0.10864629485244	-0.9396401473217	376.73031366685	0
8.032	-0.11992632242576	-0.937659966645	376.73031366685	0
8.04	-0.13121927734614	-0.93554273147759	376.73031366685	0
8.048	-0.14252437682988	-0.93329224769553	376.73031366685	0
8.056	-0.15384184144768	-0.93091594013493	376.73031366685	0
8.064	-0.16517417940774	-0.92842889161608	376.73031366685	0
8.072	-0.17652995966069	-0.92586490257884	376.73031366685	0
8.08	-0.18793822674854	-0.92331457500951	376.73031366685	0
8.088	-0.19953656996223	-0.92111947835789	376.73031366685	0
8.096	-0.21357320383645	-0.92237908255012	376.73031366685	0
8.104	-0.22140016964441	-0.90706203251772	376.73031366685	0
8.112	-0.2324968840609	-0.90684150366513	376.73031366685	0
8.12	-0.24382939818523	-0.90391048213093	376.73031366685	0
8.128	-0.25512155686546	-0.90039427697783	376.73031366685	0
8.136	-0.26638072223171	-0.89657189764947	376.73031366685	0
8.144	-0.27761116237591	-0.89252213833447	376.73031366685	0
8.152	-0.28881379423042	-0.8882755423762	376.73031366685	0
8.16	-0.29998790008958	-0.8838462480626	376.73031366685	0
8.168	-0.31113193526154	-0.87924157656304	376.73031366685	0
8.176	-0.32224390083799	-0.87446561615186	376.73031366685	0
8.184	-0.33332152716446	-0.8695207742126	376.73031366685	0
8.192	-0.34436237053001	-0.86440852553027	376.73031366685	0
8.2	-0.35536386738423	-0.85912980416324	376.73031366685	0
8.208	-0.36632336647354	-0.85368522265941	376.73031366685	0
8.216	-0.37723814887952	-0.84807520153003	376.73031366685	0
8.224	-0.38810544112457	-0.84230004930922	376.73031366685	0
8.232	-0.39892242415046	-0.83636001406182	376.73031366685	0
8.24	-0.40968623975978	-0.83025531770464	376.73031366685	0
8.248	-0.42039399545533	-0.8239861796103	376.73031366685	0
8.256	-0.43104276824568	-0.81755283331779	376.73031366685	0
8.264	-0.44162960777256	-0.8109555386862	376.73031366685	0
8.272	-0.45215153898792	-0.80419459096058	376.73031366685	0
8.28	-0.46260556453064	-0.79727032769785	376.73031366685	0
8.288	-0.47298866690323	-0.79018313417788	376.73031366685	0
8.296	-0.48329781051678	-0.78293344772099	376.73031366685	0
8.304	-0.49352994365167	-0.77552176120031	376.73031366685	0
8.312	-0.50368200036733	-0.76794862595026	376.73031366685	0
8.32	-0.51375090238446	-0.76021465421319	376.73031366685	0
8.328	-0.52373356095673	-0.75232052122586	376.73031366685	0
8.336	-0.53362687874391	-0.74426696701956	376.73031366685	0
8.344	-0.54342775169517	-0.73605479798745	376.73031366685	0
8.352	-0.55313307094865	-0.727684888259	376.73031366685	0
8.36	-0.56273972475162	-0.71915818091078	376.73031366685	0
8.368	-0.5722446004042	-0.71047568903562	376.73031366685	0
8.376	-0.58164458622845	-0.70163849668644	376.73031366685	0
8.384	-0.59093657356378	-0.69264775970721	376.73031366685	0
8.392	-0.60011745878924	-0.68350470646008	376.73031366685	0
8.4	-0.60918414537243	-0.67421063845561	376.73031366685	0
8.408	-0.6181335459444	-0.6647669308912	376.73031366685	0
8.416	-0.62696258439979	-0.65517503310147	376.73031366685	0
8.424	-0.63566819802086	-0.64543646892328	376.73031366685	0
8.432	-0.64424733962395	-0.63555283697725	376.73031366685	0
8.44	-0.65269697972681	-0.6255258108673	376.73031366685	0
8.448	-0.66101410873473	-0.61535713929873	376.73031366685	0
8.456	-0.66919573914356	-0.60504864611568	376.73031366685	0
8.464	-0.67723890775741	-0.59460223025799	376.73031366685	0
8.472	-0.68514067791862	-0.58401986563769	376.73031366685	0
8.48	-0.69289814174765	-0.5733036009349	376.73031366685	0
8.488	-0.70050842239019	-0.5624555593132	376.73031366685	0
8.496	-0.70796867626897	-0.55147793805415	376.73031366685	0
8.504	-0.71527609533741	-0.54037300811078	376.73031366685	0
8.512	-0.72242790933228	-0.52914311358004	376.73031366685	0
8.52	-0.72942138802248	-0.51779067109391	376.73031366685	0
8.528	-0.73625384345097	-0.50631816912914	376.73031366685	0
8.536	-0.74292263216679	-0.49472816723576	376.73031366685	0
8.544	-0.74942515744403	-0.48302329518425	376.73031366685	0
8.552	-0.75575887148475	-0.47120625203173	376.73031366685	0
8.56	-0.76192127760257	-0.45927980510736	376.73031366685	0
8.568	-0.76790993238378	-0.44724678891741	376.73031366685	0
8.576	-0.77372244782278	-0.43511010397054	376.73031366685	0
8.584	-0.77935649342859	-0.42287271552387	376.73031366685	0
8.592	-0.78480979829926	-0.41053765225078	376.73031366685	0
8.6	-0.79008015316096	-0.39810800483118	376.73031366685	0
8.608	-0.79516541236848	-0.38558692446549	376.73031366685	0
8.616	-0.80006349586403	-0.3729776213134	376.73031366685	0
8.624	-0.80477239109125	-0.36028336285879	376.73031366685	0
8.632	-0.80929015486114	-0.34750747220237	376.73031366685	0
8.64	-0.81361491516703	-0.33465332628356	376.73031366685	0
8.648	-0.81774487294551	-0.32172435403343	376.73031366685	0
8.656	-0.82167830378035	-0.3087240344606	376.73031366685	0
8.664	-0.82541355954656	-0.2956558946722	376.73031366685	0
8.672	-0.82894906999189	-0.28252350783191	376.73031366685	0
8.68	-0.83228334425282	-0.26933049105761	376.73031366685	0
8.688	-0.83541497230274	-0.25608050326092	376.73031366685	0
8.696	-0.83834262632952	-0.24277724293131	376.73031366685	0
8.704	-0.84106506204026	-0.22942444586732	376.73031366685	0
8.712	-0.84358111989084	-0.2160258828579	376.73031366685	0
8.72	-0.8458897262381	-0.20258535731658	376.73031366685	0
8.728	-0.84798989441268	-0.18910670287171	376.73031366685	0
8.736	-0.84988072571048	-0.17559378091562	376.73031366685	0
8.744	-0.85156141030112	-0.16205047811619	376.73031366685	0
8.752	-0.85303122805167	-0.14848070389393	376.73031366685	0
8.76	-0.85428954926418	-0.13488838786805	376.73031366685	0
8.768	-0.85533583532579	-0.12127747727491	376.73031366685	0
8.776	-0.85616963927006	-0.10765193436238	376.73031366685	0
8.784	-0.85679060624874	-0.094015733763726	376.73031366685	0
8.792	-0.85719847391291	-0.080372859854505	376.73031366685	0
8.8	-0.85739307270305	-0.066727304096275	376.73031366685	0
8.808	-0.85737432604725	-0.05308306237069	376.73031366685	0
8.816	-0.85714225046752	-0.039444132307704	376.73031366685	0
8.824	-0.85669695559379	-0.025814510611638	376.73031366685	0
8.832	-0.85603864408569	-0.012198190388784	376.73031366685	0
8.84	-0.85516761146234	0.0014008415197247	376.73031366685	0
8.848	-0.85408424584034	0.014978607196091	376.73031366685	0
8.856	-0.85278902758067	0.028531140291375	376.73031366685	0
8.864	-0.85128252884496	0.042054488654733	376.73031366685	0
8.872	-0.84956541306215	0.055544716942783	376.73031366685	0
8.88	-0.84763843430643	0.06899790920552	376.73031366685	0
8.888	-0.8455024365877	0.082410171445281	376.73031366685	0
8.896	-0.84315835305583	0.095777634145323	376.73031366685	0
8.904	-0.84060720512021	0.10909645476467	376.73031366685	0
8.912	-0.8378501014862	0.12236282019594	376.73031366685	0
8.92	-0.83488823711026	0.13557294918292	376.73031366685	0
8.928	-0.83172289207568	0.14872309469483	376.73031366685	0
8.936	-0.82835543039091	0.16180954625426	376.73031366685	0
8.944	-0.82478729871267	0.17482863221587	376.73031366685	0
8.952	-0.82102002499612	0.18777672199313	376.73031366685	0
8.96	-0.81705521707459	0.2006502282303	376.73031366685	0
8.968	-0.81289456117116	0.21344560891727	376.73031366685	0
8.976	-0.8085398203449	0.22615936944482	376.73031366685	0
8.984	-0.80399283287442	0.23878806459782	376.73031366685	0
8.992	-0.79925551058143	0.25132830048455	376.73031366685	0
9	-0.79432983709736	0.26377673639989	376.73031366685	0
9.008	-0.7892178660757	0.27613008662061	376.73031366685	0
9.016	-0.78392171935343	0.28838512213104	376.73031366685	0
9.024	-0.77844358506423	0.30053867227752	376.73031366685	0
9.032	-0.7727857157068	0.31258762635026	376.73031366685	0
9.04	-0.76695042617143	0.32452893509135	376.73031366685	0
9.048	-0.76094009172782	0.33635961212764	376.73031366685	0
9.056	-0.75475714597762	0.34807673532779	376.73031366685	0
9.064	-0.7484040787746	0.35967744808238	376.73031366685	0
9.072	-0.741883434116	0.3711589605067	376.73031366685	0
9.08	-0.73519780800794	0.38251855056542	376.73031366685	0
9.088	-0.72834984630846	0.39375356511897	376.73031366685	0
9.096	-0.72134224255112	0.4048614208913	376.73031366685	0
9.104	-0.71417773575247	0.415839605359	376.73031366685	0
9.112	-0.70685910820655	0.42668567756175	376.73031366685	0
9.12	-0.6993891832695	0.43739726883436	376.73031366685	0
9.128	-0.69177082313745	0.44797208346071	376.73031366685	0
9.136	-0.68400692662054	0.45840789925009	376.73031366685	0
9.144	-0.67610042691633	0.46870256803636	376.73031366685	0
9.152	-0.66805428938523	0.47885401610088	376.73031366685	0
9.16	-0.65987150933112	0.48886024451984	376.73031366685	0
9.168	-0.65155510978963	0.49871932943704	376.73031366685	0
9.176	-0.64310813932711	0.50842942226313	376.73031366685	0
9.184	-0.63453366985272	0.5179887498024	376.73031366685	0
9.192	-0.62583479444631	0.5273956143085	376.73031366685	0
9.2	-0.61701462520453	0.53664839347041	376.73031366685	0
9.208	-0.60807629110761	0.54574554032993	376.73031366685	0
9.216	-0.59902293590904	0.55468558313244	376.73031366685	0
9.224	-0.58985771605045	0.56346712511237	376.73031366685	0
9.232	-0.58058379860368	0.57208884421512	376.73031366685	0
9.24	-0.57120435924222	0.58054949275714	376.73031366685	0
9.248	-0.56172258024381	0.58884789702593	376.73031366685	0
9.256	-0.55214164852598	0.59698295682187	376.73031366685	0
9.264	-0.54246475371649	0.60495364494376	376.73031366685	0
9.272	-0.53269508625991	0.61275900662001	376.73031366685	0
9.28	-0.5228358355622	0.62039815888743	376.73031366685	0
9.288	-0.51289018817452	0.6278702899197	376.73031366685	0
9.296	-0.50286132601747	0.63517465830751	376.73031366685	0
9.304	-0.49275242464732	0.64231059229248	376.73031366685	0
9.312	-0.4825666515649	0.64927748895693	376.73031366685	0
9.32	-0.47230716456843	0.65607481337152	376.73031366685	0
9.328	-0.46197711015113	0.66270209770307	376.73031366685	0
9.336	-0.45157962194437	0.66915894028443	376.73031366685	0
9.344	-0.44111781920705	0.67544500464865	376.73031366685	0
9.352	-0.4305948053619	0.68156001852959	376.73031366685	0
9.36	-0.42001366657916	0.68750377283087	376.73031366685	0
9.368	-0.40937747040806	0.69327612056552	376.73031366685	0
9.376	-0.39868926445646	0.69887697576813	376.73031366685	0
9.384	-0.3879520751189	0.70430631238172	376.73031366685	0
9.392	-0.37716890635322	0.70956416312128	376.73031366685	0
9.4	-0.36634273850578	0.71465061831601	376.73031366685	0
9.408	-0.35547652718546	0.71956582473212	376.73031366685	0
9.416	-0.34457320218608	0.72430998437828	376.73031366685	0
9.424	-0.33363566645749	0.72888335329549	376.73031366685	0
9.432	-0.32266679512464	0.7332862403333	376.73031366685	0
9.44	-0.31166943455486	0.7375190059141	376.73031366685	0
9.448	-0.30064640147258	0.74158206078738	376.73031366685	0
9.456	-0.28960048212135	0.74547586477559	376.73031366685	0
9.464	-0.27853443147261	0.74920092551333	376.73031366685	0
9.472	-0.26745097248066	0.75275779718148	376.73031366685	0
9.48	-0.25635279538335	0.75614707923789	376.73031366685	0
9.488	-0.24524255704782	0.75936941514613	376.73031366685	0
9.496	-0.23412288036062	0.76242549110378	376.73031366685	0
9.504	-0.22299635366156	0.76531603477179	376.73031366685	0
9.512	-0.21186553022047	0.76804181400615	376.73031366685	0
9.52	-0.2007329277562	0.77060363559327	376.73031366685	0
9.528	-0.18960102799695	0.77300234399041	376.73031366685	0
9.536	-0.17847227628113	0.77523882007224	376.73031366685	0
9.544	-0.16734908119792	0.7773139798848	376.73031366685	0
9.552	-0.15623381426651	0.77922877340803	376.73031366685	0
9.56	-0.14512880965329	0.78098418332769	376.73031366685	0
9.568	-0.13403636392588	0.78258122381805	376.73031366685	0
9.576	-0.12295873584314	0.78402093933591	376.73031366685	0
9.584	-0.11189814618023	0.78530440342722	376.73031366685	0
9.592	-0.10085677758757	0.78643271754681	376.73031366685	0
9.6	-0.089836774482905	0.78740700989241	376.73031366685	0
9.608	-0.078840242975405	0.78822843425331	376.73031366685	0
9.616	-0.067869250820732	0.78889816887467	376.73031366685	0
9.624	-0.056925827406152	0.78941741533804	376.73031366685	0
9.632	-0.046011963764659	0.78978739745866	376.73031366685	0
9.64	-0.03512961261707	0.79000936020007	376.73031366685	0
9.648	-0.024280688441147	0.79008456860674	376.73031366685	0
9.656	-0.013467067566659	0.79001430675492	376.73031366685	0
9.664	-0.0026905882954771	0.78979987672238	376.73031366685	0
9.672	0.0080469489543798	0.7894425975773	376.73031366685	0
9.68	0.018743781481647	0.78894380438661	376.73031366685	0
9.688	0.029398184112722	0.78830484724428	376.73031366685	0
9.696	0.040008468991464	0.78752709031966	376.73031366685	0
9.704	0.050572985348912	0.78661191092609	376.73031366685	0
9.712	0.061090119253794	0.78556069861017	376.73031366685	0
9.72	0.071558293344818	0.78437485426159	376.73031366685	0
9.728	0.081975966545595	0.78305578924392	376.73031366685	0
9.736	0.092341633763156	0.7816049245462	376.73031366685	0
9.744	0.10265382557087	0.78002368995561	376.73031366685	0
9.752	0.11291110787672	0.77831352325117	376.73031366685	0
9.76	0.12311208157768	0.77647586941837	376.73031366685	0
9.768	0.13325538220111	0.77451217988503	376.73031366685	0
9.776	0.14333967953391	0.77242391177797	376.73031366685	0
9.784	0.1533636772403	0.7702125272007	376.73031366685	0
9.792	0.16332611246894	0.76787949253194	376.73031366685	0
9.8	0.17322575545015	0.76542627774486	376.73031366685	0
9.808	0.18306140908396	0.76285435574693	376.73031366685	0
9.816	0.19283190851976	0.76016520174023	376.73031366685	0
9.824	0.20253612072819	0.7573602926021	376.73031366685	0
9.832	0.21217294406594	0.7544411062858	376.73031366685	0
9.84	0.22174130783408	0.75140912124121	376.73031366685	0
9.848	0.23124017183075	0.74826581585512	376.73031366685	0
9.856	0.24066852589849	0.74501266791111	376.73031366685	0
9.864	0.25002538946713	0.7416511540686	376.73031366685	0
9.872	0.25930981109256	0.73818274936089	376.73031366685	0
9.88	0.26852086799216	0.73460892671198	376.73031366685	0
9.888	0.27765766557716	0.73093115647178	376.73031366685	0
9.896	0.28671933698272	0.72715090596961	376.73031366685	0
9.904	0.29570504259602	0.72326963908548	376.73031366685	0
9.912	0.30461396958292	0.71928881583904	376.73031366685	0
9.92	0.31344533141361	0.7152098919958	376.73031366685	0
9.928	0.32219836738779	0.71103431869037	376.73031366685	0
9.936	0.33087234215958	0.70676354206636	376.73031366685	0
9.944	0.33946654526285	0.70239900293265	376.73031366685	0
9.952	0.34798029063711	0.69794213643571	376.73031366685	0
9.96	0.35641291615441	0.69339437174768	376.73031366685	0
9.968	0.36476378314767	0.68875713176974	376.73031366685	0
9.976	0.37303227594069	0.68403183285071	376.73031366685	0
9.984	0.3812178013801	0.67921988452026	376.73031366685	0
9.992	0.38931978836978	0.67432268923664	376.73031366685	0
10	0.3973376874077	0.66934164214841	376.73031366685	0
10.008	0.40527097012581	0.66427813086999	376.73031366685	0
10.016	0.41311912883289	0.65913353527066	376.73031366685	0
10.024	0.4208816760609	0.65390922727657	376.73031366685	0
10.032	0.42855814411488	0.64860657068568	376.73031366685	0
10.04	0.43614808462659	0.643226920995	376.73031366685	0
10.048	0.44365106811228	0.63777162524007	376.73031366685	0
10.056	0.45106668353459	0.63224202184628	376.73031366685	0
10.064	0.45839453786879	0.62663944049158	376.73031366685	0
10.072	0.46563425567363	0.62096520198049	376.73031366685	0
10.08	0.47278547866687	0.61522061812896	376.73031366685	0
10.088	0.47984786530553	0.60940699165977	376.73031366685	0
10.096	0.48682109037128	0.60352561610827	376.73031366685	0
10.104	0.49370484456078	0.59757777573805	376.73031366685	0
10.112	0.50049883408125	0.5915647454663	376.73031366685	0
10.12	0.50720278025131	0.5854877907986	376.73031366685	0
10.128	0.51381641910729	0.57934816777279	376.73031366685	0
10.136	0.5203395010149	0.57314712291168	376.73031366685	0
10.144	0.5267717902865	0.56688589318432	376.73031366685	0
10.152	0.53311306480397	0.56056570597553	376.73031366685	0
10.16	0.53936311564725	0.55418777906352	376.73031366685	0
10.168	0.5455217467286	0.54775332060518	376.73031366685	0
10.176	0.5515887744326	0.54126352912896	376.73031366685	0
10.184	0.55756402726202	0.53471959353497	376.73031366685	0
10.192	0.56344734548942	0.52812269310204	376.73031366685	0
10.2	0.5692385808147	0.5214739975017	376.73031366685	0
10.208	0.57493759602847	0.51477466681849	376.73031366685	0
10.216	0.58054426468137	0.50802585157682	376.73031366685	0
10.224	0.5860584707592	0.50122869277369	376.73031366685	0
10.232	0.59148010836405	0.49438432191745	376.73031366685	0
10.24	0.59680908140127	0.48749386107211	376.73031366685	0
10.248	0.60204530327236	0.48055842290718	376.73031366685	0
10.256	0.60718869657374	0.47357911075268	376.73031366685	0
10.264	0.61223919280142	0.46655701865926	376.73031366685	0
10.272	0.61719673206148	0.45949323146315	376.73031366685	0
10.28	0.62206126278643	0.45238882485582	376.73031366685	0
10.288	0.62683274145736	0.44524486545805	376.73031366685	0
10.296	0.63151113233187	0.43806241089843	376.73031366685	0
10.304	0.6360964071778	0.43084250989589	376.73031366685	0
10.312	0.64058854501262	0.42358620234631	376.73031366685	0
10.32	0.64498753184855	0.41629451941288	376.73031366685	0
10.328	0.64929336044336	0.40896848362013	376.73031366685	0
10.336	0.65350603005669	0.4016091089515	376.73031366685	0
10.344	0.65762554621207	0.39421740095026	376.73031366685	0
10.352	0.66165192046435	0.38679435682364	376.73031366685	0
10.36	0.66558517017272	0.37934096555002	376.73031366685	0
10.368	0.6694253182791	0.37185820798915	376.73031366685	0
10.376	0.67317239309199	0.36434705699512	376.73031366685	0
10.384	0.67682642807558	0.35680847753201	376.73031366685	0
10.392	0.68038746164429	0.34924342679223	376.73031366685	0
10.4	0.68385553696242	0.34165285431719	376.73031366685	0
10.408	0.68723070174916	0.33403770212037	376.73031366685	0
10.416	0.69051300808858	0.3263989048127	376.73031366685	0
10.424	0.6937025122449	0.31873738972993	376.73031366685	0
10.432	0.69679927448265	0.31105407706219	376.73031366685	0
10.44	0.69980335889197	0.30334987998538	376.73031366685	0
10.448	0.70271483321879	0.2956257047945	376.73031366685	0
10.456	0.7055337686999	0.28788245103861	376.73031366685	0
10.464	0.70826023990292	0.28012101165763	376.73031366685	0
10.472	0.71089432457105	0.2723422731206	376.73031366685	0
10.48	0.71343610347254	0.2645471155655	376.73031366685	0
10.488	0.71588566025491	0.25673641294051	376.73031366685	0
10.496	0.71824308130381	0.24891103314662	376.73031366685	0
10.504	0.72050845560644	0.24107183818157	376.73031366685	0
10.512	0.7226818746196	0.23321968428496	376.73031366685	0
10.52	0.72476343214219	0.22535542208455	376.73031366685	0
10.528	0.72675322419221	0.21747989674369	376.73031366685	0
10.536	0.72865134888815	0.20959394810976	376.73031366685	0
10.544	0.73045790633475	0.20169841086361	376.73031366685	0
10.552	0.73217299851317	0.19379411466994	376.73031366685	0
10.56	0.73379672917531	0.18588188432855	376.73031366685	0
10.568	0.7353292037425	0.17796253992644	376.73031366685	0
10.576	0.73677052920834	0.1700368969907	376.73031366685	0
10.584	0.73812081404573	0.16210576664215	376.73031366685	0
10.592	0.73938016811799	0.15416995574966	376.73031366685	0
10.6	0.74054870259412	0.14623026708518	376.73031366685	0
10.608	0.74162652986812	0.13828749947934	376.73031366685	0
10.616	0.74261376348229	0.13034244797771	376.73031366685	0
10.624	0.74351051805458	0.12239590399752	376.73031366685	0
10.632	0.74431690920988	0.11444865548505	376.73031366685	0
10.64	0.74503305351521	0.10650148707333	376.73031366685	0
10.648	0.74565906841888	0.098555180240481	376.73031366685	0
10.656	0.7461950721935	0.090610513468375	376.73031366685	0
10.664	0.74664118388285	0.08266826240175	376.73031366685	0
10.672	0.74699752325256	0.074729200007717	376.73031366685	0
10.68	0.74726421074464	0.066794096735608	376.73031366685	0
10.688	0.74744136743581	0.058863720677172	376.73031366685	0
10.696	0.74752911499956	0.050938837727096	376.73031366685	0
10.704	0.747527575672	0.043020211743817	376.73031366685	0
10.712	0.74743687222147	0.035108604710611	376.73031366685	0
10.72	0.74725712792185	0.02720477689694	376.73031366685	0
10.728	0.74698846652963	0.019309487020047	376.73031366685	0
10.736	0.74663101226467	0.011423492406777	376.73031366685	0
10.744	0.74618488979468	0.0035475491555984	376.73031366685	0
10.752	0.74565022422338	-0.0043175877011839	376.73031366685	0
10.76	0.74502714108244	-0.012171164035028	376.73031366685	0
10.768	0.74431576632699	-0.020012426458594	376.73031366685	0
10.776	0.74351622633497	-0.027840622163043	376.73031366685	0
10.784	0.7426286479101	-0.035654998755201	376.73031366685	0
10.792	0.74165315828854	-0.043454804094592	376.73031366685	0
10.8	0.7405898851494	-0.051239286130373	376.73031366685	0
10.808	0.73943895662878	-0.059007692738177	376.73031366685	0
10.816	0.73820050133774	-0.066759271556881	376.73031366685	0
10.824	0.73687464838389	-0.074493269825298	376.73031366685	0
10.832	0.73546152739679	-0.082208934218825	376.73031366685	0
10.84	0.73396126855715	-0.089905510686053	376.73031366685	0
10.848	0.73237400262983	-0.097582244285365	376.73031366685	0
10.856	0.73069986100062	-0.10523837902151	376.73031366685	0
10.864	0.72893897571693	-0.1128731576822	376.73031366685	0
10.872	0.72709147953232	-0.12048582167472	376.73031366685	0
10.88	0.72515750595495	-0.12807561086258	376.73031366685	0
10.888	0.72313718929993	-0.13564176340227	376.73031366685	0
10.896	0.72103066474573	-0.14318351557999	376.73031366685	0
10.904	0.71883806839444	-0.15070010164862	376.73031366685	0
10.912	0.71655953733622	-0.15819075366465	376.73031366685	0
10.92	0.71419520971775	-0.16565470132539	376.73031366685	0
10.928	0.71174522481478	-0.17309117180624	376.73031366685	0
10.936	0.70920972310893	-0.18049938959822	376.73031366685	0
10.944	0.70658884636859	-0.18787857634563	376.73031366685	0
10.952	0.70388273773419	-0.19522795068405	376.73031366685	0
10.96	0.70109154180767	-0.20254672807848	376.73031366685	0
10.968	0.6982154047464	-0.20983412066192	376.73031366685	0
10.976	0.69525447436147	-0.21708933707414	376.73031366685	0
10.984	0.69220890022044	-0.22431158230092	376.73031366685	0
10.992	0.68907883375467	-0.23150005751363	376.73031366685	0
11	0.68586442837124	-0.23865395990922	376.73031366685	0
11.008	0.68256583956944	-0.24577248255082	376.73031366685	0
11.016	0.67918322506213	-0.25285481420868	376.73031366685	0
11.024	0.67571674490176	-0.25990013920181	376.73031366685	0
11.032	0.67216656161134	-0.26690763724014	376.73031366685	0
11.04	0.6685328403203	-0.27387648326745	376.73031366685	0
11.048	0.66481574890539	-0.28080584730492	376.73031366685	0
11.056	0.66101545813666	-0.28769489429549	376.73031366685	0
11.064	0.65713214182858	-0.29454278394905	376.73031366685	0
11.072	0.65316597699648	-0.30134867058857	376.73031366685	0
11.08	0.64911714401821	-0.3081117029971	376.73031366685	0
11.088	0.64498582680136	-0.3148310242659	376.73031366685	0
11.096	0.64077221295587	-0.32150577164364	376.73031366685	0
11.104	0.63647649397226	-0.32813507638677	376.73031366685	0
11.112	0.63209886540562	-0.33471806361118	376.73031366685	0
11.12	0.62763952706525	-0.3412538521452	376.73031366685	0
11.128	0.62309868321032	-0.3477415543841	376.73031366685	0
11.136	0.61847654275139	-0.35418027614605	376.73031366685	0
11.144	0.61377331945801	-0.36056911652977	376.73031366685	0
11.152	0.6089892321726	-0.36690716777392	376.73031366685	0
11.16	0.60412450503045	-0.37319351511837	376.73031366685	0
11.168	0.59917936768617	-0.37942723666741	376.73031366685	0
11.176	0.59415405554666	-0.38560740325506	376.73031366685	0
11.184	0.58904881001058	-0.39173307831262	376.73031366685	0
11.192	0.58386387871454	-0.39780331773858	376.73031366685	0
11.2	0.57859951578612	-0.40381716977102	376.73031366685	0
11.208	0.57325598210378	-0.4097736748626	376.73031366685	0
11.216	0.56783354556375	-0.41567186555847	376.73031366685	0
11.224	0.5623324813541	-0.42151076637699	376.73031366685	0
11.232	0.55675307223603	-0.42728939369364	376.73031366685	0
11.24	0.55109560883249	-0.43300675562825	376.73031366685	0
11.248	0.54536038992425	-0.43866185193566	376.73031366685	0
11.256	0.53954772275363	-0.44425367390004	376.73031366685	0
11.264	0.53365792333577	-0.44978120423308	376.73031366685	0
11.272	0.5276913167778	-0.45524341697628	376.73031366685	0
11.28	0.52164823760588	-0.46063927740745	376.73031366685	0
11.288	0.51552903010021	-0.46596774195177	376.73031366685	0
11.296	0.50933404863824	-0.47122775809755	376.73031366685	0
11.304	0.50306365804599	-0.47641826431699	376.73031366685	0
11.312	0.49671823395783	-0.4815381899921	376.73031366685	0
11.32	0.49029816318456	-0.48658645534619	376.73031366685	0
11.328	0.4838038440901	-0.49156197138104	376.73031366685	0
11.336	0.47723568697682	-0.49646363982014	376.73031366685	0
11.344	0.47059411447949	-0.50129035305822	376.73031366685	0
11.352	0.46387956196819	-0.50604099411745	376.73031366685	0
11.36	0.45709247795997	-0.51071443661051	376.73031366685	0
11.368	0.45023332453961	-0.515309544711	376.73031366685	0
11.376	0.44330257778938	-0.51982517313135	376.73031366685	0
11.384	0.43630072822797	-0.52426016710875	376.73031366685	0
11.392	0.42922828125856	-0.52861336239933	376.73031366685	0
11.4	0.42208575762625	-0.53288358528105	376.73031366685	0
11.408	0.41487369388477	-0.53706965256559	376.73031366685	0
11.416	0.4075926428725	-0.54117037161973	376.73031366685	0
11.424	0.400243174198	-0.54518454039662	376.73031366685	0
11.432	0.39282587473491	-0.54911094747721	376.73031366685	0
11.44	0.38534134912636	-0.55294837212256	376.73031366685	0
11.448	0.37779022029884	-0.55669558433717	376.73031366685	0
11.456	0.37017312998557	-0.56035134494406	376.73031366685	0
11.464	0.36249073925929	-0.56391440567185	376.73031366685	0
11.472	0.35474372907462	-0.56738350925453	376.73031366685	0
11.48	0.34693280081974	-0.57075738954426	376.73031366685	0
11.488	0.3390586768775	-0.57403477163782	376.73031366685	0
11.496	0.33112210119587	-0.57721437201724	376.73031366685	0
11.504	0.32312383986758	-0.58029489870509	376.73031366685	0
11.512	0.31506468171899	-0.58327505143507	376.73031366685	0
11.52	0.306945438908	-0.58615352183839	376.73031366685	0
11.528	0.29876694753081	-0.58892899364667	376.73031366685	0
11.536	0.29053006823758	-0.59160014291179	376.73031366685	0
11.544	0.28223568685666	-0.59416563824345	376.73031366685	0
11.552	0.27388471502724	-0.59662414106502	376.73031366685	0
11.56	0.26547809084023	-0.59897430588831	376.73031366685	0
11.568	0.25701677948725	-0.60121478060797	376.73031366685	0
11.576	0.24850177391718	-0.60334420681613	376.73031366685	0
11.584	0.23993409550037	-0.60536122013805	376.73031366685	0
11.592	0.23131479469984	-0.60726445058941	376.73031366685	0
11.6	0.22264495174949	-0.609052522956	376.73031366685	0
11.608	0.21392567733859	-0.6107240571965	376.73031366685	0
11.616	0.20515811330247	-0.6122776688691	376.73031366685	0
11.624	0.19634343331878	-0.61371196958277	376.73031366685	0
11.632	0.18748284360899	-0.61502556747378	376.73031366685	0
11.64	0.17857758364446	-0.61621706770845	376.73031366685	0
11.648	0.16962892685682	-0.6172850730127	376.73031366685	0
11.656	0.16063818135176	-0.61822818422932	376.73031366685	0
11.664	0.15160669062592	-0.61904500090375	376.73031366685	0
11.672	0.14253583428604	-0.61973412189903	376.73031366685	0
11.68	0.13342702876967	-0.62029414604089	376.73031366685	0
11.688	0.12428172806689	-0.62072367279366	376.73031366685	0
11.696	0.11510142444203	-0.6210213029679	376.73031366685	0
11.704	0.10588764915468	-0.62118563946047	376.73031366685	0
11.712	0.096641973179067	-0.62121528802788	376.73031366685	0
11.72	0.087366007920929	-0.62110885809373	376.73031366685	0
11.728	0.078061405930799	-0.62086496359103	376.73031366685	0
11.736	0.068729861612756	-0.62048222384018	376.73031366685	0
11.744	0.059373111927499	-0.61995926446336	376.73031366685	0
11.752	0.049992937088598	-0.61929471833618	376.73031366685	0
11.76	0.040591161250745	-0.61848722657725	376.73031366685	0
11.768	0.031169653188709	-0.61753543957645	376.73031366685	0
11.776	0.02173032696567	-0.61643801806266	376.73031366685	0
11.784	0.012275142589553	-0.61519363421148	376.73031366685	0
11.792	0.0028061066559005	-0.61380097279391	376.73031366685	0
11.8	-0.0066747270242173	-0.61225873236626	376.73031366685	0
11.808	-0.01616525681287	-0.61056562650222	376.73031366685	0
11.816	-0.02566333265214	-0.60872038506747	376.73031366685	0
11.824	-0.035166755490914	-0.60672175553746	376.73031366685	0
11.832	-0.044673276733385	-0.6045685043588	376.73031366685	0
11.84	-0.054180597711131	-0.60225941835472	376.73031366685	0
11.848	-0.063686369180681	-0.59979330617505	376.73031366685	0
11.856	-0.073188190848551	-0.59716899979094	376.73031366685	0
11.864	-0.082683610925824	-0.59438535603474	376.73031366685	0
11.872	-0.092170125714416	-0.59144125818516	376.73031366685	0
11.88	-0.1016451792272	-0.58833561759786	376.73031366685	0
11.888	-0.11110616284428	-0.58506737538159	376.73031366685	0
11.896	-0.12055041500774	-0.58163550411986	376.73031366685	0
11.904	-0.12997522095724	-0.57803900963799	376.73031366685	0
11.912	-0.13937781250902	-0.57427693281546	376.73031366685	0
11.92	-0.14875536788072	-0.57034835144313	376.73031366685	0
11.928	-0.15810501156469	-0.56625238212516	376.73031366685	0
11.936	-0.16742381425239	-0.56198818222494	376.73031366685	0
11.944	-0.1767087928127	-0.55755495185447	376.73031366685	0
11.952	-0.18595691032667	-0.55295193590664	376.73031366685	0
11.96	-0.19516507618176	-0.54817842612934	376.73031366685	0
11.968	-0.20433014622834	-0.54323376324048	376.73031366685	0
11.976	-0.21344892300127	-0.53811733908297	376.73031366685	0
11.984	-0.22251815600961	-0.53282859881811	376.73031366685	0
11.992	-0.23153454209735	-0.52736704315628	376.73031366685	0
12	-0.24049472587817	-0.52173223062311	376.73031366685	0
12.008	-0.24939530024732	-0.51592377985961	376.73031366685	0
12.016	-0.25823280697349	-0.50994137195419	376.73031366685	0
12.024	-0.26700373737379	-0.50378475280468	376.73031366685	0
12.032	-0.27570453307498	-0.49745373550788	376.73031366685	0
12.04	-0.28433158686372	-0.49094820277447	376.73031366685	0
12.048	-0.29288124362905	-0.4842681093664	376.73031366685	0
12.056	-0.30134980139998	-0.47741348455417	376.73031366685	0
12.064	-0.30973351248117	-0.4703844345908	376.73031366685	0
12.072	-0.31802858468952	-0.46318114519942	376.73031366685	0
12.08	-0.32623118269457	-0.45580388407092	376.73031366685	0
12.088	-0.33433742946541	-0.44825300336816	376.73031366685	0
12.096	-0.34234340782678	-0.44052894223279	376.73031366685	0
12.104	-0.35024516212699	-0.43263222929068	376.73031366685	0
12.112	-0.35803870002004	-0.42456348515159	376.73031366685	0
12.12	-0.36571999436428	-0.41632342489877	376.73031366685	0
12.128	-0.37328498523995	-0.40791286056354	376.73031366685	0
12.136	-0.38072958208745	-0.3993327035801	376.73031366685	0
12.144	-0.38804966596836	-0.39058396721536	376.73031366685	0
12.152	-0.3952410919509	-0.38166776896842	376.73031366685	0
12.16	-0.40229969162123	-0.37258533293417	376.73031366685	0
12.168	-0.40922127572198	-0.36333799212518	376.73031366685	0
12.176	-0.41600163691903	-0.353927190746	376.73031366685	0
12.184	-0.4226365526973	-0.34435448641362	376.73031366685	0
12.192	-0.42912178838617	-0.33462155231778	376.73031366685	0
12.2	-0.43545310031466	-0.32473017931459	376.73031366685	0
12.208	-0.4416262390965	-0.31468227794679	376.73031366685	0
12.216	-0.44763695304457	-0.30447988038381	376.73031366685	0
12.224	-0.45348099171406	-0.29412514227455	376.73031366685	0
12.232	-0.45915410957341	-0.28362034450594	376.73031366685	0
12.24	-0.4646520698015	-0.27296789485981	376.73031366685	0
12.248	-0.46997064820934	-0.26217032956105	376.73031366685	0
12.256	-0.47510563728413	-0.25123031470931	376.73031366685	0
12.264	-0.48005285035304	-0.24015064758711	376.73031366685	0
12.272	-0.4848081258638	-0.22893425783659	376.73031366685	0
12.28	-0.48936733177847	-0.21758420849762	376.73031366685	0
12.288	-0.49372637007673	-0.20610369689957	376.73031366685	0
12.296	-0.49788118136423	-0.19449605539943	376.73031366685	0
12.304	-0.50182774958113	-0.18276475195875	376.73031366685	0
12.312	-0.50556210680576	-0.17091339055222	376.73031366685	0
12.32	-0.50908033814735	-0.15894571140052	376.73031366685	0
12.328	-0.51237858672193	-0.14686559102057	376.73031366685	0
12.336	-0.51545305870443	-0.13467704208613	376.73031366685	0
12.344	-0.51830002844983	-0.12238421309228	376.73031366685	0
12.352	-0.52091584367577	-0.10999138781718	376.73031366685	0
12.36	-0.52329693069841	-0.097502984575054	376.73031366685	0
12.368	-0.52543979971281	-0.084923555254569	376.73031366685	0
12.376	-0.52734105010891	-0.072257784137109	376.73031366685	0
12.384	-0.52899737581339	-0.059510486489794	376.73031366685	0
12.392	-0.53040557064759	-0.046686606928607	376.73031366685	0
12.4	-0.53156253369088	-0.033791217547319	376.73031366685	0
12.408	-0.53246527463885	-0.020829515808495	376.73031366685	0
12.416	-0.533110919145	-0.0078068221932796	376.73031366685	0
12.424	-0.53349671413445	0.0052714223927449	376.73031366685	0
12.432	-0.53362003307767	0.018399659459708	376.73031366685	0
12.44	-0.53347838121218	0.031572216021191	376.73031366685	0
12.448	-0.53306940069963	0.044783307930411	376.73031366685	0
12.456	-0.53239087570559	0.058027043465079	376.73031366685	0
12.464	-0.5314407373892	0.071297427160427	376.73031366685	0
12.472	-0.5302170687895	0.084588363889247	376.73031366685	0
12.48	-0.52871810959541	0.097893663187004	376.73031366685	0
12.488	-0.52694226078591	0.11120704381934	376.73031366685	0
12.496	-0.52488808912733	0.12452213858851	376.73031366685	0
12.504	-0.52255433151435	0.13783249937449	376.73031366685	0
12.512	-0.51993989914152	0.15113160240577	376.73031366685	0
12.52	-0.51704388149225	0.164412853754	376.73031366685	0
12.528	-0.51386555013243	0.17766959504574	376.73031366685	0
12.536	-0.51040436229582	0.19089510938398	376.73031366685	0
12.544	-0.50665996424896	0.20408262747124	376.73031366685	0
12.552	-0.50263219442348	0.21722533392496	376.73031366685	0
12.56	-0.49832108630407	0.23031637377567	376.73031366685	0
12.568	-0.49372687106105	0.24334885913713	376.73031366685	0
12.576	-0.48884997991649	0.25631587603727	376.73031366685	0
12.584	-0.48369104623404	0.26921049139777	376.73031366685	0
12.592	-0.47825090732257	0.28202576014959	376.73031366685	0
12.6	-0.47253060594491	0.29475473247109	376.73031366685	0
12.608	-0.46653139152326	0.3073904611347	376.73031366685	0
12.616	-0.46025472103398	0.31992600894745	376.73031366685	0
12.624	-0.45370225958482	0.33235445627048	376.73031366685	0
12.632	-0.44687588066892	0.3446689086015	376.73031366685	0
12.64	-0.43977766609048	0.35686250420459	376.73031366685	0
12.648	-0.43240990555802	0.36892842177047	376.73031366685	0
12.656	-0.42477509594207	0.38085988809078	376.73031366685	0
12.664	-0.41687594019505	0.39265018572913	376.73031366685	0
12.672	-0.40871534593226	0.40429266067164	376.73031366685	0
12.68	-0.40029642367355	0.41578072993979	376.73031366685	0
12.688	-0.39162248474668	0.42710788914778	376.73031366685	0
12.696	-0.38269703885411	0.43826771998715	376.73031366685	0
12.704	-0.37352379130603	0.4492538976211	376.73031366685	0
12.712	-0.36410663992368	0.4600601979712	376.73031366685	0
12.72	-0.35444967161768	0.47068050487943	376.73031366685	0
12.728	-0.34455715864747	0.48110881712857	376.73031366685	0
12.736	-0.33443355456869	0.4913392553045	376.73031366685	0
12.744	-0.32408348987644	0.50136606848416	376.73031366685	0
12.752	-0.31351176735327	0.51118364073368	376.73031366685	0
12.76	-0.30272335713169	0.52078649740117	376.73031366685	0
12.768	-0.29172339148184	0.53016931118995	376.73031366685	0
12.776	-0.28051715933586	0.53932690799802	376.73031366685	0
12.784	-0.26911010056126	0.5482542725106	376.73031366685	0
12.792	-0.25750779999637	0.55694655353327	376.73031366685	0
12.8	-0.24571598126167	0.56539906905387	376.73031366685	0
12.808	-0.23374050036139	0.57360731102245	376.73031366685	0
12.816	-0.22158733909038	0.58156694983917	376.73031366685	0
12.824	-0.20926259826192	0.58927383854103	376.73031366685	0
12.832	-0.19677249077239	0.59672401667938	376.73031366685	0
12.84	-0.18412333451928	0.60391371388101	376.73031366685	0
12.848	-0.17132154518927	0.61083935308664	376.73031366685	0
12.856	-0.15837362893351	0.61749755346161	376.73031366685	0
12.864	-0.14528617494728	0.6238851329747	376.73031366685	0
12.872	-0.13206584797148	0.62999911064188	376.73031366685	0
12.88	-0.11871938073328	0.63583670843299	376.73031366685	0
12.888	-0.10525356634366	0.64139535284021	376.73031366685	0
12.896	-0.091675250668932	0.64667267610833	376.73031366685	0
12.904	-0.077991324693705	0.6516665171277	376.73031366685	0
12.912	-0.064208716892314	0.65637492199196	376.73031366685	0
12.92	-0.050334385625545	0.66079614422328	376.73031366685	0
12.928	-0.036375311579116	0.66492864466913	376.73031366685	0
12.936	-0.022338490260106	0.66877109107514	376.73031366685	0
12.944	-0.0082309245669636	0.67232235733999	376.73031366685	0
12.952	0.0059403825516091	0.6755815224584	376.73031366685	0
12.96	0.020168435334241	0.67854786915991	376.73031366685	0
12.968	0.034446252326826	0.68122088225113	376.73031366685	0
12.976	0.048766873371267	0.68360024667043	376.73031366685	0
12.984	0.063123366450181	0.68568584526433	376.73031366685	0
12.992	0.077508834375366	0.68747775629562	376.73031366685	0
13	0.091916421308555	0.68897625069385	376.73031366685	0
13.008	0.10633931910376	0.69018178905913	376.73031366685	0
13.016	0.12077077346114	0.69109501843092	376.73031366685	0
13.024	0.13520408988329	0.69171676883348	376.73031366685	0
13.032	0.14963263942539	0.69204804961065	376.73031366685	0
13.04	0.16404986423174	0.69209004556203	376.73031366685	0
13.048	0.17844928285177	0.69184411289379	376.73031366685	0
13.056	0.1928244953294	0.69131177499678	376.73031366685	0
13.064	0.20716918806075	0.69049471806521	376.73031366685	0
13.072	0.22147713841555	0.68939478656905	376.73031366685	0
13.08	0.23574221911871	0.68801397859335	376.73031366685	0
13.088	0.24995840238907	0.6863544410577	376.73031366685	0
13.096	0.26411976383338	0.68441846482895	376.73031366685	0
13.104	0.27822048609383	0.68220847974028	376.73031366685	0
13.112	0.29225486224877	0.67972704952941	376.73031366685	0
13.12	0.3062172989664	0.67697686670873	376.73031366685	0
13.128	0.32010231941221	0.67396074737974	376.73031366685	0
13.136	0.33390456591153	0.67068162600412	376.73031366685	0
13.144	0.34761880236903	0.66714255014316	376.73031366685	0
13.152	0.36123991644775	0.66334667517734	376.73031366685	0
13.16	0.37476292151081	0.65929725901715	376.73031366685	0
13.168	0.38818295832917	0.6549976568161	376.73031366685	0
13.176	0.40149529655981	0.65045131569635	376.73031366685	0
13.184	0.41469533599856	0.645661769497	376.73031366685	0
13.192	0.42777860761277	0.64063263355473	376.73031366685	0
13.2	0.44074077435907	0.63536759952588	376.73031366685	0
13.208	0.45357763179177	0.62987043025874	376.73031366685	0
13.216	0.46628510846817	0.62414495472432	376.73031366685	0
13.224	0.47885926615677	0.61819506301335	376.73031366685	0
13.232	0.4912962998552	0.61202470140678	376.73031366685	0
13.24	0.50359253762431	0.60563786752677	376.73031366685	0
13.248	0.51574444024562	0.59903860557424	376.73031366685	0
13.256	0.5277486007091	0.59223100165918	376.73031366685	0
13.264	0.53960174353847	0.58521917922888	376.73031366685	0
13.272	0.5513007239614	0.57800729459902	376.73031366685	0
13.28	0.56284252693196	0.57059953259235	376.73031366685	0
13.288	0.57422426601266	0.56300010228856	376.73031366685	0
13.296	0.58544318212375	0.55521323288932	376.73031366685	0
13.304	0.5964966421669	0.54724316970138	376.73031366685	0
13.312	0.60738213753088	0.53909417024052	376.73031366685	0
13.32	0.61809728248654	0.5307705004587	376.73031366685	0
13.328	0.62863981247836	0.52227643109629	376.73031366685	0
13.336	0.6390075823197	0.51361623416097	376.73031366685	0
13.344	0.649198564299	0.50479417953438	376.73031366685	0
13.352	0.65921084620367	0.49581453170749	376.73031366685	0
13.36	0.6690426292687	0.48668154664506	376.73031366685	0
13.368	0.67869222605658	0.47739946877945	376.73031366685	0
13.376	0.68815805827504	0.46797252813363	376.73031366685	0
13.384	0.69743865453896	0.45840493757298	376.73031366685	0
13.392	0.70653264808269	0.44870089018522	376.73031366685	0
13.4	0.71543877442867	0.43886455678756	376.73031366685	0
13.408	0.72415586901819	0.42890008355991	376.73031366685	0
13.416	0.73268286480988	0.41881158980277	376.73031366685	0
13.424	0.74101878985126	0.40860316581822	376.73031366685	0
13.432	0.74916276482863	0.39827887091224	376.73031366685	0
13.44	0.75711400060013	0.38784273151657	376.73031366685	0
13.448	0.76487179571686	0.37729873942775	376.73031366685	0
13.456	0.77243553393648	0.36665085016137	376.73031366685	0
13.464	0.77980468173367	0.35590298141908	376.73031366685	0
13.472	0.78697878581164	0.34505901166589	376.73031366685	0
13.48	0.79395747061838	0.3341227788152	376.73031366685	0
13.488	0.8007404358716	0.32309807901892	376.73031366685	0
13.496	0.80732745409567	0.31198866555998	376.73031366685	0
13.504	0.81371836817384	0.30079824784443	376.73031366685	0
13.512	0.81991308891899	0.28953049049024	376.73031366685	0
13.52	0.82591159266559	0.27818901250998	376.73031366685	0
13.528	0.83171391888567	0.26677738658451	376.73031366685	0
13.536	0.83732016783133	0.25529913842465	376.73031366685	0
13.544	0.84273049820601	0.24375774621794	376.73031366685	0
13.552	0.84794512486678	0.23215664015757	376.73031366685	0
13.56	0.85296431655957	0.22049920205043	376.73031366685	0
13.568	0.85778839368913	0.20878876500153	376.73031366685	0
13.576	0.8624177261254	0.19702861317172	376.73031366685	0
13.584	0.86685273104784	0.1852219816058	376.73031366685	0
13.592	0.87109387082889	0.17337205612835	376.73031366685	0
13.6	0.87514165095803	0.16148197330422	376.73031366685	0
13.608	0.87899661800722	0.14955482046109	376.73031366685	0
13.616	0.88265935763892	0.1375936357712	376.73031366685	0
13.624	0.88613049265732	0.12560140838965	376.73031366685	0
13.632	0.88941068110356	0.11358107864659	376.73031366685	0
13.64	0.89250061439552	0.10153553829076	376.73031366685	0
13.648	0.89540101551267	0.089467630781776	376.73031366685	0
13.656	0.89811263722628	0.077380151628679	376.73031366685	0
13.664	0.90063626037544	0.065275848772486	376.73031366685	0
13.672	0.90297269218887	0.053157423010205	376.73031366685	0
13.68	0.90512276465283	0.041027528458144	376.73031366685	0
13.688	0.90708733292506	0.02888877305228	376.73031366685	0
13.696	0.90886727379472	0.016743719083524	376.73031366685	0
13.704	0.91046348418825	0.0045948837658141	376.73031366685	0
13.712	0.91187687972102	-0.0075552601649911	376.73031366685	0
13.72	0.91310839329442	-0.019704283823355	376.73031366685	0
13.728	0.91415897373823	-0.031849801519311	376.73031366685	0
13.736	0.91502958449793	-0.043989470078531	376.73031366685	0
13.744	0.91572120236649	-0.056120988138966	376.73031366685	0
13.752	0.91623481626033	-0.068242095425729	376.73031366685	0
13.76	0.91657142603896	-0.080350572005812	376.73031366685	0
13.768	0.91673204136778	-0.092444237524192	376.73031366685	0
13.776	0.91671768062356	-0.10452095042282	376.73031366685	0
13.784	0.91652936984217	-0.11657860714387	376.73031366685	0
13.792	0.91616814170772	-0.12861514131867	376.73031366685	0
13.8	0.91563503458285	-0.14062852294347	376.73031366685	0
13.808	0.91493109157939	-0.15261675754349	376.73031366685	0
13.816	0.91405735966881	-0.16457788532619	376.73031366685	0
13.824	0.91301488883187	-0.17650998032505	376.73031366685	0
13.832	0.91180473124679	-0.18841114953485	376.73031366685	0
13.84	0.91042794051543	-0.20027953203944	376.73031366685	0
13.848	0.90888557092666	-0.21211329813304	376.73031366685	0
13.856	0.90717867675647	-0.22391064843587	376.73031366685	0
13.864	0.90530831160401	-0.235669813005	376.73031366685	0
13.872	0.90327552776308	-0.24738905044131	376.73031366685	0
13.88	0.90108137562833	-0.25906664699318	376.73031366685	0
13.888	0.8987269031356	-0.27070091565774	376.73031366685	0
13.896	0.89621315523579	-0.28229019528033	376.73031366685	0
13.904	0.89354117340162	-0.29383284965274	376.73031366685	0
13.912	0.89071199516668	-0.30532726661096	376.73031366685	0
13.92	0.88772665369625	-0.31677185713287	376.73031366685	0
13.928	0.88458617738926	-0.32816505443646	376.73031366685	0
13.936	0.88129158951083	-0.33950531307903	376.73031366685	0
13.944	0.87784390785492	-0.35079110805794	376.73031366685	0
13.952	0.87424414443646	-0.36202093391314	376.73031366685	0
13.96	0.87049330521253	-0.37319330383211	376.73031366685	0
13.968	0.86659238983213	-0.38430674875737	376.73031366685	0
13.976	0.86254239141391	-0.39535981649705	376.73031366685	0
13.984	0.85834429635161	-0.40635107083885	376.73031366685	0
13.992	0.85399908414667	-0.41727909066751	376.73031366685	0
14	0.84950772726754	-0.42814246908632	376.73031366685	0
