CST XY Data Exchange Format V2

Title    = S-Parameters
Xlabel   = Frequency / GHz
Ylabel   = deg

Curvelabel          = SZmax(1),Zmax(1)_(1)
Filename            = ^cSZmax(1)Zmax(1).sig
Npoints             = 1001
Type                = 8
Subtype             = 16
Result type         = complex:none;impedance
View type           = Cartesian
Plot type           = Phase
Parameters          = {C_off=0.16; C_on_approx=1000; Cx=0.16; Cy=0.16; L1=2.9; L_diode=0.45; Lpin=0.45; R1=2.5; R_off=10; R_on=1; Rx=10; Ry=10; S1=0.3; W1=6; W2=5.3; alpha1=60; antipad_d=0.8; bias_w=0.2; common_return_y=2; eps_bond=3.52; eps_f4bm=2.65; eps_fr4=4.4; fmax=12; fmin=8; h1=3; h2=0.5; hbond=0.1; p=15; phi=0; phi_inc=0; pin_inset=0.02; sigma_cu=5.8e+07; tand_bond=0.004; tand_f4bm=0.003; tand_fr4=0.02; tcu=0.035; theta=0; theta_inc=0; via_d=0.3}
Data/Title          = S-Parameters
X/Label             = Frequency
X/Unit              = GHz
Y/Unit              = 
Y/Logfactor         = 20
Plot/wrapHeuristics = 0

8	-0.069839857452991	-0.94656148555049	376.73031366685	0
8.004	-0.075409416931125	-0.94584365570331	376.73031366685	0
8.008	-0.080983435036846	-0.94509057007342	376.73031366685	0
8.012	-0.086561674726459	-0.94430208855476	376.73031366685	0
8.016	-0.092143896658065	-0.94347807245892	376.73031366685	0
8.02	-0.097729859193005	-0.9426183845481	376.73031366685	0
8.024	-0.10331931839771	-0.94172288906837	376.73031366685	0
8.028	-0.10891202804602	-0.94079145178307	376.73031366685	0
8.032	-0.1145077396219	-0.93982394000652	376.73031366685	0
8.036	-0.12010620232269	-0.93882022263784	376.73031366685	0
8.04	-0.12570716306277	-0.93778017019501	376.73031366685	0
8.044	-0.13131036647767	-0.93670365484911	376.73031366685	0
8.048	-0.13691555492872	-0.93559055045881	376.73031366685	0
8.052	-0.14252246850816	-0.93444073260495	376.73031366685	0
8.056	-0.14813084504468	-0.93325407862533	376.73031366685	0
8.06	-0.1537404201096	-0.93203046764973	376.73031366685	0
8.064	-0.15935092702335	-0.93076978063502	376.73031366685	0
8.068	-0.16496209686268	-0.92947190040046	376.73031366685	0
8.072	-0.17057365846823	-0.92813671166314	376.73031366685	0
8.076	-0.17618533845266	-0.92676410107358	376.73031366685	0
8.08	-0.18179686120936	-0.92535395725148	376.73031366685	0
8.084	-0.18740794892166	-0.92390617082155	376.73031366685	0
8.088	-0.19301832157257	-0.92242063444951	376.73031366685	0
8.092	-0.19862769695509	-0.92089724287821	376.73031366685	0
8.096	-0.20423579068304	-0.9193358929638	376.73031366685	0
8.1	-0.20984231620257	-0.9177364837121	376.73031366685	0
8.104	-0.21544698480403	-0.91609891631494	376.73031366685	0
8.108	-0.22104950563464	-0.91442309418669	376.73031366685	0
8.112	-0.22664958571154	-0.91270892300081	376.73031366685	0
8.116	-0.2322469299356	-0.91095631072648	376.73031366685	0
8.12	-0.23784124110566	-0.90916516766531	376.73031366685	0
8.124	-0.24343221993353	-0.90733540648803	376.73031366685	0
8.128	-0.24901956505942	-0.90546694227133	376.73031366685	0
8.132	-0.25460297306811	-0.90355969253463	376.73031366685	0
8.136	-0.26018213850567	-0.9016135772769	376.73031366685	0
8.14	-0.26575675389685	-0.89962851901357	376.73031366685	0
8.144	-0.27132650976297	-0.8976044428133	376.73031366685	0
8.148	-0.2768910946406	-0.89554127633485	376.73031366685	0
8.152	-0.28245019510078	-0.89343894986391	376.73031366685	0
8.156	-0.28800349576885	-0.89129739634986	376.73031366685	0
8.16	-0.29355067934498	-0.88911655144256	376.73031366685	0
8.164	-0.29909142662533	-0.886896353529	376.73031366685	0
8.168	-0.30462541652385	-0.88463674376999	376.73031366685	0
8.172	-0.31015232609472	-0.88233766613669	376.73031366685	0
8.176	-0.31567183055547	-0.87999906744713	376.73031366685	0
8.18	-0.32118360331075	-0.87762089740256	376.73031366685	0
8.184	-0.32668731597674	-0.87520310862376	376.73031366685	0
8.188	-0.3321826384063	-0.87274565668719	376.73031366685	0
8.192	-0.33766923871465	-0.87024850016106	376.73031366685	0
8.196	-0.3431467833059	-0.86771160064118	376.73031366685	0
8.2	-0.34861493690008	-0.8651349227867	376.73031366685	0
8.204	-0.35407336256098	-0.86251843435575	376.73031366685	0
8.208	-0.35952172172458	-0.85986210624074	376.73031366685	0
8.212	-0.36495967422824	-0.85716591250363	376.73031366685	0
8.216	-0.37038687834045	-0.85442983041092	376.73031366685	0
8.22	-0.37580299079141	-0.8516538404684	376.73031366685	0
8.224	-0.38120766680418	-0.84883792645575	376.73031366685	0
8.228	-0.38660056012659	-0.8459820754608	376.73031366685	0
8.232	-0.39198132306376	-0.84308627791362	376.73031366685	0
8.236	-0.39734960651138	-0.84015052762028	376.73031366685	0
8.24	-0.40270505998963	-0.83717482179638	376.73031366685	0
8.244	-0.4080473316778	-0.8341591611002	376.73031366685	0
8.248	-0.41337606844963	-0.83110354966566	376.73031366685	0
8.252	-0.41869091590924	-0.82800799513482	376.73031366685	0
8.256	-0.42399151842782	-0.82487250869018	376.73031366685	0
8.26	-0.42927751918105	-0.82169710508649	376.73031366685	0
8.264	-0.43454856018705	-0.81848180268231	376.73031366685	0
8.268	-0.43980428234515	-0.81522662347112	376.73031366685	0
8.272	-0.44504432547526	-0.81193159311205	376.73031366685	0
8.276	-0.45026832835797	-0.80859674096024	376.73031366685	0
8.28	-0.45547592877526	-0.80522210009671	376.73031366685	0
8.284	-0.46066676355194	-0.80180770735785	376.73031366685	0
8.288	-0.46584046859767	-0.79835360336442	376.73031366685	0
8.292	-0.4709966789498	-0.79485983255011	376.73031366685	0
8.296	-0.47613502881666	-0.79132644318961	376.73031366685	0
8.3	-0.4812551516217	-0.78775348742616	376.73031366685	0
8.304	-0.48635668004813	-0.78414102129866	376.73031366685	0
8.308	-0.4914392460843	-0.78048910476815	376.73031366685	0
8.312	-0.49650248106969	-0.77679780174386	376.73031366685	0
8.316	-0.50154601574151	-0.77306718010861	376.73031366685	0
8.32	-0.50656948028196	-0.76929731174374	376.73031366685	0
8.324	-0.51157250436611	-0.76548827255335	376.73031366685	0
8.328	-0.51655471721039	-0.76164014248805	376.73031366685	0
8.332	-0.52151574762165	-0.75775300556799	376.73031366685	0
8.336	-0.52645522404692	-0.75382694990538	376.73031366685	0
8.34	-0.53137277462363	-0.74986206772626	376.73031366685	0
8.344	-0.53626802723055	-0.74585845539169	376.73031366685	0
8.348	-0.54114060953924	-0.74181621341823	376.73031366685	0
8.352	-0.54599014906601	-0.73773544649778	376.73031366685	0
8.356	-0.55081627322459	-0.73361626351665	376.73031366685	0
8.36	-0.55561860937922	-0.729458777574	376.73031366685	0
8.364	-0.56039678489834	-0.7252631059995	376.73031366685	0
8.368	-0.56515042720881	-0.72102937037029	376.73031366685	0
8.372	-0.5698791638506	-0.71675769652713	376.73031366685	0
8.376	-0.57458262253212	-0.71244821458984	376.73031366685	0
8.38	-0.57926043118585	-0.70810105897194	376.73031366685	0
8.384	-0.58391221802466	-0.7037163683945	376.73031366685	0
8.388	-0.58853761159846	-0.69929428589917	376.73031366685	0
8.392	-0.59313624085144	-0.69483495886038	376.73031366685	0
8.396	-0.59770773517959	-0.69033853899677	376.73031366685	0
8.4	-0.60225172448885	-0.68580518238172	376.73031366685	0
8.404	-0.60676783925358	-0.68123504945301	376.73031366685	0
8.408	-0.61125571057543	-0.67662830502166	376.73031366685	0
8.412	-0.61571497024268	-0.67198511827985	376.73031366685	0
8.416	-0.62014525078991	-0.66730566280799	376.73031366685	0
8.42	-0.62454618555804	-0.66259011658083	376.73031366685	0
8.424	-0.62891740875477	-0.65783866197268	376.73031366685	0
8.428	-0.63325855551534	-0.65305148576171	376.73031366685	0
8.432	-0.63756926196358	-0.64822877913331	376.73031366685	0
8.436	-0.6418491652733	-0.64337073768248	376.73031366685	0
8.44	-0.64609790373002	-0.63847756141529	376.73031366685	0
8.444	-0.65031511679287	-0.63354945474936	376.73031366685	0
8.448	-0.65450044515685	-0.62858662651334	376.73031366685	0
8.452	-0.65865353081529	-0.62358928994542	376.73031366685	0
8.456	-0.66277401712255	-0.61855766269087	376.73031366685	0
8.46	-0.66686154885689	-0.61349196679852	376.73031366685	0
8.464	-0.67091577228359	-0.60839242871624	376.73031366685	0
8.468	-0.67493633521823	-0.60325927928544	376.73031366685	0
8.472	-0.67892288709009	-0.59809275373448	376.73031366685	0
8.476	-0.68287507900571	-0.5928930916711	376.73031366685	0
8.48	-0.68679256381258	-0.5876605370737	376.73031366685	0
8.484	-0.69067499616291	-0.58239533828174	376.73031366685	0
8.488	-0.6945220325775	-0.5770977479849	376.73031366685	0
8.492	-0.69833333150964	-0.57176802321128	376.73031366685	0
8.496	-0.70210855340906	-0.56640642531453	376.73031366685	0
8.5	-0.70584736078593	-0.56101321995985	376.73031366685	0
8.504	-0.70954941827483	-0.55558867710896	376.73031366685	0
8.508	-0.7132143926987	-0.55013307100393	376.73031366685	0
8.512	-0.71684195313277	-0.54464668015001	376.73031366685	0
8.516	-0.7204317709684	-0.53912978729729	376.73031366685	0
8.52	-0.72398351997686	-0.53358267942125	376.73031366685	0
8.524	-0.72749687637301	-0.52800564770231	376.73031366685	0
8.528	-0.73097151887882	-0.5223989875042	376.73031366685	0
8.532	-0.7344071287868	-0.51676299835123	376.73031366685	0
8.536	-0.73780339002321	-0.51109798390449	376.73031366685	0
8.54	-0.74115998921112	-0.50540425193695	376.73031366685	0
8.544	-0.74447661573323	-0.49968211430739	376.73031366685	0
8.548	-0.74775296179447	-0.49393188693331	376.73031366685	0
8.552	-0.75098872248434	-0.48815388976268	376.73031366685	0
8.556	-0.754183595839	-0.4823484467446	376.73031366685	0
8.56	-0.75733728290303	-0.4765158857989	376.73031366685	0
8.564	-0.76044948779087	-0.47065653878454	376.73031366685	0
8.568	-0.76351991774795	-0.46477074146703	376.73031366685	0
8.572	-0.7665482832114	-0.45885883348468	376.73031366685	0
8.576	-0.76953429787045	-0.45292115831378	376.73031366685	0
8.58	-0.77247767872633	-0.44695806323271	376.73031366685	0
8.584	-0.77537814615183	-0.44096989928495	376.73031366685	0
8.588	-0.77823542395033	-0.43495702124099	376.73031366685	0
8.592	-0.78104923941441	-0.42891978755921	376.73031366685	0
8.596	-0.78381932338392	-0.42285856034573	376.73031366685	0
8.6	-0.78654541030355	-0.41677370531305	376.73031366685	0
8.604	-0.78922723827991	-0.41066559173782	376.73031366685	0
8.608	-0.7918645491379	-0.40453459241744	376.73031366685	0
8.612	-0.79445708847669	-0.39838108362571	376.73031366685	0
8.616	-0.79700460572492	-0.39220544506734	376.73031366685	0
8.62	-0.7995068541954	-0.3860080598316	376.73031366685	0
8.624	-0.80196359113907	-0.37978931434477	376.73031366685	0
8.628	-0.80437457779833	-0.37354959832179	376.73031366685	0
8.632	-0.80673957945971	-0.36728930471673	376.73031366685	0
8.636	-0.80905836550573	-0.36100882967247	376.73031366685	0
8.64	-0.81133070946614	-0.35470857246922	376.73031366685	0
8.644	-0.81355638906834	-0.34838893547226	376.73031366685	0
8.648	-0.81573518628704	-0.34205032407863	376.73031366685	0
8.652	-0.8178668873931	-0.33569314666293	376.73031366685	0
8.656	-0.81995128300164	-0.32931781452219	376.73031366685	0
8.66	-0.82198816811919	-0.32292474181985	376.73031366685	0
8.664	-0.8239773421901	-0.31651434552886	376.73031366685	0
8.668	-0.82591860914205	-0.31008704537391	376.73031366685	0
8.672	-0.82781177743058	-0.30364326377272	376.73031366685	0
8.676	-0.82965666008288	-0.29718342577668	376.73031366685	0
8.68	-0.83145307474047	-0.29070795901043	376.73031366685	0
8.684	-0.83320084370108	-0.28421729361081	376.73031366685	0
8.688	-0.8348997939595	-0.27771186216494	376.73031366685	0
8.692	-0.83654975724742	-0.27119209964757	376.73031366685	0
8.696	-0.83815057007238	-0.26465844335759	376.73031366685	0
8.7	-0.83970207375559	-0.25811133285391	376.73031366685	0
8.704	-0.8412041144688	-0.25155120989057	376.73031366685	0
8.708	-0.84265654327009	-0.24497851835111	376.73031366685	0
8.712	-0.8440592161386	-0.23839370418237	376.73031366685	0
8.716	-0.84541199400824	-0.23179721532749	376.73031366685	0
8.72	-0.84671474280019	-0.22518950165841	376.73031366685	0
8.724	-0.84796733345446	-0.21857101490765	376.73031366685	0
8.728	-0.84916964196018	-0.21194220859952	376.73031366685	0
8.732	-0.8503215493849	-0.20530353798078	376.73031366685	0
8.736	-0.85142294190259	-0.19865545995073	376.73031366685	0
8.74	-0.85247371082067	-0.19199843299073	376.73031366685	0
8.744	-0.85347375260571	-0.18533291709328	376.73031366685	0
8.748	-0.85442296890808	-0.17865937369053	376.73031366685	0
8.752	-0.8553212665853	-0.17197826558239	376.73031366685	0
8.756	-0.85616855772432	-0.16529005686421	376.73031366685	0
8.76	-0.85696475966244	-0.1585952128539	376.73031366685	0
8.764	-0.8577097950072	-0.15189420001887	376.73031366685	0
8.768	-0.85840359165486	-0.14518748590242	376.73031366685	0
8.772	-0.85904608280776	-0.13847553904986	376.73031366685	0
8.776	-0.85963720699045	-0.13175882893429	376.73031366685	0
8.78	-0.86017690806449	-0.12503782588211	376.73031366685	0
8.784	-0.86066513524205	-0.11831300099816	376.73031366685	0
8.788	-0.86110184309827	-0.11158482609075	376.73031366685	0
8.792	-0.86148699158231	-0.10485377359635	376.73031366685	0
8.796	-0.86182054602716	-0.098120316504118	376.73031366685	0
8.8	-0.86210247715818	-0.091384928280245	376.73031366685	0
8.804	-0.86233276110032	-0.084648082792185	376.73031366685	0
8.808	-0.86251137938412	-0.077910254232696	376.73031366685	0
8.812	-0.86263831895039	-0.071171917043829	376.73031366685	0
8.816	-0.86271357215361	-0.064433545840815	376.73031366685	0
8.82	-0.86273713676407	-0.057695615335933	376.73031366685	0
8.824	-0.86270901596868	-0.050958600262302	376.73031366685	0
8.828	-0.86262921837052	-0.044222975297726	376.73031366685	0
8.832	-0.86249775798712	-0.03748921498853	376.73031366685	0
8.836	-0.8623146542474	-0.030757793673473	376.73031366685	0
8.84	-0.86207993198742	-0.02402918540771	376.73031366685	0
8.844	-0.8617936214447	-0.017303863886877	376.73031366685	0
8.848	-0.86145575825144	-0.010582302371294	376.73031366685	0
8.852	-0.86106638342633	-0.0038649736103324	376.73031366685	0
8.856	-0.8606255433651	0.0028476502330656	376.73031366685	0
8.86	-0.86013328982993	0.0095550976576386	376.73031366685	0
8.864	-0.85958967993738	0.016256897898848	376.73031366685	0
8.868	-0.85899477614529	0.02295258100365	376.73031366685	0
8.872	-0.85834864623826	0.02964167790502	376.73031366685	0
8.876	-0.85765136331194	0.036323720496144	376.73031366685	0
8.88	-0.85690300575616	0.042998241704313	376.73031366685	0
8.884	-0.85610365723665	0.049664775564436	376.73031366685	0
8.888	-0.85525340667577	0.056322857292221	376.73031366685	0
8.892	-0.85435234823178	0.062972023356924	376.73031366685	0
8.896	-0.85340058127713	0.069611811553699	376.73031366685	0
8.9	-0.85239821037538	0.076241761075484	376.73031366685	0
8.904	-0.85134534525707	0.082861412584452	376.73031366685	0
8.908	-0.85024210079431	0.089470308282944	376.73031366685	0
8.912	-0.84908859697426	0.096067991983913	376.73031366685	0
8.916	-0.84788495887149	0.1026540091808	376.73031366685	0
8.92	-0.84663131661912	0.10922790711692	376.73031366685	0
8.924	-0.8453278053789	0.11578923485418	376.73031366685	0
8.928	-0.84397456531016	0.1223375433413	376.73031366685	0
8.932	-0.84257174153764	0.12887238548133	376.73031366685	0
8.936	-0.84111948411826	0.13539331619858	376.73031366685	0
8.94	-0.83961794800681	0.14189989250487	376.73031366685	0
8.944	-0.83806729302059	0.14839167356511	376.73031366685	0
8.948	-0.83646768380301	0.15486822076217	376.73031366685	0
8.952	-0.83481928978611	0.16132909776105	376.73031366685	0
8.956	-0.8331222851522	0.16777387057229	376.73031366685	0
8.96	-0.83137684879435	0.17420210761466	376.73031366685	0
8.964	-0.82958316427604	0.18061337977704	376.73031366685	0
8.968	-0.82774141978975	0.18700726047954	376.73031366685	0
8.972	-0.82585180811467	0.19338332573381	376.73031366685	0
8.976	-0.82391452657346	0.1997411542025	376.73031366685	0
8.98	-0.82192977698813	0.20608032725792	376.73031366685	0
8.984	-0.819897765635	0.21240042903981	376.73031366685	0
8.988	-0.81781870319881	0.21870104651228	376.73031366685	0
8.992	-0.81569280472596	0.22498176951982	376.73031366685	0
8.996	-0.81352028957698	0.23124219084245	376.73031366685	0
9	-0.81130138137812	0.23748190624995	376.73031366685	0
9.004	-0.80903630797218	0.24370051455512	376.73031366685	0
9.008	-0.80672530136857	0.24989761766617	376.73031366685	0
9.012	-0.80436859769261	0.25607282063814	376.73031366685	0
9.016	-0.80196643713414	0.26222573172328	376.73031366685	0
9.02	-0.79951906389533	0.26835596242059	376.73031366685	0
9.024	-0.79702672613792	0.27446312752428	376.73031366685	0
9.028	-0.79448967592971	0.28054684517123	376.73031366685	0
9.032	-0.79190816919042	0.28660673688752	376.73031366685	0
9.036	-0.78928246563694	0.29264242763387	376.73031366685	0
9.04	-0.78661282872797	0.29865354585008	376.73031366685	0
9.044	-0.78389952560809	0.30463972349848	376.73031366685	0
9.048	-0.78114282705124	0.31060059610625	376.73031366685	0
9.052	-0.77834300740369	0.31653580280679	376.73031366685	0
9.056	-0.77550034452649	0.32244498637998	376.73031366685	0
9.06	-0.77261511973742	0.32832779329136	376.73031366685	0
9.064	-0.76968761775245	0.33418387373034	376.73031366685	0
9.068	-0.76671812662679	0.34001288164718	376.73031366685	0
9.072	-0.76370693769549	0.34581447478908	376.73031366685	0
9.076	-0.76065434551361	0.35158831473505	376.73031366685	0
9.08	-0.75756064779606	0.35733406692971	376.73031366685	0
9.084	-0.75442614535703	0.36305140071609	376.73031366685	0
9.088	-0.75125114204909	0.36873998936726	376.73031366685	0
9.092	-0.74803594470202	0.37439951011686	376.73031366685	0
9.096	-0.74478086306125	0.38002964418859	376.73031366685	0
9.1	-0.74148620972612	0.38563007682458	376.73031366685	0
9.104	-0.73815230008783	0.39120049731261	376.73031366685	0
9.108	-0.73477945226717	0.39674059901237	376.73031366685	0
9.112	-0.73136798705208	0.4022500793804	376.73031366685	0
9.116	-0.72791822783497	0.4077286399942	376.73031366685	0
9.12	-0.72443050054989	0.413175986575	376.73031366685	0
9.124	-0.72090513360957	0.41859182900961	376.73031366685	0
9.128	-0.71734245784234	0.42397588137105	376.73031366685	0
9.132	-0.71374280642892	0.4293278619382	376.73031366685	0
9.136	-0.71010651483914	0.43464749321428	376.73031366685	0
9.14	-0.70643392076863	0.43993450194426	376.73031366685	0
9.144	-0.70272536407545	0.44518861913122	376.73031366685	0
9.148	-0.69898118671664	0.45040958005163	376.73031366685	0
9.152	-0.69520173268489	0.4555971242695	376.73031366685	0
9.156	-0.69138734794515	0.46075099564952	376.73031366685	0
9.16	-0.68753838037127	0.46587094236913	376.73031366685	0
9.164	-0.68365517968279	0.4709567169295	376.73031366685	0
9.168	-0.67973809738167	0.4760080761655	376.73031366685	0
9.172	-0.67578748668927	0.4810247812546	376.73031366685	0
9.176	-0.67180370248333	0.48600659772473	376.73031366685	0
9.18	-0.66778710123517	0.49095329546111	376.73031366685	0
9.184	-0.66373804094694	0.49586464871208	376.73031366685	0
9.188	-0.6596568810892	0.50074043609391	376.73031366685	0
9.192	-0.65554398253853	0.50558044059453	376.73031366685	0
9.196	-0.65139970751547	0.51038444957638	376.73031366685	0
9.2	-0.64722441952257	0.51515225477821	376.73031366685	0
9.204	-0.64301848328281	0.51988365231585	376.73031366685	0
9.208	-0.63878226467821	0.5245784426821	376.73031366685	0
9.212	-0.63451613068868	0.52923643074562	376.73031366685	0
9.216	-0.63022044933125	0.53385742574883	376.73031366685	0
9.22	-0.62589558959954	0.53844124130493	376.73031366685	0
9.224	-0.62154192140359	0.54298769539398	376.73031366685	0
9.228	-0.61715981551	0.54749661035798	376.73031366685	0
9.232	-0.61274964348246	0.55196781289517	376.73031366685	0
9.236	-0.60831177762261	0.55640113405336	376.73031366685	0
9.24	-0.60384659091132	0.56079640922231	376.73031366685	0
9.244	-0.59935445695031	0.56515347812542	376.73031366685	0
9.248	-0.59483574990427	0.56947218481032	376.73031366685	0
9.252	-0.59029084444329	0.57375237763886	376.73031366685	0
9.256	-0.58572011568584	0.57799390927603	376.73031366685	0
9.26	-0.58112393914212	0.58219663667822	376.73031366685	0
9.264	-0.57650269065788	0.5863604210806	376.73031366685	0
9.268	-0.57185674635876	0.5904851279837	376.73031366685	0
9.272	-0.56718648259508	0.59457062713922	376.73031366685	0
9.276	-0.56249227588709	0.59861679253506	376.73031366685	0
9.28	-0.55777450287082	0.60262350237961	376.73031366685	0
9.284	-0.55303354024435	0.60659063908523	376.73031366685	0
9.288	-0.5482697647147	0.61051808925109	376.73031366685	0
9.292	-0.54348355294514	0.61440574364521	376.73031366685	0
9.296	-0.53867528150316	0.61825349718586	376.73031366685	0
9.3	-0.53384532680896	0.6220612489222	376.73031366685	0
9.304	-0.52899406508445	0.62582890201433	376.73031366685	0
9.308	-0.52412187230292	0.62955636371257	376.73031366685	0
9.312	-0.51922912413917	0.63324354533619	376.73031366685	0
9.316	-0.51431619592038	0.63689036225147	376.73031366685	0
9.32	-0.50938346257745	0.6404967338491	376.73031366685	0
9.324	-0.50443129859697	0.64406258352103	376.73031366685	0
9.328	-0.49946007797387	0.64758783863672	376.73031366685	0
9.332	-0.49447017416459	0.65107243051876	376.73031366685	0
9.336	-0.48946196004093	0.65451629441802	376.73031366685	0
9.34	-0.48443580784454	0.65791936948816	376.73031366685	0
9.344	-0.479392089142	0.66128159875965	376.73031366685	0
9.348	-0.47433117478054	0.6646029291133	376.73031366685	0
9.352	-0.46925343484449	0.66788331125319	376.73031366685	0
9.356	-0.46415923861222	0.67112269967924	376.73031366685	0
9.36	-0.45904895451392	0.67432105265918	376.73031366685	0
9.364	-0.45392295008986	0.67747833220016	376.73031366685	0
9.368	-0.44878159194946	0.68059450401981	376.73031366685	0
9.372	-0.44362524573089	0.68366953751699	376.73031366685	0
9.376	-0.43845427606146	0.68670340574198	376.73031366685	0
9.38	-0.43326904651857	0.68969608536642	376.73031366685	0
9.384	-0.42806991959142	0.69264755665271	376.73031366685	0
9.388	-0.42285725664334	0.69555780342313	376.73031366685	0
9.392	-0.41763141787479	0.6984268130286	376.73031366685	0
9.396	-0.41239276228707	0.701254576317	376.73031366685	0
9.4	-0.4071416476467	0.70404108760128	376.73031366685	0
9.404	-0.40187843045046	0.70678634462714	376.73031366685	0
9.408	-0.39660346589112	0.70949034854047	376.73031366685	0
9.412	-0.39131710782385	0.71215310385448	376.73031366685	0
9.416	-0.38601970873331	0.71477461841655	376.73031366685	0
9.42	-0.38071161970141	0.71735490337478	376.73031366685	0
9.424	-0.37539319037577	0.71989397314435	376.73031366685	0
9.428	-0.37006476893883	0.72239184537358	376.73031366685	0
9.432	-0.36472670207766	0.7248485409098	376.73031366685	0
9.436	-0.35937933495443	0.72726408376501	376.73031366685	0
9.44	-0.35402301117759	0.72963850108127	376.73031366685	0
9.444	-0.34865807277365	0.73197182309602	376.73031366685	0
9.448	-0.34328486015971	0.7342640831071	376.73031366685	0
9.452	-0.33790371211663	0.73651531743768	376.73031366685	0
9.456	-0.33251496576285	0.73872556540104	376.73031366685	0
9.46	-0.32711895652887	0.74089486926516	376.73031366685	0
9.464	-0.32171601813246	0.74302327421723	376.73031366685	0
9.468	-0.31630648255445	0.745110828328	376.73031366685	0
9.472	-0.31089068001518	0.74715758251607	376.73031366685	0
9.476	-0.30546893895168	0.74916359051209	376.73031366685	0
9.48	-0.30004158599542	0.75112890882279	376.73031366685	0
9.484	-0.29460894595073	0.75305359669506	376.73031366685	0
9.488	-0.28917134177388	0.7549377160799	376.73031366685	0
9.492	-0.28372909455277	0.7567813315963	376.73031366685	0
9.496	-0.27828252348727	0.75858451049517	376.73031366685	0
9.5	-0.27283194587021	0.76034732262316	376.73031366685	0
9.504	-0.26737767706893	0.76206984038646	376.73031366685	0
9.508	-0.26192003050751	0.76375213871468	376.73031366685	0
9.512	-0.25645931764964	0.76539429502465	376.73031366685	0
9.516	-0.25099584798199	0.76699638918422	376.73031366685	0
9.52	-0.2455299289983	0.76855850347617	376.73031366685	0
9.524	-0.24006186618402	0.77008072256208	376.73031366685	0
9.528	-0.23459196300155	0.77156313344625	376.73031366685	0
9.532	-0.22912052087608	0.77300582543967	376.73031366685	0
9.536	-0.22364783918198	0.7744088901241	376.73031366685	0
9.54	-0.21817421522984	0.7757724213161	376.73031366685	0
9.544	-0.21269994425401	0.7770965150313	376.73031366685	0
9.548	-0.20722531940075	0.77838126944858	376.73031366685	0
9.552	-0.20175063171693	0.77962678487446	376.73031366685	0
9.556	-0.19627617013928	0.78083316370755	376.73031366685	0
9.56	-0.19080222148423	0.78200051040313	376.73031366685	0
9.564	-0.1853290704382	0.78312893143779	376.73031366685	0
9.568	-0.17985699954855	0.78421853527426	376.73031366685	0
9.572	-0.17438628921496	0.78526943232631	376.73031366685	0
9.576	-0.1689172176814	0.78628173492386	376.73031366685	0
9.58	-0.16345006102858	0.78725555727815	376.73031366685	0
9.584	-0.15798509316693	0.78819101544712	376.73031366685	0
9.588	-0.15252258583007	0.78908822730092	376.73031366685	0
9.592	-0.14706280856883	0.78994731248762	376.73031366685	0
9.596	-0.14160602874567	0.79076839239901	376.73031366685	0
9.6	-0.13615251152968	0.79155159013669	376.73031366685	0
9.604	-0.13070251989199	0.79229703047824	376.73031366685	0
9.608	-0.1252563146017	0.79300483984361	376.73031366685	0
9.612	-0.11981415422227	0.79367514626176	376.73031366685	0
9.616	-0.1143762951083	0.79430807933741	376.73031366685	0
9.62	-0.10894299140287	0.79490377021802	376.73031366685	0
9.624	-0.10351449503527	0.79546235156106	376.73031366685	0
9.628	-0.098091055719123	0.79598395750132	376.73031366685	0
9.632	-0.092672920951039	0.79646872361866	376.73031366685	0
9.636	-0.087260336009613	0.79691678690577	376.73031366685	0
9.64	-0.081853543954874	0.79732828573632	376.73031366685	0
9.644	-0.076452785628148	0.79770335983322	376.73031366685	0
9.648	-0.071058299652299	0.79804215023722	376.73031366685	0
9.652	-0.065670322432397	0.79834479927566	376.73031366685	0
9.656	-0.060289088156763	0.79861145053154	376.73031366685	0
9.66	-0.054914828798385	0.79884224881275	376.73031366685	0
9.664	-0.049547774116732	0.79903734012165	376.73031366685	0
9.668	-0.044188151659923	0.79919687162482	376.73031366685	0
9.672	-0.03883618676726	0.7993209916231	376.73031366685	0
9.676	-0.033492102572128	0.79940984952191	376.73031366685	0
9.68	-0.028156120005221	0.79946359580179	376.73031366685	0
9.684	-0.022828457798132	0.79948238198923	376.73031366685	0
9.688	-0.017509332487264	0.79946636062777	376.73031366685	0
9.692	-0.012198958418084	0.79941568524935	376.73031366685	0
9.696	-0.0068975477496768	0.79933051034598	376.73031366685	0
9.7	-0.001605310459632	0.7992109913416	376.73031366685	0
9.704	0.0036775456507687	0.7990572845643	376.73031366685	0
9.708	0.0089508149510525	0.79886954721879	376.73031366685	0
9.712	0.014214293975784	0.79864793735913	376.73031366685	0
9.716	0.019467781418481	0.79839261386176	376.73031366685	0
9.72	0.024711078125263	0.79810373639883	376.73031366685	0
9.724	0.029943987088212	0.79778146541176	376.73031366685	0
9.728	0.035166313438486	0.79742596208518	376.73031366685	0
9.732	0.040377864439141	0.79703738832103	376.73031366685	0
9.736	0.045578449477725	0.7966159067131	376.73031366685	0
9.74	0.050767880058594	0.7961616805217	376.73031366685	0
9.744	0.055945969795011	0.79567487364877	376.73031366685	0
9.748	0.061112534400992	0.79515565061315	376.73031366685	0
9.752	0.066267391682924	0.79460417652625	376.73031366685	0
9.756	0.071410361530948	0.79402061706795	376.73031366685	0
9.76	0.076541265910149	0.79340513846279	376.73031366685	0
9.764	0.081659928851504	0.79275790745649	376.73031366685	0
9.768	0.08676617644264	0.79207909129277	376.73031366685	0
9.772	0.091859836818374	0.79136885769038	376.73031366685	0
9.776	0.096940740151086	0.79062737482053	376.73031366685	0
9.78	0.10200871864087	0.78985481128455	376.73031366685	0
9.784	0.10706360650552	0.78905133609186	376.73031366685	0
9.788	0.11210523997032	0.78821711863824	376.73031366685	0
9.792	0.11713345725771	0.78735232868438	376.73031366685	0
9.796	0.12214809857668	0.78645713633474	376.73031366685	0
9.8	0.12714900611215	0.78553171201666	376.73031366685	0
9.804	0.13213602401405	0.78457622645985	376.73031366685	0
9.808	0.13710899838631	0.78359085067607	376.73031366685	0
9.812	0.14206777727577	0.78257575593916	376.73031366685	0
9.816	0.1470122106608	0.78153111376533	376.73031366685	0
9.82	0.15194215043991	0.78045709589381	376.73031366685	0
9.824	0.15685745042019	0.77935387426766	376.73031366685	0
9.828	0.1617579663056	0.77822162101499	376.73031366685	0
9.832	0.16664355568516	0.77706050843039	376.73031366685	0
9.836	0.17151407802102	0.77587070895669	376.73031366685	0
9.84	0.17636939463645	0.77465239516699	376.73031366685	0
9.844	0.18120936870365	0.77340573974695	376.73031366685	0
9.848	0.18603386523154	0.77213091547739	376.73031366685	0
9.852	0.19084275105335	0.77082809521716	376.73031366685	0
9.856	0.19563589481426	0.7694974518863	376.73031366685	0
9.86	0.20041316695884	0.76813915844946	376.73031366685	0
9.864	0.2051744397184	0.76675338789958	376.73031366685	0
9.868	0.20991958709833	0.76534031324194	376.73031366685	0
9.872	0.21464848486536	0.76390010747833	376.73031366685	0
9.876	0.21936101053464	0.76243294359163	376.73031366685	0
9.88	0.22405704335691	0.76093899453057	376.73031366685	0
9.884	0.22873646430547	0.75941843319482	376.73031366685	0
9.888	0.23339915606318	0.75787143242031	376.73031366685	0
9.892	0.23804500300938	0.75629816496482	376.73031366685	0
9.896	0.24267389120669	0.75469880349384	376.73031366685	0
9.9	0.24728570838791	0.75307352056667	376.73031366685	0
9.904	0.2518803439427	0.75142248862285	376.73031366685	0
9.908	0.25645768890437	0.74974587996874	376.73031366685	0
9.912	0.26101763593654	0.74804386676445	376.73031366685	0
9.916	0.26556007931979	0.74631662101096	376.73031366685	0
9.92	0.2700849149383	0.74456431453754	376.73031366685	0
9.924	0.27459204026643	0.74278711898938	376.73031366685	0
9.928	0.27908135435533	0.7409852058155	376.73031366685	0
9.932	0.28355275781942	0.73915874625687	376.73031366685	0
9.936	0.288006152823	0.73730791133484	376.73031366685	0
9.94	0.29244144306674	0.73543287183971	376.73031366685	0
9.944	0.29685853377418	0.73353379831963	376.73031366685	0
9.948	0.30125733167823	0.73161086106971	376.73031366685	0
9.952	0.30563774500769	0.72966423012134	376.73031366685	0
9.956	0.30999968347373	0.72769407523177	376.73031366685	0
9.96	0.31434305825636	0.72570056587392	376.73031366685	0
9.964	0.31866778199097	0.72368387122642	376.73031366685	0
9.968	0.32297376875479	0.72164416016384	376.73031366685	0
9.972	0.32726093405343	0.71958160124721	376.73031366685	0
9.976	0.33152919480738	0.71749636271471	376.73031366685	0
9.98	0.33577846933856	0.71538861247259	376.73031366685	0
9.984	0.34000867735684	0.71325851808634	376.73031366685	0
9.988	0.34421973994665	0.71110624677202	376.73031366685	0
9.992	0.34841157955355	0.70893196538786	376.73031366685	0
9.996	0.35258411997081	0.70673584042603	376.73031366685	0
10	0.35673728632611	0.70451803800465	376.73031366685	0
10.004	0.36087100506813	0.70227872385997	376.73031366685	0
10.008	0.36498520395331	0.7000180633388	376.73031366685	0
10.012	0.36907981203251	0.6977362213911	376.73031366685	0
10.016	0.37315475963782	0.6954333625628	376.73031366685	0
10.02	0.37720997836932	0.69310965098879	376.73031366685	0
10.024	0.38124540108191	0.69076525038615	376.73031366685	0
10.028	0.3852609618722	0.68840032404752	376.73031366685	0
10.032	0.38925659606539	0.68601503483468	376.73031366685	0
10.036	0.39323224020223	0.68360954517236	376.73031366685	0
10.04	0.39718783202604	0.68118401704217	376.73031366685	0
10.044	0.40112331046972	0.67873861197674	376.73031366685	0
10.048	0.40503861564283	0.67627349105409	376.73031366685	0
10.052	0.40893368881877	0.67378881489208	376.73031366685	0
10.056	0.41280847242193	0.67128474364315	376.73031366685	0
10.06	0.41666291001494	0.66876143698912	376.73031366685	0
10.064	0.42049694628598	0.6662190541363	376.73031366685	0
10.068	0.42431052703611	0.66365775381061	376.73031366685	0
10.072	0.42810359916667	0.66107769425301	376.73031366685	0
10.076	0.43187611066675	0.65847903321502	376.73031366685	0
10.08	0.43562801060072	0.65586192795442	376.73031366685	0
10.084	0.4393592490958	0.65322653523115	376.73031366685	0
10.088	0.4430697773297	0.65057301130326	376.73031366685	0
10.092	0.44675954751831	0.64790151192318	376.73031366685	0
10.096	0.45042851290352	0.645212192334	376.73031366685	0
10.1	0.45407662774097	0.642505207266	376.73031366685	0
10.104	0.45770384728803	0.63978071093324	376.73031366685	0
10.108	0.46131012779169	0.63703885703045	376.73031366685	0
10.112	0.46489542647664	0.63427979872985	376.73031366685	0
10.116	0.46845970153336	0.63150368867836	376.73031366685	0
10.12	0.47200291210627	0.62871067899471	376.73031366685	0
10.124	0.47552501828196	0.62590092126692	376.73031366685	0
10.128	0.47902598107755	0.62307456654972	376.73031366685	0
10.132	0.48250576242901	0.62023176536227	376.73031366685	0
10.136	0.48596432517964	0.61737266768587	376.73031366685	0
10.14	0.4894016330686	0.61449742296195	376.73031366685	0
10.144	0.49281765071949	0.61160618009005	376.73031366685	0
10.148	0.49621234362904	0.60869908742604	376.73031366685	0
10.152	0.49958567815584	0.6057762927804	376.73031366685	0
10.156	0.50293762150918	0.60283794341665	376.73031366685	0
10.16	0.50626814173794	0.59988418604991	376.73031366685	0
10.164	0.50957720771956	0.59691516684556	376.73031366685	0
10.168	0.5128647891491	0.59393103141804	376.73031366685	0
10.172	0.51613085652838	0.59093192482977	376.73031366685	0
10.176	0.51937538115517	0.58791799159013	376.73031366685	0
10.18	0.52259833511247	0.58488937565468	376.73031366685	0
10.184	0.52579969125789	0.58184622042431	376.73031366685	0
10.188	0.52897942321311	0.57878866874469	376.73031366685	0
10.192	0.53213750535337	0.57571686290569	376.73031366685	0
10.196	0.53527391279706	0.57263094464099	376.73031366685	0
10.2	0.53838862139548	0.56953105512772	376.73031366685	0
10.204	0.54148160772252	0.56641733498628	376.73031366685	0
10.208	0.54455284906453	0.56328992428021	376.73031366685	0
10.212	0.54760232341026	0.56014896251621	376.73031366685	0
10.216	0.55063000944087	0.55699458864417	376.73031366685	0
10.22	0.55363588651998	0.5538269410574	376.73031366685	0
10.224	0.55661993468386	0.55064615759287	376.73031366685	0
10.228	0.55958213463169	0.54745237553161	376.73031366685	0
10.232	0.56252246771588	0.54424573159917	376.73031366685	0
10.236	0.56544091593248	0.54102636196615	376.73031366685	0
10.24	0.56833746191165	0.53779440224885	376.73031366685	0
10.244	0.57121208890831	0.53454998751001	376.73031366685	0
10.248	0.5740647807927	0.53129325225961	376.73031366685	0
10.252	0.57689552204121	0.52802433045578	376.73031366685	0
10.256	0.57970429772713	0.52474335550577	376.73031366685	0
10.26	0.58249109351161	0.521450460267	376.73031366685	0
10.264	0.58525589563459	0.51814577704822	376.73031366685	0
10.268	0.58799869090592	0.51482943761073	376.73031366685	0
10.272	0.59071946669648	0.51150157316966	376.73031366685	0
10.276	0.59341821092942	0.50816231439534	376.73031366685	0
10.28	0.59609491207145	0.50481179141475	376.73031366685	0
10.284	0.59874955912428	0.50145013381307	376.73031366685	0
10.288	0.60138214161604	0.49807747063518	376.73031366685	0
10.292	0.60399264959289	0.49469393038742	376.73031366685	0
10.296	0.60658107361062	0.49129964103926	376.73031366685	0
10.3	0.60914740472638	0.48789473002507	376.73031366685	0
10.304	0.61169163449049	0.48447932424607	376.73031366685	0
10.308	0.61421375493831	0.48105355007215	376.73031366685	0
10.312	0.6167137585822	0.47761753334393	376.73031366685	0
10.316	0.61919163840357	0.47417139937477	376.73031366685	0
10.32	0.621647387845	0.47071527295289	376.73031366685	0
10.324	0.62408100080244	0.46724927834357	376.73031366685	0
10.328	0.62649247161749	0.46377353929134	376.73031366685	0
10.332	0.62888179506976	0.46028817902227	376.73031366685	0
10.336	0.63124896636932	0.45679332024634	376.73031366685	0
10.34	0.63359398114922	0.45328908515982	376.73031366685	0
10.344	0.63591683545808	0.44977559544771	376.73031366685	0
10.348	0.63821752575275	0.44625297228628	376.73031366685	0
10.352	0.64049604889112	0.44272133634558	376.73031366685	0
10.356	0.6427524021249	0.43918080779211	376.73031366685	0
10.36	0.64498658309256	0.4356315062914	376.73031366685	0
10.364	0.6471985898123	0.43207355101078	376.73031366685	0
10.368	0.64938842067514	0.42850706062212	376.73031366685	0
10.372	0.65155607443804	0.4249321533046	376.73031366685	0
10.376	0.65370155021715	0.42134894674759	376.73031366685	0
10.38	0.65582484748105	0.41775755815354	376.73031366685	0
10.384	0.65792596604421	0.41415810424089	376.73031366685	0
10.388	0.66000490606033	0.41055070124707	376.73031366685	0
10.392	0.66206166801596	0.40693546493152	376.73031366685	0
10.396	0.66409625272406	0.40331251057874	376.73031366685	0
10.4	0.66610866131764	0.39968195300139	376.73031366685	0
10.404	0.66809889524356	0.39604390654346	376.73031366685	0
10.408	0.67006695625634	0.3923984850834	376.73031366685	0
10.412	0.67201284641201	0.38874580203738	376.73031366685	0
10.416	0.67393656806215	0.38508597036254	376.73031366685	0
10.42	0.67583812384788	0.38141910256024	376.73031366685	0
10.424	0.67771751669397	0.37774531067944	376.73031366685	0
10.428	0.67957474980309	0.37406470632001	376.73031366685	0
10.432	0.68140982664997	0.37037740063618	376.73031366685	0
10.436	0.68322275097583	0.3666835043399	376.73031366685	0
10.44	0.6850135267827	0.36298312770434	376.73031366685	0
10.444	0.68678215832794	0.35927638056738	376.73031366685	0
10.448	0.68852865011877	0.35556337233512	376.73031366685	0
10.452	0.69025300690688	0.35184421198543	376.73031366685	0
10.456	0.6919552336831	0.34811900807151	376.73031366685	0
10.46	0.69363533567217	0.34438786872556	376.73031366685	0
10.464	0.69529331832758	0.34065090166235	376.73031366685	0
10.468	0.69692918732638	0.33690821418293	376.73031366685	0
10.472	0.69854294856425	0.33315991317827	376.73031366685	0
10.476	0.70013460815043	0.32940610513303	376.73031366685	0
10.48	0.70170417240286	0.32564689612929	376.73031366685	0
10.484	0.70325164784333	0.32188239185029	376.73031366685	0
10.488	0.70477704119271	0.31811269758424	376.73031366685	0
10.492	0.70628035936623	0.31433791822813	376.73031366685	0
10.496	0.70776160946886	0.3105581582916	376.73031366685	0
10.5	0.70922079879073	0.30677352190073	376.73031366685	0
10.504	0.71065793480259	0.302984112802	376.73031366685	0
10.508	0.71207302515142	0.29919003436614	376.73031366685	0
10.512	0.713466077656	0.29539138959208	376.73031366685	0
10.516	0.71483710030263	0.29158828111091	376.73031366685	0
10.52	0.71618610124086	0.28778081118978	376.73031366685	0
10.524	0.71751308877931	0.28396908173599	376.73031366685	0
10.528	0.71881807138151	0.2801531943009	376.73031366685	0
10.532	0.72010105766192	0.27633325008401	376.73031366685	0
10.536	0.72136205638183	0.27250934993696	376.73031366685	0
10.54	0.7226010764455	0.26868159436763	376.73031366685	0
10.544	0.72381812689625	0.26485008354418	376.73031366685	0
10.548	0.72501321691263	0.2610149172992	376.73031366685	0
10.552	0.72618635580473	0.25717619513373	376.73031366685	0
10.556	0.7273375530104	0.25333401622147	376.73031366685	0
10.56	0.7284668180917	0.24948847941287	376.73031366685	0
10.564	0.72957416073125	0.24563968323931	376.73031366685	0
10.568	0.7306595907288	0.24178772591727	376.73031366685	0
10.572	0.73172311799771	0.23793270535251	376.73031366685	0
10.576	0.73276475256159	0.23407471914427	376.73031366685	0
10.58	0.73378450455095	0.23021386458948	376.73031366685	0
10.584	0.73478238419993	0.22635023868701	376.73031366685	0
10.588	0.7357584018431	0.22248393814188	376.73031366685	0
10.592	0.73671256791226	0.21861505936954	376.73031366685	0
10.596	0.73764489293337	0.21474369850013	376.73031366685	0
10.6	0.73855538752347	0.21086995138274	376.73031366685	0
10.604	0.73944406238775	0.20699391358971	376.73031366685	0
10.608	0.74031092831654	0.20311568042097	376.73031366685	0
10.612	0.74115599618251	0.19923534690829	376.73031366685	0
10.616	0.74197927693778	0.19535300781964	376.73031366685	0
10.62	0.74278078161122	0.19146875766354	376.73031366685	0
10.624	0.74356052130569	0.18758269069337	376.73031366685	0
10.628	0.74431850719542	0.18369490091175	376.73031366685	0
10.632	0.74505475052339	0.1798054820749	376.73031366685	0
10.636	0.7457692625988	0.17591452769704	376.73031366685	0
10.64	0.74646205479458	0.17202213105473	376.73031366685	0
10.644	0.74713313854494	0.1681283851913	376.73031366685	0
10.648	0.74778252534299	0.16423338292125	376.73031366685	0
10.652	0.74841022673845	0.16033721683466	376.73031366685	0
10.656	0.74901625433531	0.15643997930163	376.73031366685	0
10.66	0.74960061978967	0.15254176247667	376.73031366685	0
10.664	0.75016333480753	0.1486426583032	376.73031366685	0
10.668	0.7507044111427	0.14474275851793	376.73031366685	0
10.672	0.75122386059472	0.14084215465539	376.73031366685	0
10.676	0.75172169500685	0.13694093805235	376.73031366685	0
10.68	0.75219792626413	0.1330391998523	376.73031366685	0
10.684	0.75265256629146	0.12913703100991	376.73031366685	0
10.688	0.75308562705174	0.12523452229559	376.73031366685	0
10.692	0.75349712054405	0.1213317642999	376.73031366685	0
10.696	0.75388705880194	0.11742884743811	376.73031366685	0
10.7	0.75425545389172	0.11352586195469	376.73031366685	0
10.704	0.75460231791076	0.1096228979278	376.73031366685	0
10.708	0.75492766298594	0.10572004527389	376.73031366685	0
10.712	0.7552315012721	0.10181739375214	376.73031366685	0
10.716	0.7555138449505	0.097915032969064	376.73031366685	0
10.72	0.75577470622744	0.094013052383031	376.73031366685	0
10.724	0.75601409733276	0.090111541308806	376.73031366685	0
10.728	0.75623203051862	0.086210588922122	376.73031366685	0
10.732	0.75642851805807	0.082310284264237	376.73031366685	0
10.736	0.75660357224391	0.078410716246503	376.73031366685	0
10.74	0.75675720538741	0.074511973654948	376.73031366685	0
10.744	0.75688942981724	0.07061414515485	376.73031366685	0
10.748	0.75700025787827	0.066717319295326	376.73031366685	0
10.752	0.75708970193061	0.062821584513935	376.73031366685	0
10.756	0.75715777434855	0.058927029141262	376.73031366685	0
10.76	0.75720448751965	0.055033741405537	376.73031366685	0
10.764	0.7572298538438	0.051141809437238	376.73031366685	0
10.768	0.75723388573238	0.04725132127371	376.73031366685	0
10.772	0.75721659560745	0.043362364863794	376.73031366685	0
10.776	0.757177995901	0.039475028072442	376.73031366685	0
10.78	0.75711809905424	0.035589398685358	376.73031366685	0
10.784	0.75703691751693	0.031705564413642	376.73031366685	0
10.788	0.75693446374678	0.027823612898425	376.73031366685	0
10.792	0.75681075020887	0.023943631715523	376.73031366685	0
10.796	0.75666578937518	0.020065708380092	376.73031366685	0
10.8	0.75649959372406	0.016189930351288	376.73031366685	0
10.804	0.75631217573987	0.01231638503694	376.73031366685	0
10.808	0.75610354791257	0.0084451597982081	376.73031366685	0
10.812	0.75587372273743	0.0045763419542693	376.73031366685	0
10.816	0.75562271271474	0.00071001878700293	376.73031366685	0
10.82	0.75535053034959	-0.0031537224543394	376.73031366685	0
10.824	0.75505718815172	-0.0070147945484181	376.73031366685	0
10.828	0.75474269863536	-0.010873110297126	376.73031366685	0
10.832	0.75440707431916	-0.014728582520881	376.73031366685	0
10.836	0.75405032772619	-0.018581124053909	376.73031366685	0
10.84	0.75367247138392	-0.022430647739544	376.73031366685	0
10.844	0.75327351782432	-0.026277066425505	376.73031366685	0
10.848	0.75285347958397	-0.030120292959168	376.73031366685	0
10.852	0.75241236920423	-0.033960240182844	376.73031366685	0
10.856	0.75195019923142	-0.037796820929038	376.73031366685	0
10.86	0.75146698221717	-0.041629948015718	376.73031366685	0
10.864	0.75096273071864	-0.045459534241567	376.73031366685	0
10.868	0.75043745729894	-0.049285492381231	376.73031366685	0
10.872	0.74989117452753	-0.05310773518057	376.73031366685	0
10.876	0.7493238949807	-0.056926175351895	376.73031366685	0
10.88	0.74873563124205	-0.060740725569207	376.73031366685	0
10.884	0.74812639590306	-0.064551298463424	376.73031366685	0
10.888	0.74749620156374	-0.068357806617601	376.73031366685	0
10.892	0.74684506083324	-0.072160162562165	376.73031366685	0
10.896	0.74617298633062	-0.075958278770117	376.73031366685	0
10.9	0.74547999068555	-0.079752067652242	376.73031366685	0
10.904	0.74476608653918	-0.083541441552322	376.73031366685	0
10.908	0.744031286545	-0.087326312742329	376.73031366685	0
10.912	0.7432756033697	-0.091106593417623	376.73031366685	0
10.916	0.74249904969421	-0.094882195692138	376.73031366685	0
10.92	0.74170163821469	-0.098653031593566	376.73031366685	0
10.924	0.74088338164359	-0.10241901305854	376.73031366685	0
10.928	0.7400442927108	-0.10618005192781	376.73031366685	0
10.932	0.7391843841648	-0.1099360599414	376.73031366685	0
10.936	0.73830366877391	-0.11368694873378	376.73031366685	0
10.94	0.73740215932754	-0.11743262982904	376.73031366685	0
10.944	0.73647986863757	-0.12117301463601	376.73031366685	0
10.948	0.73553680953971	-0.12490801444344	376.73031366685	0
10.952	0.73457299489494	-0.12863754041512	376.73031366685	0
10.956	0.73358843759101	-0.13236150358504	376.73031366685	0
10.96	0.73258315054399	-0.13607981485252	376.73031366685	0
10.964	0.73155714669988	-0.13979238497732	376.73031366685	0
10.968	0.73051043903626	-0.14349912457477	376.73031366685	0
10.972	0.729443040564	-0.14719994411093	376.73031366685	0
10.976	0.72835496432906	-0.15089475389765	376.73031366685	0
10.98	0.72724622341426	-0.15458346408769	376.73031366685	0
10.984	0.72611683094124	-0.15826598466986	376.73031366685	0
10.988	0.72496680007232	-0.16194222546409	376.73031366685	0
10.992	0.72379614401254	-0.16561209611652	376.73031366685	0
10.996	0.72260487601172	-0.16927550609462	376.73031366685	0
11	0.72139300936653	-0.17293236468226	376.73031366685	0
11.004	0.72016055742271	-0.17658258097477	376.73031366685	0
11.008	0.71890753357727	-0.18022606387407	376.73031366685	0
11.012	0.71763395128078	-0.1838627220837	376.73031366685	0
11.016	0.71633982403972	-0.1874924641039	376.73031366685	0
11.02	0.71502516541889	-0.19111519822669	376.73031366685	0
11.024	0.71368998904386	-0.1947308325309	376.73031366685	0
11.028	0.71233430860356	-0.19833927487727	376.73031366685	0
11.032	0.71095813785277	-0.20194043290346	376.73031366685	0
11.036	0.70956149061487	-0.20553421401913	376.73031366685	0
11.04	0.70814438078451	-0.20912052540098	376.73031366685	0
11.044	0.70670682233037	-0.21269927398778	376.73031366685	0
11.048	0.70524882929805	-0.2162703664754	376.73031366685	0
11.052	0.70377041581294	-0.2198337093119	376.73031366685	0
11.056	0.7022715960832	-0.22338920869249	376.73031366685	0
11.06	0.70075238440281	-0.22693677055461	376.73031366685	0
11.064	0.69921279515466	-0.23047630057293	376.73031366685	0
11.068	0.69765284281371	-0.2340077041544	376.73031366685	0
11.072	0.69607254195025	-0.23753088643324	376.73031366685	0
11.076	0.69447190723318	-0.24104575226599	376.73031366685	0
11.08	0.69285095343339	-0.24455220622649	376.73031366685	0
11.084	0.6912096954272	-0.24805015260094	376.73031366685	0
11.088	0.68954814819989	-0.25153949538287	376.73031366685	0
11.092	0.68786632684924	-0.25502013826819	376.73031366685	0
11.096	0.68616424658922	-0.25849198465017	376.73031366685	0
11.1	0.68444192275369	-0.26195493761445	376.73031366685	0
11.104	0.68269937080019	-0.26540889993408	376.73031366685	0
11.108	0.68093660631384	-0.26885377406451	376.73031366685	0
11.112	0.67915364501125	-0.27228946213857	376.73031366685	0
11.116	0.67735050274456	-0.27571586596151	376.73031366685	0
11.12	0.6755271955055	-0.27913288700601	376.73031366685	0
11.124	0.6736837394296	-0.28254042640717	376.73031366685	0
11.128	0.67182015080038	-0.28593838495752	376.73031366685	0
11.132	0.66993644605373	-0.28932666310205	376.73031366685	0
11.136	0.66803264178227	-0.2927051609332	376.73031366685	0
11.14	0.66610875473983	-0.29607377818587	376.73031366685	0
11.144	0.66416480184604	-0.29943241423246	376.73031366685	0
11.148	0.66220080019092	-0.30278096807786	376.73031366685	0
11.152	0.66021676703965	-0.3061193383545	376.73031366685	0
11.156	0.65821271983733	-0.30944742331734	376.73031366685	0
11.16	0.6561886762139	-0.31276512083894	376.73031366685	0
11.164	0.65414465398908	-0.31607232840444	376.73031366685	0
11.168	0.65208067117746	-0.31936894310664	376.73031366685	0
11.172	0.64999674599359	-0.32265486164102	376.73031366685	0
11.176	0.64789289685726	-0.3259299803008	376.73031366685	0
11.18	0.64576914239879	-0.32919419497198	376.73031366685	0
11.184	0.64362550146442	-0.3324474011284	376.73031366685	0
11.188	0.64146199312181	-0.33568949382682	376.73031366685	0
11.192	0.63927863666567	-0.33892036770198	376.73031366685	0
11.196	0.63707545162333	-0.34213991696168	376.73031366685	0
11.2	0.63485245776063	-0.34534803538189	376.73031366685	0
11.204	0.63260967508769	-0.34854461630184	376.73031366685	0
11.208	0.63034712386488	-0.35172955261912	376.73031366685	0
11.212	0.62806482460891	-0.35490273678479	376.73031366685	0
11.216	0.62576279809894	-0.35806406079857	376.73031366685	0
11.22	0.62344106538283	-0.36121341620391	376.73031366685	0
11.224	0.62109964778346	-0.36435069408319	376.73031366685	0
11.228	0.61873856690523	-0.36747578505288	376.73031366685	0
11.232	0.61635784464055	-0.37058857925872	376.73031366685	0
11.236	0.61395750317648	-0.3736889663709	376.73031366685	0
11.24	0.61153756500152	-0.37677683557933	376.73031366685	0
11.244	0.60909805291242	-0.37985207558879	376.73031366685	0
11.248	0.60663899002113	-0.38291457461425	376.73031366685	0
11.252	0.6041603997619	-0.38596422037607	376.73031366685	0
11.256	0.60166230589841	-0.38900090009534	376.73031366685	0
11.26	0.59914473253106	-0.39202450048916	376.73031366685	0
11.264	0.59660770410437	-0.39503490776595	376.73031366685	0
11.268	0.59405124541442	-0.3980320076208	376.73031366685	0
11.272	0.59147538161653	-0.40101568523087	376.73031366685	0
11.276	0.58888013823293	-0.40398582525075	376.73031366685	0
11.28	0.58626554116062	-0.40694231180785	376.73031366685	0
11.284	0.58363161667929	-0.40988502849793	376.73031366685	0
11.288	0.58097839145943	-0.41281385838047	376.73031366685	0
11.292	0.57830589257046	-0.41572868397422	376.73031366685	0
11.296	0.57561414748909	-0.41862938725274	376.73031366685	0
11.3	0.57290318410768	-0.42151584963989	376.73031366685	0
11.304	0.57017303074286	-0.42438795200549	376.73031366685	0
11.308	0.56742371614412	-0.42724557466089	376.73031366685	0
11.312	0.56465526950265	-0.43008859735466	376.73031366685	0
11.316	0.56186772046024	-0.43291689926823	376.73031366685	0
11.32	0.55906109911833	-0.43573035901166	376.73031366685	0
11.324	0.55623543604716	-0.43852885461941	376.73031366685	0
11.328	0.55339076229511	-0.44131226354608	376.73031366685	0
11.332	0.55052710939808	-0.44408046266232	376.73031366685	0
11.336	0.5476445093891	-0.4468333282507	376.73031366685	0
11.34	0.54474299480798	-0.44957073600159	376.73031366685	0
11.344	0.54182259871118	-0.45229256100922	376.73031366685	0
11.348	0.53888335468175	-0.45499867776762	376.73031366685	0
11.352	0.53592529683944	-0.45768896016676	376.73031366685	0
11.356	0.53294845985093	-0.4603632814886	376.73031366685	0
11.36	0.52995287894024	-0.46302151440333	376.73031366685	0
11.364	0.5269385898992	-0.46566353096555	376.73031366685	0
11.368	0.52390562909819	-0.46828920261057	376.73031366685	0
11.372	0.52085403349686	-0.47089840015076	376.73031366685	0
11.376	0.51778384065515	-0.47349099377192	376.73031366685	0
11.38	0.51469508874434	-0.47606685302976	376.73031366685	0
11.384	0.51158781655836	-0.47862584684643	376.73031366685	0
11.388	0.50846206352511	-0.48116784350707	376.73031366685	0
11.392	0.50531786971807	-0.48369271065653	376.73031366685	0
11.396	0.50215527586795	-0.48620031529601	376.73031366685	0
11.4	0.49897432337459	-0.48869052377994	376.73031366685	0
11.404	0.49577505431894	-0.4911632018128	376.73031366685	0
11.408	0.49255751147522	-0.49361821444607	376.73031366685	0
11.412	0.48932173832323	-0.49605542607528	376.73031366685	0
11.416	0.48606777906089	-0.49847470043709	376.73031366685	0
11.42	0.48279567861678	-0.50087590060649	376.73031366685	0
11.424	0.47950548266305	-0.50325888899405	376.73031366685	0
11.428	0.47619723762829	-0.50562352734332	376.73031366685	0
11.432	0.47287099071073	-0.50796967672828	376.73031366685	0
11.436	0.46952678989147	-0.51029719755083	376.73031366685	0
11.44	0.466164683948	-0.51260594953851	376.73031366685	0
11.444	0.46278472246778	-0.51489579174218	376.73031366685	0
11.448	0.45938695586207	-0.5171665825339	376.73031366685	0
11.452	0.45597143537989	-0.51941817960485	376.73031366685	0
11.456	0.45253821312214	-0.52165043996341	376.73031366685	0
11.46	0.44908734205595	-0.52386321993331	376.73031366685	0
11.464	0.44561887602914	-0.5260563751519	376.73031366685	0
11.468	0.44213286978489	-0.52822976056856	376.73031366685	0
11.472	0.43862937897661	-0.53038323044322	376.73031366685	0
11.476	0.4351084601829	-0.53251663834496	376.73031366685	0
11.48	0.43157017092281	-0.53462983715085	376.73031366685	0
11.484	0.42801456967118	-0.53672267904474	376.73031366685	0
11.488	0.42444171587422	-0.53879501551638	376.73031366685	0
11.492	0.42085166996525	-0.54084669736054	376.73031366685	0
11.496	0.41724449338063	-0.54287757467631	376.73031366685	0
11.5	0.41362024857585	-0.54488749686657	376.73031366685	0
11.504	0.40997899904188	-0.54687631263756	376.73031366685	0
11.508	0.40632080932162	-0.54884386999866	376.73031366685	0
11.512	0.40264574502656	-0.55079001626226	376.73031366685	0
11.516	0.39895387285369	-0.55271459804385	376.73031366685	0
11.52	0.39524526060251	-0.55461746126223	376.73031366685	0
11.524	0.39151997719232	-0.55649845113988	376.73031366685	0
11.528	0.38777809267962	-0.55835741220358	376.73031366685	0
11.532	0.38401967827574	-0.56019418828512	376.73031366685	0
11.536	0.38024480636469	-0.56200862252221	376.73031366685	0
11.54	0.37645355052116	-0.56380055735958	376.73031366685	0
11.544	0.37264598552873	-0.56556983455034	376.73031366685	0
11.548	0.36882218739831	-0.56731629515736	376.73031366685	0
11.552	0.36498223338668	-0.56903977955508	376.73031366685	0
11.556	0.36112620201535	-0.57074012743129	376.73031366685	0
11.56	0.35725417308956	-0.57241717778929	376.73031366685	0
11.564	0.35336622771742	-0.57407076895021	376.73031366685	0
11.568	0.34946244832937	-0.57570073855547	376.73031366685	0
11.572	0.34554291869775	-0.57730692356963	376.73031366685	0
11.576	0.34160772395656	-0.57888916028328	376.73031366685	0
11.58	0.33765695062151	-0.58044728431632	376.73031366685	0
11.584	0.33369068661019	-0.58198113062136	376.73031366685	0
11.588	0.32970902126244	-0.58349053348747	376.73031366685	0
11.592	0.32571204536096	-0.58497532654409	376.73031366685	0
11.596	0.32169985115212	-0.58643534276523	376.73031366685	0
11.6	0.31767253236692	-0.58787041447396	376.73031366685	0
11.604	0.31363018424217	-0.58928037334713	376.73031366685	0
11.608	0.30957290354194	-0.59066505042035	376.73031366685	0
11.612	0.30550078857909	-0.59202427609331	376.73031366685	0
11.616	0.30141393923708	-0.59335788013532	376.73031366685	0
11.62	0.29731245699194	-0.59466569169118	376.73031366685	0
11.624	0.29319644493449	-0.59594753928733	376.73031366685	0
11.628	0.28906600779267	-0.5972032508383	376.73031366685	0
11.632	0.28492125195415	-0.59843265365351	376.73031366685	0
11.636	0.28076228548909	-0.59963557444433	376.73031366685	0
11.64	0.2765892181731	-0.60081183933149	376.73031366685	0
11.644	0.27240216151041	-0.60196127385283	376.73031366685	0
11.648	0.26820122875719	-0.60308370297135	376.73031366685	0
11.652	0.26398653494515	-0.6041789510837	376.73031366685	0
11.656	0.25975819690518	-0.60524684202885	376.73031366685	0
11.66	0.25551633329137	-0.60628719909731	376.73031366685	0
11.664	0.25126106460503	-0.60729984504056	376.73031366685	0
11.668	0.246992513219	-0.60828460208096	376.73031366685	0
11.672	0.24271080340217	-0.60924129192197	376.73031366685	0
11.676	0.23841606134404	-0.61016973575881	376.73031366685	0
11.68	0.23410841517964	-0.61106975428945	376.73031366685	0
11.684	0.22978799501446	-0.61194116772608	376.73031366685	0
11.688	0.22545493294966	-0.61278379580695	376.73031366685	0
11.692	0.22110936310745	-0.61359745780859	376.73031366685	0
11.696	0.21675142165653	-0.61438197255855	376.73031366685	0
11.7	0.21238124683784	-0.61513715844849	376.73031366685	0
11.704	0.20799897899035	-0.61586283344775	376.73031366685	0
11.708	0.20360476057713	-0.61655881511738	376.73031366685	0
11.712	0.19919873621142	-0.61722492062458	376.73031366685	0
11.716	0.19478105268301	-0.61786096675768	376.73031366685	0
11.72	0.19035185898466	-0.61846676994153	376.73031366685	0
11.724	0.18591130633871	-0.61904214625342	376.73031366685	0
11.728	0.18145954822382	-0.61958691143945	376.73031366685	0
11.732	0.17699674040183	-0.62010088093147	376.73031366685	0
11.736	0.17252304094479	-0.62058386986443	376.73031366685	0
11.74	0.16803861026207	-0.62103569309436	376.73031366685	0
11.744	0.16354361112764	-0.6214561652168	376.73031366685	0
11.748	0.1590382087074	-0.62184510058578	376.73031366685	0
11.752	0.15452257058668	-0.6222023133334	376.73031366685	0
11.756	0.14999686679783	-0.62252761738988	376.73031366685	0
11.76	0.14546126984786	-0.62282082650426	376.73031366685	0
11.764	0.1409159547463	-0.62308175426561	376.73031366685	0
11.768	0.13636109903294	-0.62331021412484	376.73031366685	0
11.772	0.13179688280588	-0.62350601941714	376.73031366685	0
11.776	0.12722348874948	-0.62366898338499	376.73031366685	0
11.78	0.12264110216246	-0.62379891920177	376.73031366685	0
11.784	0.11804991098602	-0.62389563999599	376.73031366685	0
11.788	0.11345010583206	-0.62395895887623	376.73031366685	0
11.792	0.10884188001135	-0.6239886889566	376.73031366685	0
11.796	0.10422542956187	-0.62398464338292	376.73031366685	0
11.8	0.099600953277039	-0.62394663535958	376.73031366685	0
11.804	0.094968652734046	-0.62387447817702	376.73031366685	0
11.808	0.090328732322165	-0.62376798523989	376.73031366685	0
11.812	0.085681399271058	-0.62362697009595	376.73031366685	0
11.816	0.081026863679096	-0.62345124646563	376.73031366685	0
11.82	0.076365338541615	-0.62324062827227	376.73031366685	0
11.824	0.071697039779186	-0.62299492967318	376.73031366685	0
11.828	0.067022186265811	-0.62271396509128	376.73031366685	0
11.832	0.062340999857078	-0.62239754924765	376.73031366685	0
11.836	0.057653705418259	-0.62204549719464	376.73031366685	0
11.84	0.052960530852311	-0.62165762434993	376.73031366685	0
11.844	0.048261707127803	-0.62123374653119	376.73031366685	0
11.848	0.043557468306748	-0.62077367999162	376.73031366685	0
11.852	0.038848051572302	-0.62027724145624	376.73031366685	0
11.856	0.034133697256359	-0.61974424815895	376.73031366685	0
11.86	0.029414648866981	-0.61917451788048	376.73031366685	0
11.864	0.024691153115698	-0.61856786898704	376.73031366685	0
11.868	0.019963459944627	-0.6179241204699	376.73031366685	0
11.872	0.015231822553401	-0.61724309198569	376.73031366685	0
11.876	0.010496497425919	-0.61652460389767	376.73031366685	0
11.88	0.0057577443568659	-0.61576847731775	376.73031366685	0
11.884	0.001015826478009	-0.61497453414941	376.73031366685	0
11.888	-0.0037289897157449	-0.61414259713146	376.73031366685	0
11.892	-0.0084764343405724	-0.61327248988274	376.73031366685	0
11.896	-0.013226234098221	-0.61236403694764	376.73031366685	0
11.9	-0.017978112250789	-0.61141706384253	376.73031366685	0
11.904	-0.022731788595846	-0.6104313971031	376.73031366685	0
11.908	-0.027486979441857	-0.6094068643326	376.73031366685	0
11.912	-0.03224339758398	-0.60834329425102	376.73031366685	0
11.916	-0.037000752280228	-0.60724051674516	376.73031366685	0
11.92	-0.041758749228011	-0.60609836291964	376.73031366685	0
11.924	-0.04651709054112	-0.60491666514889	376.73031366685	0
11.928	-0.051275474727113	-0.60369525712999	376.73031366685	0
11.932	-0.056033596665162	-0.60243397393657	376.73031366685	0
11.936	-0.060791147584392	-0.60113265207361	376.73031366685	0
11.94	-0.065547815042694	-0.59979112953317	376.73031366685	0
11.944	-0.070303282906073	-0.59840924585118	376.73031366685	0
11.948	-0.075057231328531	-0.59698684216515	376.73031366685	0
11.952	-0.079809336732515	-0.59552376127281	376.73031366685	0
11.956	-0.084559271789966	-0.59401984769184	376.73031366685	0
11.96	-0.089306705403971	-0.59247494772053	376.73031366685	0
11.964	-0.094051302691051	-0.59088890949939	376.73031366685	0
11.968	-0.09879272496413	-0.58926158307383	376.73031366685	0
11.972	-0.10353062971618	-0.58759282045784	376.73031366685	0
11.976	-0.10826467060459	-0.58588247569856	376.73031366685	0
11.98	-0.11299449743625	-0.58413040494199	376.73031366685	0
11.984	-0.11771975615349	-0.58233646649961	376.73031366685	0
11.988	-0.12244008882067	-0.58050052091607	376.73031366685	0
11.992	-0.12715513361177	-0.57862243103781	376.73031366685	0
11.996	-0.13186452479868	-0.57670206208277	376.73031366685	0
12	-0.1365678927405	-0.57473928171102	376.73031366685	0

Curvelabel          = SZmax(1),Zmax(1)_(2)
Filename            = ^cSZmax(1)Zmax(1).sig
Npoints             = 1001
Type                = 8
Subtype             = 16
Result type         = complex:none;impedance
View type           = Cartesian
Plot type           = Phase
Parameters          = {C_off=0.16; C_on_approx=1000; Cx=0.16; Cy=1000; L1=2.9; L_diode=0.45; Lpin=0.45; R1=2.5; R_off=10; R_on=1; Rx=10; Ry=1; S1=0.3; W1=6; W2=5.3; alpha1=60; antipad_d=0.8; bias_w=0.2; common_return_y=2; eps_bond=3.52; eps_f4bm=2.65; eps_fr4=4.4; fmax=12; fmin=8; h1=3; h2=0.5; hbond=0.1; p=15; phi=0; phi_inc=0; pin_inset=0.02; sigma_cu=5.8e+07; tand_bond=0.004; tand_f4bm=0.003; tand_fr4=0.02; tcu=0.035; theta=0; theta_inc=0; via_d=0.3}
Data/Title          = S-Parameters
X/Label             = Frequency
X/Unit              = GHz
Y/Unit              = 
Y/Logfactor         = 20
Plot/wrapHeuristics = 0

8	0.89925287917969	0.22190471693192	376.73031366685	0
8.004	0.90158239299348	0.21503080560435	376.73031366685	0
8.008	0.90383459338802	0.20819272540842	376.73031366685	0
8.012	0.90601109114203	0.20139042651314	376.73031366685	0
8.016	0.90811345555699	0.19462384302655	376.73031366685	0
8.02	0.910143215536	0.18789289406519	376.73031366685	0
8.024	0.91210186063956	0.18119748476641	376.73031366685	0
8.028	0.91399084211821	0.17453750724601	376.73031366685	0
8.032	0.91581157392212	0.16791284150433	376.73031366685	0
8.036	0.91756543368747	0.16132335628325	376.73031366685	0
8.04	0.91925376369996	0.15476890987662	376.73031366685	0
8.044	0.92087787183549	0.14824935089655	376.73031366685	0
8.048	0.92243903247813	0.14176451899786	376.73031366685	0
8.052	0.92393848741577	0.13531424556265	376.73031366685	0
8.056	0.92537744671355	0.12889835434736	376.73031366685	0
8.06	0.92675708956551	0.12251666209391	376.73031366685	0
8.064	0.92807856512457	0.11616897910703	376.73031366685	0
8.068	0.92934299331134	0.1098551097994	376.73031366685	0
8.072	0.93055146560208	0.10357485320631	376.73031366685	0
8.076	0.93170504579602	0.097328003471384	376.73031366685	0
8.08	0.93280477076262	0.091114350304931	376.73031366685	0
8.084	0.93385165116899	0.084933679416273	376.73031366685	0
8.088	0.93484667218795	0.078785772921453	376.73031366685	0
8.092	0.93579079418704	0.072670409727586	376.73031366685	0
8.096	0.93668495339901	0.066587365895079	376.73031366685	0
8.1	0.93753006257399	0.060536414978855	376.73031366685	0
8.104	0.93832701161393	0.054517328349703	376.73031366685	0
8.108	0.93907666818963	0.048529875496788	376.73031366685	0
8.112	0.93977987834069	0.042573824312299	376.73031366685	0
8.116	0.94043746705895	0.036648941359168	376.73031366685	0
8.12	0.94105023885562	0.030754992122772	376.73031366685	0
8.124	0.94161897831261	0.024891741247434	376.73031366685	0
8.128	0.94214445061839	0.019058952758559	376.73031366685	0
8.132	0.94262740208883	0.013256390271101	376.73031366685	0
8.136	0.94306856067329	0.0074838171851635	376.73031366685	0
8.14	0.94346863644638	0.0017409968693465	376.73031366685	0
8.144	0.94382832208576	-0.0039723071674591	376.73031366685	0
8.148	0.94414829333633	-0.0096563311152653	376.73031366685	0
8.152	0.9444292094611	-0.015311310712532	376.73031366685	0
8.156	0.94467171367917	-0.020937481105545	376.73031366685	0
8.16	0.94487643359103	-0.026535076717078	376.73031366685	0
8.164	0.94504398159162	-0.032104331123866	376.73031366685	0
8.168	0.94517495527137	-0.037645476942378	376.73031366685	0
8.172	0.94526993780553	-0.043158745722466	376.73031366685	0
8.176	0.94532949833218	-0.048644367848434	376.73031366685	0
8.18	0.94535419231904	-0.05410257244716	376.73031366685	0
8.184	0.94534456191941	-0.059533587302827	376.73031366685	0
8.188	0.94530113631767	-0.06493763877793	376.73031366685	0
8.192	0.94522443206422	-0.070314951740178	376.73031366685	0
8.196	0.94511495340049	-0.075665749494983	376.73031366685	0
8.2	0.94497319257399	-0.080990253723172	376.73031366685	0
8.204	0.94479963014367	-0.086288684423624	376.73031366685	0
8.208	0.94459473527587	-0.091561259860534	376.73031366685	0
8.212	0.94435896603091	-0.096808196515012	376.73031366685	0
8.216	0.94409276964062	-0.10202970904071	376.73031366685	0
8.22	0.94379658277688	-0.10722601022321	376.73031366685	0
8.224	0.94347083181135	-0.11239731094291	376.73031366685	0
8.228	0.94311593306648	-0.11754382014114	376.73031366685	0
8.232	0.94273229305797	-0.12266574478913	376.73031366685	0
8.236	0.94232030872866	-0.12776328985975	376.73031366685	0
8.24	0.94188036767407	-0.13283665830154	376.73031366685	0
8.244	0.94141284835944	-0.13788605101484	376.73031366685	0
8.248	0.9409181203285	-0.14291166682968	376.73031366685	0
8.252	0.94039654440377	-0.14791370248515	376.73031366685	0
8.256	0.93984847287855	-0.15289235260975	376.73031366685	0
8.26	0.93927424970035	-0.15784780970256	376.73031366685	0
8.264	0.93867421064589	-0.16278026411456	376.73031366685	0
8.268	0.93804868348731	-0.16768990402979	376.73031366685	0
8.272	0.9373979881497	-0.17257691544573	376.73031366685	0
8.276	0.93672243685957	-0.17744148215233	376.73031366685	0
8.28	0.9360223342841	-0.18228378570887	376.73031366685	0
8.284	0.93529797766105	-0.18710400541801	376.73031366685	0
8.288	0.93454965691886	-0.19190231829581	376.73031366685	0
8.292	0.93377765478681	-0.19667889903688	376.73031366685	0
8.296	0.93298224689491	-0.20143391997303	376.73031366685	0
8.3	0.93216370186308	-0.20616755102408	376.73031366685	0
8.304	0.93132228137962	-0.21087995963879	376.73031366685	0
8.308	0.93045824026845	-0.2155713107238	376.73031366685	0
8.312	0.92957182654518	-0.22024176655783	376.73031366685	0
8.316	0.92866328146201	-0.22489148668805	376.73031366685	0
8.32	0.92773283954163	-0.22952062780483	376.73031366685	0
8.324	0.92678072860087	-0.23412934359041	376.73031366685	0
8.328	0.92580716976512	-0.2387177845362	376.73031366685	0
8.332	0.92481237747542	-0.24328609772235	376.73031366685	0
8.336	0.923796559491	-0.24783442655235	376.73031366685	0
8.34	0.92275991689153	-0.25236291043373	376.73031366685	0
8.344	0.92170264408519	-0.25687168439504	376.73031366685	0
8.348	0.92062492883101	-0.26136087862738	376.73031366685	0
8.352	0.91952695228782	-0.26583061793735	376.73031366685	0
8.356	0.91840888910591	-0.27028102109703	376.73031366685	0
8.36	0.9172709075843	-0.27471220007526	376.73031366685	0
8.364	0.91611316992347	-0.27912425913453	376.73031366685	0
8.368	0.91493583261362	-0.28351729377841	376.73031366685	0
8.372	0.91373904701119	-0.28789138953788	376.73031366685	0
8.376	0.91252296017105	-0.29224662059145	376.73031366685	0
8.38	0.91128771602067	-0.29658304822577	376.73031366685	0
8.384	0.91003345698305	-0.30090071916301	376.73031366685	0
8.388	0.90876032617722	-0.30519966381186	376.73031366685	0
8.392	0.90746847034576	-0.3094798945441	376.73031366685	0
8.396	0.90615804367238	-0.31374140416361	376.73031366685	0
8.4	0.90482921265099	-0.31798416482245	376.73031366685	0
8.404	0.90348216213658	-0.3222081277523	376.73031366685	0
8.408	0.90211710262963	-0.32641322431589	376.73031366685	0
8.412	0.90073427869322	-0.33059936902927	376.73031366685	0
8.416	0.89933397814949	-0.33476646533421	376.73031366685	0
8.42	0.89791654132736	-0.338914414957	376.73031366685	0
8.424	0.89648236913534	-0.34304313159605	376.73031366685	0
8.428	0.89503192815894	-0.34715255933046	376.73031366685	0
8.432	0.89356575045124	-0.35124269542916	376.73031366685	0
8.436	0.89208442541768	-0.35531361611008	376.73031366685	0
8.44	0.89058858149173	-0.3593655023287	376.73031366685	0
8.444	0.88907885645765	-0.36339866116061	376.73031366685	0
8.448	0.88755585743333	-0.36741353733087	376.73031366685	0
8.452	0.88602011443042	-0.37141070962321	376.73031366685	0
8.456	0.88447203430415	-0.37539086881177	376.73031366685	0
8.46	0.88291186364621	-0.37935477738077	376.73031366685	0
8.464	0.88133966869266	-0.38330321578678	376.73031366685	0
8.468	0.87975533725718	-0.38723692385532	376.73031366685	0
8.472	0.87815860281318	-0.39115654753678	376.73031366685	0
8.476	0.87654908579942	-0.3950625999269	376.73031366685	0
8.48	0.8749263437963	-0.39895544168275	376.73031366685	0
8.484	0.87328992143286	-0.40283528122516	376.73031366685	0
8.488	0.87163939258457	-0.40670219108522	376.73031366685	0
8.492	0.86997439056022	-0.41055613450678	376.73031366685	0
8.496	0.86829462526508	-0.41439699613114	376.73031366685	0
8.5	0.86659988882783	-0.41822461173207	376.73031366685	0
8.504	0.86489005252762	-0.42203879375172	376.73031366685	0
8.508	0.86316505816948	-0.42583935113917	376.73031366685	0
8.512	0.86142490668258	-0.42962610333472	376.73031366685	0
8.516	0.85966964602795	-0.43339888906719	376.73031366685	0
8.52	0.85789935977353	-0.4371575710056	376.73031366685	0
8.524	0.8561141570789	-0.44090203736756	376.73031366685	0
8.528	0.85431416438171	-0.44463220146901	376.73031366685	0
8.532	0.85249951878883	-0.44834800000695	376.73031366685	0
8.536	0.85067036301318	-0.45204939066369	376.73031366685	0
8.54	0.8488268416257	-0.45573634944136	376.73031366685	0
8.544	0.84696909837643	-0.45940886799186	376.73031366685	0
8.548	0.84509727435465	-0.46306695110045	376.73031366685	0
8.552	0.84321150678885	-0.46671061440694	376.73031366685	0
8.556	0.84131192832202	-0.47033988239815	376.73031366685	0
8.56	0.83939866663176	-0.47395478667497	376.73031366685	0
8.564	0.83747184429379	-0.47755536447867	376.73031366685	0
8.568	0.83553157881274	-0.48114165745248	376.73031366685	0
8.572	0.83357798276302	-0.48471371061006	376.73031366685	0
8.576	0.83161116399886	-0.48827157148288	376.73031366685	0
8.58	0.82963122590374	-0.49181528941952	376.73031366685	0
8.584	0.82763826765852	-0.49534491501297	376.73031366685	0
8.588	0.82563238451422	-0.49886049963449	376.73031366685	0
8.592	0.82361366805988	-0.50236209505602	376.73031366685	0
8.596	0.82158220647971	-0.5058497531454	376.73031366685	0
8.6	0.81953808479576	-0.50932352562155	376.73031366685	0
8.604	0.8174813850945	-0.51278346385871	376.73031366685	0
8.608	0.81541218673647	-0.51622961873068	376.73031366685	0
8.612	0.81333056654907	-0.51966204048779	376.73031366685	0
8.616	0.81123659900318	-0.52308077866042	376.73031366685	0
8.62	0.8091303563744	-0.52648588198413	376.73031366685	0
8.624	0.80701190889001	-0.52987739834227	376.73031366685	0
8.628	0.80488132486267	-0.53325537472281	376.73031366685	0
8.632	0.80273867081211	-0.53661985718667	376.73031366685	0
8.636	0.80058401157588	-0.53997089084526	376.73031366685	0
8.64	0.79841741041005	-0.54330851984553	376.73031366685	0
8.644	0.79623892908109	-0.54663278736098	376.73031366685	0
8.648	0.7940486279496	-0.54994373558751	376.73031366685	0
8.652	0.79184656604682	-0.55324140574306	376.73031366685	0
8.656	0.78963280114464	-0.55652583807037	376.73031366685	0
8.66	0.78740738981981	-0.55979707184201	376.73031366685	0
8.664	0.78517038751283	-0.56305514536748	376.73031366685	0
8.668	0.78292184858226	-0.56630009600156	376.73031366685	0
8.672	0.78066182635476	-0.56953196015398	376.73031366685	0
8.676	0.77839037317133	-0.57275077329978	376.73031366685	0
8.68	0.77610754043023	-0.57595656999035	376.73031366685	0
8.684	0.77381337862677	-0.57914938386494	376.73031366685	0
8.688	0.7715079373904	-0.58232924766236	376.73031366685	0
8.692	0.76919126551927	-0.58549619323298	376.73031366685	0
8.696	0.76686341101264	-0.5886502515507	376.73031366685	0
8.7	0.76452442110114	-0.59179145272501	376.73031366685	0
8.704	0.7621743422753	-0.59491982601297	376.73031366685	0
8.708	0.75981322031237	-0.59803539983106	376.73031366685	0
8.712	0.75744110030161	-0.60113820176699	376.73031366685	0
8.716	0.75505802666828	-0.60422825859122	376.73031366685	0
8.72	0.75266404319625	-0.60730559626844	376.73031366685	0
8.724	0.75025919304958	-0.61037023996879	376.73031366685	0
8.728	0.74784351879298	-0.61342221407885	376.73031366685	0
8.732	0.74541706241132	-0.61646154221247	376.73031366685	0
8.736	0.74297986532826	-0.61948824722139	376.73031366685	0
8.74	0.74053196842408	-0.62250235120561	376.73031366685	0
8.744	0.73807341205269	-0.62550387552354	376.73031366685	0
8.748	0.73560423605804	-0.62849284080202	376.73031366685	0
8.752	0.73312447978978	-0.63146926694603	376.73031366685	0
8.756	0.73063418211844	-0.63443317314822	376.73031366685	0
8.76	0.72813338144992	-0.63738457789831	376.73031366685	0
8.764	0.72562211573957	-0.64032349899217	376.73031366685	0
8.768	0.72310042250571	-0.64324995354081	376.73031366685	0
8.772	0.72056833884275	-0.64616395797915	376.73031366685	0
8.776	0.71802590143388	-0.64906552807457	376.73031366685	0
8.78	0.71547314656328	-0.65195467893536	376.73031366685	0
8.784	0.71291011012808	-0.6548314250189	376.73031366685	0
8.788	0.7103368276499	-0.65769578013977	376.73031366685	0
8.792	0.707753334286	-0.66054775747766	376.73031366685	0
8.796	0.70515966484025	-0.66338736958509	376.73031366685	0
8.8	0.70255585377371	-0.66621462839501	376.73031366685	0
8.804	0.69994193521491	-0.66902954522829	376.73031366685	0
8.808	0.69731794296993	-0.67183213080099	376.73031366685	0
8.812	0.69468391053219	-0.67462239523155	376.73031366685	0
8.816	0.69203987109197	-0.67740034804783	376.73031366685	0
8.82	0.68938585754578	-0.68016599819403	376.73031366685	0
8.824	0.6867219025054	-0.68291935403745	376.73031366685	0
8.828	0.6840480383068	-0.68566042337519	376.73031366685	0
8.832	0.68136429701882	-0.68838921344066	376.73031366685	0
8.836	0.67867071045165	-0.69110573091004	376.73031366685	0
8.84	0.67596731016513	-0.69380998190862	376.73031366685	0
8.844	0.6732541274769	-0.69650197201696	376.73031366685	0
8.848	0.67053119347032	-0.69918170627707	376.73031366685	0
8.852	0.6677985390023	-0.70184918919838	376.73031366685	0
8.856	0.66505619471091	-0.70450442476367	376.73031366685	0
8.86	0.66230419102286	-0.70714741643488	376.73031366685	0
8.864	0.65954255816085	-0.70977816715887	376.73031366685	0
8.868	0.65677132615073	-0.712396679373	376.73031366685	0
8.872	0.6539905248286	-0.71500295501074	376.73031366685	0
8.876	0.6512001838477	-0.71759699550711	376.73031366685	0
8.88	0.64840033268522	-0.72017880180405	376.73031366685	0
8.884	0.64559100064894	-0.72274837435575	376.73031366685	0
8.888	0.64277221688386	-0.72530571313387	376.73031366685	0
8.892	0.63994401037855	-0.72785081763267	376.73031366685	0
8.896	0.63710640997151	-0.73038368687409	376.73031366685	0
8.9	0.63425944435742	-0.7329043194128	376.73031366685	0
8.904	0.63140314209318	-0.73541271334106	376.73031366685	0
8.908	0.62853753160398	-0.73790886629362	376.73031366685	0
8.912	0.62566264118918	-0.74039277545253	376.73031366685	0
8.916	0.62277849902813	-0.74286443755186	376.73031366685	0
8.92	0.61988513318589	-0.74532384888235	376.73031366685	0
8.924	0.61698257161885	-0.74777100529604	376.73031366685	0
8.928	0.61407084218026	-0.75020590221083	376.73031366685	0
8.932	0.61114997262574	-0.75262853461491	376.73031366685	0
8.936	0.60821999061857	-0.75503889707126	376.73031366685	0
8.94	0.60528092373503	-0.75743698372197	376.73031366685	0
8.944	0.6023327994696	-0.75982278829259	376.73031366685	0
8.948	0.59937564524009	-0.76219630409638	376.73031366685	0
8.952	0.59640948839268	-0.76455752403853	376.73031366685	0
8.956	0.59343435620692	-0.76690644062032	376.73031366685	0
8.96	0.59045027590067	-0.76924304594323	376.73031366685	0
8.964	0.58745727463487	-0.77156733171298	376.73031366685	0
8.968	0.58445537951838	-0.77387928924362	376.73031366685	0
8.972	0.58144461761268	-0.77617890946139	376.73031366685	0
8.976	0.57842501593648	-0.77846618290875	376.73031366685	0
8.98	0.57539660147032	-0.78074109974819	376.73031366685	0
8.984	0.5723594011611	-0.78300364976608	376.73031366685	0
8.988	0.56931344192656	-0.78525382237648	376.73031366685	0
8.992	0.5662587506596	-0.78749160662488	376.73031366685	0
8.996	0.56319535423273	-0.78971699119191	376.73031366685	0
9	0.56012327950227	-0.79192996439703	376.73031366685	0
9.004	0.55704255331266	-0.79413051420212	376.73031366685	0
9.008	0.55395320250059	-0.79631862821514	376.73031366685	0
9.012	0.55085525389913	-0.79849429369362	376.73031366685	0
9.016	0.54774873434184	-0.80065749754824	376.73031366685	0
9.02	0.5446336706668	-0.80280822634628	376.73031366685	0
9.024	0.54151008972055	-0.80494646631509	376.73031366685	0
9.028	0.53837801836206	-0.80707220334551	376.73031366685	0
9.032	0.53523748346662	-0.80918542299523	376.73031366685	0
9.036	0.53208851192966	-0.8112861104922	376.73031366685	0
9.04	0.52893113067056	-0.8133742507379	376.73031366685	0
9.044	0.52576536663642	-0.81544982831066	376.73031366685	0
9.048	0.52259124680573	-0.81751282746889	376.73031366685	0
9.052	0.51940879819212	-0.81956323215437	376.73031366685	0
9.056	0.5162180478479	-0.82160102599541	376.73031366685	0
9.06	0.51301902286772	-0.82362619231004	376.73031366685	0
9.064	0.50981175039209	-0.82563871410915	376.73031366685	0
9.068	0.50659625761092	-0.82763857409963	376.73031366685	0
9.072	0.50337257176697	-0.82962575468747	376.73031366685	0
9.076	0.50014072015931	-0.83160023798081	376.73031366685	0
9.08	0.49690073014674	-0.833562005793	376.73031366685	0
9.084	0.49365262915113	-0.83551103964563	376.73031366685	0
9.088	0.49039644466079	-0.83744732077152	376.73031366685	0
9.092	0.48713220423375	-0.8393708301177	376.73031366685	0
9.096	0.48385993550106	-0.84128154834836	376.73031366685	0
9.1	0.48057966617	-0.84317945584779	376.73031366685	0
9.104	0.47729142402732	-0.84506453272331	376.73031366685	0
9.108	0.4739952369424	-0.8469367588081	376.73031366685	0
9.112	0.47069113287038	-0.84879611366416	376.73031366685	0
9.116	0.46737913985534	-0.85064257658508	376.73031366685	0
9.12	0.46405928603334	-0.85247612659893	376.73031366685	0
9.124	0.46073159963547	-0.85429674247102	376.73031366685	0
9.128	0.45739610899096	-0.85610440270676	376.73031366685	0
9.132	0.45405284253008	-0.85789908555438	376.73031366685	0
9.136	0.45070182878724	-0.85968076900773	376.73031366685	0
9.14	0.44734309640382	-0.861449430809	376.73031366685	0
9.144	0.44397667413121	-0.86320504845148	376.73031366685	0
9.148	0.44060259083365	-0.86494759918222	376.73031366685	0
9.152	0.43722087549112	-0.86667706000478	376.73031366685	0
9.156	0.4338315572022	-0.86839340768189	376.73031366685	0
9.16	0.4304346651869	-0.8700966187381	376.73031366685	0
9.164	0.42703022878948	-0.87178666946248	376.73031366685	0
9.168	0.4236182774812	-0.87346353591121	376.73031366685	0
9.172	0.42019884086313	-0.87512719391025	376.73031366685	0
9.176	0.41677194866884	-0.87677761905792	376.73031366685	0
9.18	0.41333763076715	-0.87841478672752	376.73031366685	0
9.184	0.40989591716482	-0.88003867206992	376.73031366685	0
9.188	0.40644683800922	-0.88164925001613	376.73031366685	0
9.192	0.40299042359098	-0.88324649527988	376.73031366685	0
9.196	0.39952670434664	-0.88483038236016	376.73031366685	0
9.2	0.39605571086125	-0.88640088554378	376.73031366685	0
9.204	0.39257747387097	-0.88795797890789	376.73031366685	0
9.208	0.38909202426563	-0.88950163632251	376.73031366685	0
9.212	0.38559939309132	-0.89103183145305	376.73031366685	0
9.216	0.38209961155288	-0.89254853776283	376.73031366685	0
9.22	0.37859271101645	-0.89405172851554	376.73031366685	0
9.224	0.37507872301196	-0.89554137677774	376.73031366685	0
9.228	0.37155767923563	-0.89701745542138	376.73031366685	0
9.232	0.36802961155237	-0.89847993712621	376.73031366685	0
9.236	0.36449455199829	-0.89992879438227	376.73031366685	0
9.24	0.36095253278313	-0.90136399949236	376.73031366685	0
9.244	0.35740358629261	-0.90278552457447	376.73031366685	0
9.248	0.35384774509087	-0.90419334156421	376.73031366685	0
9.252	0.35028504192284	-0.90558742221726	376.73031366685	0
9.256	0.3467155097166	-0.90696773811179	376.73031366685	0
9.26	0.34313918158571	-0.90833426065088	376.73031366685	0
9.264	0.33955609083154	-0.90968696106492	376.73031366685	0
9.268	0.33596627094561	-0.91102581041404	376.73031366685	0
9.272	0.33236975561182	-0.91235077959047	376.73031366685	0
9.276	0.32876657870881	-0.91366183932097	376.73031366685	0
9.28	0.32515677431216	-0.91495896016918	376.73031366685	0
9.284	0.32154037669667	-0.91624211253802	376.73031366685	0
9.288	0.31791742033857	-0.91751126667206	376.73031366685	0
9.292	0.31428793991776	-0.91876639265987	376.73031366685	0
9.296	0.31065197032	-0.92000746043641	376.73031366685	0
9.3	0.30700954663909	-0.92123443978534	376.73031366685	0
9.304	0.30336070417905	-0.92244730034137	376.73031366685	0
9.308	0.29970547845629	-0.92364601159265	376.73031366685	0
9.312	0.29604390520172	-0.92483054288302	376.73031366685	0
9.316	0.29237602036292	-0.92600086341439	376.73031366685	0
9.32	0.28870186010621	-0.92715694224903	376.73031366685	0
9.324	0.28502146081878	-0.92829874831187	376.73031366685	0
9.328	0.28133485911077	-0.92942625039283	376.73031366685	0
9.332	0.27764209181735	-0.93053941714906	376.73031366685	0
9.336	0.27394319600074	-0.93163821710725	376.73031366685	0
9.34	0.27023820895231	-0.93272261866587	376.73031366685	0
9.344	0.26652716819459	-0.93379259009746	376.73031366685	0
9.348	0.26281011148326	-0.93484809955085	376.73031366685	0
9.352	0.25908707680921	-0.93588911505338	376.73031366685	0
9.356	0.2553581024005	-0.93691560451314	376.73031366685	0
9.36	0.25162322672437	-0.93792753572116	376.73031366685	0
9.364	0.24788248848916	-0.93892487635358	376.73031366685	0
9.368	0.24413592664636	-0.93990759397385	376.73031366685	0
9.372	0.24038358039249	-0.94087565603484	376.73031366685	0
9.376	0.23662548917105	-0.94182902988098	376.73031366685	0
9.38	0.23286169267451	-0.94276768275038	376.73031366685	0
9.384	0.22909223084619	-0.94369158177686	376.73031366685	0
9.388	0.22531714388218	-0.94460069399208	376.73031366685	0
9.392	0.22153647223331	-0.94549498632747	376.73031366685	0
9.396	0.21775025660701	-0.94637442561627	376.73031366685	0
9.4	0.21395853796925	-0.94723897859548	376.73031366685	0
9.404	0.21016135754647	-0.94808861190778	376.73031366685	0
9.408	0.20635875682747	-0.94892329210336	376.73031366685	0
9.412	0.20255077756537	-0.94974298564181	376.73031366685	0
9.416	0.19873746177952	-0.95054765889382	376.73031366685	0
9.42	0.19491885175746	-0.95133727814299	376.73031366685	0
9.424	0.19109499005692	-0.95211180958741	376.73031366685	0
9.428	0.18726591950775	-0.95287121934131	376.73031366685	0
9.432	0.18343168321401	-0.95361547343656	376.73031366685	0
9.436	0.179592324556	-0.95434453782412	376.73031366685	0
9.44	0.17574788719234	-0.95505837837544	376.73031366685	0
9.444	0.17189841506217	-0.95575696088369	376.73031366685	0
9.448	0.16804395238736	-0.95644025106493	376.73031366685	0
9.452	0.1641845436748	-0.95710821455925	376.73031366685	0
9.456	0.1603202337188	-0.95776081693164	376.73031366685	0
9.46	0.15645106760356	-0.95839802367289	376.73031366685	0
9.464	0.15257709070585	-0.95901980020023	376.73031366685	0
9.468	0.14869834869772	-0.95962611185794	376.73031366685	0
9.472	0.14481488754949	-0.9602169239177	376.73031366685	0
9.476	0.14092675353287	-0.96079220157889	376.73031366685	0
9.48	0.13703399322436	-0.9613519099686	376.73031366685	0
9.484	0.13313665350891	-0.96189601414158	376.73031366685	0
9.488	0.12923478158387	-0.96242447907991	376.73031366685	0
9.492	0.12532842496336	-0.96293726969253	376.73031366685	0
9.496	0.12141763148303	-0.96343435081456	376.73031366685	0
9.5	0.11750244930535	-0.96391568720644	376.73031366685	0
9.504	0.11358292692541	-0.96438124355284	376.73031366685	0
9.508	0.10965911317746	-0.96483098446147	376.73031366685	0
9.512	0.10573105724214	-0.96526487446168	376.73031366685	0
9.516	0.1017988086546	-0.96568287800292	376.73031366685	0
9.52	0.097862417313661	-0.9660849594532	376.73031366685	0
9.524	0.093921933492042	-0.96647108309745	376.73031366685	0
9.528	0.089977407847954	-0.96684121313601	376.73031366685	0
9.532	0.086028891438134	-0.96719531368327	376.73031366685	0
9.536	0.082076435732577	-0.96753334876666	376.73031366685	0
9.54	0.078120092631145	-0.96785528232618	376.73031366685	0
9.544	0.074159914482292	-0.96816107821466	376.73031366685	0
9.548	0.070195954104158	-0.96845070019918	376.73031366685	0
9.552	0.066228264808236	-0.96872411196389	376.73031366685	0
9.556	0.062256900425905	-0.96898127711484	376.73031366685	0
9.56	0.058281915338016	-0.9692221591874	376.73031366685	0
9.564	0.054303364507712	-0.96944672165696	376.73031366685	0
9.568	0.050321303516626	-0.96965492795381	376.73031366685	0
9.572	0.046335788604446	-0.96984674148336	376.73031366685	0
9.576	0.042346876711712	-0.97002212565277	376.73031366685	0
9.58	0.038354625525501	-0.9701810439057	376.73031366685	0
9.584	0.034359093527307	-0.97032345976664	376.73031366685	0
9.588	0.030360340042096	-0.97044933689678	376.73031366685	0
9.592	0.026358425286929	-0.9705586391635	376.73031366685	0
9.596	0.022353410416904	-0.97065133072544	376.73031366685	0
9.6	0.018345357565371	-0.97072737613539	376.73031366685	0
9.604	0.014334329874377	-0.97078674046268	376.73031366685	0
9.608	0.010320391510184	-0.97082938943637	376.73031366685	0
9.612	0.0063036076575187	-0.97085528960981	376.73031366685	0
9.616	0.0022840444849455	-0.97086440854531	376.73031366685	0
9.62	-0.0017382309272616	-0.97085671501607	376.73031366685	0
9.624	-0.0057631507061281	-0.97083217921974	376.73031366685	0
9.628	-0.0097906463613191	-0.97079077299433	376.73031366685	0
9.632	-0.013820649025227	-0.97073247002353	376.73031366685	0
9.636	-0.017853089763851	-0.97065724601379	376.73031366685	0
9.64	-0.021887899960183	-0.97056507882141	376.73031366685	0
9.644	-0.025925011765374	-0.97045594850423	376.73031366685	0
9.648	-0.0299643586044	-0.97032983727081	376.73031366685	0
9.652	-0.034005875712502	-0.97018672930127	376.73031366685	0
9.656	-0.038049500667645	-0.97002661041916	376.73031366685	0
9.66	-0.042095173874008	-0.96984946760367	376.73031366685	0
9.664	-0.046142838944315	-0.96965528834666	376.73031366685	0
9.668	-0.050192442927266	-0.96944405987758	376.73031366685	0
9.672	-0.054243936332162	-0.96921576830004	376.73031366685	0
9.676	-0.058297272917338	-0.96897039770229	376.73031366685	0
9.68	-0.062352409231454	-0.96870792931701	376.73031366685	0
9.684	-0.066409303924304	-0.96842834080962	376.73031366685	0
9.688	-0.070467916872432	-0.96813160576629	376.73031366685	0
9.692	-0.074528208188967	-0.96781769343406	376.73031366685	0
9.696	-0.078590137202213	-0.96748656873758	376.73031366685	0
9.7	-0.08265366149033	-0.96713819256554	376.73031366685	0
9.704	-0.086718736049838	-0.96677252229019	376.73031366685	0
9.708	-0.090785312655655	-0.96638951246038	376.73031366685	0
9.712	-0.094853339444502	-0.96598911559635	376.73031366685	0
9.716	-0.098922760726476	-0.96557128301256	376.73031366685	0
9.72	-0.10299351700621	-0.96513596560348	376.73031366685	0
9.724	-0.10706554517796	-0.9646831145417	376.73031366685	0
9.728	-0.11113877884975	-0.96421268185582	376.73031366685	0
9.732	-0.11521314874951	-0.96372462087294	376.73031366685	0
9.736	-0.1192885831699	-0.96321888652607	376.73031366685	0
9.74	-0.12336500841555	-0.96269543553727	376.73031366685	0
9.744	-0.12744234922591	-0.96215422649498	376.73031366685	0
9.748	-0.1315205291552	-0.96159521984667	376.73031366685	0
9.752	-0.1355994708998	-0.96101837782861	376.73031366685	0
9.756	-0.13967909656925	-0.96042366435256	376.73031366685	0
9.76	-0.14375932790218	-0.95981104486638	376.73031366685	0
9.764	-0.14784008643147	-0.95918048620237	376.73031366685	0
9.768	-0.15192129360473	-0.95853195642348	376.73031366685	0
9.772	-0.15600287086697	-0.95786542467498	376.73031366685	0
9.776	-0.16008473971224	-0.95718086104621	376.73031366685	0
9.78	-0.16416682171082	-0.9564782364454	376.73031366685	0
9.784	-0.16824903851742	-0.95575752248878	376.73031366685	0
9.788	-0.17233131186543	-0.95501869140426	376.73031366685	0
9.792	-0.17641356355113	-0.95426171594909	376.73031366685	0
9.796	-0.18049571541118	-0.95348656934065	376.73031366685	0
9.8	-0.18457768929583	-0.952693225199	376.73031366685	0
9.804	-0.18865940703988	-0.95188165749997	376.73031366685	0
9.808	-0.19274079043285	-0.95105184053744	376.73031366685	0
9.812	-0.1968217611893	-0.95020374889341	376.73031366685	0
9.816	-0.20090224092012	-0.94933735741489	376.73031366685	0
9.82	-0.20498215110534	-0.9484526411964	376.73031366685	0
9.824	-0.20906141306858	-0.94754957556713	376.73031366685	0
9.828	-0.21313994795341	-0.94662813608212	376.73031366685	0
9.832	-0.21721767670175	-0.94568829851652	376.73031366685	0
9.836	-0.2212945200341	-0.94473003886258	376.73031366685	0
9.84	-0.22537039843173	-0.94375333332866	376.73031366685	0
9.844	-0.22944523212061	-0.94275815833998	376.73031366685	0
9.848	-0.23351894105704	-0.94174449054074	376.73031366685	0
9.852	-0.23759144491476	-0.94071230679728	376.73031366685	0
9.856	-0.24166266307358	-0.93966158420205	376.73031366685	0
9.86	-0.24573251460922	-0.93859230007825	376.73031366685	0
9.864	-0.24980091828437	-0.93750443198497	376.73031366685	0
9.868	-0.25386779254077	-0.93639795772267	376.73031366685	0
9.872	-0.25793305549228	-0.93527285533888	376.73031366685	0
9.876	-0.26199662491879	-0.93412910313414	376.73031366685	0
9.88	-0.2660584182609	-0.93296667966806	376.73031366685	0
9.884	-0.2701183526153	-0.93178556376535	376.73031366685	0
9.888	-0.27417634473072	-0.93058573452202	376.73031366685	0
9.892	-0.27823231100451	-0.92936717131145	376.73031366685	0
9.896	-0.28228616747962	-0.92812985379052	376.73031366685	0
9.9	-0.28633782984207	-0.92687376190566	376.73031366685	0
9.904	-0.29038721341882	-0.92559887589884	376.73031366685	0
9.908	-0.29443423317595	-0.92430517631356	376.73031366685	0
9.912	-0.29847880371722	-0.92299264400068	376.73031366685	0
9.916	-0.3025208392828	-0.92166126012426	376.73031366685	0
9.92	-0.3065602537484	-0.92031100616728	376.73031366685	0
9.924	-0.31059696062452	-0.91894186393734	376.73031366685	0
9.928	-0.31463087305593	-0.91755381557221	376.73031366685	0
9.932	-0.31866190382137	-0.91614684354543	376.73031366685	0
9.936	-0.32268996533338	-0.91472093067171	376.73031366685	0
9.94	-0.32671496963833	-0.91327606011237	376.73031366685	0
9.944	-0.33073682841652	-0.91181221538068	376.73031366685	0
9.948	-0.33475545298249	-0.91032938034716	376.73031366685	0
9.952	-0.33877075428541	-0.90882753924479	376.73031366685	0
9.956	-0.34278264290953	-0.90730667667422	376.73031366685	0
9.96	-0.34679102907487	-0.90576677760888	376.73031366685	0
9.964	-0.35079582263785	-0.90420782740011	376.73031366685	0
9.968	-0.35479693309209	-0.9026298117822	376.73031366685	0
9.972	-0.35879426956931	-0.9010327168774	376.73031366685	0
9.976	-0.36278774084026	-0.89941652920089	376.73031366685	0
9.98	-0.36677725531573	-0.89778123566575	376.73031366685	0
9.984	-0.37076272104766	-0.89612682358788	376.73031366685	0
9.988	-0.37474404573031	-0.89445328069085	376.73031366685	0
9.992	-0.37872113670147	-0.89276059511081	376.73031366685	0
9.996	-0.38269390094374	-0.8910487554013	376.73031366685	0
10	-0.38666224508593	-0.88931775053806	376.73031366685	0
10.004	-0.39062607540439	-0.88756756992383	376.73031366685	0
10.008	-0.39458529782455	-0.88579820339315	376.73031366685	0
10.012	-0.39853981792238	-0.88400964121705	376.73031366685	0
10.016	-0.40248954092599	-0.88220187410787	376.73031366685	0
10.02	-0.40643437171728	-0.8803748932239	376.73031366685	0
10.024	-0.41037421483355	-0.87852869017417	376.73031366685	0
10.028	-0.4143089744693	-0.87666325702307	376.73031366685	0
10.032	-0.41823855447797	-0.87477858629507	376.73031366685	0
10.036	-0.42216285837379	-0.87287467097938	376.73031366685	0
10.04	-0.42608178933364	-0.87095150453461	376.73031366685	0
10.044	-0.42999525019901	-0.86900908089341	376.73031366685	0
10.048	-0.43390314347794	-0.86704739446708	376.73031366685	0
10.052	-0.43780537134706	-0.86506644015026	376.73031366685	0
10.056	-0.4417018356537	-0.86306621332547	376.73031366685	0
10.06	-0.44559243791797	-0.86104670986777	376.73031366685	0
10.064	-0.44947707933494	-0.8590079261493	376.73031366685	0
10.068	-0.45335566077688	-0.85694985904395	376.73031366685	0
10.072	-0.45722808279551	-0.85487250593184	376.73031366685	0
10.076	-0.46109424562433	-0.85277586470397	376.73031366685	0
10.08	-0.46495404918098	-0.85065993376674	376.73031366685	0
10.084	-0.46880739306964	-0.84852471204651	376.73031366685	0
10.088	-0.47265417658352	-0.84637019899415	376.73031366685	0
10.092	-0.47649429870735	-0.84419639458956	376.73031366685	0
10.096	-0.48032765811992	-0.84200329934621	376.73031366685	0
10.1	-0.48415415319676	-0.83979091431568	376.73031366685	0
10.104	-0.48797368201269	-0.83755924109209	376.73031366685	0
10.108	-0.49178614234462	-0.83530828181672	376.73031366685	0
10.112	-0.49559143167425	-0.83303803918238	376.73031366685	0
10.116	-0.49938944719089	-0.83074851643798	376.73031366685	0
10.12	-0.50318008579431	-0.82843971739296	376.73031366685	0
10.124	-0.50696324409764	-0.82611164642175	376.73031366685	0
10.128	-0.51073881843032	-0.82376430846825	376.73031366685	0
10.132	-0.51450670484113	-0.82139770905024	376.73031366685	0
10.136	-0.51826679910118	-0.81901185426383	376.73031366685	0
10.14	-0.52201899670706	-0.81660675078789	376.73031366685	0
10.144	-0.52576319288399	-0.81418240588841	376.73031366685	0
10.148	-0.52949928258899	-0.81173882742297	376.73031366685	0
10.152	-0.53322716051417	-0.80927602384504	376.73031366685	0
10.156	-0.53694672109	-0.80679400420843	376.73031366685	0
10.16	-0.54065785848868	-0.80429277817161	376.73031366685	0
10.164	-0.54436046662755	-0.80177235600204	376.73031366685	0
10.168	-0.54805443917253	-0.79923274858055	376.73031366685	0
10.172	-0.55173966954165	-0.79667396740561	376.73031366685	0
10.176	-0.55541605090857	-0.79409602459767	376.73031366685	0
10.18	-0.55908347620624	-0.7914989329034	376.73031366685	0
10.184	-0.5627418381305	-0.78888270570004	376.73031366685	0
10.188	-0.56639102914388	-0.78624735699956	376.73031366685	0
10.192	-0.57003094147926	-0.78359290145299	376.73031366685	0
10.196	-0.57366146714377	-0.78091935435457	376.73031366685	0
10.2	-0.57728249792263	-0.778226731646	376.73031366685	0
10.204	-0.58089392538306	-0.77551504992061	376.73031366685	0
10.208	-0.58449564087827	-0.77278432642755	376.73031366685	0
10.212	-0.58808753555149	-0.77003457907587	376.73031366685	0
10.216	-0.59166950034004	-0.76726582643875	376.73031366685	0
10.22	-0.59524142597943	-0.76447808775753	376.73031366685	0
10.224	-0.59880320300763	-0.76167138294583	376.73031366685	0
10.228	-0.60235472176921	-0.75884573259361	376.73031366685	0
10.232	-0.60589587241969	-0.75600115797121	376.73031366685	0
10.236	-0.60942654492986	-0.75313768103338	376.73031366685	0
10.24	-0.61294662909018	-0.75025532442329	376.73031366685	0
10.244	-0.61645601451522	-0.74735411147646	376.73031366685	0
10.248	-0.61995459064819	-0.74443406622478	376.73031366685	0
10.252	-0.62344224676546	-0.74149521340035	376.73031366685	0
10.256	-0.62691887198116	-0.73853757843945	376.73031366685	0
10.26	-0.6303843552519	-0.7355611874864	376.73031366685	0
10.264	-0.63383858538142	-0.73256606739736	376.73031366685	0
10.268	-0.63728145102537	-0.72955224574421	376.73031366685	0
10.272	-0.64071284069615	-0.7265197508183	376.73031366685	0
10.276	-0.64413264276779	-0.72346861163424	376.73031366685	0
10.28	-0.64754074548081	-0.72039885793361	376.73031366685	0
10.284	-0.65093703694728	-0.71731052018866	376.73031366685	0
10.288	-0.6543214051558	-0.71420362960602	376.73031366685	0
10.292	-0.65769373797661	-0.71107821813027	376.73031366685	0
10.296	-0.66105392316668	-0.70793431844764	376.73031366685	0
10.3	-0.66440184837498	-0.70477196398949	376.73031366685	0
10.304	-0.66773740114764	-0.70159118893593	376.73031366685	0
10.308	-0.67106046893329	-0.69839202821929	376.73031366685	0
10.312	-0.67437093908839	-0.69517451752758	376.73031366685	0
10.316	-0.67766869888265	-0.69193869330796	376.73031366685	0
10.32	-0.68095363550444	-0.68868459277014	376.73031366685	0
10.324	-0.68422563606635	-0.6854122538897	376.73031366685	0
10.328	-0.68748458761068	-0.68212171541147	376.73031366685	0
10.332	-0.6907303771151	-0.67881301685281	376.73031366685	0
10.336	-0.69396289149829	-0.67548619850681	376.73031366685	0
10.34	-0.69718201762564	-0.67214130144558	376.73031366685	0
10.344	-0.70038764231503	-0.66877836752334	376.73031366685	0
10.348	-0.70357965234263	-0.66539743937962	376.73031366685	0
10.352	-0.70675793444876	-0.66199856044229	376.73031366685	0
10.356	-0.70992237534381	-0.65858177493064	376.73031366685	0
10.36	-0.71307286171421	-0.65514712785835	376.73031366685	0
10.364	-0.71620928022846	-0.65169466503651	376.73031366685	0
10.368	-0.71933151754314	-0.64822443307644	376.73031366685	0
10.372	-0.72243946030909	-0.64473647939264	376.73031366685	0
10.376	-0.72553299517753	-0.64123085220557	376.73031366685	0
10.38	-0.7286120088063	-0.63770760054443	376.73031366685	0
10.384	-0.73167638786611	-0.6341667742499	376.73031366685	0
10.388	-0.73472601904684	-0.6306084239768	376.73031366685	0
10.392	-0.73776078906394	-0.62703260119675	376.73031366685	0
10.396	-0.74078058466481	-0.62343935820071	376.73031366685	0
10.4	-0.74378529263524	-0.61982874810153	376.73031366685	0
10.404	-0.74677479980597	-0.61620082483646	376.73031366685	0
10.408	-0.74974899305916	-0.61255564316953	376.73031366685	0
10.412	-0.75270775933509	-0.60889325869392	376.73031366685	0
10.416	-0.7556509856387	-0.60521372783434	376.73031366685	0
10.42	-0.75857855904637	-0.60151710784926	376.73031366685	0
10.424	-0.76149036671259	-0.59780345683309	376.73031366685	0
10.428	-0.76438629587679	-0.59407283371841	376.73031366685	0
10.432	-0.76726623387013	-0.59032529827802	376.73031366685	0
10.436	-0.7701300681224	-0.58656091112699	376.73031366685	0
10.44	-0.77297768616893	-0.58277973372467	376.73031366685	0
10.444	-0.77580897565753	-0.57898182837658	376.73031366685	0
10.448	-0.77862382435554	-0.57516725823633	376.73031366685	0
10.452	-0.7814221201568	-0.57133608730739	376.73031366685	0
10.456	-0.78420375108883	-0.56748838044485	376.73031366685	0
10.46	-0.78696860531987	-0.56362420335711	376.73031366685	0
10.464	-0.78971657116614	-0.55974362260751	376.73031366685	0
10.468	-0.79244753709898	-0.5558467056159	376.73031366685	0
10.472	-0.79516139175214	-0.55193352066011	376.73031366685	0
10.476	-0.79785802392906	-0.54800413687742	376.73031366685	0
10.48	-0.80053732261023	-0.54405862426592	376.73031366685	0
10.484	-0.80319917696051	-0.54009705368582	376.73031366685	0
10.488	-0.80584347633659	-0.53611949686068	376.73031366685	0
10.492	-0.80847011029441	-0.53212602637859	376.73031366685	0
10.496	-0.81107896859665	-0.52811671569328	376.73031366685	0
10.5	-0.81366994122026	-0.52409163912517	376.73031366685	0
10.504	-0.81624291836401	-0.52005087186231	376.73031366685	0
10.508	-0.81879779045606	-0.51599448996129	376.73031366685	0
10.512	-0.82133444816165	-0.5119225703481	376.73031366685	0
10.516	-0.82385278239068	-0.50783519081884	376.73031366685	0
10.52	-0.82635268430547	-0.50373243004046	376.73031366685	0
10.524	-0.82883404532846	-0.49961436755134	376.73031366685	0
10.528	-0.83129675714998	-0.49548108376183	376.73031366685	0
10.532	-0.833740711736	-0.49133265995475	376.73031366685	0
10.536	-0.83616580133602	-0.48716917828577	376.73031366685	0
10.54	-0.83857191849089	-0.48299072178373	376.73031366685	0
10.544	-0.84095895604066	-0.47879737435089	376.73031366685	0
10.548	-0.84332680713254	-0.4745892207631	376.73031366685	0
10.552	-0.8456753652288	-0.47036634666987	376.73031366685	0
10.556	-0.84800452411478	-0.46612883859446	376.73031366685	0
10.56	-0.85031417790681	-0.46187678393371	376.73031366685	0
10.564	-0.85260422106031	-0.45761027095802	376.73031366685	0
10.568	-0.85487454837775	-0.45332938881103	376.73031366685	0
10.572	-0.85712505501679	-0.44903422750939	376.73031366685	0
10.576	-0.85935563649832	-0.44472487794235	376.73031366685	0
10.58	-0.86156618871457	-0.44040143187133	376.73031366685	0
10.584	-0.86375660793729	-0.43606398192933	376.73031366685	0
10.588	-0.86592679082584	-0.43171262162038	376.73031366685	0
10.592	-0.86807663443541	-0.4273474453188	376.73031366685	0
10.596	-0.8702060362252	-0.4229685482684	376.73031366685	0
10.6	-0.87231489406662	-0.41857602658165	376.73031366685	0
10.604	-0.87440310625152	-0.41416997723869	376.73031366685	0
10.608	-0.87647057150046	-0.40975049808634	376.73031366685	0
10.612	-0.87851718897092	-0.40531768783693	376.73031366685	0
10.616	-0.88054285826562	-0.40087164606714	376.73031366685	0
10.62	-0.88254747944079	-0.39641247321667	376.73031366685	0
10.624	-0.88453095301449	-0.3919402705869	376.73031366685	0
10.628	-0.88649317997486	-0.38745514033939	376.73031366685	0
10.632	-0.88843406178852	-0.38295718549436	376.73031366685	0
10.636	-0.89035350040888	-0.37844650992905	376.73031366685	0
10.64	-0.89225139828444	-0.37392321837595	376.73031366685	0
10.644	-0.89412765836721	-0.36938741642107	376.73031366685	0
10.648	-0.89598218412101	-0.36483921050195	376.73031366685	0
10.652	-0.89781487952985	-0.36027870790573	376.73031366685	0
10.656	-0.89962564910631	-0.35570601676703	376.73031366685	0
10.66	-0.90141439789993	-0.35112124606583	376.73031366685	0
10.664	-0.90318103150551	-0.34652450562514	376.73031366685	0
10.668	-0.90492545607157	-0.34191590610872	376.73031366685	0
10.672	-0.9066475783087	-0.33729555901858	376.73031366685	0
10.676	-0.90834730549792	-0.3326635766925	376.73031366685	0
10.68	-0.91002454549906	-0.32802007230136	376.73031366685	0
10.684	-0.91167920675916	-0.32336515984645	376.73031366685	0
10.688	-0.91331119832083	-0.31869895415668	376.73031366685	0
10.692	-0.9149204298306	-0.31402157088563	376.73031366685	0
10.696	-0.91650681154729	-0.30933312650861	376.73031366685	0
10.7	-0.91807025435038	-0.30463373831955	376.73031366685	0
10.704	-0.91961066974833	-0.29992352442782	376.73031366685	0
10.708	-0.92112796988694	-0.29520260375499	376.73031366685	0
10.712	-0.92262206755767	-0.29047109603142	376.73031366685	0
10.716	-0.92409287620595	-0.28572912179283	376.73031366685	0
10.72	-0.92554030993951	-0.28097680237679	376.73031366685	0
10.724	-0.92696428353663	-0.27621425991898	376.73031366685	0
10.728	-0.92836471245445	-0.27144161734955	376.73031366685	0
10.732	-0.92974151283723	-0.26665899838923	376.73031366685	0
10.736	-0.93109460152458	-0.26186652754543	376.73031366685	0
10.74	-0.93242389605969	-0.25706433010819	376.73031366685	0
10.744	-0.93372931469755	-0.25225253214613	376.73031366685	0
10.748	-0.93501077641311	-0.24743126050216	376.73031366685	0
10.752	-0.93626820090949	-0.24260064278924	376.73031366685	0
10.756	-0.93750150862608	-0.23776080738596	376.73031366685	0
10.76	-0.9387106207467	-0.23291188343204	376.73031366685	0
10.764	-0.93989545920764	-0.22805400082378	376.73031366685	0
10.768	-0.94105594670579	-0.22318729020932	376.73031366685	0
10.772	-0.94219200670665	-0.21831188298394	376.73031366685	0
10.776	-0.94330356345233	-0.21342791128513	376.73031366685	0
10.78	-0.94439054196957	-0.20853550798766	376.73031366685	0
10.784	-0.94545286807766	-0.20363480669851	376.73031366685	0
10.788	-0.94649046839638	-0.19872594175173	376.73031366685	0
10.792	-0.94750327035386	-0.19380904820318	376.73031366685	0
10.796	-0.94849120219449	-0.18888426182523	376.73031366685	0
10.8	-0.94945419298665	-0.18395171910127	376.73031366685	0
10.804	-0.95039217263058	-0.17901155722023	376.73031366685	0
10.808	-0.95130507186605	-0.17406391407096	376.73031366685	0
10.812	-0.9521928222801	-0.16910892823648	376.73031366685	0
10.816	-0.95305535631471	-0.16414673898824	376.73031366685	0
10.82	-0.95389260727436	-0.15917748628014	376.73031366685	0
10.824	-0.9547045093337	-0.15420131074263	376.73031366685	0
10.828	-0.95549099754499	-0.14921835367658	376.73031366685	0
10.832	-0.95625200784564	-0.14422875704709	376.73031366685	0
10.836	-0.95698747706565	-0.13923266347728	376.73031366685	0
10.84	-0.95769734293497	-0.13423021624191	376.73031366685	0
10.844	-0.95838154409088	-0.12922155926089	376.73031366685	0
10.848	-0.95904002008524	-0.12420683709284	376.73031366685	0
10.852	-0.95967271139179	-0.11918619492837	376.73031366685	0
10.856	-0.96027955941328	-0.11415977858342	376.73031366685	0
10.86	-0.96086050648863	-0.10912773449243	376.73031366685	0
10.864	-0.96141549590002	-0.10409020970147	376.73031366685	0
10.868	-0.96194447187988	-0.099047351861223	376.73031366685	0
10.872	-0.96244737961789	-0.093999309219959	376.73031366685	0
10.876	-0.96292416526788	-0.088946230616341	376.73031366685	0
10.88	-0.96337477595464	-0.083888265472196	376.73031366685	0
10.884	-0.96379915978075	-0.078825563785186	376.73031366685	0
10.888	-0.96419726583328	-0.073758276121395	376.73031366685	0
10.892	-0.96456904419046	-0.068686553607816	376.73031366685	0
10.896	-0.96491444592826	-0.063610547924774	376.73031366685	0
10.9	-0.96523342312693	-0.058530411298261	376.73031366685	0
10.904	-0.96552592887745	-0.05344629649217	376.73031366685	0
10.908	-0.96579191728793	-0.048358356800467	376.73031366685	0
10.912	-0.96603134348995	-0.043266746039273	376.73031366685	0
10.916	-0.96624416364477	-0.038171618538859	376.73031366685	0
10.92	-0.96643033494957	-0.033073129135578	376.73031366685	0
10.924	-0.96658981564348	-0.027971433163686	376.73031366685	0
10.928	-0.96672256501371	-0.022866686447115	376.73031366685	0
10.932	-0.96682854340143	-0.017759045291158	376.73031366685	0
10.936	-0.96690771220767	-0.012648666474057	376.73031366685	0
10.94	-0.96696003389916	-0.0075357072385433	376.73031366685	0
10.944	-0.96698547201404	-0.0024203252832808	376.73031366685	0
10.948	-0.96698399116747	0.0026973212457587	376.73031366685	0
10.952	-0.96695555705726	0.007817073763988	376.73031366685	0
10.956	-0.9669001364693	0.012938773256991	376.73031366685	0
10.96	-0.96681769728299	0.018062260289365	376.73031366685	0
10.964	-0.96670820847658	0.023187375013631	376.73031366685	0
10.968	-0.96657164013234	0.028313957179236	376.73031366685	0
10.972	-0.96640796344177	0.03344184614161	376.73031366685	0
10.976	-0.96621715071062	0.038570880871293	376.73031366685	0
10.98	-0.9659991753639	0.043700899963141	376.73031366685	0
10.984	-0.96575401195072	0.048831741645576	376.73031366685	0
10.988	-0.96548163614912	0.053963243789939	376.73031366685	0
10.992	-0.96518202477077	0.059095243919879	376.73031366685	0
10.996	-0.96485515576553	0.064227579220806	376.73031366685	0
11	-0.96450100822607	0.069360086549435	376.73031366685	0
11.004	-0.96411956239217	0.074492602443365	376.73031366685	0
11.008	-0.96371079965516	0.07962496313073	376.73031366685	0
11.012	-0.96327470256207	0.084757004539911	376.73031366685	0
11.016	-0.96281125481985	0.089888562309299	376.73031366685	0
11.02	-0.96232044129931	0.095019471797136	376.73031366685	0
11.024	-0.96180224803915	0.10014956809139	376.73031366685	0
11.028	-0.96125666224975	0.10527868601971	376.73031366685	0
11.032	-0.96068367231696	0.11040666015938	376.73031366685	0
11.036	-0.96008326780567	0.11553332484744	376.73031366685	0
11.04	-0.95945543946341	0.12065851419072	376.73031366685	0
11.044	-0.95880017922377	0.12578206207603	376.73031366685	0
11.048	-0.95811748020973	0.13090380218035	376.73031366685	0
11.052	-0.9574073367369	0.1360235679811	376.73031366685	0
11.056	-0.95666974431661	0.14114119276642	376.73031366685	0
11.06	-0.95590469965898	0.14625650964551	376.73031366685	0
11.064	-0.95511220067581	0.15136935155906	376.73031366685	0
11.068	-0.95429224648335	0.15647955128964	376.73031366685	0
11.072	-0.95344483740508	0.16158694147221	376.73031366685	0
11.076	-0.95256997497422	0.16669135460464	376.73031366685	0
11.08	-0.95166766193625	0.17179262305823	376.73031366685	0
11.084	-0.95073790225129	0.17689057908837	376.73031366685	0
11.088	-0.94978070109632	0.18198505484514	376.73031366685	0
11.092	-0.94879606486736	0.18707588238395	376.73031366685	0
11.096	-0.94778400118153	0.19216289367633	376.73031366685	0
11.1	-0.94674451887892	0.19724592062061	376.73031366685	0
11.104	-0.94567762802443	0.2023247950527	376.73031366685	0
11.108	-0.94458333990951	0.20739934875691	376.73031366685	0
11.112	-0.94346166705366	0.21246941347676	376.73031366685	0
11.116	-0.94231262320599	0.21753482092587	376.73031366685	0
11.12	-0.94113622334652	0.22259540279883	376.73031366685	0
11.124	-0.93993248368746	0.22765099078211	376.73031366685	0
11.128	-0.93870142167431	0.23270141656501	376.73031366685	0
11.132	-0.93744305598688	0.23774651185061	376.73031366685	0
11.136	-0.93615740654018	0.24278610836673	376.73031366685	0
11.14	-0.93484449448523	0.24782003787697	376.73031366685	0
11.144	-0.93350434220967	0.2528481321917	376.73031366685	0
11.148	-0.93213697333833	0.25787022317911	376.73031366685	0
11.152	-0.93074241273367	0.26288614277624	376.73031366685	0
11.156	-0.92932068649607	0.26789572300005	376.73031366685	0
11.16	-0.927871821964	0.2728987959585	376.73031366685	0
11.164	-0.92639584771415	0.27789519386163	376.73031366685	0
11.168	-0.92489279356132	0.28288474903267	376.73031366685	0
11.172	-0.92336269055826	0.28786729391911	376.73031366685	0
11.176	-0.92180557099545	0.29284266110385	376.73031366685	0
11.18	-0.92022146840061	0.29781068331628	376.73031366685	0
11.184	-0.91861041753822	0.30277119344342	376.73031366685	0
11.188	-0.91697245440885	0.30772402454101	376.73031366685	0
11.192	-0.91530761624845	0.31266900984467	376.73031366685	0
11.196	-0.91361594152739	0.31760598278098	376.73031366685	0
11.2	-0.91189746994951	0.32253477697863	376.73031366685	0
11.204	-0.91015224245095	0.32745522627949	376.73031366685	0
11.208	-0.90838030119898	0.33236716474976	376.73031366685	0
11.212	-0.90658168959055	0.33727042669103	376.73031366685	0
11.216	-0.90475645225086	0.34216484665139	376.73031366685	0
11.22	-0.90290463503173	0.34705025943651	376.73031366685	0
11.224	-0.90102628500989	0.3519265001207	376.73031366685	0
11.228	-0.89912145048513	0.35679340405797	376.73031366685	0
11.232	-0.89719018097834	0.36165080689305	376.73031366685	0
11.236	-0.89523252722943	0.36649854457245	376.73031366685	0
11.24	-0.89324854119509	0.37133645335542	376.73031366685	0
11.244	-0.89123827604653	0.37616436982499	376.73031366685	0
11.248	-0.88920178616701	0.38098213089889	376.73031366685	0
11.252	-0.88713912714925	0.38578957384049	376.73031366685	0
11.256	-0.88505035579281	0.39058653626977	376.73031366685	0
11.26	-0.88293553010124	0.39537285617416	376.73031366685	0
11.264	-0.8807947092792	0.40014837191943	376.73031366685	0
11.268	-0.87862795372942	0.40491292226052	376.73031366685	0
11.272	-0.87643532504953	0.40966634635236	376.73031366685	0
11.276	-0.87421688602883	0.41440848376065	376.73031366685	0
11.28	-0.87197270064486	0.41913917447259	376.73031366685	0
11.284	-0.86970283405995	0.42385825890757	376.73031366685	0
11.288	-0.86740735261758	0.4285655779279	376.73031366685	0
11.292	-0.86508632383861	0.43326097284942	376.73031366685	0
11.296	-0.86273981641753	0.43794428545208	376.73031366685	0
11.3	-0.86036790021841	0.44261535799051	376.73031366685	0
11.304	-0.85797064627085	0.44727403320456	376.73031366685	0
11.308	-0.85554812676582	0.45192015432974	376.73031366685	0
11.312	-0.85310041505133	0.45655356510768	376.73031366685	0
11.316	-0.85062758562801	0.46117410979649	376.73031366685	0
11.32	-0.84812971414463	0.46578163318109	376.73031366685	0
11.324	-0.84560687739341	0.47037598058353	376.73031366685	0
11.328	-0.8430591533053	0.47495699787322	376.73031366685	0
11.332	-0.84048662094512	0.47952453147708	376.73031366685	0
11.336	-0.83788936050659	0.48407842838972	376.73031366685	0
11.34	-0.83526745330726	0.48861853618349	376.73031366685	0
11.344	-0.83262098178332	0.49314470301851	376.73031366685	0
11.348	-0.82995002948431	0.49765677765266	376.73031366685	0
11.352	-0.82725468106773	0.50215460945144	376.73031366685	0
11.356	-0.82453502229354	0.50663804839786	376.73031366685	0
11.36	-0.82179114001855	0.51110694510221	376.73031366685	0
11.364	-0.81902312219069	0.51556115081181	376.73031366685	0
11.368	-0.81623105784321	0.52000051742061	376.73031366685	0
11.372	-0.81341503708878	0.52442489747888	376.73031366685	0
11.376	-0.81057515111344	0.52883414420265	376.73031366685	0
11.38	-0.80771149217051	0.53322811148324	376.73031366685	0
11.384	-0.80482415357433	0.53760665389662	376.73031366685	0
11.388	-0.80191322969399	0.54196962671276	376.73031366685	0
11.392	-0.79897881594687	0.54631688590485	376.73031366685	0
11.396	-0.79602100879215	0.55064828815852	376.73031366685	0
11.4	-0.79303990572421	0.55496369088093	376.73031366685	0
11.404	-0.7900356052659	0.55926295220981	376.73031366685	0
11.408	-0.78700820696174	0.56354593102241	376.73031366685	0
11.412	-0.78395781137104	0.56781248694439	376.73031366685	0
11.416	-0.78088452006093	0.57206248035862	376.73031366685	0
11.42	-0.77778843559924	0.57629577241393	376.73031366685	0
11.424	-0.7746696615474	0.5805122250337	376.73031366685	0
11.428	-0.77152830245309	0.58471170092448	376.73031366685	0
11.432	-0.76836446384299	0.58889406358443	376.73031366685	0
11.436	-0.7651782522153	0.59305917731175	376.73031366685	0
11.44	-0.76196977503223	0.59720690721296	376.73031366685	0
11.444	-0.75873914071242	0.60133711921117	376.73031366685	0
11.448	-0.75548645862323	0.60544968005416	376.73031366685	0
11.452	-0.75221183907296	0.60954445732251	376.73031366685	0
11.456	-0.74891539330307	0.61362131943751	376.73031366685	0
11.46	-0.74559723348018	0.61768013566904	376.73031366685	0
11.464	-0.7422574726881	0.62172077614337	376.73031366685	0
11.468	-0.73889622491972	0.62574311185089	376.73031366685	0
11.472	-0.7355136050689	0.62974701465362	376.73031366685	0
11.476	-0.73210972892216	0.63373235729281	376.73031366685	0
11.48	-0.72868471315043	0.6376990133963	376.73031366685	0
11.484	-0.72523867530066	0.64164685748589	376.73031366685	0
11.488	-0.72177173378734	0.64557576498451	376.73031366685	0
11.492	-0.71828400788397	0.64948561222338	376.73031366685	0
11.496	-0.71477561771452	0.65337627644904	376.73031366685	0
11.5	-0.71124668424471	0.6572476358303	376.73031366685	0
11.504	-0.70769732927331	0.66109956946503	376.73031366685	0
11.508	-0.70412767542337	0.66493195738694	376.73031366685	0
11.512	-0.70053784613329	0.66874468057221	376.73031366685	0
11.516	-0.696927965648	0.67253762094599	376.73031366685	0
11.52	-0.6932981590099	0.67631066138889	376.73031366685	0
11.524	-0.68964855204986	0.68006368574328	376.73031366685	0
11.528	-0.68597927137811	0.6837965788195	376.73031366685	0
11.532	-0.68229044437508	0.68750922640204	376.73031366685	0
11.536	-0.67858219918223	0.69120151525552	376.73031366685	0
11.54	-0.67485466469271	0.69487333313062	376.73031366685	0
11.544	-0.6711079705421	0.69852456876989	376.73031366685	0
11.548	-0.66734224709905	0.70215511191348	376.73031366685	0
11.552	-0.66355762545581	0.70576485330472	376.73031366685	0
11.556	-0.65975423741879	0.70935368469561	376.73031366685	0
11.56	-0.65593221549904	0.71292149885222	376.73031366685	0
11.564	-0.6520916929027	0.71646818956	376.73031366685	0
11.568	-0.64823280352138	0.71999365162888	376.73031366685	0
11.572	-0.6443556819225	0.72349778089842	376.73031366685	0
11.576	-0.64046046333964	0.7269804742427	376.73031366685	0
11.58	-0.63654728366274	0.73044162957521	376.73031366685	0
11.584	-0.63261627942841	0.73388114585356	376.73031366685	0
11.588	-0.62866758781006	0.73729892308415	376.73031366685	0
11.592	-0.62470134660807	0.74069486232663	376.73031366685	0
11.596	-0.62071769423994	0.74406886569836	376.73031366685	0
11.6	-0.61671676973032	0.7474208363787	376.73031366685	0
11.604	-0.61269871270114	0.75075067861315	376.73031366685	0
11.608	-0.60866366336155	0.75405829771752	376.73031366685	0
11.612	-0.604611762498	0.7573436000818	376.73031366685	0
11.616	-0.60054315146414	0.76060649317408	376.73031366685	0
11.62	-0.59645797217081	0.76384688554425	376.73031366685	0
11.624	-0.59235636707594	0.76706468682768	376.73031366685	0
11.628	-0.58823847917443	0.77025980774869	376.73031366685	0
11.632	-0.58410445198803	0.77343216012401	376.73031366685	0
11.636	-0.5799544295552	0.77658165686601	376.73031366685	0
11.64	-0.57578855642096	0.77970821198598	376.73031366685	0
11.644	-0.57160697762666	0.7828117405971	376.73031366685	0
11.648	-0.56740983869981	0.78589215891747	376.73031366685	0
11.652	-0.56319728564385	0.78894938427294	376.73031366685	0
11.656	-0.55896946492793	0.79198333509985	376.73031366685	0
11.66	-0.55472652347667	0.79499393094765	376.73031366685	0
11.664	-0.55046860865989	0.79798109248142	376.73031366685	0
11.668	-0.54619586828238	0.80094474148427	376.73031366685	0
11.672	-0.54190845057358	0.80388480085963	376.73031366685	0
11.676	-0.53760650417737	0.80680119463345	376.73031366685	0
11.68	-0.53329017814172	0.80969384795621	376.73031366685	0
11.684	-0.52895962190847	0.81256268710497	376.73031366685	0
11.688	-0.52461498530298	0.81540763948513	376.73031366685	0
11.692	-0.52025641852391	0.8182286336322	376.73031366685	0
11.696	-0.51588407213286	0.82102559921344	376.73031366685	0
11.7	-0.51149809704414	0.82379846702936	376.73031366685	0
11.704	-0.50709864451447	0.82654716901512	376.73031366685	0
11.708	-0.50268586613269	0.82927163824182	376.73031366685	0
11.712	-0.4982599138095	0.83197180891773	376.73031366685	0
11.716	-0.49382093976717	0.83464761638929	376.73031366685	0
11.72	-0.48936909652934	0.83729899714216	376.73031366685	0
11.724	-0.48490453691072	0.83992588880202	376.73031366685	0
11.728	-0.48042741400685	0.84252823013534	376.73031366685	0
11.732	-0.47593788118391	0.84510596105005	376.73031366685	0
11.736	-0.47143609206851	0.84765902259604	376.73031366685	0
11.74	-0.46692220053744	0.85018735696558	376.73031366685	0
11.744	-0.46239636070757	0.85269090749371	376.73031366685	0
11.748	-0.45785872692562	0.85516961865838	376.73031366685	0
11.752	-0.45330945375804	0.8576234360806	376.73031366685	0
11.756	-0.4487486959809	0.86005230652445	376.73031366685	0
11.76	-0.44417660856978	0.86245617789698	376.73031366685	0
11.764	-0.43959334668967	0.86483499924797	376.73031366685	0
11.768	-0.43499906568494	0.86718872076969	376.73031366685	0
11.772	-0.4303939210693	0.86951729379644	376.73031366685	0
11.776	-0.42577806851577	0.87182067080406	376.73031366685	0
11.78	-0.42115166384673	0.87409880540931	376.73031366685	0
11.784	-0.41651486302397	0.87635165236916	376.73031366685	0
11.788	-0.41186782213875	0.87857916757999	376.73031366685	0
11.792	-0.40721069740192	0.88078130807663	376.73031366685	0
11.796	-0.40254364513404	0.8829580320314	376.73031366685	0
11.8	-0.39786682175559	0.88510929875297	376.73031366685	0
11.804	-0.39318038377715	0.88723506868514	376.73031366685	0
11.808	-0.38848448778964	0.88933530340554	376.73031366685	0
11.812	-0.38377929045463	0.89140996562426	376.73031366685	0
11.816	-0.37906494849462	0.89345901918228	376.73031366685	0
11.82	-0.37434161868339	0.89548242904992	376.73031366685	0
11.824	-0.36960945783644	0.89748016132515	376.73031366685	0
11.828	-0.36486862280136	0.89945218323178	376.73031366685	0
11.832	-0.36011927044835	0.9013984631176	376.73031366685	0
11.836	-0.35536155766072	0.90331897045241	376.73031366685	0
11.84	-0.35059564132545	0.90521367582593	376.73031366685	0
11.844	-0.34582167832379	0.9070825509457	376.73031366685	0
11.848	-0.34103982552192	0.90892556863478	376.73031366685	0
11.852	-0.33625023976162	0.91074270282944	376.73031366685	0
11.856	-0.33145307785105	0.91253392857676	376.73031366685	0
11.86	-0.3266484965555	0.91429922203209	376.73031366685	0
11.864	-0.32183665258826	0.91603856045646	376.73031366685	0
11.868	-0.31701770260148	0.91775192221393	376.73031366685	0
11.872	-0.31219180317715	0.91943928676876	376.73031366685	0
11.876	-0.30735911081802	0.92110063468263	376.73031366685	0
11.88	-0.30251978193874	0.92273594761165	376.73031366685	0
11.884	-0.29767397285686	0.92434520830339	376.73031366685	0
11.888	-0.29282183978404	0.92592840059372	376.73031366685	0
11.892	-0.28796353881723	0.9274855094037	376.73031366685	0
11.896	-0.28309922592994	0.92901652073627	376.73031366685	0
11.9	-0.27822905696355	0.93052142167295	376.73031366685	0
11.904	-0.27335318761869	0.93200020037038	376.73031366685	0
11.908	-0.26847177344666	0.93345284605685	376.73031366685	0
11.912	-0.26358496984092	0.93487934902876	376.73031366685	0
11.916	-0.25869293202867	0.93627970064691	376.73031366685	0
11.92	-0.2537958150624	0.93765389333284	376.73031366685	0
11.924	-0.24889377381162	0.939001920565	376.73031366685	0
11.928	-0.24398696295455	0.9403237768749	376.73031366685	0
11.932	-0.23907553696992	0.94161945784319	376.73031366685	0
11.936	-0.23415965012884	0.9428889600956	376.73031366685	0
11.94	-0.22923945648672	0.94413228129893	376.73031366685	0
11.944	-0.22431510987523	0.94534942015687	376.73031366685	0
11.948	-0.21938676389434	0.94654037640576	376.73031366685	0
11.952	-0.21445457190448	0.94770515081039	376.73031366685	0
11.956	-0.20951868701866	0.94884374515955	376.73031366685	0
11.96	-0.20457926209477	0.94995616226172	376.73031366685	0
11.964	-0.19963644972782	0.95104240594054	376.73031366685	0
11.968	-0.19469040224239	0.95210248103027	376.73031366685	0
11.972	-0.18974127168501	0.95313639337123	376.73031366685	0
11.976	-0.18478920981672	0.9541441498051	376.73031366685	0
11.98	-0.17983436810563	0.95512575817025	376.73031366685	0
11.984	-0.17487689771956	0.95608122729691	376.73031366685	0
11.988	-0.16991694951879	0.95701056700237	376.73031366685	0
11.992	-0.16495467404881	0.95791378808607	376.73031366685	0
11.996	-0.15999022153321	0.95879090232468	376.73031366685	0
12	-0.15502374186661	0.95964192246708	376.73031366685	0

Curvelabel          = SZmax(1),Zmax(1)_(3)
Filename            = ^cSZmax(1)Zmax(1).sig
Npoints             = 1001
Type                = 8
Subtype             = 16
Result type         = complex:none;impedance
View type           = Cartesian
Plot type           = Phase
Parameters          = {C_off=0.16; C_on_approx=1000; Cx=1000; Cy=1000; L1=2.9; L_diode=0.45; Lpin=0.45; R1=2.5; R_off=10; R_on=1; Rx=1; Ry=1; S1=0.3; W1=6; W2=5.3; alpha1=60; antipad_d=0.8; bias_w=0.2; common_return_y=2; eps_bond=3.52; eps_f4bm=2.65; eps_fr4=4.4; fmax=12; fmin=8; h1=3; h2=0.5; hbond=0.1; p=15; phi=0; phi_inc=0; pin_inset=0.02; sigma_cu=5.8e+07; tand_bond=0.004; tand_f4bm=0.003; tand_fr4=0.02; tcu=0.035; theta=0; theta_inc=0; via_d=0.3}
Data/Title          = S-Parameters
X/Label             = Frequency
X/Unit              = GHz
Y/Unit              = 
Y/Logfactor         = 20
Plot/wrapHeuristics = 0

8	0.81398667412542	0.40674380117631	376.73031366685	0
8.004	0.81886820760929	0.39993846292594	376.73031366685	0
8.008	0.82362799513027	0.39312498301194	376.73031366685	0
8.012	0.82826794348419	0.3863054287857	376.73031366685	0
8.016	0.83278995977415	0.37948177625137	376.73031366685	0
8.02	0.8371959488715	0.37265591275401	376.73031366685	0
8.024	0.84148781105483	0.36582963965628	376.73031366685	0
8.028	0.84566743981901	0.35900467499714	376.73031366685	0
8.032	0.84973671984678	0.35218265612719	376.73031366685	0
8.036	0.85369752513526	0.34536514231533	376.73031366685	0
8.04	0.85755171726999	0.33855361732256	376.73031366685	0
8.044	0.86130114383932	0.33174949193868	376.73031366685	0
8.048	0.86494763698194	0.32495410647858	376.73031366685	0
8.052	0.86849301206092	0.31816873323493	376.73031366685	0
8.056	0.87193906645729	0.31139457888483	376.73031366685	0
8.06	0.87528757847698	0.30463278684792	376.73031366685	0
8.064	0.87854030636463	0.29788443959436	376.73031366685	0
8.068	0.88169898741839	0.29115056090081	376.73031366685	0
8.072	0.88476533719984	0.28443211805346	376.73031366685	0
8.076	0.88774104883342	0.27773002399691	376.73031366685	0
8.08	0.89062779239002	0.27104513942817	376.73031366685	0
8.084	0.89342721434957	0.26437827483554	376.73031366685	0
8.088	0.89614093713773	0.25773019248169	376.73031366685	0
8.092	0.8987705587319	0.25110160833122	376.73031366685	0
8.096	0.90131765233207	0.2444931939225	376.73031366685	0
8.1	0.90378376609224	0.23790557818418	376.73031366685	0
8.104	0.90617042290838	0.23133934919666	376.73031366685	0
8.108	0.90847912025875	0.22479505589907	376.73031366685	0
8.112	0.91071133009329	0.21827320974229	376.73031366685	0
8.116	0.91286849876828	0.21177428628875	376.73031366685	0
8.12	0.91495204702294	0.20529872675984	376.73031366685	0
8.124	0.91696336999508	0.19884693953172	376.73031366685	0
8.128	0.9189038372724	0.19241930158041	376.73031366685	0
8.132	0.92077479297701	0.18601615987724	376.73031366685	0
8.136	0.92257755588026	0.1796378327357	376.73031366685	0
8.14	0.9243134195454	0.17328461111062	376.73031366685	0
8.144	0.92598365249585	0.1669567598508	376.73031366685	0
8.148	0.92758949840651	0.16065451890637	376.73031366685	0
8.152	0.92913217631656	0.15437810449178	376.73031366685	0
8.156	0.9306128808611	0.14812771020571	376.73031366685	0
8.16	0.93203278252027	0.1419035081091	376.73031366685	0
8.164	0.93339302788406	0.13570564976223	376.73031366685	0
8.168	0.93469473993084	0.12953426722232	376.73031366685	0
8.172	0.93593901831852	0.12338947400254	376.73031366685	0
8.176	0.9371269396866	0.11727136599377	376.73031366685	0
8.18	0.93825955796797	0.11118002235009	376.73031366685	0
8.184	0.93933790470902	0.10511550633926	376.73031366685	0
8.188	0.94036298939721	0.099077866159234	376.73031366685	0
8.192	0.94133579979456	0.093067135721847	376.73031366685	0
8.196	0.94225730227659	0.087083335404656	376.73031366685	0
8.2	0.94312844217531	0.081126472772184	376.73031366685	0
8.204	0.94395014412568	0.075196543267408	376.73031366685	0
8.208	0.94472331241469	0.06929353087456	376.73031366685	0
8.212	0.94544883133213	0.063417408754441	376.73031366685	0
8.216	0.9461275655227	0.05756813985287	376.73031366685	0
8.22	0.94676036033848	0.051745677483473	376.73031366685	0
8.224	0.9473480421915	0.045949965885738	376.73031366685	0
8.228	0.94789141890552	0.04018094075905	376.73031366685	0
8.232	0.94839128006692	0.034438529773786	376.73031366685	0
8.236	0.9488483973739	0.028722653060222	376.73031366685	0
8.24	0.94926352498387	0.023033223676097	376.73031366685	0
8.244	0.94963739985837	0.017370148053654	376.73031366685	0
8.248	0.94997074210548	0.011733326426924	376.73031366685	0
8.252	0.95026425531916	0.0061226532400319	376.73031366685	0
8.256	0.9505186269154	0.00053801753724136	376.73031366685	0
8.26	0.95073452846488	-0.0050206966645636	376.73031366685	0
8.264	0.95091261602183	-0.010553610020237	376.73031366685	0
8.268	0.95105353044915	-0.016060847516919	376.73031366685	0
8.272	0.95115789773919	-0.02154253815012	376.73031366685	0
8.276	0.95122632933054	-0.026998814614792	376.73031366685	0
8.28	0.95125942242023	-0.032429813010645	376.73031366685	0
8.284	0.95125776027159	-0.037835672561283	376.73031366685	0
8.288	0.95122191251736	-0.043216535346459	376.73031366685	0
8.292	0.95115243545824	-0.048572546047034	376.73031366685	0
8.296	0.95104987235661	-0.053903851702046	376.73031366685	0
8.3	0.95091475372546	-0.059210601477368	376.73031366685	0
8.304	0.95074759761243	-0.064492946445581	376.73031366685	0
8.308	0.95054890987905	-0.069751039376453	376.73031366685	0
8.312	0.95031918447496	-0.074985034537682	376.73031366685	0
8.316	0.95005890370724	-0.080195087505423	376.73031366685	0
8.32	0.94976853850485	-0.085381354984208	376.73031366685	0
8.324	0.94944854867813	-0.090543994635828	376.73031366685	0
8.328	0.9490993831733	-0.095683164916793	376.73031366685	0
8.332	0.94872148032223	-0.10079902492409	376.73031366685	0
8.336	0.94831526808721	-0.10589173424872	376.73031366685	0
8.34	0.94788116430093	-0.11096145283678	376.73031366685	0
8.344	0.94741957690166	-0.11600834085781	376.73031366685	0
8.348	0.9469309041637	-0.1210325585799	376.73031366685	0
8.352	0.94641553492307	-0.12603426625151	376.73031366685	0
8.356	0.94587384879854	-0.1310136239894	376.73031366685	0
8.36	0.94530621640808	-0.13597079167275	376.73031366685	0
8.364	0.9447129995808	-0.14090592884283	376.73031366685	0
8.368	0.94409455156422	-0.14581919460827	376.73031366685	0
8.372	0.94345121722738	-0.15071074755545	376.73031366685	0
8.376	0.94278333325927	-0.15558074566398	376.73031366685	0
8.38	0.94209122836326	-0.16042934622678	376.73031366685	0
8.384	0.94137522344706	-0.16525670577482	376.73031366685	0
8.388	0.94063563180861	-0.17006298000606	376.73031366685	0
8.392	0.9398727593179	-0.17484832371859	376.73031366685	0
8.396	0.93908690459473	-0.17961289074758	376.73031366685	0
8.4	0.93827835918251	-0.18435683390602	376.73031366685	0
8.404	0.93744740771816	-0.18908030492894	376.73031366685	0
8.408	0.93659432809832	-0.19378345442103	376.73031366685	0
8.412	0.93571939164168	-0.19846643180736	376.73031366685	0
8.416	0.93482286324777	-0.20312938528722	376.73031366685	0
8.42	0.93390500155216	-0.20777246179071	376.73031366685	0
8.424	0.93296605907809	-0.21239580693814	376.73031366685	0
8.428	0.93200628238477	-0.21699956500191	376.73031366685	0
8.432	0.93102591221231	-0.22158387887075	376.73031366685	0
8.436	0.9300251836234	-0.22614889001641	376.73031366685	0
8.44	0.92900432614178	-0.23069473846227	376.73031366685	0
8.444	0.92796356388766	-0.23522156275405	376.73031366685	0
8.448	0.92690311571012	-0.23972949993244	376.73031366685	0
8.452	0.92582319531658	-0.24421868550731	376.73031366685	0
8.456	0.92472401139942	-0.24868925343373	376.73031366685	0
8.46	0.92360576775989	-0.25314133608933	376.73031366685	0
8.464	0.92246866342933	-0.2575750642531	376.73031366685	0
8.468	0.92131289278785	-0.26199056708546	376.73031366685	0
8.472	0.92013864568057	-0.2663879721094	376.73031366685	0
8.476	0.91894610753144	-0.27076740519279	376.73031366685	0
8.48	0.91773545945488	-0.27512899053134	376.73031366685	0
8.484	0.91650687836528	-0.27947285063267	376.73031366685	0
8.488	0.9152605370844	-0.28379910630077	376.73031366685	0
8.492	0.91399660444704	-0.28810787662122	376.73031366685	0
8.496	0.91271524540482	-0.29239927894672	376.73031366685	0
8.5	0.91141662112847	-0.29667342888304	376.73031366685	0
8.504	0.9101008891086	-0.30093044027513	376.73031366685	0
8.508	0.9087682032553	-0.30517042519334	376.73031366685	0
8.512	0.90741871399663	-0.30939349391959	376.73031366685	0
8.516	0.90605256837628	-0.31359975493345	376.73031366685	0
8.52	0.90466991015062	-0.31778931489786	376.73031366685	0
8.524	0.90327087988544	-0.32196227864457	376.73031366685	0
8.528	0.90185561505261	-0.32611874915901	376.73031366685	0
8.532	0.90042425012708	-0.33025882756457	376.73031366685	0
8.536	0.89897691668452	-0.33438261310619	376.73031366685	0
8.54	0.8975137435001	-0.33849020313312	376.73031366685	0
8.544	0.89603485664885	-0.34258169308077	376.73031366685	0
8.548	0.89454037960813	-0.3466571764516	376.73031366685	0
8.552	0.89303043336297	-0.35071674479512	376.73031366685	0
8.556	0.89150513651479	-0.35476048768675	376.73031366685	0
8.56	0.88996460539452	-0.35878849270582	376.73031366685	0
8.564	0.88840895418098	-0.36280084541277	376.73031366685	0
8.568	0.88683829502552	-0.36679762932561	376.73031366685	0
8.572	0.88525273818429	-0.37077892589616	376.73031366685	0
8.576	0.88365239215943	-0.37474481448633	376.73031366685	0
8.58	0.8820373638508	-0.37869537234515	376.73031366685	0
8.584	0.88040775872005	-0.38263067458747	376.73031366685	0
8.588	0.87876368096908	-0.38655079417531	376.73031366685	0
8.592	0.87710523373521	-0.39045580190363	376.73031366685	0
8.596	0.8754325193055	-0.3943457663924	376.73031366685	0
8.6	0.87374563935316	-0.39822075408765	376.73031366685	0
8.604	0.87204469519915	-0.40208082927495	376.73031366685	0
8.608	0.87032978810214	-0.4059260541096	376.73031366685	0
8.612	0.86860101958049	-0.40975648866929	376.73031366685	0
8.616	0.86685849176951	-0.41357219103608	376.73031366685	0
8.62	0.86510230781768	-0.41737321741678	376.73031366685	0
8.624	0.86333257232438	-0.42115962231268	376.73031366685	0
8.628	0.86154939182153	-0.42493145875258	376.73031366685	0
8.632	0.85975287529938	-0.42868877860586	376.73031366685	0
8.636	0.85794313477489	-0.43243163299634	376.73031366685	0
8.64	0.85612028589713	-0.43616007284154	376.73031366685	0
8.644	0.8542844485793	-0.43987414954667	376.73031366685	0
8.648	0.85243574763934	-0.44357391588701	376.73031366685	0
8.652	0.85057431342113	-0.44725942711692	376.73031366685	0
8.656	0.8487002823547	-0.45093074234651	376.73031366685	0
8.66	0.84681379739625	-0.45458792622807	376.73031366685	0
8.664	0.84491500826598	-0.45823105099104	376.73031366685	0
8.668	0.84300407137502	-0.46186019885451	376.73031366685	0
8.672	0.84108114930065	-0.46547546482649	376.73031366685	0
8.676	0.8391464096353	-0.46907695986588	376.73031366685	0
8.68	0.83720002300272	-0.47266481433021	376.73031366685	0
8.684	0.83524216001076	-0.47623918155738	376.73031366685	0
8.688	0.83327298690721	-0.47980024132755	376.73031366685	0
8.692	0.83129265973618	-0.48334820282501	376.73031366685	0
8.696	0.82930131687884	-0.48688330657686	376.73031366685	0
8.7	0.8272990700229	-0.49040582470502	376.73031366685	0
8.704	0.82528599385545	-0.49391605872652	376.73031366685	0
8.708	0.82326211511442	-0.49741433412352	376.73031366685	0
8.712	0.82122740203662	-0.5009009910411	376.73031366685	0
8.716	0.81918175564022	-0.50437637081342	376.73031366685	0
8.72	0.81712500456448	-0.50784079859478	376.73031366685	0
8.724	0.8150569052231	-0.51129456314449	376.73031366685	0
8.728	0.81297714867787	-0.51473789566066	376.73031366685	0
8.732	0.81088537484722	-0.51817095026667	376.73031366685	0
8.736	0.80878119349732	-0.52159378907272	376.73031366685	0
8.74	0.8066642101481	-0.52500637445663	376.73031366685	0
8.744	0.80453405390274	-0.52840857027551	376.73031366685	0
8.748	0.80239040362865	-0.5318001522883	376.73031366685	0
8.752	0.80023300909329	-0.53518082648741	376.73031366685	0
8.756	0.79806170457181	-0.53855025272758	376.73031366685	0
8.76	0.79587641383772	-0.54190807034134	376.73031366685	0
8.764	0.79367714692972	-0.54525392247259	376.73031366685	0
8.768	0.79146399028366	-0.54858747653725	376.73031366685	0
8.772	0.78923709249757	-0.55190843925988	376.73031366685	0
8.776	0.78699664812026	-0.5552165658265	376.73031366685	0
8.78	0.78474288153695	-0.55851166358856	376.73031366685	0
8.784	0.78247603245901	-0.56179359132685	376.73031366685	0
8.788	0.78019634389895	-0.56506225532685	376.73031366685	0
8.792	0.77790405295955	-0.56831760349861	376.73031366685	0
8.796	0.77559938435789	-0.57155961859017	376.73031366685	0
8.8	0.77328254635235	-0.57478831128879	376.73031366685	0
8.804	0.77095372862237	-0.57800371374378	376.73031366685	0
8.808	0.76861310162955	-0.58120587382083	376.73031366685	0
8.812	0.76626081702798	-0.58439485022514	376.73031366685	0
8.816	0.76389700876075	-0.58757070851063	376.73031366685	0
8.82	0.76152179455742	-0.59073351791855	376.73031366685	0
8.824	0.75913527762122	-0.59388334894866	376.73031366685	0
8.828	0.75673754835782	-0.59702027155088	376.73031366685	0
8.832	0.75432868604838	-0.60014435382526	376.73031366685	0
8.836	0.75190876040791	-0.60325566112703	376.73031366685	0
8.84	0.74947783299785	-0.60635425548681	376.73031366685	0
8.844	0.74703595848067	-0.60944019527039	376.73031366685	0
8.848	0.7445831857172	-0.61251353501637	376.73031366685	0
8.852	0.74211955871471	-0.61557432540284	376.73031366685	0
8.856	0.7396451174384	-0.61862261330474	376.73031366685	0
8.86	0.73715989850043	-0.62165844191258	376.73031366685	0
8.864	0.73466393574158	-0.6246818508906	376.73031366685	0
8.868	0.73215726071958	-0.62769287655791	376.73031366685	0
8.872	0.72963990311747	-0.63069155208085	376.73031366685	0
8.876	0.72711189108387	-0.63367790766808	376.73031366685	0
8.88	0.7245732515156	-0.63665197076268	376.73031366685	0
8.884	0.722024010292	-0.6396137662272	376.73031366685	0
8.888	0.71946419246861	-0.64256331651947	376.73031366685	0
8.892	0.71689382243701	-0.6455006418576	376.73031366685	0
8.896	0.71431292405663	-0.64842576037345	376.73031366685	0
8.9	0.71172152076303	-0.65133868825473	376.73031366685	0
8.904	0.70911963565702	-0.65423943987564	376.73031366685	0
8.908	0.70650729157765	-0.65712802791667	376.73031366685	0
8.912	0.70388451116212	-0.66000446347418	376.73031366685	0
8.916	0.70125131689478	-0.66286875616034	376.73031366685	0
8.92	0.6986077311472	-0.66572091419423	376.73031366685	0
8.924	0.69595377621092	-0.66856094448479	376.73031366685	0
8.928	0.69328947432421	-0.67138885270633	376.73031366685	0
8.932	0.69061484769386	-0.67420464336721	376.73031366685	0
8.936	0.687929918513	-0.67700831987247	376.73031366685	0
8.94	0.68523470897563	-0.67979988458077	376.73031366685	0
8.944	0.68252924128849	-0.68257933885641	376.73031366685	0
8.948	0.67981353768079	-0.68534668311675	376.73031366685	0
8.952	0.67708762041216	-0.68810191687557	376.73031366685	0
8.956	0.67435151177928	-0.69084503878276	376.73031366685	0
8.96	0.67160523412125	-0.69357604666066	376.73031366685	0
8.964	0.66884880982422	-0.6962949375375	376.73031366685	0
8.968	0.66608226132522	-0.69900170767806	376.73031366685	0
8.972	0.66330561111547	-0.701696352612	376.73031366685	0
8.976	0.6605188817432	-0.70437886716	376.73031366685	0
8.98	0.65772209581626	-0.70704924545789	376.73031366685	0
8.984	0.65491527600437	-0.70970748097912	376.73031366685	0
8.988	0.65209844504121	-0.71235356655553	376.73031366685	0
8.992	0.64927162572643	-0.71498749439677	376.73031366685	0
8.996	0.64643484092751	-0.71760925610839	376.73031366685	0
9	0.64358811358161	-0.72021884270874	376.73031366685	0
9.004	0.64073146669736	-0.72281624464486	376.73031366685	0
9.008	0.63786492335661	-0.72540145180733	376.73031366685	0
9.012	0.63498850671629	-0.72797445354437	376.73031366685	0
9.016	0.63210224001017	-0.73053523867498	376.73031366685	0
9.02	0.62920614655071	-0.73308379550152	376.73031366685	0
9.024	0.6263002497309	-0.73562011182156	376.73031366685	0
9.028	0.62338457302618	-0.7381441749391	376.73031366685	0
9.032	0.62045913999636	-0.74065597167529	376.73031366685	0
9.036	0.61752397428758	-0.74315548837869	376.73031366685	0
9.04	0.61457909963431	-0.74564271093495	376.73031366685	0
9.044	0.61162453986139	-0.74811762477618	376.73031366685	0
9.048	0.60866031888612	-0.75058021488991	376.73031366685	0
9.052	0.6056864607203	-0.75303046582764	376.73031366685	0
9.056	0.60270298947242	-0.75546836171314	376.73031366685	0
9.06	0.59970992934979	-0.75789388625039	376.73031366685	0
9.064	0.59670730466071	-0.76030702273126	376.73031366685	0
9.068	0.59369513981669	-0.76270775404298	376.73031366685	0
9.072	0.59067345933463	-0.76509606267523	376.73031366685	0
9.076	0.5876422878391	-0.76747193072722	376.73031366685	0
9.08	0.58460165006454	-0.76983533991433	376.73031366685	0
9.084	0.58155157085755	-0.77218627157475	376.73031366685	0
9.088	0.57849207517913	-0.77452470667582	376.73031366685	0
9.092	0.57542318810696	-0.77685062582024	376.73031366685	0
9.096	0.57234493483766	-0.77916400925214	376.73031366685	0
9.1	0.56925734068907	-0.78146483686297	376.73031366685	0
9.104	0.5661604311025	-0.78375308819728	376.73031366685	0
9.108	0.56305423164505	-0.78602874245831	376.73031366685	0
9.112	0.55993876801182	-0.78829177851353	376.73031366685	0
9.116	0.55681406602816	-0.79054217490002	376.73031366685	0
9.12	0.55368015165198	-0.79277990982977	376.73031366685	0
9.124	0.55053705097593	-0.79500496119479	376.73031366685	0
9.128	0.54738479022965	-0.79721730657226	376.73031366685	0
9.132	0.544223395782	-0.79941692322945	376.73031366685	0
9.136	0.54105289414322	-0.80160378812863	376.73031366685	0
9.14	0.53787331196719	-0.80377787793187	376.73031366685	0
9.144	0.53468467605353	-0.80593916900574	376.73031366685	0
9.148	0.53148701334982	-0.80808763742596	376.73031366685	0
9.152	0.52828035095372	-0.81022325898199	376.73031366685	0
9.156	0.52506471611507	-0.81234600918146	376.73031366685	0
9.16	0.52184013623807	-0.81445586325464	376.73031366685	0
9.164	0.51860663888331	-0.81655279615878	376.73031366685	0
9.168	0.51536425176984	-0.81863678258238	376.73031366685	0
9.172	0.5121130027773	-0.82070779694945	376.73031366685	0
9.176	0.50885291994787	-0.82276581342364	376.73031366685	0
9.18	0.50558403148833	-0.8248108059124	376.73031366685	0
9.184	0.50230636577208	-0.82684274807096	376.73031366685	0
9.188	0.49901995134105	-0.82886161330641	376.73031366685	0
9.192	0.49572481690774	-0.8308673747816	376.73031366685	0
9.196	0.4924209913571	-0.83286000541903	376.73031366685	0
9.2	0.48910850374849	-0.83483947790473	376.73031366685	0
9.204	0.48578738331754	-0.83680576469204	376.73031366685	0
9.208	0.48245765947807	-0.83875883800537	376.73031366685	0
9.212	0.47911936182393	-0.8406986698439	376.73031366685	0
9.216	0.47577252013086	-0.84262523198525	376.73031366685	0
9.22	0.47241716435827	-0.84453849598913	376.73031366685	0
9.224	0.46905332465111	-0.84643843320086	376.73031366685	0
9.228	0.46568103134159	-0.84832501475497	376.73031366685	0
9.232	0.46230031495099	-0.85019821157867	376.73031366685	0
9.236	0.45891120619138	-0.85205799439534	376.73031366685	0
9.24	0.45551373596736	-0.8539043337279	376.73031366685	0
9.244	0.45210793537777	-0.85573719990228	376.73031366685	0
9.248	0.44869383571738	-0.85755656305072	376.73031366685	0
9.252	0.44527146847856	-0.8593623931151	376.73031366685	0
9.256	0.44184086535293	-0.86115465985022	376.73031366685	0
9.26	0.43840205823302	-0.86293333282709	376.73031366685	0
9.264	0.43495507921389	-0.8646983814361	376.73031366685	0
9.268	0.43149996059469	-0.86644977489024	376.73031366685	0
9.272	0.42803673488032	-0.86818748222826	376.73031366685	0
9.276	0.42456543478295	-0.86991147231778	376.73031366685	0
9.28	0.42108609322358	-0.8716217138584	376.73031366685	0
9.284	0.41759874333361	-0.87331817538477	376.73031366685	0
9.288	0.41410341845633	-0.87500082526964	376.73031366685	0
9.292	0.41060015214846	-0.87666963172685	376.73031366685	0
9.296	0.40708897818162	-0.87832456281435	376.73031366685	0
9.3	0.40356993054383	-0.87996558643713	376.73031366685	0
9.304	0.40004304344098	-0.88159267035017	376.73031366685	0
9.308	0.39650835129825	-0.88320578216137	376.73031366685	0
9.312	0.39296588876158	-0.88480488933441	376.73031366685	0
9.316	0.38941569069908	-0.8863899591916	376.73031366685	0
9.32	0.38585779220246	-0.88796095891676	376.73031366685	0
9.324	0.38229222858841	-0.88951785555799	376.73031366685	0
9.328	0.37871903540001	-0.89106061603051	376.73031366685	0
9.332	0.37513824840808	-0.89258920711939	376.73031366685	0
9.336	0.37154990361255	-0.89410359548232	376.73031366685	0
9.34	0.36795403724385	-0.89560374765234	376.73031366685	0
9.344	0.36435068576418	-0.89708963004052	376.73031366685	0
9.348	0.3607398858689	-0.89856120893869	376.73031366685	0
9.352	0.35712167448784	-0.90001845052209	376.73031366685	0
9.356	0.35349608878659	-0.90146132085199	376.73031366685	0
9.36	0.34986316616781	-0.90288978587839	376.73031366685	0
9.364	0.3462229442725	-0.90430381144256	376.73031366685	0
9.368	0.34257546098133	-0.90570336327966	376.73031366685	0
9.372	0.33892075441587	-0.90708840702135	376.73031366685	0
9.376	0.33525886293985	-0.9084589081983	376.73031366685	0
9.38	0.33158982516044	-0.90981483224276	376.73031366685	0
9.384	0.32791367992946	-0.91115614449109	376.73031366685	0
9.388	0.32423046634465	-0.91248281018627	376.73031366685	0
9.392	0.3205402237509	-0.9137947944804	376.73031366685	0
9.396	0.31684299174141	-0.91509206243715	376.73031366685	0
9.4	0.31313881015901	-0.91637457903429	376.73031366685	0
9.404	0.30942771909726	-0.91764230916609	376.73031366685	0
9.408	0.30570975890172	-0.91889521764578	376.73031366685	0
9.412	0.30198497017111	-0.92013326920799	376.73031366685	0
9.416	0.2982533937585	-0.92135642851115	376.73031366685	0
9.42	0.29451507077252	-0.9225646601399	376.73031366685	0
9.424	0.29077004257847	-0.92375792860746	376.73031366685	0
9.428	0.28701835079957	-0.92493619835805	376.73031366685	0
9.432	0.28326003731806	-0.92609943376922	376.73031366685	0
9.436	0.27949514427637	-0.92724759915423	376.73031366685	0
9.44	0.2757237140783	-0.92838065876438	376.73031366685	0
9.444	0.27194578939014	-0.92949857679136	376.73031366685	0
9.448	0.26816141314181	-0.93060131736957	376.73031366685	0
9.452	0.26437062852803	-0.93168884457846	376.73031366685	0
9.456	0.26057347900941	-0.93276112244479	376.73031366685	0
9.46	0.25677000831361	-0.93381811494498	376.73031366685	0
9.464	0.25296026043645	-0.93485978600738	376.73031366685	0
9.468	0.24914427964305	-0.93588609951457	376.73031366685	0
9.472	0.24532211046892	-0.93689701930559	376.73031366685	0
9.476	0.24149379772108	-0.93789250917829	376.73031366685	0
9.48	0.23765938647921	-0.93887253289151	376.73031366685	0
9.484	0.23381892209669	-0.93983705416742	376.73031366685	0
9.488	0.22997245020177	-0.94078603669369	376.73031366685	0
9.492	0.22612001669861	-0.94171944412579	376.73031366685	0
9.496	0.22226166776842	-0.94263724008921	376.73031366685	0
9.5	0.21839744987057	-0.94353938818171	376.73031366685	0
9.504	0.21452740974361	-0.94442585197554	376.73031366685	0
9.508	0.21065159440644	-0.94529659501966	376.73031366685	0
9.512	0.20677005115935	-0.94615158084197	376.73031366685	0
9.516	0.20288282758514	-0.94699077295155	376.73031366685	0
9.52	0.19898997155017	-0.94781413484085	376.73031366685	0
9.524	0.19509153120544	-0.9486216299879	376.73031366685	0
9.528	0.19118755498773	-0.94941322185855	376.73031366685	0
9.532	0.18727809162059	-0.95018887390866	376.73031366685	0
9.536	0.18336319011549	-0.9509485495863	376.73031366685	0
9.54	0.17944289977285	-0.95169221233399	376.73031366685	0
9.544	0.17551727018314	-0.95241982559086	376.73031366685	0
9.548	0.17158635122793	-0.95313135279488	376.73031366685	0
9.552	0.16765019308097	-0.95382675738508	376.73031366685	0
9.556	0.16370884620926	-0.95450600280373	376.73031366685	0
9.56	0.15976236137413	-0.95516905249854	376.73031366685	0
9.564	0.15581078963227	-0.95581586992487	376.73031366685	0
9.568	0.15185418233683	-0.95644641854797	376.73031366685	0
9.572	0.14789259113847	-0.95706066184513	376.73031366685	0
9.576	0.14392606798643	-0.95765856330795	376.73031366685	0
9.58	0.13995466512957	-0.95824008644449	376.73031366685	0
9.584	0.13597843511746	-0.95880519478154	376.73031366685	0
9.588	0.13199743080142	-0.95935385186679	376.73031366685	0
9.592	0.12801170533558	-0.95988602127109	376.73031366685	0
9.596	0.12402131217797	-0.96040166659063	376.73031366685	0
9.6	0.12002630509152	-0.96090075144922	376.73031366685	0
9.604	0.11602673814514	-0.96138323950045	376.73031366685	0
9.608	0.11202266571482	-0.96184909443001	376.73031366685	0
9.612	0.1080141424846	-0.96229827995785	376.73031366685	0
9.616	0.1040012234477	-0.96273075984047	376.73031366685	0
9.62	0.099983963907508	-0.96314649787316	376.73031366685	0
9.624	0.095962419478694	-0.96354545789226	376.73031366685	0
9.628	0.091936646088211	-0.96392760377741	376.73031366685	0
9.632	0.087906699976361	-0.96429289945381	376.73031366685	0
9.636	0.083872637697848	-0.96464130889452	376.73031366685	0
9.64	0.079834516122813	-0.96497279612275	376.73031366685	0
9.644	0.075792392437897	-0.96528732521408	376.73031366685	0
9.648	0.071746324147266	-0.96558486029884	376.73031366685	0
9.652	0.067696369073664	-0.96586536556437	376.73031366685	0
9.656	0.06364258535946	-0.96612880525733	376.73031366685	0
9.66	0.059585031467675	-0.96637514368604	376.73031366685	0
9.664	0.055523766183032	-0.9666043452228	376.73031366685	0
9.668	0.05145884861299	-0.9668163743062	376.73031366685	0
9.672	0.047390338188778	-0.96701119544355	376.73031366685	0
9.676	0.043318294666437	-0.96718877321314	376.73031366685	0
9.68	0.039242778127839	-0.96734907226667	376.73031366685	0
9.684	0.03516384898173	-0.9674920573316	376.73031366685	0
9.688	0.031081567964752	-0.96761769321357	376.73031366685	0
9.692	0.026995996142476	-0.96772594479876	376.73031366685	0
9.696	0.022907194910418	-0.96781677705633	376.73031366685	0
9.7	0.018815225995067	-0.96789015504083	376.73031366685	0
9.704	0.0147201514549	-0.96794604389465	376.73031366685	0
9.708	0.010622033681411	-0.96798440885043	376.73031366685	0
9.712	0.0065209354001097	-0.96800521523358	376.73031366685	0
9.716	0.002416919671543	-0.9680084284647	376.73031366685	0
9.72	-0.001689950107699	-0.96799401406208	376.73031366685	0
9.724	-0.0057996102039724	-0.9679619376442	376.73031366685	0
9.728	-0.0099119965455848	-0.96791216493226	376.73031366685	0
9.732	-0.014027044721791	-0.96784466175269	376.73031366685	0
9.736	-0.0181446899818	-0.96775939403967	376.73031366685	0
9.74	-0.022264867233776	-0.96765632783774	376.73031366685	0
9.744	-0.026387511043861	-0.96753542930431	376.73031366685	0
9.748	-0.030512555635183	-0.96739666471228	376.73031366685	0
9.752	-0.034639934886881	-0.96724000045265	376.73031366685	0
9.756	-0.03876958233312	-0.96706540303711	376.73031366685	0
9.76	-0.042901431162135	-0.96687283910067	376.73031366685	0
9.764	-0.047035414215255	-0.96666227540433	376.73031366685	0
9.768	-0.051171463985944	-0.96643367883775	376.73031366685	0
9.772	-0.055309512618841	-0.96618701642189	376.73031366685	0
9.776	-0.059449491908821	-0.96592225531177	376.73031366685	0
9.78	-0.06359133330004	-0.96563936279912	376.73031366685	0
9.784	-0.067734967885003	-0.96533830631517	376.73031366685	0
9.788	-0.071880326403621	-0.96501905343337	376.73031366685	0
9.792	-0.076027339242298	-0.96468157187216	376.73031366685	0
9.796	-0.080175936433003	-0.96432582949778	376.73031366685	0
9.8	-0.084326047652362	-0.96395179432705	376.73031366685	0
9.804	-0.088477602220743	-0.96355943453022	376.73031366685	0
9.808	-0.092630529101369	-0.96314871843379	376.73031366685	0
9.812	-0.09678475689942	-0.9627196145234	376.73031366685	0
9.816	-0.10094021386116	-0.96227209144668	376.73031366685	0
9.82	-0.10509682787303	-0.9618061180162	376.73031366685	0
9.824	-0.10925452646083	-0.96132166321235	376.73031366685	0
9.828	-0.11341323678884	-0.96081869618629	376.73031366685	0
9.832	-0.11757288565896	-0.96029718626296	376.73031366685	0
9.836	-0.12173339950985	-0.95975710294398	376.73031366685	0
9.84	-0.12589470441619	-0.95919841591076	376.73031366685	0
9.844	-0.13005672608774	-0.95862109502742	376.73031366685	0
9.848	-0.13421938986864	-0.95802511034394	376.73031366685	0
9.852	-0.13838262073652	-0.95741043209914	376.73031366685	0
9.856	-0.14254634330177	-0.95677703072384	376.73031366685	0
9.86	-0.14671048180675	-0.95612487684395	376.73031366685	0
9.864	-0.15087496012502	-0.95545394128358	376.73031366685	0
9.868	-0.15503970176057	-0.95476419506824	376.73031366685	0
9.872	-0.15920462984711	-0.95405560942802	376.73031366685	0
9.876	-0.16336966714731	-0.95332815580074	376.73031366685	0
9.88	-0.16753473605213	-0.95258180583526	376.73031366685	0
9.884	-0.17169975858005	-0.95181653139466	376.73031366685	0
9.888	-0.17586465637645	-0.95103230455955	376.73031366685	0
9.892	-0.18002935071287	-0.95022909763136	376.73031366685	0
9.896	-0.18419376248641	-0.94940688313565	376.73031366685	0
9.9	-0.18835781221904	-0.9485656338255	376.73031366685	0
9.904	-0.192521420057	-0.9477053226848	376.73031366685	0
9.908	-0.19668450577014	-0.94682592293173	376.73031366685	0
9.912	-0.20084698875139	-0.9459274080221	376.73031366685	0
9.916	-0.2050087880161	-0.94500975165287	376.73031366685	0
9.92	-0.20916982220153	-0.94407292776554	376.73031366685	0
9.924	-0.21333000956628	-0.94311691054971	376.73031366685	0
9.928	-0.21748926798976	-0.94214167444654	376.73031366685	0
9.932	-0.22164751497168	-0.94114719415235	376.73031366685	0
9.936	-0.22580466763153	-0.94013344462213	376.73031366685	0
9.94	-0.22996064270816	-0.93910040107317	376.73031366685	0
9.944	-0.23411535655926	-0.93804803898867	376.73031366685	0
9.948	-0.23826872516097	-0.93697633412138	376.73031366685	0
9.952	-0.24242066410743	-0.93588526249726	376.73031366685	0
9.956	-0.2465710886104	-0.93477480041921	376.73031366685	0
9.96	-0.25071991349888	-0.93364492447073	376.73031366685	0
9.964	-0.25486705321878	-0.93249561151974	376.73031366685	0
9.968	-0.25901242183254	-0.9313268387223	376.73031366685	0
9.972	-0.26315593301887	-0.93013858352643	376.73031366685	0
9.976	-0.26729750007242	-0.92893082367593	376.73031366685	0
9.98	-0.27143703590356	-0.92770353721423	376.73031366685	0
9.984	-0.27557445303811	-0.92645670248827	376.73031366685	0
9.988	-0.27970966361713	-0.9251902981524	376.73031366685	0
9.992	-0.28384257939677	-0.92390430317233	376.73031366685	0
9.996	-0.28797311174803	-0.92259869682906	376.73031366685	0
10	-0.2921011716567	-0.92127345872287	376.73031366685	0
10.004	-0.2962266697232	-0.91992856877733	376.73031366685	0
10.008	-0.30034951616251	-0.91856400724336	376.73031366685	0
10.012	-0.30446962080413	-0.91717975470326	376.73031366685	0
10.016	-0.308586893092	-0.9157757920748	376.73031366685	0
10.02	-0.31270124208457	-0.91435210061535	376.73031366685	0
10.024	-0.31681257645479	-0.91290866192603	376.73031366685	0
10.028	-0.32092080449016	-0.91144545795585	376.73031366685	0
10.032	-0.32502583409283	-0.90996247100593	376.73031366685	0
10.036	-0.32912757277973	-0.90845968373371	376.73031366685	0
10.04	-0.33322592768272	-0.90693707915718	376.73031366685	0
10.044	-0.33732080554876	-0.90539464065919	376.73031366685	0
10.048	-0.34141211274011	-0.90383235199173	376.73031366685	0
10.052	-0.34549975523462	-0.90225019728023	376.73031366685	0
10.056	-0.34958363862599	-0.90064816102796	376.73031366685	0
10.06	-0.35366366812407	-0.89902622812038	376.73031366685	0
10.064	-0.35773974855524	-0.89738438382954	376.73031366685	0
10.068	-0.36181178436277	-0.89572261381852	376.73031366685	0
10.072	-0.36587967960727	-0.89404090414588	376.73031366685	0
10.076	-0.3699433379671	-0.89233924127013	376.73031366685	0
10.08	-0.37400266273893	-0.89061761205425	376.73031366685	0
10.084	-0.37805755683821	-0.88887600377022	376.73031366685	0
10.088	-0.38210792279979	-0.88711440410358	376.73031366685	0
10.092	-0.38615366277848	-0.88533280115797	376.73031366685	0
10.096	-0.39019467854975	-0.88353118345979	376.73031366685	0
10.1	-0.39423087151037	-0.8817095399628	376.73031366685	0
10.104	-0.3982621426792	-0.87986786005278	376.73031366685	0
10.108	-0.40228839269788	-0.87800613355219	376.73031366685	0
10.112	-0.40630952183171	-0.87612435072492	376.73031366685	0
10.116	-0.41032542997047	-0.87422250228097	376.73031366685	0
10.12	-0.41433601662934	-0.87230057938119	376.73031366685	0
10.124	-0.4183411809498	-0.87035857364212	376.73031366685	0
10.128	-0.42234082170067	-0.86839647714071	376.73031366685	0
10.132	-0.4263348372791	-0.86641428241918	376.73031366685	0
10.136	-0.43032312571165	-0.86441198248984	376.73031366685	0
10.14	-0.43430558465542	-0.86238957083999	376.73031366685	0
10.144	-0.43828211139924	-0.86034704143674	376.73031366685	0
10.148	-0.44225260286482	-0.85828438873199	376.73031366685	0
10.152	-0.4462169556081	-0.85620160766729	376.73031366685	0
10.156	-0.45017506582047	-0.85409869367884	376.73031366685	0
10.16	-0.45412682933021	-0.85197564270244	376.73031366685	0
10.164	-0.45807214160386	-0.84983245117846	376.73031366685	0
10.168	-0.46201089774768	-0.84766911605688	376.73031366685	0
10.172	-0.46594299250917	-0.84548563480231	376.73031366685	0
10.176	-0.46986832027865	-0.84328200539903	376.73031366685	0
10.18	-0.47378677509084	-0.84105822635605	376.73031366685	0
10.184	-0.47769825062656	-0.83881429671224	376.73031366685	0
10.188	-0.48160264021444	-0.83655021604135	376.73031366685	0
10.192	-0.48549983683269	-0.83426598445723	376.73031366685	0
10.196	-0.48938973311094	-0.83196160261888	376.73031366685	0
10.2	-0.49327222133213	-0.82963707173566	376.73031366685	0
10.204	-0.49714719343445	-0.82729239357244	376.73031366685	0
10.208	-0.50101454101332	-0.82492757045479	376.73031366685	0
10.212	-0.50487415532348	-0.82254260527418	376.73031366685	0
10.216	-0.50872592728108	-0.82013750149319	376.73031366685	0
10.22	-0.51256974746586	-0.81771226315076	376.73031366685	0
10.224	-0.51640550612338	-0.81526689486741	376.73031366685	0
10.228	-0.52023309316731	-0.81280140185051	376.73031366685	0
10.232	-0.52405239818179	-0.81031578989955	376.73031366685	0
10.236	-0.52786331042385	-0.80781006541141	376.73031366685	0
10.24	-0.53166571882584	-0.80528423538569	376.73031366685	0
10.244	-0.53545951199802	-0.80273830742995	376.73031366685	0
10.248	-0.53924457823113	-0.80017228976508	376.73031366685	0
10.252	-0.54302080549906	-0.79758619123061	376.73031366685	0
10.256	-0.54678808146158	-0.79498002129003	376.73031366685	0
10.26	-0.55054629346712	-0.79235379003615	376.73031366685	0
10.264	-0.55429532855562	-0.78970750819641	376.73031366685	0
10.268	-0.55803507346148	-0.78704118713829	376.73031366685	0
10.272	-0.56176541461653	-0.78435483887465	376.73031366685	0
10.276	-0.56548623815306	-0.78164847606907	376.73031366685	0
10.28	-0.56919742990699	-0.77892211204127	376.73031366685	0
10.284	-0.57289887542102	-0.77617576077245	376.73031366685	0
10.288	-0.5765904599479	-0.77340943691071	376.73031366685	0
10.292	-0.58027206845377	-0.77062315577638	376.73031366685	0
10.296	-0.58394358562154	-0.76781693336746	376.73031366685	0
10.3	-0.58760489585435	-0.76499078636496	376.73031366685	0
10.304	-0.59125588327913	-0.76214473213833	376.73031366685	0
10.308	-0.59489643175019	-0.75927878875082	376.73031366685	0
10.312	-0.5985264248529	-0.75639297496487	376.73031366685	0
10.316	-0.60214574590744	-0.75348731024749	376.73031366685	0
10.32	-0.60575427797266	-0.75056181477567	376.73031366685	0
10.324	-0.6093519038499	-0.74761650944171	376.73031366685	0
10.328	-0.61293850608705	-0.74465141585864	376.73031366685	0
10.332	-0.61651396698252	-0.74166655636555	376.73031366685	0
10.336	-0.6200781685894	-0.73866195403297	376.73031366685	0
10.34	-0.62363099271965	-0.73563763266823	376.73031366685	0
10.344	-0.62717232094837	-0.73259361682078	376.73031366685	0
10.348	-0.63070203461811	-0.72952993178756	376.73031366685	0
10.352	-0.63422001484336	-0.7264466036183	376.73031366685	0
10.356	-0.63772614251497	-0.72334365912086	376.73031366685	0
10.36	-0.64122029830479	-0.7202211258665	376.73031366685	0
10.364	-0.64470236267029	-0.7170790321952	376.73031366685	0
10.368	-0.64817221585929	-0.71391740722093	376.73031366685	0
10.372	-0.65162973791478	-0.71073628083691	376.73031366685	0
10.376	-0.6550748086798	-0.70753568372085	376.73031366685	0
10.38	-0.65850730780241	-0.70431564734021	376.73031366685	0
10.384	-0.66192711474074	-0.70107620395734	376.73031366685	0
10.388	-0.66533410876811	-0.69781738663477	376.73031366685	0
10.392	-0.66872816897821	-0.69453922924029	376.73031366685	0
10.396	-0.67210917429045	-0.69124176645217	376.73031366685	0
10.4	-0.67547700345525	-0.68792503376425	376.73031366685	0
10.404	-0.67883153505954	-0.68458906749104	376.73031366685	0
10.408	-0.68217264753227	-0.68123390477284	376.73031366685	0
10.412	-0.68550021915	-0.67785958358076	376.73031366685	0
10.416	-0.68881412804264	-0.67446614272175	376.73031366685	0
10.42	-0.69211425219916	-0.67105362184361	376.73031366685	0
10.424	-0.6954004694735	-0.66762206143996	376.73031366685	0
10.428	-0.69867265759045	-0.66417150285519	376.73031366685	0
10.432	-0.70193069415173	-0.66070198828934	376.73031366685	0
10.436	-0.70517445664204	-0.65721356080299	376.73031366685	0
10.44	-0.70840382243528	-0.65370626432213	376.73031366685	0
10.444	-0.71161866880078	-0.6501801436429	376.73031366685	0
10.448	-0.7148188729097	-0.64663524443645	376.73031366685	0
10.452	-0.71800431184139	-0.64307161325358	376.73031366685	0
10.456	-0.72117486258998	-0.63948929752951	376.73031366685	0
10.46	-0.72433040207093	-0.63588834558849	376.73031366685	0
10.464	-0.72747080712772	-0.63226880664842	376.73031366685	0
10.468	-0.73059595453863	-0.62863073082543	376.73031366685	0
10.472	-0.73370572102358	-0.62497416913839	376.73031366685	0
10.476	-0.73679998325104	-0.62129917351341	376.73031366685	0
10.48	-0.73987861784507	-0.61760579678825	376.73031366685	0
10.484	-0.74294150139242	-0.61389409271673	376.73031366685	0
10.488	-0.74598851044968	-0.61016411597306	376.73031366685	0
10.492	-0.74901952155056	-0.60641592215608	376.73031366685	0
10.496	-0.75203441121324	-0.60264956779359	376.73031366685	0
10.5	-0.75503305594779	-0.59886511034642	376.73031366685	0
10.504	-0.75801533226368	-0.59506260821265	376.73031366685	0
10.508	-0.76098111667738	-0.59124212073161	376.73031366685	0
10.512	-0.76393028572002	-0.58740370818793	376.73031366685	0
10.516	-0.76686271594516	-0.58354743181549	376.73031366685	0
10.52	-0.76977828393661	-0.57967335380129	376.73031366685	0
10.524	-0.77267686631639	-0.57578153728932	376.73031366685	0
10.528	-0.77555833975268	-0.5718720463843	376.73031366685	0
10.532	-0.77842258096791	-0.56794494615537	376.73031366685	0
10.536	-0.78126946674696	-0.56400030263978	376.73031366685	0
10.54	-0.78409887394536	-0.56003818284641	376.73031366685	0
10.544	-0.78691067949764	-0.55605865475931	376.73031366685	0
10.548	-0.7897047604257	-0.5520617873411	376.73031366685	0
10.552	-0.79248099384731	-0.54804765053636	376.73031366685	0
10.556	-0.79523925698467	-0.5440163152749	376.73031366685	0
10.56	-0.79797942717304	-0.53996785347497	376.73031366685	0
10.564	-0.80070138186943	-0.53590233804644	376.73031366685	0
10.568	-0.80340499866144	-0.53181984289379	376.73031366685	0
10.572	-0.80609015527609	-0.52772044291915	376.73031366685	0
10.576	-0.80875672958877	-0.5236042140252	376.73031366685	0
10.58	-0.81140459963223	-0.51947123311796	376.73031366685	0
10.584	-0.81403364360575	-0.51532157810954	376.73031366685	0
10.588	-0.81664373988422	-0.5111553279208	376.73031366685	0
10.592	-0.81923476702742	-0.50697256248393	376.73031366685	0
10.596	-0.82180660378933	-0.50277336274491	376.73031366685	0
10.6	-0.82435912912751	-0.4985578106659	376.73031366685	0
10.604	-0.82689222221256	-0.49432598922757	376.73031366685	0
10.608	-0.82940576243763	-0.49007798243128	376.73031366685	0
10.612	-0.83189962942803	-0.48581387530122	376.73031366685	0
10.616	-0.83437370305087	-0.48153375388642	376.73031366685	0
10.62	-0.83682786342485	-0.47723770526268	376.73031366685	0
10.624	-0.83926199092997	-0.47292581753441	376.73031366685	0
10.628	-0.84167596621747	-0.46859817983635	376.73031366685	0
10.632	-0.84406967021972	-0.46425488233522	376.73031366685	0
10.636	-0.84644298416022	-0.45989601623122	376.73031366685	0
10.64	-0.84879578956368	-0.45552167375949	376.73031366685	0
10.644	-0.85112796826608	-0.45113194819143	376.73031366685	0
10.648	-0.85343940242493	-0.44672693383588	376.73031366685	0
10.652	-0.85572997452945	-0.44230672604028	376.73031366685	0
10.656	-0.85799956741088	-0.43787142119167	376.73031366685	0
10.66	-0.86024806425285	-0.43342111671754	376.73031366685	0
10.664	-0.8624753486018	-0.42895591108664	376.73031366685	0
10.668	-0.86468130437742	-0.42447590380968	376.73031366685	0
10.672	-0.86686581588319	-0.41998119543983	376.73031366685	0
10.676	-0.86902876781695	-0.41547188757319	376.73031366685	0
10.68	-0.87117004528156	-0.41094808284915	376.73031366685	0
10.684	-0.87328953379552	-0.40640988495051	376.73031366685	0
10.688	-0.87538711930373	-0.40185739860367	376.73031366685	0
10.692	-0.87746268818829	-0.39729072957852	376.73031366685	0
10.696	-0.87951612727926	-0.39270998468834	376.73031366685	0
10.7	-0.88154732386559	-0.38811527178949	376.73031366685	0
10.704	-0.88355616570597	-0.38350669978104	376.73031366685	0
10.708	-0.88554254103986	-0.37888437860423	376.73031366685	0
10.712	-0.88750633859838	-0.37424841924182	376.73031366685	0
10.716	-0.88944744761544	-0.36959893371731	376.73031366685	0
10.72	-0.89136575783876	-0.36493603509408	376.73031366685	0
10.724	-0.89326115954096	-0.36025983747426	376.73031366685	0
10.728	-0.89513354353075	-0.35557045599766	376.73031366685	0
10.732	-0.89698280116407	-0.35086800684043	376.73031366685	0
10.736	-0.8988088243553	-0.34615260721363	376.73031366685	0
10.74	-0.90061150558848	-0.34142437536166	376.73031366685	0
10.744	-0.90239073792861	-0.33668343056057	376.73031366685	0
10.748	-0.90414641503289	-0.33192989311625	376.73031366685	0
10.752	-0.90587843116207	-0.3271638843624	376.73031366685	0
10.756	-0.90758668119177	-0.32238552665847	376.73031366685	0
10.76	-0.90927106062382	-0.31759494338739	376.73031366685	0
10.764	-0.91093146559766	-0.31279225895316	376.73031366685	0
10.768	-0.91256779290172	-0.30797759877836	376.73031366685	0
10.772	-0.91417993998481	-0.30315108930148	376.73031366685	0
10.776	-0.91576780496759	-0.29831285797404	376.73031366685	0
10.78	-0.91733128665393	-0.2934630332577	376.73031366685	0
10.784	-0.9188702845424	-0.28860174462115	376.73031366685	0
10.788	-0.92038469883773	-0.28372912253681	376.73031366685	0
10.792	-0.9218744304622	-0.27884529847752	376.73031366685	0
10.796	-0.92333938106717	-0.27395040491292	376.73031366685	0
10.8	-0.92477945304449	-0.2690445753058	376.73031366685	0
10.804	-0.92619454953798	-0.2641279441083	376.73031366685	0
10.808	-0.92758457445487	-0.25920064675785	376.73031366685	0
10.812	-0.92894943247729	-0.2542628196731	376.73031366685	0
10.816	-0.93028902907365	-0.24931460024964	376.73031366685	0
10.82	-0.93160327051013	-0.2443561268555	376.73031366685	0
10.824	-0.93289206386208	-0.23938753882665	376.73031366685	0
10.828	-0.93415531702544	-0.23440897646223	376.73031366685	0
10.832	-0.93539293872812	-0.22942058101967	376.73031366685	0
10.836	-0.93660483854141	-0.22442249470963	376.73031366685	0
10.84	-0.9377909268913	-0.21941486069086	376.73031366685	0
10.844	-0.93895111506983	-0.21439782306482	376.73031366685	0
10.848	-0.94008531524642	-0.20937152687018	376.73031366685	0
10.852	-0.94119344047912	-0.20433611807721	376.73031366685	0
10.856	-0.9422754047259	-0.19929174358194	376.73031366685	0
10.86	-0.94333112285584	-0.19423855120024	376.73031366685	0
10.864	-0.94436051066036	-0.18917668966167	376.73031366685	0
10.868	-0.94536348486435	-0.18410630860325	376.73031366685	0
10.872	-0.94633996313728	-0.17902755856303	376.73031366685	0
10.876	-0.94728986410431	-0.17394059097351	376.73031366685	0
10.88	-0.94821310735726	-0.16884555815494	376.73031366685	0
10.884	-0.9491096134657	-0.16374261330841	376.73031366685	0
10.888	-0.94997930398778	-0.15863191050882	376.73031366685	0
10.892	-0.95082210148119	-0.15351360469774	376.73031366685	0
10.896	-0.95163792951398	-0.14838785167598	376.73031366685	0
10.9	-0.95242671267533	-0.14325480809619	376.73031366685	0
10.904	-0.9531883765863	-0.13811463145513	376.73031366685	0
10.908	-0.95392284791047	-0.13296748008592	376.73031366685	0
10.912	-0.95463005436457	-0.12781351315007	376.73031366685	0
10.916	-0.955309924729	-0.12265289062937	376.73031366685	0
10.92	-0.9559623888583	-0.11748577331762	376.73031366685	0
10.924	-0.95658737769157	-0.11231232281225	376.73031366685	0
10.928	-0.95718482326278	-0.10713270150573	376.73031366685	0
10.932	-0.95775465871105	-0.10194707257685	376.73031366685	0
10.936	-0.95829681829081	-0.096755599981892	376.73031366685	0
10.94	-0.9588112373819	-0.091558448445592	376.73031366685	0
10.944	-0.9592978524996	-0.086355783451979	376.73031366685	0
10.948	-0.95975660130458	-0.081147771235069	376.73031366685	0
10.952	-0.96018742261268	-0.075934578769416	376.73031366685	0
10.956	-0.96059025640477	-0.070716373760491	376.73031366685	0
10.96	-0.96096504383632	-0.065493324634943	376.73031366685	0
10.964	-0.96131172724703	-0.060265600530711	376.73031366685	0
10.968	-0.9616302501703	-0.055033371286966	376.73031366685	0
10.972	-0.9619205573426	-0.049796807433945	376.73031366685	0
10.976	-0.96218259471273	-0.044556080182619	376.73031366685	0
10.98	-0.96241630945103	-0.03931136141423	376.73031366685	0
10.984	-0.96262164995841	-0.034062823669689	376.73031366685	0
10.988	-0.96279856587533	-0.028810640138824	376.73031366685	0
10.992	-0.96294700809067	-0.023554984649504	376.73031366685	0
10.996	-0.96306692875039	-0.018296031656622	376.73031366685	0
11	-0.96315828126624	-0.013033956230936	376.73031366685	0
11.004	-0.9632210203242	-0.0077689340477826	376.73031366685	0
11.008	-0.96325510189288	-0.0025011413756617	376.73031366685	0
11.012	-0.96326048323178	0.0027692449353224	376.73031366685	0
11.016	-0.96323712289941	0.0080420474651296	376.73031366685	0
11.02	-0.96318498076134	0.013317088235608	376.73031366685	0
11.024	-0.96310401799802	0.018594188722424	376.73031366685	0
11.028	-0.96299419711255	0.023873169867113	376.73031366685	0
11.032	-0.9628554819383	0.029153852089282	376.73031366685	0
11.036	-0.96268783764639	0.034436055298903	376.73031366685	0
11.04	-0.96249123075299	0.039719598908745	376.73031366685	0
11.044	-0.96226562912656	0.045004301846919	376.73031366685	0
11.048	-0.9620110019949	0.050289982569531	376.73031366685	0
11.052	-0.96172731995202	0.055576459073473	376.73031366685	0
11.056	-0.96141455496495	0.060863548909304	376.73031366685	0
11.06	-0.96107268038031	0.066151069194245	376.73031366685	0
11.064	-0.96070167093084	0.0714388366253	376.73031366685	0
11.068	-0.96030150274162	0.076726667492465	376.73031366685	0
11.072	-0.95987215333631	0.082014377692053	376.73031366685	0
11.076	-0.9594136016431	0.087301782740117	376.73031366685	0
11.08	-0.95892582800055	0.092588697785968	376.73031366685	0
11.084	-0.95840881416331	0.097874937625815	376.73031366685	0
11.088	-0.95786254330757	0.10316031671647	376.73031366685	0
11.092	-0.95728700003649	0.10844464918918	376.73031366685	0
11.096	-0.95668217038533	0.1137277488635	376.73031366685	0
11.1	-0.95604804182646	0.11900942926134	376.73031366685	0
11.104	-0.95538460327428	0.124289503621	376.73031366685	0
11.108	-0.95469184508982	0.12956778491138	376.73031366685	0
11.112	-0.95396975908528	0.13484408584619	376.73031366685	0
11.116	-0.95321833852836	0.14011821889831	376.73031366685	0
11.12	-0.95243757814641	0.14538999631419	376.73031366685	0
11.124	-0.95162747413039	0.15065923012835	376.73031366685	0
11.128	-0.95078802413869	0.15592573217791	376.73031366685	0
11.132	-0.94991922730073	0.16118931411723	376.73031366685	0
11.136	-0.94902108422042	0.16644978743259	376.73031366685	0
11.14	-0.94809359697935	0.171706963457	376.73031366685	0
11.144	-0.94713676913993	0.17696065338494	376.73031366685	0
11.148	-0.94615060574822	0.18221066828732	376.73031366685	0
11.152	-0.94513511333661	0.18745681912635	376.73031366685	0
11.156	-0.94409029992638	0.19269891677057	376.73031366685	0
11.16	-0.94301617502997	0.19793677200989	376.73031366685	0
11.164	-0.9419127496531	0.20317019557068	376.73031366685	0
11.168	-0.94078003629673	0.20839899813087	376.73031366685	0
11.172	-0.93961804895875	0.21362299033518	376.73031366685	0
11.176	-0.93842680313557	0.2188419828103	376.73031366685	0
11.18	-0.93720631582346	0.22405578618018	376.73031366685	0
11.184	-0.93595660551966	0.22926421108125	376.73031366685	0
11.188	-0.9346776922234	0.23446706817784	376.73031366685	0
11.192	-0.93336959743659	0.23966416817744	376.73031366685	0
11.196	-0.93203234416445	0.2448553218461	376.73031366685	0
11.2	-0.93066595691581	0.25004034002384	376.73031366685	0
11.204	-0.92927046170331	0.25521903364006	376.73031366685	0
11.208	-0.92784588604333	0.26039121372893	376.73031366685	0
11.212	-0.92639225895581	0.26555669144488	376.73031366685	0
11.216	-0.92490961096372	0.27071527807803	376.73031366685	0
11.22	-0.9233979740925	0.27586678506964	376.73031366685	0
11.224	-0.92185738186919	0.28101102402758	376.73031366685	0
11.228	-0.92028786932135	0.28614780674179	376.73031366685	0
11.232	-0.91868947297586	0.29127694519973	376.73031366685	0
11.236	-0.91706223085746	0.29639825160186	376.73031366685	0
11.24	-0.91540618248707	0.30151153837705	376.73031366685	0
11.244	-0.91372136887997	0.30661661819801	376.73031366685	0
11.248	-0.91200783254369	0.31171330399676	376.73031366685	0
11.252	-0.91026561747582	0.31680140897994	376.73031366685	0
11.256	-0.90849476916148	0.32188074664426	376.73031366685	0
11.26	-0.90669533457069	0.32695113079184	376.73031366685	0
11.264	-0.90486736215548	0.33201237554547	376.73031366685	0
11.268	-0.90301090184684	0.337064295364	376.73031366685	0
11.272	-0.90112600505141	0.3421067050575	376.73031366685	0
11.276	-0.89921272464806	0.34713941980255	376.73031366685	0
11.28	-0.89727111498414	0.35216225515738	376.73031366685	0
11.284	-0.89530123187167	0.35717502707704	376.73031366685	0
11.288	-0.89330313258321	0.36217755192844	376.73031366685	0
11.292	-0.89127687584763	0.36716964650542	376.73031366685	0
11.296	-0.88922252184559	0.37215112804373	376.73031366685	0
11.3	-0.88714013220489	0.37712181423597	376.73031366685	0
11.304	-0.88502976999558	0.38208152324641	376.73031366685	0
11.308	-0.88289149972491	0.38703007372585	376.73031366685	0
11.312	-0.88072538733205	0.39196728482633	376.73031366685	0
11.316	-0.87853150018263	0.39689297621581	376.73031366685	0
11.32	-0.87630990706309	0.40180696809277	376.73031366685	0
11.324	-0.87406067817484	0.40670908120071	376.73031366685	0
11.328	-0.87178388512819	0.41159913684263	376.73031366685	0
11.332	-0.86947960093615	0.41647695689538	376.73031366685	0
11.336	-0.86714790000798	0.4213423638239	376.73031366685	0
11.34	-0.86478885814263	0.4261951806955	376.73031366685	0
11.344	-0.86240255252187	0.43103523119385	376.73031366685	0
11.348	-0.85998906170337	0.4358623396331	376.73031366685	0
11.352	-0.85754846561352	0.4406763309717	376.73031366685	0
11.356	-0.85508084554005	0.44547703082626	376.73031366685	0
11.36	-0.85258628412452	0.45026426548526	376.73031366685	0
11.364	-0.85006486535461	0.45503786192263	376.73031366685	0
11.368	-0.84751667455623	0.45979764781128	376.73031366685	0
11.372	-0.84494179838545	0.46454345153645	376.73031366685	0
11.376	-0.84234032482024	0.46927510220903	376.73031366685	0
11.38	-0.83971234315209	0.47399242967867	376.73031366685	0
11.384	-0.8370579439774	0.47869526454686	376.73031366685	0
11.388	-0.83437721918871	0.48338343817981	376.73031366685	0
11.392	-0.83167026196581	0.48805678272126	376.73031366685	0
11.396	-0.82893716676663	0.49271513110516	376.73031366685	0
11.4	-0.82617802931798	0.49735831706817	376.73031366685	0
11.404	-0.82339294660616	0.50198617516209	376.73031366685	0
11.408	-0.82058201686734	0.50659854076614	376.73031366685	0
11.412	-0.81774533957788	0.51119525009905	376.73031366685	0
11.416	-0.81488301544438	0.51577614023109	376.73031366685	0
11.42	-0.81199514639372	0.5203410490959	376.73031366685	0
11.424	-0.80908183556278	0.52488981550221	376.73031366685	0
11.428	-0.80614318728815	0.52942227914537	376.73031366685	0
11.432	-0.80317930709562	0.5339382806188	376.73031366685	0
11.436	-0.80019030168959	0.5384376614252	376.73031366685	0
11.44	-0.79717627894222	0.5429202639877	376.73031366685	0
11.444	-0.7941373478826	0.54738593166078	376.73031366685	0
11.448	-0.79107361868564	0.55183450874106	376.73031366685	0
11.452	-0.78798520266092	0.55626584047794	376.73031366685	0
11.456	-0.78487221224136	0.56067977308405	376.73031366685	0
11.46	-0.78173476097177	0.5650761537456	376.73031366685	0
11.464	-0.77857296349733	0.56945483063243	376.73031366685	0
11.468	-0.77538693555182	0.57381565290806	376.73031366685	0
11.472	-0.77217679394587	0.57815847073945	376.73031366685	0
11.476	-0.76894265655498	0.58248313530664	376.73031366685	0
11.48	-0.76568464230752	0.58678949881218	376.73031366685	0
11.484	-0.76240287117252	0.59107741449044	376.73031366685	0
11.488	-0.75909746414746	0.59534673661668	376.73031366685	0
11.492	-0.75576854324583	0.59959732051599	376.73031366685	0
11.496	-0.75241623148469	0.60382902257201	376.73031366685	0
11.5	-0.74904065287207	0.60804170023552	376.73031366685	0
11.504	-0.74564193239431	0.61223521203279	376.73031366685	0
11.508	-0.74222019600327	0.61640941757378	376.73031366685	0
11.512	-0.73877557060347	0.62056417756013	376.73031366685	0
11.516	-0.7353081840391	0.62469935379302	376.73031366685	0
11.52	-0.73181816508106	0.62881480918073	376.73031366685	0
11.524	-0.72830564341374	0.63291040774614	376.73031366685	0
11.528	-0.72477074962188	0.63698601463395	376.73031366685	0
11.532	-0.72121361517725	0.64104149611772	376.73031366685	0
11.536	-0.71763437242532	0.64507671960676	376.73031366685	0
11.54	-0.71403315457181	0.64909155365278	376.73031366685	0
11.544	-0.71041009566923	0.65308586795637	376.73031366685	0
11.548	-0.70676533060328	0.65705953337326	376.73031366685	0
11.552	-0.70309899507924	0.6610124219204	376.73031366685	0
11.556	-0.69941122560833	0.66494440678187	376.73031366685	0
11.56	-0.69570215949392	0.66885536231451	376.73031366685	0
11.564	-0.69197193481778	0.67274516405345	376.73031366685	0
11.568	-0.68822069042624	0.67661368871735	376.73031366685	0
11.572	-0.68444856591632	0.68046081421351	376.73031366685	0
11.576	-0.68065570162177	0.68428641964275	376.73031366685	0
11.58	-0.67684223859916	0.68809038530406	376.73031366685	0
11.584	-0.67300831861387	0.69187259269912	376.73031366685	0
11.588	-0.66915408412603	0.69563292453652	376.73031366685	0
11.592	-0.6652796782765	0.69937126473587	376.73031366685	0
11.596	-0.66138524487278	0.70308749843168	376.73031366685	0
11.6	-0.65747092837488	0.70678151197697	376.73031366685	0
11.604	-0.65353687388124	0.71045319294679	376.73031366685	0
11.608	-0.64958322711452	0.71410243014145	376.73031366685	0
11.612	-0.64561013440754	0.71772911358956	376.73031366685	0
11.616	-0.64161774268901	0.72133313455094	376.73031366685	0
11.62	-0.63760619946943	0.7249143855192	376.73031366685	0
11.624	-0.6335756528269	0.72847276022423	376.73031366685	0
11.628	-0.62952625139294	0.73200815363442	376.73031366685	0
11.632	-0.6254581443383	0.73552046195872	376.73031366685	0
11.636	-0.62137148135882	0.73900958264847	376.73031366685	0
11.64	-0.61726641266128	0.74247541439902	376.73031366685	0
11.644	-0.61314308894923	0.74591785715119	376.73031366685	0
11.648	-0.60900166140886	0.74933681209249	376.73031366685	0
11.652	-0.60484228169493	0.75273218165815	376.73031366685	0
11.656	-0.60066510191665	0.75610386953195	376.73031366685	0
11.66	-0.59647027462362	0.75945178064687	376.73031366685	0
11.664	-0.59225795279179	0.7627758211855	376.73031366685	0
11.668	-0.58802828980949	0.76607589858029	376.73031366685	0
11.672	-0.58378143946344	0.76935192151361	376.73031366685	0
11.676	-0.5795175559248	0.77260379991752	376.73031366685	0
11.68	-0.57523679373533	0.77583144497351	376.73031366685	0
11.684	-0.5709393077935	0.77903476911187	376.73031366685	0
11.688	-0.5666252533407	0.78221368601101	376.73031366685	0
11.692	-0.56229478594749	0.78536811059648	376.73031366685	0
11.696	-0.55794806149994	0.78849795903986	376.73031366685	0
11.7	-0.55358523618592	0.79160314875745	376.73031366685	0
11.704	-0.54920646648157	0.79468359840875	376.73031366685	0
11.708	-0.54481190913774	0.79773922789474	376.73031366685	0
11.712	-0.54040172116658	0.80076995835607	376.73031366685	0
11.716	-0.5359760598281	0.80377571217092	376.73031366685	0
11.72	-0.53153508261686	0.80675641295275	376.73031366685	0
11.724	-0.52707894724876	0.80971198554792	376.73031366685	0
11.728	-0.52260781164781	0.81264235603301	376.73031366685	0
11.732	-0.51812183393307	0.81554745171206	376.73031366685	0
11.736	-0.51362117240561	0.81842720111356	376.73031366685	0
11.74	-0.50910598553562	0.82128153398731	376.73031366685	0
11.744	-0.50457643194954	0.82411038130111	376.73031366685	0
11.748	-0.50003267041729	0.82691367523721	376.73031366685	0
11.752	-0.49547485983963	0.82969134918866	376.73031366685	0
11.756	-0.49090315923557	0.83244333775547	376.73031366685	0
11.76	-0.48631772772994	0.83516957674055	376.73031366685	0
11.764	-0.48171872454093	0.83787000314557	376.73031366685	0
11.768	-0.47710630896792	0.84054455516659	376.73031366685	0
11.772	-0.47248064037923	0.84319317218953	376.73031366685	0
11.776	-0.4678418782001	0.84581579478552	376.73031366685	0
11.78	-0.46319018190073	0.84841236470604	376.73031366685	0
11.784	-0.45852571098441	0.85098282487795	376.73031366685	0
11.788	-0.45384862497584	0.8535271193983	376.73031366685	0
11.792	-0.44915908340946	0.85604519352906	376.73031366685	0
11.796	-0.44445724581799	0.85853699369165	376.73031366685	0
11.8	-0.43974327172107	0.86100246746133	376.73031366685	0
11.804	-0.43501732061394	0.86344156356144	376.73031366685	0
11.808	-0.43027955195639	0.8658542318575	376.73031366685	0
11.812	-0.4255301251617	0.86824042335119	376.73031366685	0
11.816	-0.4207691995858	0.87060009017411	376.73031366685	0
11.82	-0.41599693451651	0.8729331855815	376.73031366685	0
11.824	-0.41121348916292	0.87523966394577	376.73031366685	0
11.828	-0.40641902264493	0.87751948074986	376.73031366685	0
11.832	-0.40161369398293	0.87977259258058	376.73031366685	0
11.836	-0.39679766208753	0.88199895712168	376.73031366685	0
11.84	-0.39197108574959	0.88419853314691	376.73031366685	0
11.844	-0.38713412363021	0.88637128051285	376.73031366685	0
11.848	-0.38228693425103	0.88851716015175	376.73031366685	0
11.852	-0.37742967598453	0.89063613406409	376.73031366685	0
11.856	-0.37256250704463	0.89272816531116	376.73031366685	0
11.86	-0.36768558547725	0.89479321800742	376.73031366685	0
11.864	-0.36279906915123	0.89683125731285	376.73031366685	0
11.868	-0.35790311574923	0.89884224942505	376.73031366685	0
11.872	-0.35299788275885	0.9008261615714	376.73031366685	0
11.876	-0.34808352746396	0.90278296200097	376.73031366685	0
11.88	-0.34316020693608	0.90471261997639	376.73031366685	0
11.884	-0.33822807802597	0.90661510576562	376.73031366685	0
11.888	-0.33328729735543	0.90849039063361	376.73031366685	0
11.892	-0.32833802130913	0.91033844683387	376.73031366685	0
11.896	-0.32338040602676	0.91215924759994	376.73031366685	0
11.9	-0.3184146073952	0.91395276713676	376.73031366685	0
11.904	-0.31344078104097	0.915718980612	376.73031366685	0
11.908	-0.30845908232275	0.9174578641472	376.73031366685	0
11.912	-0.30346966632413	0.91916939480899	376.73031366685	0
11.916	-0.29847268784649	0.92085355060002	376.73031366685	0
11.92	-0.29346830140211	0.92251031045005	376.73031366685	0
11.924	-0.28845666120736	0.92413965420673	376.73031366685	0
11.928	-0.28343792117611	0.92574156262649	376.73031366685	0
11.932	-0.27841223491333	0.92731601736527	376.73031366685	0
11.936	-0.27337975570884	0.92886300096918	376.73031366685	0
11.94	-0.26834063653119	0.93038249686516	376.73031366685	0
11.944	-0.26329503002181	0.93187448935149	376.73031366685	0
11.948	-0.25824308848927	0.93333896358831	376.73031366685	0
11.952	-0.2531849639037	0.93477590558807	376.73031366685	0
11.956	-0.24812080789146	0.9361853022059	376.73031366685	0
11.96	-0.24305077172989	0.93756714112993	376.73031366685	0
11.964	-0.23797500634234	0.93892141087162	376.73031366685	0
11.968	-0.23289366229328	0.94024810075596	376.73031366685	0
11.972	-0.22780688978369	0.94154720091171	376.73031366685	0
11.976	-0.22271483864654	0.94281870226151	376.73031366685	0
11.98	-0.21761765834247	0.94406259651203	376.73031366685	0
11.984	-0.21251549795575	0.94527887614407	376.73031366685	0
11.988	-0.20740850619021	0.94646753440259	376.73031366685	0
11.992	-0.20229683136561	0.94762856528673	376.73031366685	0
11.996	-0.19718062141398	0.94876196353984	376.73031366685	0
12	-0.19206002387623	0.94986772463943	376.73031366685	0

Curvelabel          = SZmax(1),Zmax(1)_(4)
Filename            = ^cSZmax(1)Zmax(1).sig
Npoints             = 1001
Type                = 8
Subtype             = 16
Result type         = complex:none;impedance
View type           = Cartesian
Plot type           = Phase
Parameters          = {C_off=0.16; C_on_approx=1000; Cx=1000; Cy=0.16; L1=2.9; L_diode=0.45; Lpin=0.45; R1=2.5; R_off=10; R_on=1; Rx=1; Ry=10; S1=0.3; W1=6; W2=5.3; alpha1=60; antipad_d=0.8; bias_w=0.2; common_return_y=2; eps_bond=3.52; eps_f4bm=2.65; eps_fr4=4.4; fmax=12; fmin=8; h1=3; h2=0.5; hbond=0.1; p=15; phi=0; phi_inc=0; pin_inset=0.02; sigma_cu=5.8e+07; tand_bond=0.004; tand_f4bm=0.003; tand_fr4=0.02; tcu=0.035; theta=0; theta_inc=0; via_d=0.3}
Data/Title          = S-Parameters
X/Label             = Frequency
X/Unit              = GHz
Y/Unit              = 
Y/Logfactor         = 20
Plot/wrapHeuristics = 0

8	-0.071789628969286	-0.94581753002482	376.73031366685	0
8.004	-0.077370375079396	-0.94508995080765	376.73031366685	0
8.008	-0.082955735348401	-0.94432673741974	376.73031366685	0
8.012	-0.088545466946344	-0.9435277459979	376.73031366685	0
8.016	-0.094139324675163	-0.94269283416192	376.73031366685	0
8.02	-0.099737060970691	-0.94182186104882	376.73031366685	0
8.024	-0.10533842590507	-0.94091468734733	376.73031366685	0
8.028	-0.11094316718965	-0.93997117533262	376.73031366685	0
8.032	-0.11655103017836	-0.93899118890121	376.73031366685	0
8.036	-0.12216175787156	-0.93797459360606	376.73031366685	0
8.04	-0.12777509092038	-0.93692125669194	376.73031366685	0
8.044	-0.13339076763153	-0.93583104713088	376.73031366685	0
8.048	-0.13900852397264	-0.93470383565793	376.73031366685	0
8.052	-0.1446280935781	-0.93353949480698	376.73031366685	0
8.056	-0.15024920775539	-0.93233789894685	376.73031366685	0
8.06	-0.15587159549197	-0.9310989243175	376.73031366685	0
8.064	-0.16149498346268	-0.92982244906641	376.73031366685	0
8.068	-0.16711909603765	-0.92850835328509	376.73031366685	0
8.072	-0.17274365529079	-0.92715651904584	376.73031366685	0
8.076	-0.17836838100881	-0.92576683043846	376.73031366685	0
8.08	-0.18399299070082	-0.92433917360732	376.73031366685	0
8.084	-0.18961719960842	-0.92287343678835	376.73031366685	0
8.088	-0.19524072071643	-0.92136951034629	376.73031366685	0
8.092	-0.20086326476421	-0.91982728681196	376.73031366685	0
8.096	-0.20648454025742	-0.9182466609197	376.73031366685	0
8.1	-0.21210425348059	-0.91662752964486	376.73031366685	0
8.104	-0.21772210851006	-0.91496979224137	376.73031366685	0
8.108	-0.22333780722767	-0.91327335027938	376.73031366685	0
8.112	-0.22895104933498	-0.91153810768306	376.73031366685	0
8.116	-0.23456153236814	-0.90976397076829	376.73031366685	0
8.12	-0.24016895171332	-0.90795084828054	376.73031366685	0
8.124	-0.24577300062287	-0.90609865143274	376.73031366685	0
8.128	-0.25137337023194	-0.90420729394314	376.73031366685	0
8.132	-0.25696974957591	-0.90227669207327	376.73031366685	0
8.136	-0.26256182560835	-0.90030676466583	376.73031366685	0
8.14	-0.26814928321962	-0.89829743318261	376.73031366685	0
8.144	-0.27373180525616	-0.89624862174243	376.73031366685	0
8.148	-0.27930907254045	-0.89416025715901	376.73031366685	0
8.152	-0.28488076389153	-0.89203226897879	376.73031366685	0
8.156	-0.2904465561463	-0.8898645895188	376.73031366685	0
8.16	-0.29600612418136	-0.88765715390439	376.73031366685	0
8.164	-0.30155914093567	-0.88540990010687	376.73031366685	0
8.168	-0.30710527743372	-0.8831227689812	376.73031366685	0
8.172	-0.31264420280952	-0.88079570430344	376.73031366685	0
8.176	-0.31817558433113	-0.87842865280821	376.73031366685	0
8.18	-0.32369908742604	-0.87602156422597	376.73031366685	0
8.184	-0.32921437570704	-0.87357439132021	376.73031366685	0
8.188	-0.33472111099898	-0.87108708992447	376.73031366685	0
8.192	-0.34021895336605	-0.86855961897926	376.73031366685	0
8.196	-0.34570756113987	-0.86599194056875	376.73031366685	0
8.2	-0.35118659094824	-0.86338401995735	376.73031366685	0
8.204	-0.35665569774453	-0.86073582562605	376.73031366685	0
8.208	-0.3621145348379	-0.8580473293086	376.73031366685	0
8.212	-0.36756275392406	-0.85531850602741	376.73031366685	0
8.216	-0.37300000511692	-0.85254933412934	376.73031366685	0
8.22	-0.37842593698074	-0.84973979532108	376.73031366685	0
8.224	-0.38384019656315	-0.84688987470445	376.73031366685	0
8.228	-0.3892424294288	-0.84399956081132	376.73031366685	0
8.232	-0.39463227969373	-0.84106884563826	376.73031366685	0
8.236	-0.40000939006043	-0.8380977246809	376.73031366685	0
8.24	-0.40537340185364	-0.83508619696806	376.73031366685	0
8.244	-0.41072395505683	-0.8320342650954	376.73031366685	0
8.248	-0.41606068834936	-0.82894193525886	376.73031366685	0
8.252	-0.42138323914445	-0.82580921728768	376.73031366685	0
8.256	-0.42669124362765	-0.82263612467709	376.73031366685	0
8.26	-0.43198433679629	-0.81942267462059	376.73031366685	0
8.264	-0.43726215249932	-0.81616888804185	376.73031366685	0
8.268	-0.44252432347812	-0.81287478962616	376.73031366685	0
8.272	-0.4477704814078	-0.80954040785156	376.73031366685	0
8.276	-0.45300025693932	-0.80616577501935	376.73031366685	0
8.28	-0.45821327974223	-0.80275092728433	376.73031366685	0
8.284	-0.46340917854811	-0.79929590468446	376.73031366685	0
8.288	-0.4685875811947	-0.79580075117006	376.73031366685	0
8.292	-0.47374811467072	-0.79226551463248	376.73031366685	0
8.296	-0.47889040516129	-0.78869024693234	376.73031366685	0
8.3	-0.48401407809411	-0.78507500392715	376.73031366685	0
8.304	-0.48911875818624	-0.78141984549841	376.73031366685	0
8.308	-0.49420406949154	-0.77772483557819	376.73031366685	0
8.312	-0.49926963544882	-0.77399004217507	376.73031366685	0
8.316	-0.50431507893052	-0.77021553739952	376.73031366685	0
8.32	-0.50934002229216	-0.7664013974887	376.73031366685	0
8.324	-0.51434408742229	-0.76254770283059	376.73031366685	0
8.328	-0.51932689579318	-0.75865453798753	376.73031366685	0
8.332	-0.52428806851205	-0.75472199171905	376.73031366685	0
8.336	-0.52922722637293	-0.75075015700413	376.73031366685	0
8.34	-0.5341439899091	-0.74673913106267	376.73031366685	0
8.344	-0.5390379794462	-0.74268901537636	376.73031366685	0
8.348	-0.54390881515579	-0.73859991570875	376.73031366685	0
8.352	-0.54875611710957	-0.73447194212472	376.73031366685	0
8.356	-0.55357950533421	-0.73030520900905	376.73031366685	0
8.36	-0.55837859986656	-0.72609983508441	376.73031366685	0
8.364	-0.56315302080961	-0.72185594342842	376.73031366685	0
8.368	-0.56790238838883	-0.7175736614901	376.73031366685	0
8.372	-0.57262632300907	-0.71325312110534	376.73031366685	0
8.376	-0.57732444531201	-0.70889445851172	376.73031366685	0
8.38	-0.58199637623408	-0.70449781436242	376.73031366685	0
8.384	-0.58664173706484	-0.70006333373934	376.73031366685	0
8.388	-0.59126014950584	-0.69559116616534	376.73031366685	0
8.392	-0.59585123572999	-0.69108146561559	376.73031366685	0
8.396	-0.60041461844133	-0.68653439052818	376.73031366685	0
8.4	-0.6049499209352	-0.68195010381364	376.73031366685	0
8.404	-0.6094567671589	-0.67732877286375	376.73031366685	0
8.408	-0.61393478177274	-0.67267056955932	376.73031366685	0
8.412	-0.61838359021141	-0.66797567027708	376.73031366685	0
8.416	-0.62280281874581	-0.66324425589568	376.73031366685	0
8.42	-0.62719209454519	-0.65847651180062	376.73031366685	0
8.424	-0.63155104573966	-0.65367262788838	376.73031366685	0
8.428	-0.63587930148299	-0.64883279856946	376.73031366685	0
8.432	-0.64017649201576	-0.64395722277049	376.73031366685	0
8.436	-0.64444224872877	-0.63904610393533	376.73031366685	0
8.44	-0.64867620422679	-0.63409965002522	376.73031366685	0
8.444	-0.65287799239247	-0.6291180735178	376.73031366685	0
8.448	-0.65704724845058	-0.62410159140527	376.73031366685	0
8.452	-0.66118360903243	-0.61905042519139	376.73031366685	0
8.456	-0.66528671224051	-0.61396480088749	376.73031366685	0
8.46	-0.66935619771335	-0.60884494900746	376.73031366685	0
8.464	-0.67339170669043	-0.60369110456163	376.73031366685	0
8.468	-0.67739288207744	-0.59850350704961	376.73031366685	0
8.472	-0.68135936851146	-0.59328240045208	376.73031366685	0
8.476	-0.6852908124264	-0.58802803322146	376.73031366685	0
8.48	-0.68918686211847	-0.58274065827157	376.73031366685	0
8.484	-0.69304716781174	-0.57742053296606	376.73031366685	0
8.488	-0.69687138172372	-0.57206791910593	376.73031366685	0
8.492	-0.70065915813104	-0.56668308291577	376.73031366685	0
8.496	-0.70441015343504	-0.561266295029	376.73031366685	0
8.5	-0.70812402622745	-0.55581783047199	376.73031366685	0
8.504	-0.71180043735599	-0.55033796864699	376.73031366685	0
8.508	-0.71543904998989	-0.54482699331403	376.73031366685	0
8.512	-0.71903952968542	-0.53928519257166	376.73031366685	0
8.516	-0.72260154445121	-0.53371285883653	376.73031366685	0
8.52	-0.72612476481358	-0.52811028882189	376.73031366685	0
8.524	-0.72960886388162	-0.52247778351491	376.73031366685	0
8.528	-0.73305351741218	-0.51681564815296	376.73031366685	0
8.532	-0.73645840387463	-0.51112419219863	376.73031366685	0
8.536	-0.73982320451547	-0.50540372931368	376.73031366685	0
8.54	-0.74314760342263	-0.49965457733189	376.73031366685	0
8.544	-0.74643128758961	-0.4938770582307	376.73031366685	0
8.548	-0.7496739469793	-0.4880714981018	376.73031366685	0
8.552	-0.75287527458745	-0.48223822712047	376.73031366685	0
8.556	-0.75603496650598	-0.47637757951391	376.73031366685	0
8.56	-0.75915272198576	-0.47048989352841	376.73031366685	0
8.564	-0.76222824349916	-0.46457551139531	376.73031366685	0
8.568	-0.76526123680215	-0.45863477929597	376.73031366685	0
8.572	-0.76825141099602	-0.45266804732552	376.73031366685	0
8.576	-0.77119847858866	-0.44667566945556	376.73031366685	0
8.58	-0.77410215555535	-0.44065800349568	376.73031366685	0
8.584	-0.77696216139914	-0.43461541105399	376.73031366685	0
8.588	-0.77977821921068	-0.42854825749641	376.73031366685	0
8.592	-0.78255005572753	-0.422456911905	376.73031366685	0
8.596	-0.78527740139293	-0.41634174703511	376.73031366685	0
8.6	-0.78795999041403	-0.41020313927152	376.73031366685	0
8.604	-0.79059756081949	-0.40404146858348	376.73031366685	0
8.608	-0.79318985451647	-0.39785711847867	376.73031366685	0
8.612	-0.795736617347	-0.39165047595617	376.73031366685	0
8.616	-0.79823759914372	-0.38542193145832	376.73031366685	0
8.62	-0.80069255378486	-0.37917187882161	376.73031366685	0
8.624	-0.80310123924861	-0.3729007152265	376.73031366685	0
8.628	-0.80546341766672	-0.36660884114628	376.73031366685	0
8.632	-0.80777885537732	-0.36029666029486	376.73031366685	0
8.636	-0.81004732297708	-0.35396457957365	376.73031366685	0
8.64	-0.81226859537249	-0.34761300901744	376.73031366685	0
8.644	-0.81444245183037	-0.34124236173932	376.73031366685	0
8.648	-0.81656867602754	-0.33485305387462	376.73031366685	0
8.652	-0.81864705609966	-0.32844550452397	376.73031366685	0
8.656	-0.82067738468922	-0.32202013569543	376.73031366685	0
8.66	-0.82265945899254	-0.3155773722457	376.73031366685	0
8.664	-0.82459308080605	-0.30911764182047	376.73031366685	0
8.668	-0.82647805657144	-0.30264137479383	376.73031366685	0
8.672	-0.82831419742001	-0.29614900420696	376.73031366685	0
8.676	-0.83010131921602	-0.28964096570585	376.73031366685	0
8.68	-0.83183924259899	-0.28311769747826	376.73031366685	0
8.684	-0.83352779302513	-0.27657964018986	376.73031366685	0
8.688	-0.83516680080765	-0.27002723691966	376.73031366685	0
8.692	-0.83675610115607	-0.26346093309452	376.73031366685	0
8.696	-0.83829553421449	-0.25688117642309	376.73031366685	0
8.7	-0.83978494509879	-0.25028841682889	376.73031366685	0
8.704	-0.84122418393276	-0.24368310638276	376.73031366685	0
8.708	-0.84261310588308	-0.23706569923462	376.73031366685	0
8.712	-0.84395157119328	-0.23043665154447	376.73031366685	0
8.716	-0.84523944521648	-0.22379642141292	376.73031366685	0
8.72	-0.84647659844706	-0.21714546881092	376.73031366685	0
8.724	-0.84766290655115	-0.21048425550902	376.73031366685	0
8.728	-0.84879825039594	-0.20381324500596	376.73031366685	0
8.732	-0.84988251607784	-0.19713290245676	376.73031366685	0
8.736	-0.85091559494941	-0.19044369460026	376.73031366685	0
8.74	-0.85189738364514	-0.18374608968616	376.73031366685	0
8.744	-0.85282778410597	-0.17704055740153	376.73031366685	0
8.748	-0.85370670360261	-0.1703275687969	376.73031366685	0
8.752	-0.85453405475762	-0.16360759621192	376.73031366685	0
8.756	-0.85530975556622	-0.15688111320054	376.73031366685	0
8.76	-0.85603372941592	-0.15014859445586	376.73031366685	0
8.764	-0.8567059051048	-0.14341051573459	376.73031366685	0
8.768	-0.85732621685855	-0.13666735378118	376.73031366685	0
8.772	-0.85789460434631	-0.12991958625161	376.73031366685	0
8.776	-0.85841101269509	-0.12316769163687	376.73031366685	0
8.78	-0.858875392503	-0.11641214918627	376.73031366685	0
8.784	-0.85928769985116	-0.10965343883037	376.73031366685	0
8.788	-0.85964789631429	-0.1028920411038	376.73031366685	0
8.792	-0.85995594897003	-0.096128437067866	376.73031366685	0
8.796	-0.86021183040692	-0.089363108232932	376.73031366685	0
8.8	-0.86041551873108	-0.082596536480741	376.73031366685	0
8.804	-0.86056699757156	-0.075829203986596	376.73031366685	0
8.808	-0.86066625608441	-0.069061593141422	376.73031366685	0
8.812	-0.8607132889554	-0.062294186473814	376.73031366685	0
8.816	-0.86070809640143	-0.055527466572019	376.73031366685	0
8.82	-0.86065068417062	-0.04876191600593	376.73031366685	0
8.824	-0.86054106354104	-0.041998017249073	376.73031366685	0
8.828	-0.86037925131824	-0.035236252600659	376.73031366685	0
8.832	-0.8601652698313	-0.02847710410769	376.73031366685	0
8.836	-0.85989914692768	-0.021721053487184	376.73031366685	0
8.84	-0.85958091596673	-0.014968582048479	376.73031366685	0
8.844	-0.85921061581186	-0.0082201706157293	376.73031366685	0
8.848	-0.85878829082146	-0.0014762994505425	376.73031366685	0
8.852	-0.85831399083841	0.0052625518251594	376.73031366685	0
8.856	-0.85778777117845	0.011995904306084	376.73031366685	0
8.86	-0.85720969261712	0.018723279880237	376.73031366685	0
8.864	-0.85657982137547	0.025444201305332	376.73031366685	0
8.868	-0.85589822910451	0.032158192284882	376.73031366685	0
8.872	-0.85516499286834	0.038864777543997	376.73031366685	0
8.876	-0.85438019512606	0.045563482904803	376.73031366685	0
8.88	-0.85354392371238	0.052253835361497	376.73031366685	0
8.884	-0.85265627181701	0.058935363154998	376.73031366685	0
8.888	-0.85171733796283	0.065607595847198	376.73031366685	0
8.892	-0.85072722598276	0.072270064394732	376.73031366685	0
8.896	-0.84968604499553	0.078922301222309	376.73031366685	0
8.9	-0.84859390938009	0.085563840295517	376.73031366685	0
8.904	-0.84745093874896	0.092194217193152	376.73031366685	0
8.908	-0.84625725792033	0.098812969178969	376.73031366685	0
8.912	-0.84501299688897	0.1054196352729	376.73031366685	0
8.916	-0.84371829079607	0.11201375632165	376.73031366685	0
8.92	-0.84237327989779	0.11859487506876	376.73031366685	0
8.924	-0.84097810953286	0.12516253622395	376.73031366685	0
8.928	-0.83953293008886	0.13171628653187	376.73031366685	0
8.932	-0.8380378969676	0.13825567484019	376.73031366685	0
8.936	-0.83649317054923	0.14478025216694	376.73031366685	0
8.94	-0.83489891615541	0.15128957176725	376.73031366685	0
8.944	-0.83325530401137	0.15778318919922	376.73031366685	0
8.948	-0.83156250920691	0.16426066238914	376.73031366685	0
8.952	-0.82982071165642	0.17072155169592	376.73031366685	0
8.956	-0.82803009605787	0.17716541997473	376.73031366685	0
8.96	-0.82619085185081	0.18359183263985	376.73031366685	0
8.964	-0.8243031731734	0.19000035772664	376.73031366685	0
8.968	-0.82236725881852	0.19639056595274	376.73031366685	0
8.972	-0.82038331218889	0.20276203077843	376.73031366685	0
8.976	-0.8183515412513	0.209114328466	376.73031366685	0
8.98	-0.81627215848997	0.2154470381384	376.73031366685	0
8.984	-0.81414538085898	0.2217597418368	376.73031366685	0
8.988	-0.81197142973392	0.22805202457745	376.73031366685	0
8.992	-0.80975053086258	0.23432347440739	376.73031366685	0
8.996	-0.80748291431499	0.24057368245936	376.73031366685	0
9	-0.80516881443249	0.24680224300572	376.73031366685	0
9.004	-0.80280846977618	0.25300875351138	376.73031366685	0
9.008	-0.80040212307447	0.2591928146857	376.73031366685	0
9.012	-0.79795002117004	0.26535403053355	376.73031366685	0
9.016	-0.79545241496598	0.27149200840515	376.73031366685	0
9.02	-0.79290955937128	0.27760635904509	376.73031366685	0
9.024	-0.79032171324565	0.28369669664019	376.73031366685	0
9.028	-0.78768913934372	0.28976263886636	376.73031366685	0
9.032	-0.78501210425855	0.29580380693447	376.73031366685	0
9.036	-0.78229087836461	0.30181982563506	376.73031366685	0
9.04	-0.7795257357601	0.30781032338205	376.73031366685	0
9.044	-0.77671695420882	0.31377493225543	376.73031366685	0
9.048	-0.77386481508139	0.3197132880427	376.73031366685	0
9.052	-0.77096960329602	0.32562503027943	376.73031366685	0
9.056	-0.76803160725881	0.33150980228861	376.73031366685	0
9.06	-0.76505111880352	0.33736725121888	376.73031366685	0
9.064	-0.76202843313091	0.34319702808176	376.73031366685	0
9.068	-0.75896384874773	0.34899878778769	376.73031366685	0
9.072	-0.7558576674052	0.35477218918097	376.73031366685	0
9.076	-0.75271019403718	0.36051689507365	376.73031366685	0
9.08	-0.74952173669799	0.3662325722782	376.73031366685	0
9.084	-0.74629260649986	0.37191889163912	376.73031366685	0
9.088	-0.74302311755009	0.37757552806346	376.73031366685	0
9.092	-0.73971358688794	0.38320216055012	376.73031366685	0
9.096	-0.7363643344212	0.38879847221813	376.73031366685	0
9.1	-0.73297568286261	0.39436415033372	376.73031366685	0
9.104	-0.72954795766597	0.39989888633632	376.73031366685	0
9.108	-0.72608148696209	0.40540237586339	376.73031366685	0
9.112	-0.72257660149459	0.41087431877418	376.73031366685	0
9.116	-0.71903363455549	0.41631441917231	376.73031366685	0
9.12	-0.71545292192069	0.42172238542728	376.73031366685	0
9.124	-0.71183480178542	0.4270979301948	376.73031366685	0
9.128	-0.70817961469941	0.43244077043608	376.73031366685	0
9.132	-0.70448770350223	0.43775062743594	376.73031366685	0
9.136	-0.7007594132584	0.44302722681985	376.73031366685	0
9.14	-0.69699509119254	0.44827029856984	376.73031366685	0
9.144	-0.69319508662456	0.45347957703932	376.73031366685	0
9.148	-0.68935975090477	0.45865480096681	376.73031366685	0
9.152	-0.68548943734912	0.4637957134886	376.73031366685	0
9.156	-0.68158450117445	0.46890206215023	376.73031366685	0
9.16	-0.67764529943379	0.47397359891702	376.73031366685	0
9.164	-0.67367219095185	0.47901008018346	376.73031366685	0
9.168	-0.6696655362605	0.48401126678151	376.73031366685	0
9.172	-0.66562569753451	0.48897692398789	376.73031366685	0
9.176	-0.66155303852733	0.4939068215303	376.73031366685	0
9.18	-0.65744792450716	0.49880073359261	376.73031366685	0
9.184	-0.65331072219309	0.50365843881899	376.73031366685	0
9.188	-0.64914179969155	0.50847972031705	376.73031366685	0
9.192	-0.64494152643293	0.51326436565989	376.73031366685	0
9.196	-0.64071027310846	0.51801216688727	376.73031366685	0
9.2	-0.63644841160735	0.52272292050565	376.73031366685	0
9.204	-0.63215631495423	0.52739642748732	376.73031366685	0
9.208	-0.62783435724685	0.53203249326852	376.73031366685	0
9.212	-0.6234829135941	0.53663092774663	376.73031366685	0
9.216	-0.6191023600544	0.54119154527634	376.73031366685	0
9.22	-0.61469307357437	0.54571416466496	376.73031366685	0
9.224	-0.6102554319279	0.55019860916669	376.73031366685	0
9.228	-0.6057898136556	0.55464470647609	376.73031366685	0
9.232	-0.60129659800459	0.55905228872054	376.73031366685	0
9.236	-0.59677616486874	0.56342119245183	376.73031366685	0
9.24	-0.59222889472934	0.56775125863689	376.73031366685	0
9.244	-0.58765516859612	0.57204233264763	376.73031366685	0
9.248	-0.58305536794882	0.57629426424991	376.73031366685	0
9.252	-0.57842987467912	0.58050690759166	376.73031366685	0
9.256	-0.57377907103312	0.5846801211902	376.73031366685	0
9.26	-0.56910333955424	0.58881376791867	376.73031366685	0
9.264	-0.56440306302665	0.59290771499174	376.73031366685	0
9.268	-0.55967862441921	0.59696183395044	376.73031366685	0
9.272	-0.55493040682988	0.60097600064628	376.73031366685	0
9.276	-0.55015879343072	0.60495009522455	376.73031366685	0
9.28	-0.54536416741338	0.60888400210687	376.73031366685	0
9.284	-0.54054691193517	0.61277760997307	376.73031366685	0
9.288	-0.53570741006567	0.61663081174223	376.73031366685	0
9.292	-0.53084604473388	0.62044350455311	376.73031366685	0
9.296	-0.52596319867606	0.62421558974384	376.73031366685	0
9.3	-0.52105925438396	0.62794697283093	376.73031366685	0
9.304	-0.51613459405388	0.63163756348758	376.73031366685	0
9.308	-0.51118959953612	0.63528727552145	376.73031366685	0
9.312	-0.50622465228515	0.63889602685162	376.73031366685	0
9.316	-0.50124013331041	0.64246373948511	376.73031366685	0
9.32	-0.49623642312767	0.64599033949262	376.73031366685	0
9.324	-0.49121390171105	0.64947575698381	376.73031366685	0
9.328	-0.48617294844568	0.65291992608193	376.73031366685	0
9.332	-0.48111394208102	0.65632278489792	376.73031366685	0
9.336	-0.47603726068481	0.65968427550389	376.73031366685	0
9.34	-0.47094328159761	0.66300434390619	376.73031366685	0
9.344	-0.46583238138816	0.66628294001784	376.73031366685	0
9.348	-0.46070493580923	0.66952001763053	376.73031366685	0
9.352	-0.45556131975424	0.67271553438608	376.73031366685	0
9.356	-0.45040190721453	0.67586945174746	376.73031366685	0
9.36	-0.4452270712373	0.67898173496934	376.73031366685	0
9.364	-0.44003718388419	0.68205235306818	376.73031366685	0
9.368	-0.43483261619067	0.68508127879191	376.73031366685	0
9.372	-0.42961373812591	0.68806848858915	376.73031366685	0
9.376	-0.42438091855354	0.69101396257812	376.73031366685	0
9.38	-0.41913452519299	0.69391768451504	376.73031366685	0
9.384	-0.41387492458151	0.69677964176223	376.73031366685	0
9.388	-0.40860248203696	0.69959982525588	376.73031366685	0
9.392	-0.40331756162122	0.70237822947336	376.73031366685	0
9.396	-0.39802052610433	0.70511485240035	376.73031366685	0
9.4	-0.39271173692932	0.7078096954975	376.73031366685	0
9.404	-0.38739155417773	0.71046276366691	376.73031366685	0
9.408	-0.38206033653585	0.71307406521827	376.73031366685	0
9.412	-0.3767184412616	0.71564361183468	376.73031366685	0
9.416	-0.37136622415218	0.71817141853831	376.73031366685	0
9.42	-0.36600403951236	0.72065750365572	376.73031366685	0
9.424	-0.36063224012345	0.72310188878301	376.73031366685	0
9.428	-0.35525117721306	0.72550459875067	376.73031366685	0
9.432	-0.34986120042543	0.72786566158831	376.73031366685	0
9.436	-0.34446265779253	0.73018510848916	376.73031366685	0
9.44	-0.3390558957058	0.73246297377435	376.73031366685	0
9.444	-0.33364125888862	0.73469929485704	376.73031366685	0
9.448	-0.32821909036945	0.73689411220646	376.73031366685	0
9.452	-0.32278973145562	0.73904746931169	376.73031366685	0
9.456	-0.31735352170783	0.74115941264539	376.73031366685	0
9.46	-0.3119107989153	0.74322999162738	376.73031366685	0
9.464	-0.30646189907167	0.7452592585881	376.73031366685	0
9.468	-0.30100715635144	0.747247268732	376.73031366685	0
9.472	-0.29554690308716	0.74919408010083	376.73031366685	0
9.476	-0.29008146974731	0.75109975353683	376.73031366685	0
9.48	-0.28461118491475	0.75296435264594	376.73031366685	0
9.484	-0.27913637526588	0.75478794376082	376.73031366685	0
9.488	-0.27365736555044	0.75657059590398	376.73031366685	0
9.492	-0.26817447857196	0.75831238075075	376.73031366685	0
9.496	-0.26268803516885	0.76001337259235	376.73031366685	0
9.5	-0.2571983541961	0.76167364829882	376.73031366685	0
9.504	-0.25170575250765	0.76329328728209	376.73031366685	0
9.508	-0.24621054493937	0.76487237145893	376.73031366685	0
9.512	-0.24071304429266	0.76641098521401	376.73031366685	0
9.516	-0.23521356131867	0.76790921536298	376.73031366685	0
9.52	-0.2297124047031	0.76936715111552	376.73031366685	0
9.524	-0.22420988105169	0.77078488403854	376.73031366685	0
9.528	-0.21870629487621	0.77216250801936	376.73031366685	0
9.532	-0.2132019485811	0.773500119229	376.73031366685	0
9.536	-0.2076971424507	0.77479781608551	376.73031366685	0
9.54	-0.20219217463702	0.77605569921744	376.73031366685	0
9.544	-0.19668734114815	0.77727387142735	376.73031366685	0
9.548	-0.19118293583718	0.77845243765544	376.73031366685	0
9.552	-0.18567925039173	0.77959150494329	376.73031366685	0
9.556	-0.18017657432398	0.78069118239772	376.73031366685	0
9.56	-0.17467519496136	0.78175158115477	376.73031366685	0
9.564	-0.16917539743765	0.78277281434382	376.73031366685	0
9.568	-0.1636774646847	0.78375499705184	376.73031366685	0
9.572	-0.15818167742467	0.78469824628777	376.73031366685	0
9.576	-0.15268831416282	0.78560268094712	376.73031366685	0
9.58	-0.14719765118073	0.78646842177663	376.73031366685	0
9.584	-0.14170996253014	0.78729559133918	376.73031366685	0
9.588	-0.13622552002723	0.78808431397885	376.73031366685	0
9.592	-0.13074459324742	0.78883471578614	376.73031366685	0
9.596	-0.12526744952064	0.78954692456338	376.73031366685	0
9.6	-0.11979435392712	0.79022106979035	376.73031366685	0
9.604	-0.11432556929365	0.79085728259012	376.73031366685	0
9.608	-0.10886135619026	0.79145569569498	376.73031366685	0
9.612	-0.10340197292744	0.79201644341275	376.73031366685	0
9.616	-0.09794767555377	0.79253966159313	376.73031366685	0
9.62	-0.092498717854005	0.79302548759441	376.73031366685	0
9.624	-0.087055351347615	0.79347406025031	376.73031366685	0
9.628	-0.081617825287744	0.79388551983708	376.73031366685	0
9.632	-0.076186386660615	0.79426000804084	376.73031366685	0
9.636	-0.070761280185345	0.79459766792514	376.73031366685	0
9.64	-0.065342748314173	0.79489864389879	376.73031366685	0
9.644	-0.059931031233114	0.79516308168387	376.73031366685	0
9.648	-0.054526366862979	0.79539112828406	376.73031366685	0
9.652	-0.049128990860821	0.79558293195322	376.73031366685	0
9.656	-0.043739136621753	0.79573864216414	376.73031366685	0
9.66	-0.038357035281139	0.79585840957764	376.73031366685	0
9.664	-0.032982915717169	0.7959423860119	376.73031366685	0
9.668	-0.027617004553789	0.79599072441205	376.73031366685	0
9.672	-0.022259526163998	0.79600357882006	376.73031366685	0
9.676	-0.016910702673494	0.79598110434483	376.73031366685	0
9.68	-0.011570753964648	0.79592345713262	376.73031366685	0
9.684	-0.0062398976808412	0.79583079433776	376.73031366685	0
9.688	-0.00091834923111008	0.79570327409358	376.73031366685	0
9.692	0.0043936782048643	0.79554105548366	376.73031366685	0
9.696	0.0096959736714774	0.79534429851339	376.73031366685	0
9.7	0.014988328431588	0.79511316408174	376.73031366685	0
9.704	0.020270535960619	0.7948478139534	376.73031366685	0
9.708	0.02554239194034	0.79454841073115	376.73031366685	0
9.712	0.030803694252398	0.79421511782852	376.73031366685	0
9.716	0.036054242971525	0.79384809944282	376.73031366685	0
9.72	0.041293840358497	0.79344752052835	376.73031366685	0
9.724	0.046522290852805	0.79301354676997	376.73031366685	0
9.728	0.051739401065082	0.79254634455698	376.73031366685	0
9.732	0.056944979769256	0.79204608095725	376.73031366685	0
9.736	0.062138837894461	0.79151292369168	376.73031366685	0
9.74	0.067320788516699	0.79094704110892	376.73031366685	0
9.744	0.072490646850276	0.79034860216048	376.73031366685	0
9.748	0.077648230238992	0.78971777637599	376.73031366685	0
9.752	0.082793358147117	0.78905473383891	376.73031366685	0
9.756	0.087925852150133	0.78835964516246	376.73031366685	0
9.76	0.093045535925286	0.78763268146585	376.73031366685	0
9.764	0.098152235241911	0.78687401435086	376.73031366685	0
9.768	0.10324577795157	0.78608381587864	376.73031366685	0
9.772	0.10832599397796	0.78526225854691	376.73031366685	0
9.776	0.11339271530671	0.78440951526739	376.73031366685	0
9.78	0.1184457759749	0.78352575934353	376.73031366685	0
9.784	0.12348501206046	0.78261116444859	376.73031366685	0
9.788	0.12851026167138	0.781665904604	376.73031366685	0
9.792	0.13352136493477	0.78069015415795	376.73031366685	0
9.796	0.13851816398572	0.77968408776443	376.73031366685	0
9.8	0.14350050295606	0.77864788036239	376.73031366685	0
9.804	0.14846822796289	0.77758170715536	376.73031366685	0
9.808	0.15342118709708	0.77648574359123	376.73031366685	0
9.812	0.15835923041149	0.77536016534244	376.73031366685	0
9.816	0.1632822099092	0.77420514828638	376.73031366685	0
9.82	0.16818997953146	0.77302086848613	376.73031366685	0
9.824	0.17308239514569	0.77180750217151	376.73031366685	0
9.828	0.17795931453317	0.77056522572034	376.73031366685	0
9.832	0.18282059737676	0.76929421564009	376.73031366685	0
9.836	0.18766610524848	0.76799464854975	376.73031366685	0
9.84	0.19249570159689	0.76666670116205	376.73031366685	0
9.844	0.19730925173453	0.76531055026589	376.73031366685	0
9.848	0.20210662282513	0.76392637270912	376.73031366685	0
9.852	0.20688768387076	0.76251434538157	376.73031366685	0
9.856	0.21165230569897	0.7610746451984	376.73031366685	0
9.86	0.21640036094973	0.75960744908369	376.73031366685	0
9.864	0.22113172406239	0.75811293395433	376.73031366685	0
9.868	0.22584627126249	0.75659127670417	376.73031366685	0
9.872	0.23054388054856	0.75504265418851	376.73031366685	0
9.876	0.23522443167883	0.75346724320877	376.73031366685	0
9.88	0.23988780615787	0.75186522049749	376.73031366685	0
9.884	0.24453388722318	0.75023676270363	376.73031366685	0
9.888	0.24916255983172	0.74858204637804	376.73031366685	0
9.892	0.25377371064643	0.74690124795934	376.73031366685	0
9.896	0.25836722802265	0.7451945437599	376.73031366685	0
9.9	0.26294300199449	0.74346210995226	376.73031366685	0
9.904	0.26750092426125	0.74170412255563	376.73031366685	0
9.908	0.27204088817371	0.73992075742284	376.73031366685	0
9.912	0.27656278872042	0.73811219022736	376.73031366685	0
9.916	0.28106652251399	0.73627859645076	376.73031366685	0
9.92	0.2855519877773	0.73442015137026	376.73031366685	0
9.924	0.29001908432976	0.73253703004662	376.73031366685	0
9.928	0.29446771357348	0.7306294073123	376.73031366685	0
9.932	0.29889777847946	0.72869745775981	376.73031366685	0
9.936	0.30330918357377	0.7267413557303	376.73031366685	0
9.94	0.30770183492373	0.72476127530248	376.73031366685	0
9.944	0.31207564012405	0.72275739028168	376.73031366685	0
9.948	0.316430508283	0.7207298741892	376.73031366685	0
9.952	0.32076635000856	0.71867890025191	376.73031366685	0
9.956	0.32508307739457	0.71660464139205	376.73031366685	0
9.96	0.32938060400693	0.71450727021728	376.73031366685	0
9.964	0.33365884486975	0.71238695901095	376.73031366685	0
9.968	0.33791771645152	0.71024387972262	376.73031366685	0
9.972	0.34215713665134	0.70807820395878	376.73031366685	0
9.976	0.34637702478511	0.70589010297382	376.73031366685	0
9.98	0.35057730157179	0.7036797476612	376.73031366685	0
9.984	0.35475788911961	0.70144730854484	376.73031366685	0
9.988	0.35891871091239	0.69919295577072	376.73031366685	0
9.992	0.36305969179582	0.69691685909876	376.73031366685	0
9.996	0.36718075796379	0.6946191878948	376.73031366685	0
10	0.37128183694474	0.69230011112288	376.73031366685	0
10.004	0.37536285758808	0.68995979733768	376.73031366685	0
10.008	0.3794237500506	0.68759841467721	376.73031366685	0
10.012	0.3834644457829	0.68521613085565	376.73031366685	0
10.016	0.38748487751594	0.68281311315641	376.73031366685	0
10.02	0.39148497924755	0.68038952842542	376.73031366685	0
10.024	0.395464686229	0.67794554306459	376.73031366685	0
10.028	0.39942393495165	0.67548132302541	376.73031366685	0
10.032	0.40336266313361	0.67299703380287	376.73031366685	0
10.036	0.40728080970643	0.67049284042945	376.73031366685	0
10.04	0.41117831480191	0.66796890746935	376.73031366685	0
10.044	0.41505511973887	0.66542539901289	376.73031366685	0
10.048	0.41891116701004	0.66286247867112	376.73031366685	0
10.052	0.42274640026897	0.66028030957055	376.73031366685	0
10.056	0.42656076431701	0.65767905434814	376.73031366685	0
10.06	0.43035420509033	0.65505887514639	376.73031366685	0
10.064	0.43412666964703	0.65241993360864	376.73031366685	0
10.068	0.43787810615424	0.64976239087455	376.73031366685	0
10.072	0.44160846387537	0.6470864075757	376.73031366685	0
10.076	0.44531769315737	0.64439214383145	376.73031366685	0
10.08	0.44900574541804	0.64167975924485	376.73031366685	0
10.084	0.45267257313343	0.63894941289879	376.73031366685	0
10.088	0.45631812982532	0.63620126335227	376.73031366685	0
10.092	0.45994237004871	0.6334354686369	376.73031366685	0
10.096	0.46354524937942	0.63065218625342	376.73031366685	0
10.1	0.4671267244018	0.62785157316851	376.73031366685	0
10.104	0.47068675269637	0.6250337858117	376.73031366685	0
10.108	0.47422529282768	0.62219898007238	376.73031366685	0
10.112	0.47774230433216	0.61934731129704	376.73031366685	0
10.116	0.48123774770608	0.61647893428661	376.73031366685	0
10.12	0.48471158439351	0.61359400329393	376.73031366685	0
10.124	0.48816377677446	0.61069267202143	376.73031366685	0
10.128	0.49159428815303	0.60777509361883	376.73031366685	0
10.132	0.49500308274563	0.60484142068111	376.73031366685	0
10.136	0.49839012566928	0.60189180524652	376.73031366685	0
10.14	0.50175538293004	0.59892639879474	376.73031366685	0
10.144	0.50509882141142	0.59594535224524	376.73031366685	0
10.148	0.50842040886296	0.59294881595566	376.73031366685	0
10.152	0.51172011388884	0.58993693972037	376.73031366685	0
10.156	0.51499790593656	0.58690987276922	376.73031366685	0
10.16	0.51825375528573	0.58386776376626	376.73031366685	0
10.164	0.52148763303693	0.58081076080874	376.73031366685	0
10.168	0.52469951110063	0.57773901142614	376.73031366685	0
10.172	0.52788936218621	0.57465266257929	376.73031366685	0
10.176	0.53105715979108	0.57155186065973	376.73031366685	0
10.18	0.53420287818982	0.56843675148904	376.73031366685	0
10.184	0.53732649242346	0.56530748031839	376.73031366685	0
10.188	0.54042797828883	0.56216419182814	376.73031366685	0
10.192	0.54350731232794	0.55900703012755	376.73031366685	0
10.196	0.54656447181756	0.55583613875463	376.73031366685	0
10.2	0.54959943475873	0.55265166067609	376.73031366685	0
10.204	0.55261217986648	0.54945373828735	376.73031366685	0
10.208	0.55560268655956	0.54624251341268	376.73031366685	0
10.212	0.55857093495031	0.54301812730549	376.73031366685	0
10.216	0.56151690583453	0.5397807206486	376.73031366685	0
10.22	0.56444058068154	0.53653043355472	376.73031366685	0
10.224	0.56734194162421	0.53326740556695	376.73031366685	0
10.228	0.57022097144919	0.52999177565945	376.73031366685	0
10.232	0.57307765358714	0.52670368223808	376.73031366685	0
10.236	0.57591197210305	0.52340326314126	376.73031366685	0
10.24	0.57872391168672	0.52009065564086	376.73031366685	0
10.244	0.58151345764319	0.51676599644314	376.73031366685	0
10.248	0.58428059588343	0.51342942168983	376.73031366685	0
10.252	0.58702531291491	0.51008106695932	376.73031366685	0
10.256	0.58974759583246	0.5067210672678	376.73031366685	0
10.26	0.59244743230906	0.50334955707065	376.73031366685	0
10.264	0.59512481058676	0.4999666702638	376.73031366685	0
10.268	0.59777971946776	0.49657254018517	376.73031366685	0
10.272	0.60041214830542	0.49316729961627	376.73031366685	0
10.276	0.60302208699552	0.48975108078376	376.73031366685	0
10.28	0.60560952596747	0.48632401536116	376.73031366685	0
10.284	0.60817445617568	0.48288623447065	376.73031366685	0
10.288	0.61071686909103	0.47943786868485	376.73031366685	0
10.292	0.6132367566923	0.47597904802874	376.73031366685	0
10.296	0.61573411145787	0.47250990198167	376.73031366685	0
10.3	0.61820892635731	0.46903055947933	376.73031366685	0
10.304	0.62066119484324	0.46554114891592	376.73031366685	0
10.308	0.62309091084309	0.46204179814628	376.73031366685	0
10.312	0.62549806875109	0.45853263448813	376.73031366685	0
10.316	0.62788266342026	0.45501378472437	376.73031366685	0
10.32	0.63024469015454	0.45148537510543	376.73031366685	0
10.324	0.63258414470089	0.44794753135169	376.73031366685	0
10.328	0.63490102324166	0.44440037865594	376.73031366685	0
10.332	0.63719532238683	0.44084404168593	376.73031366685	0
10.336	0.63946703916651	0.43727864458692	376.73031366685	0
10.34	0.6417161710234	0.43370431098438	376.73031366685	0
10.344	0.64394271580538	0.43012116398661	376.73031366685	0
10.348	0.64614667175821	0.42652932618755	376.73031366685	0
10.352	0.64832803751822	0.42292891966955	376.73031366685	0
10.356	0.65048681210519	0.41932006600623	376.73031366685	0
10.36	0.65262299491523	0.41570288626537	376.73031366685	0
10.364	0.65473658571376	0.41207750101184	376.73031366685	0
10.368	0.65682758462859	0.40844403031066	376.73031366685	0
10.372	0.65889599214307	0.40480259372998	376.73031366685	0
10.376	0.66094180908929	0.40115331034417	376.73031366685	0
10.38	0.66296503664138	0.39749629873701	376.73031366685	0
10.384	0.66496567630892	0.39383167700478	376.73031366685	0
10.388	0.66694372993036	0.39015956275956	376.73031366685	0
10.392	0.66889919966657	0.38648007313246	376.73031366685	0
10.396	0.67083208799448	0.38279332477688	376.73031366685	0
10.4	0.67274239770069	0.37909943387194	376.73031366685	0
10.404	0.6746301318753	0.37539851612578	376.73031366685	0
10.408	0.67649529390575	0.37169068677902	376.73031366685	0
10.412	0.67833788747069	0.36797606060821	376.73031366685	0
10.416	0.68015791653399	0.36425475192933	376.73031366685	0
10.42	0.68195538533883	0.36052687460132	376.73031366685	0
10.424	0.68373029840181	0.35679254202961	376.73031366685	0
10.428	0.68548266050717	0.35305186716979	376.73031366685	0
10.432	0.68721247670109	0.34930496253118	376.73031366685	0
10.436	0.68891975228603	0.34555194018053	376.73031366685	0
10.44	0.69060449281519	0.34179291174569	376.73031366685	0
10.444	0.69226670408701	0.3380279884194	376.73031366685	0
10.448	0.69390639213972	0.33425728096295	376.73031366685	0
10.452	0.69552356324605	0.3304808997101	376.73031366685	0
10.456	0.69711822390789	0.32669895457078	376.73031366685	0
10.46	0.69869038085113	0.322911555035	376.73031366685	0
10.464	0.70024004102052	0.31911881017675	376.73031366685	0
10.468	0.70176721157459	0.31532082865783	376.73031366685	0
10.472	0.70327189988066	0.31151771873185	376.73031366685	0
10.476	0.70475411350994	0.30770958824816	376.73031366685	0
10.48	0.70621386023265	0.30389654465582	376.73031366685	0
10.484	0.70765114801325	0.30007869500763	376.73031366685	0
10.488	0.7090659850057	0.29625614596417	376.73031366685	0
10.492	0.71045837954888	0.29242900379782	376.73031366685	0
10.496	0.71182834016193	0.28859737439688	376.73031366685	0
10.5	0.71317587553978	0.28476136326963	376.73031366685	0
10.504	0.71450099454871	0.28092107554851	376.73031366685	0
10.508	0.71580370622197	0.27707661599421	376.73031366685	0
10.512	0.71708401975546	0.27322808899987	376.73031366685	0
10.516	0.71834194450351	0.26937559859528	376.73031366685	0
10.52	0.71957748997466	0.26551924845102	376.73031366685	0
10.524	0.72079066582761	0.2616591418828	376.73031366685	0
10.528	0.72198148186712	0.25779538185559	376.73031366685	0
10.532	0.72314994804006	0.25392807098797	376.73031366685	0
10.536	0.72429607443148	0.25005731155638	376.73031366685	0
10.54	0.72541987126078	0.24618320549942	376.73031366685	0
10.544	0.72652134887789	0.24230585442219	376.73031366685	0
10.548	0.72760051775958	0.2384253596006	376.73031366685	0
10.552	0.72865738850578	0.23454182198575	376.73031366685	0
10.556	0.72969197183597	0.23065534220828	376.73031366685	0
10.56	0.7307042785857	0.22676602058275	376.73031366685	0
10.564	0.73169431970305	0.22287395711209	376.73031366685	0
10.568	0.73266210624526	0.21897925149195	376.73031366685	0
10.572	0.73360764937538	0.21508200311516	376.73031366685	0
10.576	0.734530960359	0.21118231107619	376.73031366685	0
10.58	0.73543205056096	0.20728027417561	376.73031366685	0
10.584	0.73631093144227	0.20337599092452	376.73031366685	0
10.588	0.73716761455695	0.19946955954907	376.73031366685	0
10.592	0.73800211154901	0.19556107799498	376.73031366685	0
10.596	0.73881443414945	0.191650643932	376.73031366685	0
10.6	0.73960459417339	0.18773835475849	376.73031366685	0
10.604	0.74037260351712	0.18382430760591	376.73031366685	0
10.608	0.74111847415536	0.1799085993434	376.73031366685	0
10.612	0.74184221813852	0.17599132658233	376.73031366685	0
10.616	0.74254384758997	0.17207258568086	376.73031366685	0
10.62	0.74322337470344	0.16815247274855	376.73031366685	0
10.624	0.74388081174044	0.16423108365094	376.73031366685	0
10.628	0.74451617102777	0.16030851401414	376.73031366685	0
10.632	0.74512946495505	0.15638485922948	376.73031366685	0
10.636	0.7457207059723	0.15246021445809	376.73031366685	0
10.64	0.74628990658767	0.14853467463557	376.73031366685	0
10.644	0.74683707936508	0.14460833447664	376.73031366685	0
10.648	0.74736223692205	0.14068128847975	376.73031366685	0
10.652	0.74786539192751	0.13675363093179	376.73031366685	0
10.656	0.74834655709968	0.13282545591272	376.73031366685	0
10.66	0.74880574520404	0.12889685730031	376.73031366685	0
10.664	0.74924296905131	0.12496792877475	376.73031366685	0
10.668	0.74965824149553	0.12103876382343	376.73031366685	0
10.672	0.75005157543214	0.11710945574558	376.73031366685	0
10.676	0.75042298379616	0.11318009765705	376.73031366685	0
10.68	0.75077247956043	0.10925078249494	376.73031366685	0
10.684	0.75110007573388	0.10532160302243	376.73031366685	0
10.688	0.75140578535985	0.10139265183347	376.73031366685	0
10.692	0.75168962151448	0.097464021357501	376.73031366685	0
10.696	0.75195159730517	0.093535803864263	376.73031366685	0
10.7	0.75219172586908	0.089608091468515	376.73031366685	0
10.704	0.75241002037164	0.085680976134813	376.73031366685	0
10.708	0.7526064940052	0.081754549682295	376.73031366685	0
10.712	0.75278115998769	0.077828903789441	376.73031366685	0
10.716	0.75293403156129	0.073904129998873	376.73031366685	0
10.72	0.75306512199124	0.069980319722153	376.73031366685	0
10.724	0.75317444456467	0.066057564244567	376.73031366685	0
10.728	0.75326201258942	0.062135954729948	376.73031366685	0
10.732	0.75332783939302	0.058215582225478	376.73031366685	0
10.736	0.75337193832166	0.054296537666509	376.73031366685	0
10.74	0.75339432273921	0.050378911881394	376.73031366685	0
10.744	0.75339500602635	0.046462795596309	376.73031366685	0
10.748	0.75337400157964	0.042548279440089	376.73031366685	0
10.752	0.75333132281081	0.038635453949082	376.73031366685	0
10.756	0.75326698314591	0.034724409571982	376.73031366685	0
10.76	0.75318099602471	0.030815236674689	376.73031366685	0
10.764	0.75307337489998	0.026908025545169	376.73031366685	0
10.768	0.75294413323692	0.023002866398312	376.73031366685	0
10.772	0.75279328451265	0.01909984938081	376.73031366685	0
10.776	0.75262084221569	0.015199064576024	376.73031366685	0
10.78	0.75242681984553	0.011300602008862	376.73031366685	0
10.784	0.75221123091229	0.0074045516506731	376.73031366685	0
10.788	0.75197408893634	0.0035110034241275	376.73031366685	0
10.792	0.75171540744805	-0.00037995279188513	376.73031366685	0
10.796	0.75143519998759	-0.0042682271573567	376.73031366685	0
10.8	0.75113348010472	-0.0081537298662586	376.73031366685	0
10.804	0.75081026135871	-0.012036371141626	376.73031366685	0
10.808	0.75046555731828	-0.015916061230655	376.73031366685	0
10.812	0.75009938156157	-0.01979271039978	376.73031366685	0
10.816	0.74971174767619	-0.023666228929743	376.73031366685	0
10.82	0.74930266925934	-0.027536527110685	376.73031366685	0
10.824	0.74887215991795	-0.031403515237196	376.73031366685	0
10.828	0.74842023326886	-0.03526710360339	376.73031366685	0
10.832	0.74794690293914	-0.039127202497963	376.73031366685	0
10.836	0.74745218256633	-0.042983722199244	376.73031366685	0
10.84	0.74693608579888	-0.046836572970254	376.73031366685	0
10.844	0.7463986262965	-0.05068566505375	376.73031366685	0
10.848	0.7458398177307	-0.054530908667265	376.73031366685	0
10.852	0.74525967378527	-0.058372213998155	376.73031366685	0
10.856	0.7446582081569	-0.062209491198623	376.73031366685	0
10.86	0.74403543455579	-0.066042650380762	376.73031366685	0
10.864	0.74339136670634	-0.069871601611578	376.73031366685	0
10.868	0.74272601834794	-0.073696254908009	376.73031366685	0
10.872	0.74203940323573	-0.077516520231952	376.73031366685	0
10.876	0.74133153514145	-0.081332307485277	376.73031366685	0
10.88	0.74060242785441	-0.08514352650484	376.73031366685	0
10.884	0.7398520951824	-0.088950087057491	376.73031366685	0
10.888	0.73908055095273	-0.092751898835076	376.73031366685	0
10.892	0.73828780901332	-0.096548871449448	376.73031366685	0
10.896	0.73747388323385	-0.10034091442746	376.73031366685	0
10.9	0.7366387875069	-0.10412793720597	376.73031366685	0
10.904	0.73578253574926	-0.1079098491268	376.73031366685	0
10.908	0.73490514190319	-0.11168655943178	376.73031366685	0
10.912	0.73400661993781	-0.11545797725769	376.73031366685	0
10.916	0.73308698385051	-0.11922401163125	376.73031366685	0
10.92	0.73214624766843	-0.12298457146413	376.73031366685	0
10.924	0.73118442545001	-0.12673956554788	376.73031366685	0
10.928	0.73020153128653	-0.13048890254895	376.73031366685	0
10.932	0.72919757930385	-0.13423249100362	376.73031366685	0
10.936	0.72817258366405	-0.13797023931302	376.73031366685	0
10.94	0.72712655856722	-0.14170205573803	376.73031366685	0
10.944	0.72605951825331	-0.14542784839432	376.73031366685	0
10.948	0.72497147700401	-0.14914752524725	376.73031366685	0
10.952	0.72386244914468	-0.15286099410686	376.73031366685	0
10.956	0.72273244904639	-0.15656816262282	376.73031366685	0
10.96	0.72158149112799	-0.16026893827939	376.73031366685	0
10.964	0.7204095898582	-0.16396322839038	376.73031366685	0
10.968	0.71921675975787	-0.16765094009409	376.73031366685	0
10.972	0.71800301540221	-0.17133198034825	376.73031366685	0
10.976	0.71676837142307	-0.17500625592501	376.73031366685	0
10.98	0.7155128425114	-0.17867367340585	376.73031366685	0
10.984	0.71423644341962	-0.18233413917654	376.73031366685	0
10.988	0.71293918896419	-0.18598755942208	376.73031366685	0
10.992	0.71162109402814	-0.18963384012168	376.73031366685	0
10.996	0.71028217356374	-0.19327288704364	376.73031366685	0
11	0.70892244259519	-0.19690460574034	376.73031366685	0
11.004	0.70754191622136	-0.2005289015432	376.73031366685	0
11.008	0.70614060961871	-0.20414567955756	376.73031366685	0
11.012	0.70471853804408	-0.20775484465767	376.73031366685	0
11.016	0.70327571683777	-0.21135630148165	376.73031366685	0
11.02	0.70181216142648	-0.21494995442637	376.73031366685	0
11.024	0.70032788732647	-0.21853570764247	376.73031366685	0
11.028	0.69882291014676	-0.22211346502923	376.73031366685	0
11.032	0.69729724559227	-0.2256831302296	376.73031366685	0
11.036	0.69575090946724	-0.22924460662505	376.73031366685	0
11.04	0.69418391767857	-0.23279779733063	376.73031366685	0
11.044	0.69259628623926	-0.23634260518982	376.73031366685	0
11.048	0.69098803127195	-0.23987893276956	376.73031366685	0
11.052	0.68935916901253	-0.24340668235515	376.73031366685	0
11.056	0.68770971581377	-0.24692575594525	376.73031366685	0
11.06	0.68603968814912	-0.25043605524682	376.73031366685	0
11.064	0.68434910261648	-0.25393748167008	376.73031366685	0
11.068	0.68263797594211	-0.2574299363235	376.73031366685	0
11.072	0.6809063249846	-0.26091332000875	376.73031366685	0
11.076	0.6791541667389	-0.2643875332157	376.73031366685	0
11.08	0.67738151834046	-0.26785247611736	376.73031366685	0
11.084	0.67558839706939	-0.27130804856493	376.73031366685	0
11.088	0.67377482035479	-0.27475415008273	376.73031366685	0
11.092	0.67194080577904	-0.27819067986322	376.73031366685	0
11.096	0.67008637108228	-0.281617536762	376.73031366685	0
11.1	0.66821153416689	-0.28503461929284	376.73031366685	0
11.104	0.66631631310211	-0.28844182562267	376.73031366685	0
11.108	0.6644007261287	-0.29183905356661	376.73031366685	0
11.112	0.66246479166368	-0.29522620058299	376.73031366685	0
11.116	0.6605085283052	-0.29860316376842	376.73031366685	0
11.12	0.65853195483744	-0.30196983985282	376.73031366685	0
11.124	0.65653509023563	-0.30532612519446	376.73031366685	0
11.128	0.65451795367114	-0.30867191577506	376.73031366685	0
11.132	0.65248056451664	-0.31200710719484	376.73031366685	0
11.136	0.65042294235141	-0.31533159466761	376.73031366685	0
11.14	0.64834510696662	-0.3186452730159	376.73031366685	0
11.144	0.64624707837086	-0.32194803666603	376.73031366685	0
11.148	0.64412887679559	-0.32523977964325	376.73031366685	0
11.152	0.64199052270082	-0.32852039556686	376.73031366685	0
11.156	0.63983203678078	-0.33178977764542	376.73031366685	0
11.16	0.63765343996975	-0.33504781867181	376.73031366685	0
11.164	0.63545475344794	-0.3382944110185	376.73031366685	0
11.168	0.6332359986475	-0.34152944663271	376.73031366685	0
11.172	0.63099719725856	-0.34475281703162	376.73031366685	0
11.176	0.62873837123547	-0.34796441329758	376.73031366685	0
11.18	0.62645954280304	-0.35116412607339	376.73031366685	0
11.184	0.62416073446291	-0.35435184555753	376.73031366685	0
11.188	0.62184196900003	-0.35752746149947	376.73031366685	0
11.192	0.61950326948924	-0.36069086319496	376.73031366685	0
11.196	0.61714465930192	-0.36384193948134	376.73031366685	0
11.2	0.61476616211276	-0.36698057873292	376.73031366685	0
11.204	0.61236780190668	-0.37010666885629	376.73031366685	0
11.208	0.60994960298573	-0.37322009728576	376.73031366685	0
11.212	0.60751158997624	-0.37632075097878	376.73031366685	0
11.216	0.60505378783594	-0.37940851641133	376.73031366685	0
11.22	0.60257622186132	-0.38248327957342	376.73031366685	0
11.224	0.60007891769497	-0.38554492596458	376.73031366685	0
11.228	0.59756190133312	-0.38859334058938	376.73031366685	0
11.232	0.59502519913321	-0.39162840795297	376.73031366685	0
11.236	0.59246883782168	-0.39465001205666	376.73031366685	0
11.24	0.58989284450174	-0.39765803639355	376.73031366685	0
11.244	0.58729724666137	-0.40065236394416	376.73031366685	0
11.248	0.58468207218133	-0.4036328771721	376.73031366685	0
11.252	0.58204734934337	-0.40659945801979	376.73031366685	0
11.256	0.5793931068385	-0.4095519879042	376.73031366685	0
11.26	0.57671937377541	-0.41249034771266	376.73031366685	0
11.264	0.57402617968896	-0.41541441779862	376.73031366685	0
11.268	0.57131355454887	-0.41832407797759	376.73031366685	0
11.272	0.56858152876843	-0.42121920752298	376.73031366685	0
11.276	0.56583013321342	-0.42409968516208	376.73031366685	0
11.28	0.56305939921106	-0.42696538907204	376.73031366685	0
11.284	0.5602693585592	-0.42981619687587	376.73031366685	0
11.288	0.55746004353551	-0.43265198563857	376.73031366685	0
11.292	0.5546314869069	-0.43547263186323	376.73031366685	0
11.296	0.55178372193898	-0.43827801148719	376.73031366685	0
11.3	0.54891678240569	-0.44106799987831	376.73031366685	0
11.304	0.54603070259908	-0.4438424718312	376.73031366685	0
11.308	0.54312551733916	-0.44660130156358	376.73031366685	0
11.312	0.54020126198394	-0.44934436271267	376.73031366685	0
11.316	0.53725797243955	-0.45207152833162	376.73031366685	0
11.32	0.53429568517055	-0.45478267088601	376.73031366685	0
11.324	0.5313144372103	-0.45747766225045	376.73031366685	0
11.328	0.52831426617152	-0.46015637370515	376.73031366685	0
11.332	0.52529521025698	-0.46281867593268	376.73031366685	0
11.336	0.52225730827033	-0.46546443901467	376.73031366685	0
11.34	0.51920059962702	-0.46809353242865	376.73031366685	0
11.344	0.51612512436541	-0.47070582504496	376.73031366685	0
11.348	0.51303092315802	-0.47330118512372	376.73031366685	0
11.352	0.50991803732289	-0.47587948031184	376.73031366685	0
11.356	0.50678650883511	-0.47844057764016	376.73031366685	0
11.36	0.50363638033847	-0.48098434352066	376.73031366685	0
11.364	0.50046769515728	-0.4835106437437	376.73031366685	0
11.368	0.49728049730831	-0.48601934347541	376.73031366685	0
11.372	0.49407483151292	-0.48851030725512	376.73031366685	0
11.376	0.49085074320924	-0.49098339899287	376.73031366685	0
11.38	0.48760827856467	-0.49343848196708	376.73031366685	0
11.384	0.48434748448832	-0.49587541882222	376.73031366685	0
11.388	0.48106840864378	-0.49829407156662	376.73031366685	0
11.392	0.47777109946193	-0.50069430157039	376.73031366685	0
11.396	0.47445560615398	-0.50307596956342	376.73031366685	0
11.4	0.47112197872459	-0.50543893563347	376.73031366685	0
11.404	0.46777026798519	-0.50778305922437	376.73031366685	0
11.408	0.46440052556748	-0.51010819913437	376.73031366685	0
11.412	0.46101280393699	-0.51241421351456	376.73031366685	0
11.416	0.45760715640694	-0.51470095986737	376.73031366685	0
11.42	0.45418363715211	-0.51696829504527	376.73031366685	0
11.424	0.450742301223	-0.5192160752495	376.73031366685	0
11.428	0.44728320456006	-0.52144415602902	376.73031366685	0
11.432	0.44380640400811	-0.52365239227947	376.73031366685	0
11.436	0.44031195733095	-0.52584063824236	376.73031366685	0
11.44	0.43679992322608	-0.52800874750433	376.73031366685	0
11.444	0.43327036133965	-0.53015657299655	376.73031366685	0
11.448	0.42972333228149	-0.53228396699431	376.73031366685	0
11.452	0.4261588976404	-0.53439078111666	376.73031366685	0
11.456	0.42257711999955	-0.53647686632626	376.73031366685	0
11.46	0.41897806295202	-0.53854207292939	376.73031366685	0
11.464	0.41536179111659	-0.54058625057604	376.73031366685	0
11.468	0.41172837015366	-0.54260924826021	376.73031366685	0
11.472	0.40807786678126	-0.54461091432037	376.73031366685	0
11.476	0.40441034879141	-0.54659109644005	376.73031366685	0
11.48	0.40072588506643	-0.54854964164862	376.73031366685	0
11.484	0.39702454559564	-0.5504863963222	376.73031366685	0
11.488	0.39330640149204	-0.55240120618484	376.73031366685	0
11.492	0.38957152500929	-0.55429391630975	376.73031366685	0
11.496	0.3858199895588	-0.55616437112078	376.73031366685	0
11.5	0.38205186972703	-0.5580124143941	376.73031366685	0
11.504	0.37826724129294	-0.55983788926006	376.73031366685	0
11.508	0.37446618124558	-0.56164063820518	376.73031366685	0
11.512	0.37064876780194	-0.56342050307442	376.73031366685	0
11.516	0.3668150804249	-0.56517732507363	376.73031366685	0
11.52	0.36296519984137	-0.56691094477217	376.73031366685	0
11.524	0.35909920806061	-0.56862120210578	376.73031366685	0
11.528	0.35521718839276	-0.57030793637968	376.73031366685	0
11.532	0.35131922546746	-0.5719709862718	376.73031366685	0
11.536	0.34740540525271	-0.57361018983639	376.73031366685	0
11.54	0.34347581507389	-0.57522538450769	376.73031366685	0
11.544	0.33953054363294	-0.57681640710394	376.73031366685	0
11.548	0.33556968102772	-0.57838309383162	376.73031366685	0
11.552	0.33159331877156	-0.57992528028991	376.73031366685	0
11.556	0.32760154981293	-0.58144280147539	376.73031366685	0
11.56	0.32359446855536	-0.58293549178704	376.73031366685	0
11.564	0.31957217087745	-0.58440318503145	376.73031366685	0
11.568	0.3155347541531	-0.58584571442834	376.73031366685	0
11.572	0.31148231727191	-0.58726291261631	376.73031366685	0
11.576	0.30741496065973	-0.5886546116589	376.73031366685	0
11.58	0.30333278629938	-0.59002064305091	376.73031366685	0
11.584	0.29923589775154	-0.591360837725	376.73031366685	0
11.588	0.29512440017581	-0.59267502605864	376.73031366685	0
11.592	0.29099840035194	-0.59396303788126	376.73031366685	0
11.596	0.28685800670122	-0.59522470248181	376.73031366685	0
11.6	0.28270332930799	-0.59645984861654	376.73031366685	0
11.604	0.27853447994142	-0.59766830451718	376.73031366685	0
11.608	0.27435157207729	-0.59884989789936	376.73031366685	0
11.612	0.27015472092011	-0.60000445597141	376.73031366685	0
11.616	0.26594404342522	-0.6011318054435	376.73031366685	0
11.62	0.26171965832118	-0.60223177253709	376.73031366685	0
11.624	0.25748168613224	-0.60330418299474	376.73031366685	0
11.628	0.25323024920098	-0.60434886209027	376.73031366685	0
11.632	0.24896547171109	-0.6053656346393	376.73031366685	0
11.636	0.24468747971031	-0.60635432501014	376.73031366685	0
11.64	0.2403964011335	-0.60731475713502	376.73031366685	0
11.644	0.23609236582585	-0.60824675452179	376.73031366685	0
11.648	0.23177550556627	-0.60915014026591	376.73031366685	0
11.652	0.22744595409081	-0.61002473706291	376.73031366685	0
11.656	0.22310384711633	-0.61087036722116	376.73031366685	0
11.66	0.21874932236425	-0.61168685267516	376.73031366685	0
11.664	0.2143825195844	-0.61247401499917	376.73031366685	0
11.668	0.210003580579	-0.61323167542125	376.73031366685	0
11.672	0.20561264922684	-0.61395965483781	376.73031366685	0
11.676	0.20120987150744	-0.61465777382847	376.73031366685	0
11.68	0.19679539552541	-0.61532585267153	376.73031366685	0
11.684	0.19236937153492	-0.61596371135971	376.73031366685	0
11.688	0.18793195196422	-0.61657116961647	376.73031366685	0
11.692	0.1834832914403	-0.61714804691279	376.73031366685	0
11.696	0.17902354681362	-0.61769416248431	376.73031366685	0
11.7	0.17455287718293	-0.61820933534914	376.73031366685	0
11.704	0.17007144392021	-0.61869338432593	376.73031366685	0
11.708	0.16557941069564	-0.61914612805266	376.73031366685	0
11.712	0.16107694350266	-0.61956738500577	376.73031366685	0
11.716	0.15656421068311	-0.61995697351987	376.73031366685	0
11.72	0.15204138295242	-0.62031471180795	376.73031366685	0
11.724	0.14750863342484	-0.62064041798215	376.73031366685	0
11.728	0.14296613763877	-0.620933910075	376.73031366685	0
11.732	0.13841407358207	-0.62119500606127	376.73031366685	0
11.736	0.13385262171747	-0.6214235238803	376.73031366685	0
11.74	0.12928196500792	-0.62161928145898	376.73031366685	0
11.744	0.12470228894209	-0.62178209673519	376.73031366685	0
11.748	0.12011378155977	-0.62191178768187	376.73031366685	0
11.752	0.11551663347733	-0.62200817233172	376.73031366685	0
11.756	0.11091103791319	-0.62207106880235	376.73031366685	0
11.76	0.10629719071323	-0.62210029532218	376.73031366685	0
11.764	0.10167529037626	-0.62209567025684	376.73031366685	0
11.768	0.097045538079408	-0.62205701213621	376.73031366685	0
11.772	0.092408137703477	-0.62198413968214	376.73031366685	0
11.776	0.087763295858295	-0.6218768718367	376.73031366685	0
11.78	0.08311122190798	-0.62173502779113	376.73031366685	0
11.784	0.078452127996168	-0.62155842701541	376.73031366685	0
11.788	0.073786229071143	-0.62134688928852	376.73031366685	0
11.792	0.069113742910907	-0.62110023472929	376.73031366685	0
11.796	0.064434890148159	-0.62081828382799	376.73031366685	0
11.8	0.059749894295153	-0.62050085747856	376.73031366685	0
11.804	0.055058981768467	-0.6201477770115	376.73031366685	0
11.808	0.050362381913628	-0.61975886422753	376.73031366685	0
11.812	0.045660327029603	-0.61933394143183	376.73031366685	0
11.816	0.040953052393167	-0.61887283146909	376.73031366685	0
11.82	0.036240796283068	-0.61837535775926	376.73031366685	0
11.824	0.031523800004056	-0.61784134433392	376.73031366685	0
11.828	0.026802307910711	-0.61727061587351	376.73031366685	0
11.832	0.022076567431072	-0.61666299774523	376.73031366685	0
11.836	0.017346829090066	-0.61601831604166	376.73031366685	0
11.84	0.012613346532688	-0.61533639762017	376.73031366685	0
11.844	0.0078763765469629	-0.61461707014309	376.73031366685	0
11.848	0.0031361790866477	-0.61386016211858	376.73031366685	0
11.852	-0.001606982706344	-0.61306550294234	376.73031366685	0
11.856	-0.0063528424797852	-0.61223292294005	376.73031366685	0
11.86	-0.011101130649301	-0.61136225341061	376.73031366685	0
11.864	-0.015851574376831	-0.61045332667016	376.73031366685	0
11.868	-0.020603897549421	-0.60950597609688	376.73031366685	0
11.872	-0.025357820758385	-0.60852003617662	376.73031366685	0
11.876	-0.030113061278811	-0.60749534254928	376.73031366685	0
11.88	-0.034869333049453	-0.60643173205607	376.73031366685	0
11.884	-0.039626346653031	-0.60532904278751	376.73031366685	0
11.888	-0.044383809296935	-0.6041871141323	376.73031366685	0
11.892	-0.049141424794383	-0.60300578682699	376.73031366685	0
11.896	-0.053898893546016	-0.60178490300646	376.73031366685	0
11.9	-0.05865591252197	-0.60052430625527	376.73031366685	0
11.904	-0.063412175244455	-0.59922384165984	376.73031366685	0
11.908	-0.068167371770828	-0.5978833558614	376.73031366685	0
11.912	-0.072921188677206	-0.59650269710988	376.73031366685	0
11.916	-0.077673309042639	-0.59508171531856	376.73031366685	0
11.92	-0.082423412433835	-0.59362026211963	376.73031366685	0
11.924	-0.087171174890515	-0.59211819092053	376.73031366685	0
11.928	-0.091916268911351	-0.59057535696121	376.73031366685	0
11.932	-0.096658363440556	-0.58899161737221	376.73031366685	0
11.936	-0.10139712385514	-0.58736683123355	376.73031366685	0
11.94	-0.10613221195284	-0.58570085963453	376.73031366685	0
11.944	-0.11086328594077	-0.5839935657344	376.73031366685	0
11.948	-0.11559000042477	-0.58224481482378	376.73031366685	0
11.952	-0.12031200639955	-0.58045447438704	376.73031366685	0
11.956	-0.12502895123956	-0.57862241416547	376.73031366685	0
11.96	-0.12974047869074	-0.57674850622133	376.73031366685	0
11.964	-0.134446228863	-0.57483262500271	376.73031366685	0
11.968	-0.13914583822362	-0.57287464740927	376.73031366685	0
11.972	-0.14383893959151	-0.57087445285879	376.73031366685	0
11.976	-0.14852516213236	-0.56883192335458	376.73031366685	0
11.98	-0.15320413135471	-0.56674694355374	376.73031366685	0
11.984	-0.15787546910703	-0.56461940083617	376.73031366685	0
11.988	-0.16253879357571	-0.56244918537448	376.73031366685	0
11.992	-0.16719371928409	-0.5602361902047	376.73031366685	0
11.996	-0.17183985709254	-0.55798031129779	376.73031366685	0
12	-0.17647681419958	-0.55568144763192	376.73031366685	0
