frequency_GHz,phase_Cy0p7_deg_unwrapped,phase_Cy2p5_deg_unwrapped,signed_phase_diff_deg_2p5_minus_0p7,abs_phase_diff_deg,error_to_180_deg,magnitude_Cy0p7_dB,magnitude_Cy2p5_dB
3,64.6905843679,63.5568416541,-1.13374271379,1.13374271379,178.866257286,-0.00563915976354,-0.0133299901266
3.006,64.4413821265,63.296578897,-1.14480322954,1.14480322954,178.85519677,-0.005701229571,-0.0134969198392
3.012,64.1920223902,63.0360331147,-1.15598927558,1.15598927558,178.844010724,-0.00576395909821,-0.0136660363892
3.018,63.9425041966,62.7752020789,-1.16730211777,1.16730211777,178.832697882,-0.0058273554534,-0.0138373702336
3.024,63.6928265758,62.5140835344,-1.1787430414,1.1787430414,178.821256959,-0.00589142583974,-0.014010952323
3.03,63.44298855,62.2526751985,-1.19031335149,1.19031335149,178.809686649,-0.0059561775578,-0.0141868141109
3.036,63.1929891341,61.9909747609,-1.20201437312,1.20201437312,178.797985627,-0.00602161800773,-0.0143649875627
3.042,62.9428273347,61.728979883,-1.21384745169,1.21384745169,178.786152548,-0.00608775469214,-0.0145455051658
3.048,62.6925021507,61.4666881974,-1.22581395327,1.22581395327,178.774186047,-0.00615459521923,-0.014728399939
3.054,62.4420125731,61.2040973082,-1.23791526492,1.23791526492,178.762084735,-0.0062221473059,-0.0149137054423
3.06,62.1913575846,60.9412047896,-1.25015279501,1.25015279501,178.749847205,-0.00629041878209,-0.0151014557875
3.066,61.9405361598,60.6780081862,-1.26252797355,1.26252797355,178.737472026,-0.00635941759507,-0.0152916856482
3.072,61.6895472651,60.4145050126,-1.27504225251,1.27504225251,178.724957747,-0.00642915181489,-0.0154844302707
3.078,61.4383898585,60.1506927522,-1.28769710621,1.28769710621,178.712302894,-0.00649962964057,-0.0156797254846
3.084,61.1870628895,59.8865688579,-1.3004940316,1.3004940316,178.699505968,-0.0065708594079,-0.0158776077145
3.09,60.935565299,59.6221307504,-1.31343454864,1.31343454864,178.686565451,-0.00664284959825,-0.01607811399
3.096,60.6838960196,59.3573758189,-1.32652020064,1.32652020064,178.673479799,-0.00671560884999,-0.0162812819589
3.102,60.4320539745,59.0923014199,-1.3397525546,1.3397525546,178.660247445,-0.00678914597245,-0.0164871498977
3.108,60.1800380785,58.826904877,-1.35313320155,1.35313320155,178.646866798,-0.00686346996338,-0.0166957567242
3.114,59.9278472371,58.5611834802,-1.36666375685,1.36666375685,178.633336243,-0.00693859003087,-0.0169071420103
3.12,59.6754803464,58.2951344859,-1.38034586053,1.38034586053,178.619654139,-0.00701451562195,-0.0171213459934
3.126,59.4229362933,58.0287551158,-1.39418117747,1.39418117747,178.605818823,-0.00709125645928,-0.0173384095906
3.132,59.1702139544,57.7620425567,-1.40817139767,1.40817139767,178.591828602,-0.00716882258903,-0.0175583744109
3.138,58.9173121964,57.4949939602,-1.42231823621,1.42231823621,178.577681764,-0.00724722444353,-0.017781282769
3.144,58.6642298747,57.2276064415,-1.43662343321,1.43662343321,178.563376567,-0.00732647292374,-0.0180071776995
3.15,58.4109658331,56.9598770798,-1.45108875333,1.45108875333,178.548911247,-0.00740657950663,-0.01823610297
3.156,58.1575189017,56.6918029169,-1.46571598482,1.46571598482,178.534284015,-0.00748755638239,-0.0184681030963
3.162,57.9038878945,56.423380957,-1.48050693755,1.48050693755,178.519493062,-0.00756941662101,-0.0187032233566
3.168,57.6500716059,56.1546081663,-1.49546343959,1.49546343959,178.50453656,-0.00765217434929,-0.018941509807
3.174,57.396068803,55.8854814722,-1.51058733085,1.51058733085,178.489412669,-0.00773584486524,-0.0191830092964
3.18,57.1418782149,55.6159977627,-1.52588045216,1.52588045216,178.474119548,-0.00782044446866,-0.0194277694823
3.186,56.8874985123,55.346153886,-1.54134462636,1.54134462636,178.458655374,-0.00790598939337,-0.0196758388471
3.192,56.6329282781,55.0759466495,-1.5569816285,1.5569816285,178.443018371,-0.00799249223783,-0.0199272667142
3.198,56.378165969,54.8053728199,-1.5727931491,1.5727931491,178.427206851,-0.00807995209204,-0.0201821032651
3.204,56.1232099127,54.5344291216,-1.58878079105,1.58878079105,178.411219209,-0.00816833130063,-0.0204403995561
3.21,55.8680584927,54.263112237,-1.60494625572,1.60494625572,178.395053744,-0.00825751565238,-0.0207022075369
3.216,55.612710808,53.9914188052,-1.62129200287,1.62129200287,178.378707997,-0.00834730042694,-0.020967580067
3.222,55.3571674875,53.7193454215,-1.63782206602,1.63782206602,178.362177934,-0.00843753865716,-0.0212365709356
3.228,55.1014296927,53.4468886369,-1.65454105581,1.65454105581,178.345458944,-0.00852841722714,-0.0215092348793
3.234,54.8454964966,53.1740449574,-1.67145153924,1.67145153924,178.328548461,-0.00862035549561,-0.0217856276022
3.24,54.5893650005,52.9008108428,-1.68855415768,1.68855415768,178.311445842,-0.00871359329521,-0.0220658057948
3.246,54.3330323999,52.6271827068,-1.70584969312,1.70584969312,178.294150307,-0.00880812600206,-0.0223498271549
3.252,54.0764966913,52.3531569155,-1.72333977585,1.72333977585,178.276660224,-0.00890387063885,-0.0226377504073
3.258,53.8197563741,52.0787297871,-1.74102658703,1.74102658703,178.258973413,-0.00900075943964,-0.0229296353259
3.264,53.5628101332,51.8038975911,-1.75891254206,1.75891254206,178.241087458,-0.00909875451821,-0.0232255427546
3.27,53.30565669,51.5286565473,-1.77700014268,1.77700014268,178.222999857,-0.00919783966653,-0.0235255346295
3.276,53.048294752,51.2530028253,-1.79529192669,1.79529192669,178.204708073,-0.00929801154762,-0.0238296740018
3.282,52.7907229994,50.9769325434,-1.81379045603,1.81379045603,178.186209544,-0.0093992740358,-0.0241380250604
3.288,52.5329400852,50.700441768,-1.83249831719,1.83249831719,178.167501683,-0.00950163502051,-0.0244506531563
3.294,52.2749446375,50.4235265128,-1.85141812473,1.85141812473,178.148581875,-0.00960510466735,-0.0247676248263
3.3,52.0167352627,50.1461827376,-1.87055252508,1.87055252508,178.129447475,-0.00970969447657,-0.025089007818
3.306,51.7583105477,49.868406348,-1.88990419964,1.88990419964,178.1100958,-0.00981541676864,-0.0254148711151
3.312,51.4996690614,49.590193194,-1.90947586749,1.90947586749,178.090524133,-0.00992228439995,-0.0257452849638
3.318,51.2408093565,49.3115390691,-1.92927028743,1.92927028743,178.070729713,-0.0100303106037,-0.026080320899
3.324,50.9817299697,49.0324397099,-1.94929025971,1.94929025971,178.05070974,-0.0101395089012,-0.0264200517718
3.33,50.7224294223,48.7528907947,-1.96953862762,1.96953862762,178.030461372,-0.010249893051,-0.0267645517777
3.336,50.4629062213,48.4728879426,-1.9900182787,1.9900182787,178.009981721,-0.0103614770214,-0.0271138964847
3.342,50.2031588586,48.1924267126,-2.010732146,2.010732146,177.989267854,-0.0104742749759,-0.0274681628631
3.348,49.9431858118,47.9115026026,-2.03168320919,2.03168320919,177.968316791,-0.010588301266,-0.0278274293152
3.354,49.6829855441,47.6301110485,-2.0528744956,2.0528744956,177.947125504,-0.0107035704287,-0.0281917757063
3.36,49.422556504,47.3482474227,-2.07430908131,2.07430908131,177.925690919,-0.0108200971865,-0.0285612833962
3.366,49.1618971259,47.0659070338,-2.09599009208,2.09599009208,177.904009908,-0.0109378964496,-0.0289360352713
3.3675,49.0966961061,46.9952015565,-2.10149454959,2.10149454959,177.89850545,-0.0109675468597,-0.029031055398
3.372,48.9010058292,46.7830851247,-2.11792070446,2.11792070446,177.882079296,-0.0110569833181,-0.029316115778
3.378,48.639881019,46.4997768723,-2.1401041467,2.1401041467,177.859895853,-0.0111773730854,-0.0297016109566
3.384,48.3785210853,46.2159773855,-2.16254369984,2.16254369984,177.8374563,-0.0112990812426,-0.0300926084756
3.39,48.1169244036,45.9316817049,-2.18524269871,2.18524269871,177.814757301,-0.0114221234811,-0.0304891976677
3.396,47.855089334,45.6468848011,-2.20820453294,2.20820453294,177.791795467,-0.0115465156978,-0.0308914695666
3.402,47.5930142216,45.3615815736,-2.23143264802,2.23143264802,177.768567352,-0.0116722739987,-0.0312995169436
3.408,47.3306973962,45.0757668498,-2.25493054643,2.25493054643,177.745069454,-0.0117994147029,-0.0317134343468
3.414,47.0681371721,44.7894353835,-2.27870178863,2.27870178863,177.721298211,-0.0119279543477,-0.0321333181399
3.42,46.8053318479,44.5025818536,-2.30274999426,2.30274999426,177.697250006,-0.0120579096925,-0.0325592665427
3.426,46.5422797064,44.2152008632,-2.32707884323,2.32707884323,177.672921157,-0.0121892977239,-0.0329913796724
3.43125,46.3119052533,43.9632761784,-2.34862907491,2.34862907491,177.651370925,-0.0123054510324,-0.0333749620971
3.432,46.2789790146,43.9272869377,-2.35169207689,2.35169207689,177.648307923,-0.0123221356606,-0.0334297595863
3.438,46.0154280232,43.638834524,-2.37659349926,2.37659349926,177.623406501,-0.0124564409594,-0.0338745103243
3.444,45.7516249669,43.3498379887,-2.40178697825,2.40178697825,177.598213022,-0.0125922313208,-0.0343257379548
3.45,45.4875680639,43.0602916169,-2.42727644692,2.42727644692,177.572723553,-0.0127295246968,-0.0347835506196
3.456,45.2232555158,42.7701896109,-2.4530659049,2.4530659049,177.546934095,-0.012868339299,-0.0352480585807
3.462,44.9586855081,42.4795260883,-2.47915941987,2.47915941987,177.52084058,-0.0130086936081,-0.035719374269
3.468,44.69385621,42.1882950808,-2.50556112917,2.50556112917,177.494438871,-0.0131506063853,-0.0361976123333
3.474,44.4287657748,41.8964905328,-2.532275242,2.532275242,177.467724758,-0.0132940966772,-0.0366828896905
3.48,44.1634123417,41.6041062994,-2.55930604231,2.55930604231,177.440693958,-0.0134391837975,-0.0371753255786
3.486,43.8977940394,41.3111361453,-2.58665789405,2.58665789405,177.413342106,-0.0135858871794,-0.037675041609
3.492,43.6319089951,41.0175737428,-2.61433525222,2.61433525222,177.385664748,-0.0137342256092,-0.0381821618217
3.495,43.4988658647,40.8704932066,-2.62837265818,2.62837265818,177.371627342,-0.0138090128467,-0.0384394872814
3.498,43.3657553599,40.7234126703,-2.64234268958,2.64234268958,177.35765731,-0.0138842129442,-0.0386968127412
3.504,43.0993313218,40.4286464105,-2.67068491139,2.67068491139,177.329315089,-0.0140358316635,-0.0392191234342
3.51,42.8326341936,40.1332683486,-2.69936584499,2.69936584499,177.300634155,-0.014188987103,-0.0397492255692
3.516,42.565660941,39.837271771,-2.72838916997,2.72838916997,177.27161083,-0.0143440195941,-0.0402872534761
3.522,42.2984120419,39.5406498628,-2.75776217902,2.75776217902,177.242237821,-0.0145009190583,-0.0408333442094
3.528,42.0308849155,39.2433957064,-2.78748920911,2.78748920911,177.212510791,-0.0146595418786,-0.0413876376121
3.534,41.7630772001,38.9455022792,-2.81757492086,2.81757492086,177.182425079,-0.0148199229414,-0.041950276381
3.54,41.4949867806,38.6469624524,-2.84802432826,2.84802432826,177.151975672,-0.0149820959269,-0.0425214061345
3.546,41.22661157,38.347768988,-2.878842582,2.878842582,177.121157418,-0.0151460883237,-0.0431011754817
3.552,40.9579494703,38.0479145377,-2.91003493257,2.91003493257,177.089965067,-0.0153119251747,-0.0436897360934
3.558,40.688998365,37.7473916403,-2.9416067247,2.9416067247,177.058393275,-0.015479630663,-0.0442872427754
3.55875,40.6553590499,37.7097417752,-2.94561727472,2.94561727472,177.054382725,-0.0155007264309,-0.0443630691215
3.564,40.4197561172,37.4461927196,-2.97356339762,2.97356339762,177.026436602,-0.0156492287454,-0.0448938535437
3.57,40.150220569,37.1443100825,-3.0059104865,3.0059104865,176.994089513,-0.015820743429,-0.045509729701
3.576,39.8803895409,36.8417359165,-3.03865362443,3.03865362443,176.961346376,-0.0159941989025,-0.0461350359165
3.582,39.6102608321,36.5384622878,-3.07179854433,3.07179854433,176.928201456,-0.016169619606,-0.046769940307
3.588,39.3398322195,36.2344811384,-3.1053510811,3.1053510811,176.894648919,-0.0163470302709,-0.0474146145205
3.594,39.0691014581,35.9297842844,-3.13931717368,3.13931717368,176.860682826,-0.0165264559453,-0.048069233822
3.6,38.7980662803,35.6243634131,-3.17370286722,3.17370286722,176.826297133,-0.0167079220111,-0.0487339771825
3.606,38.5267243958,35.3182100805,-3.20851431531,3.20851431531,176.791485685,-0.0168914541977,-0.0494090273687
3.612,38.2550734916,35.0113157093,-3.24375778223,3.24375778223,176.756242218,-0.0170770785919,-0.0500945710372
3.618,37.983111231,34.7036715857,-3.27943964525,3.27943964525,176.720560355,-0.0172648216476,-0.0507907988298
3.6225,37.7789337892,34.4723695393,-3.30656424993,3.30656424993,176.69343575,-0.0174070354359,-0.0513211288119
3.624,37.7108352541,34.3952688571,-3.31556639701,3.31556639701,176.684433603,-0.0174547101937,-0.0514979054726
3.63,37.438243177,34.0860985291,-3.35214464795,3.35214464795,176.647855352,-0.0176467714423,-0.0522160898769
3.636,37.1653325918,33.776151463,-3.38918112876,3.38918112876,176.610818871,-0.0178410329965,-0.0529455552435
3.642,36.8921010659,33.4654183729,-3.42668269296,3.42668269296,176.573317307,-0.0180375228574,-0.0536865091705
3.648,36.6185461422,33.1538898227,-3.46465631949,3.46465631949,176.535343681,-0.0182362694325,-0.0544391637626
3.654,36.3446653384,32.841556223,-3.50310911537,3.50310911537,176.496890885,-0.0184373015438,-0.0552037357451
3.66,36.0704561469,32.5284078284,-3.54204831843,3.54204831843,176.457951682,-0.0186406484361,-0.0559804465806
3.666,35.7959160343,32.2144347341,-3.58148130017,3.58148130017,176.4185187,-0.0188463397859,-0.0567695225883
3.672,35.5210424414,31.8996268728,-3.62141556859,3.62141556859,176.378584431,-0.0190544057127,-0.0575711950682
3.678,35.2458327825,31.5839740113,-3.66185877116,3.66185877116,176.338141229,-0.0192648767901,-0.0583857004277
3.684,34.9702844454,31.2674657475,-3.70281869789,3.70281869789,176.297181302,-0.0194777840607,-0.0592132803123
3.68625,34.8668659657,31.1484504071,-3.71841555861,3.71841555861,176.281584441,-0.0195582587875,-0.0595286183478
3.69,34.6943947909,30.9500915064,-3.7443032845,3.7443032845,176.255696715,-0.0196931590547,-0.0600541817402
3.696,34.4181611528,30.6318405371,-3.78632061565,3.78632061565,176.213679384,-0.0199110338157,-0.0609086572407
3.702,34.1415808375,30.3127019091,-3.8288789284,3.8288789284,176.171121072,-0.0201314409394,-0.0617769649965
3.708,33.8646511243,29.9926645084,-3.8719866159,3.8719866159,176.128013384,-0.0203544136356,-0.0626593689907
3.714,33.5873692652,29.6717170337,-3.91565223143,3.91565223143,176.084347769,-0.0205799858388,-0.0635561391573
3.72,33.3097324864,29.349847993,-3.95988449339,3.95988449339,176.040115507,-0.0208081924261,-0.0644675515369
3.726,33.0317379913,29.0270456991,-4.0046922922,4.0046922922,175.995307708,-0.0210390696945,-0.0653938884371
3.732,32.7533829691,28.7032982659,-4.05008470325,4.05008470325,175.949915297,-0.0212726565775,-0.0663354385965
3.738,32.4746646261,28.3785936038,-4.09607102226,4.09607102226,175.903928978,-0.0215089984018,-0.0672924973554
3.744,32.195580344,28.0529194161,-4.14266092794,4.14266092794,175.857339072,-0.0217481624678,-0.06826536683
3.75,31.9161295604,27.7262631939,-4.18986636645,4.18986636645,175.810133634,-0.0219903293318,-0.0692543560924
3.756,31.6362955484,27.3986122124,-4.23768333601,4.23768333601,175.762316664,-0.0222330854708,-0.0702597813568
3.762,31.3560944214,27.0699535255,-4.28614089598,4.28614089598,175.713859104,-0.0224817002866,-0.0712819661702
3.768,31.0755148818,26.7402739616,-4.33524092023,4.33524092023,175.66475908,-0.0227323862525,-0.0723212416091
3.774,30.7945537274,26.4095601187,-4.3849936087,4.3849936087,175.615006391,-0.0229859310873,-0.0733779464834
3.78,30.5132080394,26.0777983595,-4.43540967987,4.43540967987,175.56459032,-0.0232424431177,-0.0744524275445
3.786,30.2314747485,25.7449748061,-4.48649994241,4.48649994241,175.513500058,-0.0235019793722,-0.0755450397015
3.792,29.9493507184,25.4110753348,-4.53827538358,4.53827538358,175.461724616,-0.0237645865305,-0.0766561462435
3.798,29.6668327666,25.0760855712,-4.59074719532,4.59074719532,175.409252805,-0.024030308419,-0.0777861190684
3.804,29.3839176704,24.7399908843,-4.64392678608,4.64392678608,175.356073214,-0.0242991881096,-0.0789353389191
3.81,29.1006021695,24.4027763809,-4.69782578861,4.69782578861,175.302174211,-0.0245712686731,-0.0801041956276
3.816,28.8168829665,24.0644269001,-4.75245606637,4.75245606637,175.247543934,-0.0248465935011,-0.0812930883655
3.822,28.5327567267,23.7249270072,-4.80782971955,4.80782971955,175.19217028,-0.025125206463,-0.0825024259034
3.828,28.2482200786,23.3842609876,-4.86395909092,4.86395909092,175.136040909,-0.0254071519935,-0.0837326268779
3.834,27.9632696127,23.0424128409,-4.92085677171,4.92085677171,175.079143228,-0.0256924751459,-0.0849841200676
3.84,27.6779018817,22.6993662741,-4.97853560758,4.97853560758,175.021464392,-0.0259812216292,-0.0862573446768
3.84375,27.4993336103,22.4842027874,-5.01513082289,5.01513082289,174.984869177,-0.0261634471764,-0.0870669733971
3.846,27.3921134,22.3551046953,-5.0370087047,5.0370087047,174.962991295,-0.0262734378363,-0.0875527506293
3.852,27.1059006429,22.0096112069,-5.096289436,5.096289436,174.903710564,-0.0265691708663,-0.0888707988711
3.858,26.8192600462,21.6628685987,-5.15639144751,5.15639144751,174.843608552,-0.0268684685456,-0.0902119616823
3.864,26.5321880058,21.3148593408,-5.21732866495,5.21732866495,174.782671335,-0.0271713794458,-0.0915767230004
3.87,26.244680877,20.9655655766,-5.27911530044,5.27911530044,174.7208847,-0.0274779529012,-0.092965578752
3.876,25.9567349741,20.6149691148,-5.34176585938,5.34176585938,174.658234141,-0.0277882390261,-0.0943790371971
3.882,25.6683465697,20.2630514221,-5.40529514756,5.40529514756,174.594704852,-0.0281022887309,-0.0958176192832
3.888,25.3795118939,19.9097936155,-5.46971827843,5.46971827843,174.530281722,-0.0284201537387,-0.0972818590121
3.894,25.0902271342,19.5551764536,-5.5350506806,5.5350506806,174.464949319,-0.0287418866012,-0.0987723038175
3.9,24.8004884345,19.199180329,-5.60130810551,5.60130810551,174.398691894,-0.0290675407153,-0.100289514956
3.906,24.5102918945,18.8417852592,-5.66850663536,5.66850663536,174.331493365,-0.0293971703387,-0.101834067908
3.912,24.2196335693,18.4829708781,-5.73666269121,5.73666269121,174.263337309,-0.0297308306064,-0.103406552801
3.918,23.9285094684,18.1227164271,-5.80579304135,5.80579304135,174.194206959,-0.0300685775461,-0.10500757483
3.924,23.6369155555,17.7610007456,-5.87591480992,5.87591480992,174.12408519,-0.0304104680953,-0.106637754711
3.93,23.3448477473,17.3978022616,-5.94704548569,5.94704548569,174.052954514,-0.0307565601167,-0.108297729136
3.936,23.0523019133,17.0330989821,-6.01920293124,6.01920293124,173.980797069,-0.0311069124149,-0.109988151248
3.9375,22.9790902746,16.9415413572,-6.03754891745,6.03754891745,173.962451083,-0.0311951731399,-0.11041853622
3.942,22.7592738747,16.6668684825,-6.09240539221,6.09240539221,173.907594608,-0.0314615847527,-0.111709691134
3.948,22.4657594041,16.2990878971,-6.166671507,6.166671507,173.833328493,-0.0318206378679,-0.113463036329
3.954,22.1717542244,15.9297339078,-6.24202031664,6.24202031664,173.757979683,-0.0321841334901,-0.115248892344
3.96,21.8772540084,15.5587827334,-6.31847127501,6.31847127501,173.681528725,-0.0325521343579,-0.117067983204
3.966,21.5822543779,15.1862101186,-6.39604425927,6.39604425927,173.603955741,-0.0329247042366,-0.118921052011
3.972,21.2867509029,14.8119913222,-6.47475958071,6.47475958071,173.525240419,-0.0333019079359,-0.120808861523
3.978,20.990739101,14.4361011052,-6.55463799581,6.55463799581,173.445362004,-0.0336838113288,-0.122732194755
3.984,20.6942144366,14.0585137189,-6.63570071771,6.63570071771,173.364299282,-0.0340704813697,-0.124691855595
3.99,20.39717232,13.679202892,-6.71796942799,6.71796942799,173.282030572,-0.0344619861144,-0.126688669448
3.996,20.0996081067,13.298141818,-6.80146628872,6.80146628872,173.198533711,-0.0348583947396,-0.128723483898
4.002,19.8015170965,12.9153031415,-6.88621395502,6.88621395502,173.113786045,-0.0352597775639,-0.130797169398
4.008,19.502894533,12.5306589451,-6.97223558788,6.97223558788,173.027764412,-0.0356662060685,-0.132910619973
4.014,19.2037356022,12.1441807349,-7.05955486734,7.05955486734,172.940445133,-0.0360777529191,-0.135064753962
4.02,18.9040354323,11.7558394261,-7.14819600621,7.14819600621,172.851803994,-0.0364944919881,-0.137260514775
4.026,18.6037890922,11.3656053282,-7.238183764,7.238183764,172.761816236,-0.0369164983781,-0.139498871679
4.03125,18.3406215924,11.0224677794,-7.31815381297,7.31815381297,172.681846187,-0.0372901348134,-0.141495576998
4.032,18.3029915911,10.9734481296,-7.32954346146,7.32954346146,172.670456539,-0.0373438484451,-0.141780820615
4.038,18.0016378774,10.579336882,-7.4223009954,7.4223009954,172.577699005,-0.0377766198236,-0.144107385044
4.044,17.6997228378,10.1832399837,-7.51648285409,7.51648285409,172.483517146,-0.0382148914516,-0.146479616813
4.05,17.3972412963,9.78512516335,-7.61211613299,7.61211613299,172.387883867,-0.0386587435971,-0.148898597068
4.056,17.0941880136,9.38495946254,-7.70922855111,7.70922855111,172.290771449,-0.0391082578856,-0.151365437183
4.062,16.7905576857,8.98270921796,-7.80784846772,7.80784846772,172.192151532,-0.0395635173295,-0.153881279737
4.068,16.4863449429,8.57834004325,-7.90800489966,7.90800489966,172.0919951,-0.0400246063592,-0.156447299513
4.074,16.1815443493,8.17181681017,-8.00972753916,8.00972753916,171.990272461,-0.0404916108585,-0.159064704542
4.08,15.8761504013,7.76310362914,-8.11304677221,8.11304677221,171.886953228,-0.0409646182067,-0.161734737181
4.086,15.5701575268,7.35216382936,-8.2179936974,8.2179936974,171.782006303,-0.0414437173325,-0.16445867523
4.092,15.2635600836,6.93895993816,-8.32460014548,8.32460014548,171.675399855,-0.0419289987995,-0.167237833087
4.098,14.9563523591,6.52345365983,-8.43289869925,8.43289869925,171.567101301,-0.0424205549611,-0.170073562954
4.104,14.6485285678,6.10560585378,-8.54292271404,8.54292271404,171.457077286,-0.0429184803375,-0.172967256074
4.11,14.3400828499,5.68537651198,-8.65470633793,8.65470633793,171.345293662,-0.0434228728182,-0.175920344025
4.116,14.0310092648,5.26272473579,-8.76828452901,8.76828452901,171.231715471,-0.0439338395731,-0.17893430005
4.122,13.7213017651,4.83760871204,-8.88369305309,8.88369305309,171.116306947,-0.0444515737991,-0.182010640449
4.125,13.5662253297,4.62379720019,-8.94242812947,8.94242812947,171.057571871,-0.0447131840261,-0.183580783229
4.128,13.4109549559,4.40998568833,-9.00096926752,9.00096926752,170.999030732,-0.0449755212279,-0.185150926009
4.134,13.0999612233,3.97981194763,-9.12014927564,9.12014927564,170.879850724,-0.0455068650537,-0.188356763496
4.14,12.7883153842,3.54704278206,-9.24127260209,9.24127260209,170.758727398,-0.0460450664691,-0.1916298072
4.146,12.4760109133,3.11163246585,-9.36437844741,9.36437844741,170.635621553,-0.0465903203755,-0.194971760532
4.152,12.1630413922,2.67353422747,-9.48950716477,9.48950716477,170.510492835,-0.0471427442519,-0.198384377688
4.158,11.8494003338,2.23270022088,-9.61670011291,9.61670011291,170.383299887,-0.0477024500632,-0.201869465371
4.164,11.5350811696,1.78908149584,-9.74599967377,9.74599967377,170.254000326,-0.0482695499853,-0.205428884576
4.17,11.2200772472,1.34262796738,-9.87744927979,9.87744927979,170.12255072,-0.0488441575898,-0.209064552443
4.176,10.9043818277,0.893288384173,-10.0110934435,10.0110934435,169.988906557,-0.0494263882223,-0.212778444185
4.182,10.5879880846,0.44101029604,-10.1469777885,10.1469777885,169.853022211,-0.0500163591677,-0.216572595076
4.188,10.270889102,-0.0142599796989,-10.2851490817,10.2851490817,169.714850918,-0.0506141897475,-0.220449102524
4.194,9.95307787323,-0.472577392858,-10.4256552661,10.4256552661,169.574344734,-0.0512200013876,-0.224410128219
4.2,9.63454729949,-0.933998196171,-10.5685454957,10.5685454957,169.431454504,-0.0518339176777,-0.228457900361
4.206,9.31529018807,-1.39857998221,-10.7138701703,10.7138701703,169.28612983,-0.052456064424,-0.232594715973
4.212,8.99529925103,-1.86638172148,-10.8616809725,10.8616809725,169.138319027,-0.0530865697014,-0.236822943302
4.218,8.6745671036,-2.33746380177,-11.0120309054,11.0120309054,168.987969095,-0.0537255639051,-0.241145024308
4.21875,8.6344230972,-2.39676683514,-11.0311899323,11.0311899323,168.968810068,-0.0538060416445,-0.241697330926
4.224,8.35308626258,-2.81188806875,-11.1649743313,11.1649743313,168.835025669,-0.0543731798035,-0.245563477252
4.23,8.0308491448,-3.28971786787,-11.3205670127,11.3205670127,168.679432987,-0.0550295525922,-0.250080899377
4.236,7.70784806543,-3.77101808766,-11.4788661531,11.4788661531,168.521133847,-0.0556948199504,-0.254699969696
4.242,7.38407523639,-4.25585520439,-11.6399304408,11.6399304408,168.360069559,-0.0563691221011,-0.25942345188
4.248,7.05952276469,-4.74429732822,-11.8038200929,11.8038200929,168.196179907,-0.0570526018742,-0.264254197264
4.254,6.73418265075,-5.23641425082,-11.9705969016,11.9705969016,168.029403098,-0.0577454047772,-0.269195147954
4.26,6.40804678676,-5.73227749461,-12.1403242814,12.1403242814,167.859675719,-0.0584476790739,-0.27424934007
4.266,6.08110695509,-6.23196036351,-12.3130673186,12.3130673186,167.686932681,-0.0591595758773,-0.279419907092
4.272,5.75335482678,-6.73553799548,-12.4888928223,12.4888928223,167.511107178,-0.0598812492644,-0.284710083354
4.278,5.4247819603,-7.24308741667,-12.667869377,12.667869377,167.332130623,-0.060612856428,-0.290123207652
4.284,5.09537980072,-7.75468759742,-12.8500673981,12.8500673981,167.149932602,-0.0613545578952,-0.295662727002
4.29,4.76513968003,-8.27041951011,-13.0355591901,13.0355591901,166.96444081,-0.0621065178665,-0.301332200532
4.296,4.43405282005,-8.79036618884,-13.2244190089,13.2244190089,166.775580991,-0.0628689047969,-0.307135303526
4.302,4.10211034197,-9.31461279122,-13.4167231332,13.4167231332,166.583276867,-0.0636418924623,-0.313075831624
4.308,3.76930329644,-9.84324666204,-13.6125499585,13.6125499585,166.387450042,-0.0644256619851,-0.319157705166
4.3125,3.5191252675,-10.2430797149,-13.7622049824,13.7622049824,166.237795018,-0.0650206795062,-0.323828156582
4.314,3.43562276758,-10.3763573992,-13.8119801668,13.8119801668,166.188019833,-0.0652204048619,-0.32538497372
4.32,3.10106031332,-10.9140369217,-14.015097235,14.015097235,165.984902765,-0.0660263119787,-0.331761820762
4.326,2.7656097004,-11.4563795398,-14.2219892402,14.2219892402,165.77801076,-0.0668432277985,-0.33829256854
4.332,2.42924960109,-12.0034820282,-14.4327316293,14.4327316293,165.567268371,-0.0676695211578,-0.34498168312
4.338,2.09196838734,-12.5554437002,-14.6474120876,14.6474120876,165.352587912,-0.06850994073,-0.351833779614
4.344,1.75377326127,-13.112366486,-14.8661397473,14.8661397473,165.133860253,-0.069362401719,-0.358853627604
4.35,1.41464780757,-13.6743550124,-15.0890028199,15.0890028199,164.91099718,-0.0702266950926,-0.366046156766
4.356,1.07458077326,-14.2415166855,-15.3160974587,15.3160974587,164.683902541,-0.0711031396552,-0.373416462701
4.362,0.733561680246,-14.8139617764,-15.5475234567,15.5475234567,164.452476543,-0.0719919894963,-0.380969812973
4.368,0.391580062932,-15.3918035096,-15.7833835725,15.7833835725,164.216616427,-0.0728934735234,-0.388711653366
4.374,0.0486253436531,-15.9751581538,-16.0237834975,16.0237834975,163.976216503,-0.0738078133599,-0.396647614373
4.38,-0.295313196732,-16.5641451165,-16.2688319198,16.2688319198,163.73116808,-0.0747352298121,-0.404783517902
4.386,-0.640246428891,-17.1588870414,-16.5186406125,16.5186406125,163.481359388,-0.0756759454886,-0.413125384227
4.392,-0.986185380131,-17.7595099085,-16.7733245284,16.7733245284,163.226675472,-0.0766301860099,-0.421679439181
4.398,-1.33314123805,-18.3661431386,-17.0330019005,17.0330019005,162.966998099,-0.0775981806428,-0.430452121586
4.404,-1.68112535375,-18.9789197,-17.2977943463,17.2977943463,162.702205654,-0.0785801626764,-0.439450090949
4.40625,-1.81188684025,-19.2110658949,-17.3991790546,17.3991790546,162.600820945,-0.0789520604121,-0.442911395121
4.41,-2.03014924492,-19.5979762197,-17.5678269748,17.5678269748,162.432173025,-0.0795763696733,-0.448680235408
4.416,-2.38022459896,-20.2234530973,-17.8432284983,17.8432284983,162.156771502,-0.080587043655,-0.458149679932
4.422,-2.73136327616,-20.8554946235,-18.1241313473,18.1241313473,161.875868653,-0.0816124312514,-0.467865794805
4.428,-3.08357731301,-21.4942491017,-18.4106717887,18.4106717887,161.589328211,-0.0826527838291,-0.477836204358
4.434,-3.43687892577,-22.1398689739,-18.7029900482,18.7029900482,161.297009952,-0.0837083576073,-0.488068795985
4.44,-3.79128051427,-22.7925109507,-19.0012304364,19.0012304364,160.998769564,-0.0847794137671,-0.498571729427
4.446,-4.1467946663,-23.4523361446,-19.3055414783,19.3055414783,160.694458522,-0.0858662185673,-0.509353446324
4.452,-4.50343416282,-24.1195102091,-19.6160760463,19.6160760463,160.383923954,-0.0869690434975,-0.520422680048
4.458,-4.86121198485,-24.7942034804,-19.9329914956,19.9329914956,160.067008504,-0.088088165557,-0.5317884658
4.464,-5.22014132302,-25.4765911247,-20.2564498017,20.2564498017,159.743550198,-0.0892238679261,-0.543460150969
4.47,-5.58023559124,-26.1668532896,-20.5866176983,20.5866176983,159.413382302,-0.0903764418209,-0.55544740576
4.476,-5.94150844086,-26.8651752602,-20.9236668193,20.9236668193,159.076333181,-0.0915461917573,-0.567760234067
4.482,-6.30397373935,-27.5717476199,-21.2677738805,21.2677738805,158.732226119,-0.092733448759,-0.580408984593
4.488,-6.66764536076,-28.286766416,-21.6191210552,21.6191210552,158.380878945,-0.093938586742,-0.593404362198
4.494,-7.03253671509,-29.0104333301,-21.977896615,21.977896615,158.022103385,-0.0951619664432,-0.606757439457
4.5,-7.39866136871,-29.7429558538,-22.3442944851,22.3442944851,157.655705515,-0.0964037722907,-0.620479668418
4.506,-7.76603460522,-30.484547469,-22.7185128637,22.7185128637,157.281487136,-0.0976641662553,-0.634582892528
4.512,-8.13467217783,-31.2354278334,-23.1007556555,23.1007556555,156.899244344,-0.0989435092632,-0.649079358706
4.518,-8.50458934795,-31.9958229714,-23.4912336234,23.4912336234,156.508766377,-0.100242213827,-0.663981729519
4.524,-8.87580133618,-32.7659654699,-23.8901641337,23.8901641337,156.109835866,-0.101560662403,-0.679303095439
4.53,-9.24832359809,-33.5460946793,-24.2977710812,24.2977710812,155.702228919,-0.102899220627,-0.695056987127
4.536,-9.62217186936,-34.3364569198,-24.7142850505,24.7142850505,155.28571495,-0.104258252508,-0.711257387691
4.542,-9.99736216068,-35.1373056927,-25.139943532,25.139943532,154.860056468,-0.105638126764,-0.727918744867
4.548,-10.3739107514,-35.9489018971,-25.5749911457,25.5749911457,154.425008854,-0.107039219068,-0.74505598305
4.554,-10.7518341872,-36.7715140511,-26.0196798639,26.0196798639,153.980320136,-0.10846191288,-0.762684515099
4.56,-11.1311492817,-37.605418519,-26.4742692373,26.4742692373,153.525730763,-0.109906599819,-0.780820253831
4.566,-11.5118731187,-38.4508997421,-26.9390266234,26.9390266234,153.060973377,-0.11137367988,-0.799479623095
4.572,-11.8940230564,-39.308250475,-27.4142274187,27.4142274187,152.585772581,-0.112863561621,-0.818679568336
4.575,-12.0856383135,-39.7430112508,-27.6573729372,27.6573729372,152.342627063,-0.113617183182,-0.828558567413
4.578,-12.2776167319,-40.1777720265,-27.9001552947,27.9001552947,152.099844705,-0.114376662344,-0.83843756649
4.584,-12.662672066,-41.0597745038,-28.3971024378,28.3971024378,151.602897562,-0.115913408279,-0.858771635096
4.59,-13.0492072686,-41.9545770615,-28.9053697929,28.9053697929,151.094630207,-0.11747423478,-0.87970034045
4.596,-13.4372408439,-42.8625081543,-29.4252673104,29.4252673104,150.57473269,-0.119059586527,-0.901242804615
4.602,-13.826791596,-43.7839057918,-29.9571141958,29.9571141958,150.042885804,-0.120669917741,-0.923418711108
4.608,-14.2178786346,-44.7191177972,-30.5012391627,30.5012391627,149.498760837,-0.122305692403,-0.946248309014
4.614,-14.6105213809,-45.6685020672,-31.0579806864,31.0579806864,148.942019314,-0.123967384479,-0.969752415285
4.62,-15.0047395737,-46.6324268339,-31.6276872601,31.6276872601,148.37231274,-0.12565547816,-0.993952414957
4.626,-15.4005532757,-47.6112709268,-32.2107176512,32.2107176512,147.789282349,-0.127370468102,-1.01887025895
4.632,-15.7979828792,-48.6054240354,-32.8074411563,32.8074411563,147.192558844,-0.129112859676,-1.04452845912
4.638,-16.1970491132,-49.6152869695,-33.4182378563,33.4182378563,146.581762144,-0.130883169223,-1.0709500802
4.644,-16.5977730498,-50.6412719179,-34.0434988681,34.0434988681,145.956501132,-0.132681924318,-1.09815872817
4.65,-17.0001761107,-51.6838027032,-34.6836265925,34.6836265925,145.316373408,-0.134509664044,-1.12617853462
4.656,-17.4042800743,-52.7433150313,-35.339034957,35.339034957,144.660965043,-0.136366939262,-1.15503413656
4.662,-17.8101070828,-53.8202567341,-36.0101496513,36.0101496513,143.989850349,-0.138254312905,-1.1847506512
4.668,-18.2176796492,-54.9150880032,-36.697408354,36.697408354,143.302591646,-0.140172360262,-1.21535364496
4.674,-18.6270206647,-56.0282816128,-37.4012609481,37.4012609481,142.598739052,-0.142121669286,-1.24686909613
4.68,-19.0381534064,-57.1603231294,-38.122169723,38.122169723,141.877830277,-0.144102840894,-1.27932335039
4.686,-19.4511015445,-58.3117111045,-38.8606095599,38.8606095599,141.13939044,-0.146116489287,-1.31274306842
4.692,-19.8658891509,-59.4829572488,-39.6170680979,39.6170680979,140.382931902,-0.148163242272,-1.34715516476
4.698,-20.2825407064,-60.6745865832,-40.3920458768,40.3920458768,139.607954123,-0.150243741592,-1.38258673679
4.704,-20.7010811096,-61.887137563,-41.1860564534,41.1860564534,138.813943547,-0.152358643269,-1.41906498314
4.71,-21.1215356845,-63.1211621705,-41.999626486,41.999626486,138.000373514,-0.154508617945,-1.45661711006
4.716,-21.54393019,-64.377225972,-42.833295782,42.833295782,137.166704218,-0.156694351243,-1.49527022485
4.722,-21.9682908276,-65.655908132,-43.6876173045,43.6876173045,136.312382696,-0.158916544128,-1.53505121497
4.725,-22.1812167573,-66.306854756,-44.1256379987,44.1256379987,135.874362001,-0.160041536253,-1.55551891321
4.728,-22.3946442511,-66.95780138,-44.5631571289,44.5631571289,135.436842871,-0.161175913276,-1.57598661146
4.734,-22.8230175755,-68.2835119209,-45.4604943453,45.4604943453,134.539505655,-0.163473191452,-1.61810243536
4.74,-23.2534383861,-69.6336592827,-46.3802208966,46.3802208966,133.619779103,-0.165809127889,-1.66142402548
4.746,-23.685934748,-71.0088760915,-47.3229413435,47.3229413435,132.677058657,-0.168184488673,-1.70597584614
4.752,-24.1205352162,-72.4098077643,-48.2892725482,48.2892725482,131.710727452,-0.170600057126,-1.75178127307
4.758,-24.5572688447,-73.8371121076,-49.2798432629,49.2798432629,130.720156737,-0.173056634172,-1.79886235597
4.764,-24.9961651975,-75.2914588102,-50.2952936127,50.2952936127,129.704706387,-0.175555038687,-1.84723955592
4.77,-25.4372543581,-76.7735288157,-51.3362744576,51.3362744576,128.663725542,-0.178096107792,-1.89693145597
4.776,-25.8805669404,-78.2840135591,-52.4034466187,52.4034466187,127.596553381,-0.180680697055,-1.94795444328
4.782,-26.3261340998,-79.8236140498,-53.4974799501,53.4974799501,126.50252005,-0.183309680479,-2.00032236109
4.788,-26.773987545,-81.3930397825,-54.6190522375,54.6190522375,125.380947762,-0.185983950096,-2.05404612912
4.794,-27.224159554,-82.9930074541,-55.7688479001,55.7688479001,124.2311521,-0.188704414691,-2.10913333098
4.8,-27.6766830001,-84.6242394634,-56.9475564633,56.9475564633,123.052443537,-0.191471996708,-2.16558776736
4.806,-28.1315914172,-86.2874621676,-58.1558707504,58.1558707504,121.84412925,-0.194287625645,-2.2234089744
4.812,-28.588919214,-87.9834038675,-59.3944846536,59.3944846536,120.605515346,-0.197152229662,-2.28259170646
4.818,-29.0487023604,-89.7127924918,-60.6640901314,60.6640901314,119.335909869,-0.200066780396,-2.34312538356
4.824,-29.510978476,-91.4763529452,-61.9653744692,61.9653744692,118.034625531,-0.203032711131,-2.40499350399
4.83,-29.9757785747,-93.2748040876,-63.2990255129,63.2990255129,116.700974487,-0.206051855015,-2.46817302354
4.836,-30.4431340098,-95.1088553052,-64.6657212954,64.6657212954,115.334278705,-0.209124286626,-2.53263370346
4.842,-30.9130867293,-96.9792026352,-66.0661159059,66.0661159059,113.933884094,-0.212250635274,-2.59833743066
4.848,-31.385676453,-98.8865244026,-67.5008479496,67.5008479496,112.49915205,-0.215432270825,-2.66523751453
4.854,-31.8609418032,-100.831476329,-68.9705345254,68.9705345254,111.029465475,-0.218670483015,-2.73327796643
4.86,-32.3389219279,-102.81468607,-70.4757641418,70.4757641418,109.524235858,-0.221966502169,-2.80239276945
4.866,-32.8196567451,-104.836747147,-72.0170904023,72.0170904023,107.982909598,-0.225321555452,-2.8725051479
4.872,-33.3031869557,-106.898212233,-73.5950252774,73.5950252774,106.404974723,-0.228736887623,-2.94352684796
4.875,-33.5460132661,-107.948898995,-74.4028857289,74.4028857289,105.597114271,-0.230467554019,-2.97944214559
4.878,-33.7895540418,-108.999585757,-75.2100317151,75.2100317151,104.789968285,-0.232213768452,-3.01535744322
4.884,-34.27880027,-111.141315816,-76.862515546,76.862515546,103.137484454,-0.235753495849,-3.08788368107
4.89,-34.7709687012,-113.323785371,-78.5528166694,78.5528166694,101.447183331,-0.23935739753,-3.16097888863
4.896,-35.2661032028,-115.547302726,-80.2811995228,80.2811995228,99.7188004772,-0.243026832156,-3.23450245904
4.902,-35.7642484632,-117.812091318,-82.0478428546,82.0478428546,97.9521571454,-0.246763190274,-3.30829944162
4.908,-36.2654500076,-120.118278845,-83.8528288374,83.8528288374,96.1471711626,-0.250567895178,-3.38220026162
4.914,-36.7697542147,-122.465885805,-85.6961315898,85.6961315898,94.3038684102,-0.254442403749,-3.45602059716
4.92,-37.2772083338,-124.854813532,-87.5776051983,87.5776051983,92.4223948017,-0.258388207288,-3.52956144239
4.926,-37.7878605028,-127.284831873,-89.4969713707,89.4969713707,90.5030286293,-0.262406832363,-3.60260938662
4.932,-38.3017597659,-129.755566654,-91.4538068882,91.4538068882,88.5461931118,-0.266499841663,-3.67493713895
4.938,-38.8189560931,-132.266487158,-93.4475310646,93.4475310646,86.5524689354,-0.270668834867,-3.74630432643
4.944,-39.3395003986,-134.816893863,-95.4773934645,95.4773934645,84.5226065355,-0.274915449531,-3.81645859126
4.95,-39.8634445611,-137.405906738,-97.5424621773,97.5424621773,82.4575378227,-0.279241361996,-3.8851370076
4.956,-40.3908414428,-140.032454425,-99.6416129818,99.6416129818,80.3583870182,-0.2836482883,-3.95206783297
4.962,-40.9217449108,-142.695264685,-101.773519774,101.773519774,78.2264802256,-0.288137985125,-4.01697260049
4.968,-41.4562098571,-145.392856518,-103.936646661,103.936646661,76.0633533388,-0.292712250747,-4.07956854874
4.974,-41.9942922201,-148.123534349,-106.129242129,106.129242129,73.8707578713,-0.297372926007,-4.13957137404
4.98,-42.5360490061,-150.885384716,-108.34933571,108.34933571,71.6506642905,-0.302121895309,-4.19669827679
4.986,-43.0815383115,-153.676275854,-110.594737542,110.594737542,69.405262458,-0.306961087621,-4.2506712595
4.992,-43.6308193449,-156.493860526,-112.863041181,112.863041181,67.136958819,-0.311892477506,-4.30122061972
4.998,-44.1839524503,-159.335582407,-115.151629957,115.151629957,64.8483700433,-0.316918086166,-4.34808856701
5.004,-44.7409991305,-162.198686223,-117.457687093,117.457687093,62.5423129074,-0.322039982508,-4.39103288055
5.01,-45.3020220704,-165.080231756,-119.778209686,119.778209686,60.2217903141,-0.327260284233,-4.42983051399
5.016,-45.867085162,-167.977111691,-122.110026529,122.110026529,57.8899734707,-0.332581158949,-4.46428104724
5.022,-46.4362535287,-170.886073143,-124.449819615,124.449819615,55.5501803855,-0.338004825318,-4.49420988207
5.025,-46.7223978845,-172.344907855,-125.622509971,125.622509971,54.3774900295,-0.340755912955,-4.50684048155
5.028,-47.0095935515,-173.803742567,-126.794149015,126.794149015,53.2058509847,-0.343533554243,-4.51947108103
5.034,-47.587172895,-176.726653599,-129.139480704,129.139480704,50.8605192961,-0.349169670118,-4.53994975599
5.04,-48.169060535,-179.651277264,-131.482216729,131.482216729,48.5177832709,-0.354915552173,-4.55556392539
5.046,-48.7553267881,-182.57405386,-133.818727072,133.818727072,46.1812729284,-0.360773635982,-4.56626577612
5.052,-49.346043344,-185.491425757,-136.145382413,136.145382413,43.854617587,-0.366746415252,-4.57204228666
5.058,-49.9412833027,-188.39987031,-138.458587007,138.458587007,41.5414129926,-0.37283644418,-4.57291519169
5.064,-50.5411212237,-191.295932057,-140.754810834,140.754810834,39.2451891664,-0.379046341,-4.56894029264
5.07,-51.1456332,-194.176253426,-143.030620226,143.030620226,36.9693797738,-0.3853787943,-4.56020614315
5.076,-51.7548970011,-197.037603227,-145.282706226,145.282706226,34.7172937743,-0.391836576712,-4.54683216036
5.082,-52.368992434,-199.87690231,-147.507909876,147.507909876,32.4920901245,-0.398422581954,-4.5289662325
5.088,-52.9880026348,-202.691245894,-149.703243259,149.703243259,30.296756741,-0.405139958519,-4.50678190793
5.094,-53.6120219236,-205.477922207,-151.865900283,151.865900283,28.1340997167,-0.411992888538,-4.48047526104
5.1,-54.2414512268,-208.234427221,-153.992975994,153.992975994,26.0070240057,-0.419004825881,-4.4502615355
5.106,-54.8751805482,-210.958475419,-156.08329487,156.08329487,23.9167051296,-0.426089690835,-4.41637166511
5.112,-55.5146983266,-213.648006648,-158.133308322,158.133308322,21.8666916783,-0.433364853572,-4.37904876848
5.118,-56.1595219849,-216.301189255,-160.14166727,160.14166727,19.85833273,-0.440782016742,-4.33854470509
5.124,-56.8097647779,-218.916419757,-162.10665498,162.10665498,17.8933450204,-0.448347669639,-4.29511676949
5.13,-57.4655226187,-221.492319426,-164.026796808,164.026796808,15.9732031923,-0.456065664075,-4.24902458735
5.136,-58.1268903907,-224.027728162,-165.900837771,165.900837771,14.099162229,-0.463939555873,-4.20052726306
5.142,-58.7939640128,-226.521696097,-167.727732085,167.727732085,12.2722679154,-0.47197287652,-4.14988081461
5.148,-59.4668409497,-228.973473369,-169.506632419,169.506632419,10.4933675809,-0.48016919602,-4.09733591823
5.154,-60.145620398,-231.382498465,-171.236878067,171.236878067,8.76312193265,-0.488532143359,-4.04313597281
5.16,-60.8304033771,-233.74838557,-172.917982193,172.917982193,7.08201780692,-0.49706541491,-3.98751548385
5.166,-61.5212927871,-236.070911253,-174.549618466,174.549618466,5.45038153404,-0.5057727786,-3.93069875749
5.172,-62.2183934533,-238.350000842,-176.131607389,176.131607389,3.86839261129,-0.514658076393,-3.87289888851
5.178,-62.9218121625,-240.585714753,-177.663902591,177.663902591,2.3360974091,-0.52372522604,-3.81431702065
5.184,-63.6316576974,-242.77823502,-179.146577322,179.146577322,0.853422677872,-0.532978222545,-3.75514185447
5.19,-64.3480408664,-244.927852202,-180.579811336,180.579811336,0.579811335654,-0.542421139554,-3.69554937559
5.196,-65.0710745305,-247.034952843,-181.963878313,181.963878313,1.9638783125,-0.552058130786,-3.63570277542
5.202,-65.8008736251,-249.100007564,-183.299133939,183.299133939,3.29913393929,-0.561893431522,-3.57575253694
5.208,-66.5375551751,-251.123559895,-184.58600472,184.58600472,4.5860047199,-0.571931359979,-3.51583665876
5.214,-67.2812383008,-253.106215873,-185.824977572,185.824977572,5.82497757226,-0.582176318153,-3.45608099251
5.22,-68.0320442123,-255.048634448,-187.016590236,187.016590236,7.01659023623,-0.592632791301,-3.39659967057
5.226,-68.7900961957,-256.951518691,-188.161422495,188.161422495,8.16142249483,-0.603305344771,-3.33749560331
5.2305,-69.3634657453,-258.349585513,-188.986119768,188.986119768,8.98611976788,-0.611454350336,-3.29351967133
5.232,-69.5555195991,-258.815607787,-189.260088188,189.260088188,9.26008818822,-0.614198616786,-3.27886102733
5.238,-70.3284418359,-260.641669814,-190.313227978,190.313227978,10.313227978,-0.625317306599,-3.2207780887
5.244,-71.1089924299,-262.430495234,-191.321502805,191.321502805,11.3215028046,-0.636666159736,-3.16331944716
5.25,-71.8973031164,-264.182891101,-192.285587984,192.285587984,12.2855879842,-0.648249955193,-3.10654888981
5.256,-72.6935079826,-265.899675898,-193.206167915,193.206167915,13.2061679153,-0.660073501014,-3.05052194422
5.262,-73.4977436015,-267.581674998,-194.083931397,194.083931397,14.0839313969,-0.672141641755,-2.99528648341
5.268,-74.3101491012,-269.229716668,-194.919567567,194.919567567,14.9195675667,-0.684459274665,-2.94088331598
5.274,-75.1308661469,-270.844628584,-195.713762437,195.713762437,15.7137624366,-0.697031366048,-2.88734675675
5.28,-75.9600388595,-272.427234815,-196.467195955,196.467195955,16.4671959552,-0.709862959844,-2.83470517407
5.286,-76.7978137159,-273.978353224,-197.180539508,197.180539508,17.1805395078,-0.722959175857,-2.78298151112
5.292,-77.6443394676,-275.498793243,-197.854453775,197.854453775,17.8544537754,-0.736325200173,-2.73219377955
5.29575,-78.1779288684,-276.430393712,-198.252464844,198.252464844,18.2524648437,-0.744818303636,-2.70104487001
5.298,-78.4997670895,-276.989353994,-198.489586904,198.489586904,18.489586904,-0.749966272208,-2.68235552429
5.304,-79.3642497497,-278.450822703,-199.086572954,199.086572954,19.0865729537,-0.763887671934,-2.63347625916
5.31,-80.2379427864,-279.883973397,-199.646030611,199.646030611,19.6460306106,-0.778094709374,-2.58556187342
5.316,-81.1210036805,-281.289565822,-200.168562141,200.168562141,20.1685621412,-0.792592717717,-2.5386150095
5.322,-82.0135920246,-282.668344585,-200.65475256,200.65475256,20.6547525604,-0.807387051606,-2.49263541292
5.328,-82.9158695096,-284.021038477,-201.105168968,201.105168968,21.1051689676,-0.822483092206,-2.44762025519
5.334,-83.8279999811,-285.348359955,-201.520359974,201.520359974,21.520359974,-0.837886257389,-2.40356443092
5.34,-84.7501496289,-286.651004768,-201.900855139,201.900855139,21.9008551393,-0.853602004656,-2.36046083042
5.346,-85.6824872679,-287.929651707,-202.247164439,202.247164439,22.2471644394,-0.869635800504,-2.31830058907
5.352,-86.625184444,-289.18496246,-202.559778016,202.559778016,22.5597780163,-0.885993041505,-2.27707331486
5.358,-87.5784150626,-290.417581558,-202.839166496,202.839166496,22.8391664958,-0.902678969362,-2.23676729555
5.361,-88.059035234,-291.022858981,-202.963823747,202.963823747,22.9638237467,-0.911146780535,-2.21706849113
5.364,-88.5423547133,-291.628136403,-203.08578169,203.08578169,23.0857816897,-0.919698653569,-2.19736968671
5.37,-89.5171802419,-292.817237358,-203.300057116,203.300057116,23.3000571163,-0.937057044499,-2.15886668205
5.376,-90.5030697751,-293.985477902,-203.482408127,203.482408127,23.4824081267,-0.954759026219,-2.12124366735
5.382,-91.5002029231,-295.133434823,-203.6332319,203.6332319,23.6332319,-0.972809424367,-2.08448535923
5.388,-92.5087608951,-296.261668461,-203.752907566,203.752907566,23.7529075664,-0.991212979876,-2.04857592991
5.394,-93.5289264747,-297.370722978,-203.841796504,203.841796504,23.8417965036,-1.0099743128,-2.01349911917
5.4,-94.5608839035,-298.461126656,-203.900242752,203.900242752,23.9002427521,-1.02909788851,-1.97923833453
5.406,-95.6048187242,-299.533392217,-203.928573492,203.928573492,23.9285734924,-1.04858798814,-1.94577674065
5.412,-96.6609176068,-300.588017164,-203.927099557,203.927099557,23.927099557,-1.06844868161,-1.91309733886
5.418,-97.7293681652,-301.62548413,-203.896115964,203.896115964,23.8961159645,-1.08868380129,-1.88118303779
5.424,-98.8103587652,-302.646261238,-203.835902473,203.835902473,23.8359024726,-1.1092969152,-1.8500167158
5.42625,-99.2190017644,-303.0229642,-203.803962435,203.803962435,23.8039624353,-1.11712496309,-1.83860342588
5.43,-99.9040783207,-303.65080247,-203.746724149,203.746724149,23.7467241489,-1.13029129909,-1.81958127601
5.436,-101.010716077,-304.639548036,-203.628831959,203.628831959,23.6288319592,-1.15166990692,-1.78985969461
5.442,-102.130461378,-305.612924752,-203.482463373,203.482463373,23.4824633731,-1.17343533976,-1.76083506306
5.448,-103.26350342,-306.571346406,-203.307842986,203.307842986,23.307842986,-1.1955898129,-1.73249062491
5.454,-104.410030979,-307.515214137,-203.105183158,203.105183158,23.1051831582,-1.21813512124,-1.70480980749
5.46,-105.570232127,-308.444916798,-202.874684671,202.874684671,22.8746846711,-1.24107260283,-1.67777624927
5.466,-106.744293925,-309.360831325,-202.616537399,202.616537399,22.6165373994,-1.26440310069,-1.65137382313
5.472,-107.93240209,-310.26332309,-202.330921,202.330921,22.3309209998,-1.28812692281,-1.62558665609
5.478,-109.134740642,-311.152746261,-202.018005618,202.018005618,22.0180056182,-1.31224380041,-1.6003991457
5.484,-110.351491531,-312.029444144,-201.677952612,201.677952612,21.6779526123,-1.3367528445,-1.57579597368
5.49,-111.58283423,-312.893749524,-201.310915294,201.310915294,21.3109152942,-1.36165250078,-1.55176211684
5.4915,-111.892970636,-313.106808392,-201.213837756,201.213837756,21.2138377558,-1.36793819875,-1.54589230157
5.496,-112.828945308,-313.745984998,-200.91703969,200.91703969,20.9170396896,-1.38694050296,-1.52828285578
5.502,-114.089997979,-314.586463296,-200.496465318,200.496465318,20.4964653176,-1.41261382453,-1.50534378153
5.508,-115.366161613,-315.415487602,-200.049325989,200.049325989,20.0493259894,-1.43866862925,-1.48293080039
5.514,-116.65760123,-316.233351857,-199.575750627,199.575750627,19.5757506274,-1.46510022026,-1.46103013706
5.52,-117.964476955,-317.040341061,-199.075864106,199.075864106,19.0758641064,-1.49190298823,-1.43962833654
5.526,-119.286943448,-317.836731563,-198.549788115,198.549788115,18.5497881148,-1.51907035851,-1.41871226458
5.532,-120.625149304,-318.622791344,-197.99764204,197.99764204,17.99764204,-1.54659473765,-1.39826910719
5.538,-121.979236418,-319.398780294,-197.419543875,197.419543875,17.4195438754,-1.57446745952,-1.37828636909
5.544,-123.349339321,-320.164950472,-196.815611151,196.815611151,16.815611151,-1.60267873123,-1.35875187142
5.55,-124.735584482,-320.921546369,-196.185961887,196.185961887,16.1859618873,-1.63121757936,-1.33965374863
5.556,-126.138089584,-321.668805158,-195.530715573,195.530715573,15.5307155733,-1.66007179665,-1.32098044483
5.562,-127.556962763,-322.40695693,-194.849994167,194.849994167,14.8499941671,-1.68922788973,-1.3027207096
5.568,-128.992301815,-323.136224936,-194.14392312,194.14392312,14.1439231204,-1.71867102834,-1.28486359329
5.574,-130.444193381,-323.856825806,-193.412632425,193.412632425,13.412632425,-1.74838499641,-1.26739844201
5.58,-131.912712092,-324.568969774,-192.656257682,192.656257682,12.6562576818,-1.77835214587,-1.25031489231
5.586,-133.397919696,-325.272860885,-191.874941189,191.874941189,11.8749411892,-1.8085533536,-1.23360286551
5.592,-134.89986415,-325.968697203,-191.068833052,191.068833052,11.0688330525,-1.83896798294,-1.21725256196
5.598,-136.418578694,-326.656671004,-190.238092311,190.238092311,10.2380923108,-1.86957385127,-1.20125445506
5.604,-137.954080889,-327.336968974,-189.382888085,189.382888085,9.3828880853,-1.90034720933,-1.18559928514
5.61,-139.506371625,-328.009772387,-188.503400763,188.503400763,8.50340076253,-1.93126275602,-1.17027805333
5.616,-141.075433966,-328.675257286,-187.599823319,187.599823319,7.59982331912,-1.96229389764,-1.15528201532
5.622,-142.661482962,-329.333594652,-186.67211169,186.67211169,6.67211169042,-1.99342164555,-1.14060267512
5.628,-144.26372001,-329.984950577,-185.721230566,185.721230566,5.72123056649,-2.0245800689,-1.12623177881
5.634,-145.882806961,-330.629486414,-184.746679454,184.746679454,4.74667945357,-2.05577787572,-1.1121613083
5.64,-147.518404487,-331.267358943,-183.748954456,183.748954456,3.74895445573,-2.08696576686,-1.09838347516
5.646,-149.170392243,-331.898720508,-182.728328265,182.728328265,2.72832826496,-2.11810901564,-1.08489071448
5.652,-150.838627021,-332.523719173,-181.685092151,181.685092151,1.68509215111,-2.14917100759,-1.07167567878
5.658,-152.522941261,-333.142498851,-180.61955759,180.61955759,0.619557589968,-2.18011356245,-1.05873123204
5.664,-154.223142082,-333.755199445,-179.532057363,179.532057363,0.46794263669,-2.21089703398,-1.0460504438
5.67,-155.93901042,-334.361956976,-178.422946556,178.422946556,1.57705344382,-2.24148039303,-1.03362658335
5.676,-157.670300219,-334.962903703,-177.292603484,177.292603484,2.70739651569,-2.27182131744,-1.02145311405
5.682,-159.416737702,-335.558168251,-176.14143055,176.14143055,3.85856945031,-2.3018762937,-1.00952368768
5.688,-161.178020706,-336.147875722,-174.969855016,174.969855016,5.03014498357,-2.33160073177,-0.997832139069
5.694,-162.953818113,-336.73214781,-173.778329697,173.778329697,6.22167030315,-2.36094909372,-0.986372480644
5.7,-164.743769369,-337.311102907,-172.567333538,172.567333538,7.43266646237,-2.38987503617,-0.975138897253
5.706,-166.547484114,-337.884856209,-171.337372095,171.337372095,8.66262790453,-2.41833156641,-0.964125741032
5.712,-168.364541927,-338.453519818,-170.088977892,170.088977892,9.91102210824,-2.44627121178,-0.953327526422
5.7165,-169.735821742,-338.876282083,-169.14046034,169.14046034,10.8595396597,-2.46685800893,-0.94538607559
5.718,-170.194492202,-339.017202838,-168.822710636,168.822710636,11.1772893639,-2.47364620171,-0.942738925313
5.724,-172.036854157,-339.576011466,-167.539157309,167.539157309,12.4608426912,-2.5004086616,-0.932354762301
5.73,-173.891116997,-340.13004909,-166.238932094,166.238932094,13.7610679064,-2.52651081741,-0.922170010082
5.736,-175.756740218,-340.67941637,-164.922676152,164.922676152,15.0773238481,-2.55190520985,-0.912179784964
5.742,-177.633154093,-341.224211325,-163.591057232,163.591057232,16.4089427682,-2.57654491649,-0.902379342506
5.748,-179.51976031,-341.764529415,-162.244769105,162.244769105,17.7552308949,-2.60038378031,-0.892764073271
5.754,-181.415932789,-342.300463618,-160.884530829,160.884530829,19.1154691707,-2.62337664262,-0.883329498714
5.76,-183.32101868,-342.83210451,-159.51108583,159.51108583,20.4889141699,-2.64547957853,-0.874071267174
5.766,-185.234339529,-343.359540333,-158.125200805,158.125200805,21.8747991954,-2.66665013251,-0.864985149993
5.772,-187.155192626,-343.882857071,-156.727664445,156.727664445,23.2723355548,-2.68684755206,-0.856067037744
5.778,-189.082852525,-344.402138514,-155.319285988,155.319285988,24.6807140115,-2.70603301673,-0.847312936575
5.784,-191.016572736,-344.917466328,-153.900893592,153.900893592,26.0991064078,-2.72416986034,-0.838718964658
5.79,-192.955587567,-345.428920118,-152.473332551,152.473332551,27.5266674494,-2.74122378385,-0.830281348754
5.796,-194.899114132,-345.936577487,-151.037463355,151.037463355,28.9625366452,-2.75716305634,-0.821996420876
5.802,-196.846354488,-346.4405141,-149.594159612,149.594159612,30.405840388,-2.771958702,-0.813860615058
5.808,-198.796497902,-346.940803739,-148.144305837,148.144305837,31.8556941634,-2.78558467068,-0.805870464224
5.811,-199.772401988,-347.189161048,-147.416759061,147.416759061,32.5832409393,-2.79195172334,-0.801946530687
5.814,-200.748723228,-347.437518358,-146.688795129,146.688795129,33.3112048706,-2.79801799013,-0.798022597151
5.82,-202.702201378,-347.93072814,-145.228526761,145.228526761,34.7714732385,-2.80923889796,-0.790313735536
5.826,-204.656097863,-348.420501546,-143.764403683,143.764403683,36.2355963166,-2.81923095177,-0.782740691144
5.832,-206.609575389,-348.906905367,-142.297329978,142.297329978,37.7026700217,-2.8279811162,-0.775300363056
5.838,-208.561796491,-349.390004773,-140.828208282,140.828208282,39.1717917182,-2.83547982574,-0.767989734999
5.844,-210.511926168,-349.869863357,-139.357937189,139.357937189,40.6420628113,-2.84172102272,-0.760805872759
5.85,-212.459134513,-350.346543184,-137.887408671,137.887408671,42.1125913292,-2.84670217018,-0.753745921685
5.856,-214.402599309,-350.820104835,-136.417505526,136.417505526,43.5824944742,-2.8504242394,-0.746807104262
5.862,-216.341508565,-351.290607446,-134.94909888,134.94909888,45.0509011195,-2.85289167272,-0.739986717773
5.868,-218.275062985,-351.758108753,-133.483045768,133.483045768,46.5169542322,-2.85411232207,-0.733282132023
5.874,-220.20247833,-352.222665129,-132.020186799,132.020186799,47.979813201,-2.85409736431,-0.72669078715
5.88,-222.122987678,-352.684331626,-130.561343948,130.561343948,49.4386560524,-2.85286119467,-0.720210191498
5.886,-224.035843543,-353.143162007,-129.107318464,129.107318464,50.8926815361,-2.85042129958,-0.713837919557
5.892,-225.940319855,-353.599208788,-127.658888932,127.658888932,52.3411110677,-2.84679811081,-0.707571609979
5.898,-227.835713781,-354.052523268,-126.216809487,126.216809487,53.7831905135,-2.84201484239,-0.701408963645
5.904,-229.721347377,-354.503155566,-124.781808189,124.781808189,55.218191811,-2.83609731247,-0.695347741807
5.9055,-230.191153769,-354.615155338,-124.424001568,124.424001568,55.5759984318,-2.83444395976,-0.693857247425
5.91,-231.596569072,-354.951154653,-123.354585581,123.354585581,56.6454144191,-2.8290737517,-0.689385764281
5.916,-233.46075498,-355.396568381,-121.935813401,121.935813401,58.0641865991,-2.82097460063,-0.683520907702
5.922,-235.313310054,-355.83944352,-120.526133466,120.526133466,59.4738665341,-2.81183229924,-0.677751103836
5.928,-237.153669072,-356.27982578,-119.126156707,119.126156707,60.873843293,-2.80168107366,-0.672074337944
5.934,-238.981297475,-356.717759844,-117.736462369,117.736462369,62.2635376311,-2.79055672706,-0.666488647199
5.94,-240.795691981,-357.153289398,-116.357597416,116.357597416,63.6424025835,-2.7784964405,-0.660992119156
5.946,-242.59638094,-357.586457152,-114.990076211,114.990076211,65.0099237886,-2.76553858098,-0.655582890272
5.952,-244.382924399,-358.017304872,-113.634380472,113.634380472,66.3656195277,-2.75172250412,-0.650259144468
5.958,-246.154913975,-358.445873401,-112.290959426,112.290959426,67.7090405735,-2.73708834055,-0.645019111742
5.964,-247.911972665,-358.872202687,-110.960230023,110.960230023,69.0397699771,-2.7216767724,-0.639861066826
5.97,-249.653754643,-359.296331805,-109.642577162,109.642577162,70.357422838,-2.70552881831,-0.634783327887
5.976,-251.379944984,-359.71829898,-108.338353996,108.338353996,71.6616460039,-2.68868563965,-0.629784255264
5.982,-253.090259245,-360.138141609,-107.047882365,107.047882365,72.9521176354,-2.67118836784,-0.624862250251
5.988,-254.784442905,-360.555896285,-105.77145338,105.77145338,74.2285466198,-2.65307794729,-0.620015753917
5.994,-256.462270665,-360.971598815,-104.50932815,104.50932815,75.4906718499,-2.63439498947,-0.615243245964
6,-258.123545641,-361.385284244,-103.261738603,103.261738603,76.7382613966,-2.61517963702,-0.610543243619
6.006,-259.768098467,-361.79698687,-102.028888402,102.028888402,77.9711115976,-2.59547143832,-0.605914300565
6.012,-261.395786347,-362.206740267,-100.81095392,100.81095392,79.1890460798,-2.5753092335,-0.601355005902
6.018,-263.006492035,-362.614577305,-99.6080852694,99.6080852694,80.3919147306,-2.55473105313,-0.596863983144
6.024,-264.600122797,-363.020530161,-98.4204073631,98.4204073631,81.5795926369,-2.53377402989,-0.592439889244
6.03,-266.176609353,-363.424630344,-97.2480209906,97.2480209906,82.7519790094,-2.51247432271,-0.588081413652
6.036,-267.735904818,-363.82690871,-96.0910038913,96.0910038913,83.9089961087,-2.49086705091,-0.583787277406
6.042,-269.277983649,-364.227395475,-94.9494118257,94.9494118257,85.0505881743,-2.4689862349,-0.579556232244
6.048,-270.802840571,-364.626120235,-93.8232796644,93.8232796644,86.1767203356,-2.44686474162,-0.575387059747
6.054,-272.310489469,-365.023111982,-92.7126225125,92.7126225125,87.2873774875,-2.42453423681,-0.571278570511
6.06,-273.800962248,-365.418399114,-91.6174368665,91.6174368665,88.3825631335,-2.40202514855,-0.567229603343
6.066,-275.274307682,-365.812009457,-90.5377017743,90.5377017743,89.4622982257,-2.37936664491,-0.563239024483
6.072,-276.730590308,-366.203970271,-89.4733799631,89.4733799631,90.5266200369,-2.35658662396,-0.559305726844
6.078,-278.169889348,-366.594308271,-88.4244189231,88.4244189231,91.5755810769,-2.33371171261,-0.555428629284
6.084,-279.592297692,-366.983049638,-87.3907519459,87.3907519459,92.6092480541,-2.31076727126,-0.551606675899
6.09,-280.997920904,-367.37022003,-86.3722991264,86.3722991264,93.6277008736,-2.28777740286,-0.54783883533
6.096,-282.386876266,-367.755844598,-85.3689683319,85.3689683319,94.6310316681,-2.26476496595,-0.5441241001
6.102,-283.759291855,-368.139947995,-84.3806561395,84.3806561395,95.6193438605,-2.24175159165,-0.540461485967
6.108,-285.115305649,-368.52255439,-83.4072487405,83.4072487405,96.5927512595,-2.21875770443,-0.536850031298
6.114,-286.45506467,-368.903687481,-82.4486228113,82.4486228113,97.5513771887,-2.19580254641,-0.533288796461
6.12,-287.778724156,-369.283370503,-81.5046463471,81.5046463471,98.4953536529,-2.17290420478,-0.529776863235
6.126,-289.086446783,-369.661626242,-80.5751794593,80.5751794593,99.4248205407,-2.15007964195,-0.526313334241
6.132,-290.378401909,-370.038477044,-79.6600751344,79.6600751344,100.339924866,-2.12734472788,-0.522897332388
6.138,-291.654764868,-370.413944824,-78.759179956,78.759179956,101.240820044,-2.10471427436,-0.519528000331
6.144,-292.915716292,-370.78805108,-77.872334788,77.872334788,102.127665212,-2.0822020706,-0.516204499956
6.15,-294.161441479,-371.1608169,-76.9993754208,76.9993754208,103.000624579,-2.05982092001,-0.512926011869
6.156,-295.392129792,-371.532262973,-76.1401331818,76.1401331818,103.859866818,-2.03758267772,-0.509691734908
6.162,-296.607974089,-371.902409597,-75.2944355087,75.2944355087,104.705564491,-2.01549828851,-0.506500885667
6.168,-297.8091702,-372.271276689,-74.4621064887,74.4621064887,105.537893511,-1.99357782503,-0.50335269803
6.174,-298.995916428,-372.638883792,-73.6429673644,73.6429673644,106.357032636,-1.97183052593,-0.500246422729
6.18,-300.168413081,-373.005250088,-72.8368370065,72.8368370065,107.163162994,-1.95026483383,-0.497181326903
6.186,-301.326862045,-373.370394401,-72.0435323552,72.0435323552,107.956467645,-1.92888843284,-0.494156693678
6.192,-302.471466375,-373.734335207,-71.2628688321,71.2628688321,108.737131168,-1.90770828547,-0.491171821756
6.198,-303.602429924,-374.097090646,-70.4946607225,70.4946607225,109.505339277,-1.88673066892,-0.488226025016
6.204,-304.719956992,-374.458678523,-69.7387215311,69.7387215311,110.261278469,-1.8659612104,-0.485318632131
6.21,-305.824252008,-374.819116319,-68.9948643108,68.9948643108,111.005135689,-1.84540492152,-0.482448986187
6.216,-306.915519232,-375.178421199,-68.2629019671,68.2629019671,111.737098033,-1.82506623145,-0.479616444322
6.222,-307.993962479,-375.536610017,-67.5426475379,67.5426475379,112.457352462,-1.80494901868,-0.476820377371
6.228,-309.059784874,-375.893699324,-66.8339144501,66.8339144501,113.16608555,-1.78505664086,-0.474060169522
6.234,-310.113188627,-376.249705376,-66.1365167488,66.1365167488,113.863483251,-1.76539196197,-0.47133521798
6.24,-311.154374847,-376.604644137,-65.4502692902,65.4502692902,114.54973071,-1.74595737512,-0.468644932647
6.246,-312.183543436,-376.958531291,-64.7749878549,64.7749878549,115.225012145,-1.72675481823,-0.465988735801
6.252,-313.200893204,-377.31138224,-64.1104890357,64.1104890357,115.889510964,-1.70778578396,-0.463366061792
6.258,-314.206622649,-377.66321212,-63.4565894707,63.4565894707,116.543410529,-1.68905137984,-0.460776356744
6.264,-315.200931016,-378.014035797,-62.8131047813,62.8131047813,117.186895219,-1.67055279996,-0.458219078269
6.27,-316.184010101,-378.363867882,-62.1798577811,62.1798577811,117.820142219,-1.65229213792,-0.455693695177
6.276,-317.156036277,-378.71272273,-61.5566864528,61.5566864528,118.443313547,-1.63426950628,-0.45319968721
6.282,-318.117199014,-379.060614447,-60.9434154323,60.9434154323,119.056584568,-1.61648297291,-0.450736544776
6.288,-319.067691578,-379.407556897,-60.3398653183,60.3398653183,119.660134682,-1.59893208849,-0.448303768686
6.294,-320.007700095,-379.753563706,-59.7458636108,59.7458636108,120.254136389,-1.58161663405,-0.445900869905
6.3,-320.937406525,-380.098648267,-59.1612417424,59.1612417424,120.838758258,-1.56453602116,-0.443527369309
6.306,-321.85699012,-380.442823747,-58.5858336263,58.5858336263,121.414166374,-1.54768935258,-0.441182797444
6.312,-322.766627671,-380.786103087,-58.0194754157,58.0194754157,121.980524584,-1.53107549654,-0.4388666943
6.315,-323.217771251,-380.957301049,-57.7395297978,57.7395297978,122.260470202,-1.52285546591,-0.43772265169
6.318,-323.666493493,-381.128499011,-57.4620055182,57.4620055182,122.537994482,-1.51469312786,-0.43657860908
6.324,-324.556759386,-381.470024031,-56.9132646449,56.9132646449,123.086735355,-1.49854075305,-0.434318099986
6.33,-325.437594593,-381.810690447,-56.3730958535,56.3730958535,123.626904147,-1.48261672859,-0.432084734004
6.336,-326.309165774,-382.150510356,-55.8413445818,55.8413445818,124.158655418,-1.46691927593,-0.429878086699
6.342,-327.171636982,-382.489495654,-55.3178586721,55.3178586721,124.682141328,-1.45144649469,-0.42769774201
6.348,-328.025169651,-382.827658039,-54.8024883884,54.8024883884,125.197511612,-1.43619637469,-0.425543292059
6.354,-328.869922594,-383.16500902,-54.2950864266,54.2950864266,125.704913573,-1.42116680702,-0.423414336955
6.36,-329.706051994,-383.501559915,-53.7955079201,53.7955079201,126.20449208,-1.40635559433,-0.421310484612
6.366,-330.533711416,-383.837321856,-53.3036104406,53.3036104406,126.696389559,-1.39176046041,-0.419231350567
6.372,-331.353051805,-384.172305798,-52.8192539939,52.8192539939,127.180746006,-1.37737905915,-0.417176557806
6.378,-332.164221504,-384.506522517,-52.3423010131,52.3423010131,127.657698987,-1.3632089829,-0.415145736589
6.384,-332.967366266,-384.839982614,-51.8726163478,51.8726163478,128.127383652,-1.34924777022,-0.413138524286
6.39,-333.762629272,-385.172696522,-51.4100672505,51.4100672505,128.589932749,-1.3354929132,-0.411154565214
6.396,-334.550151147,-385.504674507,-50.9545233601,50.9545233601,129.04547664,-1.32194186418,-0.409193510481
6.402,-335.330069988,-385.835926671,-50.5058566832,50.5058566832,129.494143317,-1.30859204204,-0.407255017828
6.408,-336.102521383,-386.166462956,-50.0639415735,50.0639415735,129.936058427,-1.29544083805,-0.405338751482
6.414,-336.867638439,-386.496293147,-49.6286547084,49.6286547084,130.371345292,-1.28248562127,-0.403444382009
6.42,-337.625551812,-386.825426877,-49.1998750648,49.1998750648,130.800124935,-1.26972374358,-0.401571586172
6.426,-338.376389733,-387.153873626,-48.7774838928,48.7774838928,131.222516107,-1.25715254429,-0.399720046792
6.432,-339.120278039,-387.481642727,-48.3613646877,48.3613646877,131.638635312,-1.24476935434,-0.397889452616
6.438,-339.857340207,-387.808743369,-47.9514031614,47.9514031614,132.048596839,-1.23257150023,-0.39607949818
6.441,-340.223349438,-387.971963983,-47.7486145446,47.7486145446,132.251385455,-1.22654123828,-0.395184690932
6.444,-340.587697385,-388.135184597,-47.5474872118,47.5474872118,132.452512788,-1.22055630743,-0.394289883684
6.45,-341.311468429,-388.46097532,-47.1495068912,47.1495068912,132.850493109,-1.20872110345,-0.392520314868
6.456,-342.028769935,-388.786124307,-46.7573543721,46.7573543721,133.242645628,-1.19706322029,-0.390770502888
6.462,-342.739716283,-389.110640195,-46.3709239114,46.3709239114,133.629076089,-1.18557999619,-0.389040164199
6.468,-343.444419681,-389.434531489,-45.9901118083,45.9901118083,134.009888192,-1.17426877591,-0.387329020439
6.474,-344.142990215,-389.757806566,-45.6148163506,45.6148163506,134.385183649,-1.16312690815,-0.385636798315
6.48,-344.835535944,-390.080473676,-45.2449377318,45.2449377318,134.755062268,-1.15215173558,-0.383963229495
6.486,-345.522163077,-390.402540944,-44.880377867,44.880377867,135.119622133,-1.14134056152,-0.382308050499
6.492,-346.202976593,-390.724016377,-44.5210397844,44.5210397844,135.478960216,-1.13069051888,-0.380671002596
6.498,-346.878083968,-391.044907858,-44.1668238905,44.1668238905,135.83317611,-1.12019775637,-0.379051831701
6.504,-347.547783919,-391.365223157,-43.8174392381,43.8174392381,136.182560762,-1.10982914868,-0.377450288277
6.51,-348.211471855,-391.684969927,-43.4734980728,43.4734980728,136.526501927,-1.09969997293,-0.375866127234
6.516,-348.870031981,-392.004155709,-43.1341237281,43.1341237281,136.865876272,-1.08966754365,-0.374299107842
6.522,-349.523254108,-392.322787933,-42.7995338254,42.7995338254,137.200466175,-1.07978756214,-0.372748993632
6.528,-350.171239096,-392.640873921,-42.4696348254,42.4696348254,137.530365175,-1.07005500633,-0.371215552308
6.534,-350.814078908,-392.958420889,-42.1443419809,42.1443419809,137.855658019,-1.06046703158,-0.369698555659
6.54,-351.451862644,-393.275435948,-41.8235733037,41.8235733037,138.176426696,-1.05102113072,-0.368197779477
6.546,-352.084677363,-393.591926105,-41.5072487417,41.5072487417,138.492751258,-1.04171490927,-0.366713003466
6.552,-352.712608312,-393.907898269,-41.1952899564,41.1952899564,138.804710044,-1.03254603315,-0.365244011169
6.558,-353.33573902,-394.223359248,-40.8876202287,40.8876202287,139.112379771,-1.02351221211,-0.363790589881
6.564,-353.954151351,-394.538315755,-40.5841644039,40.5841644039,139.415835596,-1.01461119356,-0.362352530576
6.57,-354.567925557,-394.852774406,-40.2848488491,40.2848488491,139.715151151,-1.00584075986,-0.360929627828
6.576,-355.177140306,-395.166741724,-39.9896014183,39.9896014183,140.010398582,-0.997198727134,-0.359521679742
6.582,-355.781872722,-395.48022414,-39.6983514186,39.6983514186,140.301648581,-0.988682944613,-0.358128487874
6.588,-356.382198417,-395.793227996,-39.4110295796,39.4110295796,140.58897042,-0.98029129435,-0.356749857167
6.594,-356.978191521,-396.105759544,-39.1275680232,39.1275680232,140.872431977,-0.972021690992,-0.355385595881
6.6,-357.569924716,-396.41782495,-38.8479002342,38.8479002342,141.152099766,-0.963872081629,-0.354035515523
6.606,-358.157469261,-396.729430293,-38.5719610319,38.5719610319,141.428038968,-0.95584044566,-0.352699430784
6.612,-358.740895029,-397.040581571,-38.2996865421,38.2996865421,141.700313458,-0.947924794637,-0.351377159471
6.618,-359.320270528,-397.351284697,-38.0310141696,38.0310141696,141.96898583,-0.940123172115,-0.350068522451
6.624,-359.895662933,-397.661545504,-37.7658825713,37.7658825713,142.234117429,-0.932433653461,-0.348773343584
6.6285,-360.324633006,-397.893913686,-37.5692806797,37.5692806797,142.43071932,-0.926738942684,-0.347811923145
6.63,-360.467138117,-397.971369746,-37.5042316299,37.5042316299,142.49576837,-0.924854345658,-0.347491449665
6.636,-361.034760671,-398.280763099,-37.2460024281,37.2460024281,142.753997572,-0.917383387075,-0.346222670367
6.642,-361.598593937,-398.58973116,-36.9911372232,36.9911372232,143.008862777,-0.910018947222,-0.344966838181
6.648,-362.158700032,-398.898279453,-36.7395794218,36.7395794218,143.260420578,-0.902759226484,-0.343723788363
6.654,-362.715139872,-399.206413428,-36.4912735561,36.4912735561,143.508726444,-0.895602455825,-0.342493358879
6.66,-363.267973201,-399.514138461,-36.2461652598,36.2461652598,143.75383474,-0.888546896486,-0.34127539035
6.666,-363.817258613,-399.821459857,-36.0042012445,36.0042012445,143.995798755,-0.88159083965,-0.340069726002
6.672,-364.363053574,-400.128382851,-35.7653292772,35.7653292772,144.234670723,-0.874732606091,-0.338876211615
6.678,-364.90541445,-400.434912608,-35.5294981581,35.5294981581,144.470501842,-0.867970545792,-0.337694695473
6.684,-365.444396527,-400.741054226,-35.2966576988,35.2966576988,144.703342301,-0.861303037532,-0.336525028313
6.69,-365.980054034,-401.046812736,-35.0667587021,35.0667587021,144.933241298,-0.854728488404,-0.335367063282
6.69075,-366.046780124,-401.084985282,-35.0382051582,35.0382051582,144.961794842,-0.853913127701,-0.335223762357
6.696,-366.512440162,-401.352193104,-34.8397529417,34.8397529417,145.160247058,-0.848245333239,-0.334220655887
6.702,-367.041607086,-401.657200231,-34.6155931451,34.6155931451,145.384406855,-0.841852033816,-0.333085663953
6.708,-367.567605975,-401.961838953,-34.394232978,34.394232978,145.605767022,-0.835547077598,-0.331961947575
6.714,-368.090487013,-402.266114048,-34.1756270352,34.1756270352,145.824372965,-0.829328975279,-0.330849369076
6.72,-368.610299384,-402.570030228,-33.9597308435,33.9597308435,146.040269156,-0.82319625484,-0.329747792966
6.726,-369.127091259,-402.873592148,-33.7465008886,33.7465008886,146.253499111,-0.817147443382,-0.328657085899
6.732,-369.640909762,-403.176804402,-33.5358946398,33.5358946398,146.46410536,-0.81118099459,-0.327577116632
6.738,-370.151802254,-403.479671527,-33.3278692734,33.3278692734,146.672130727,-0.805294925145,-0.326507755989
6.744,-370.659835345,-403.782198002,-33.122362657,33.122362657,146.877637343,-0.79948806312,-0.325448876815
6.75,-371.165021368,-404.084388251,-32.9193668828,32.9193668828,147.080633117,-0.793764651225,-0.324400353946
6.753,-371.416558164,-404.235317446,-32.8187592815,32.8187592815,147.181240719,-0.790931025725,-0.323881209057
6.756,-371.667403258,-404.38624664,-32.7188433824,32.7188433824,147.281156618,-0.788116230776,-0.323362064167
6.762,-372.167039437,-404.687777484,-32.5207380474,32.5207380474,147.479261953,-0.78254313315,-0.322333886178
6.768,-372.663971052,-404.988985042,-32.3250139895,32.3250139895,147.67498601,-0.777044604552,-0.321315700556
6.774,-373.158239041,-405.28987352,-32.1316344791,32.1316344791,147.868365521,-0.771619503058,-0.320307389721
6.78,-373.649883968,-405.590447075,-31.9405631072,31.9405631072,148.059436893,-0.766266641892,-0.319308837907
6.786,-374.1389458,-405.890709811,-31.7517640106,31.7517640106,148.248235989,-0.760984841043,-0.318319931119
6.792,-374.625463837,-406.190665781,-31.5652019444,31.5652019444,148.434798056,-0.755772937829,-0.317340557109
6.798,-375.10947669,-406.490318991,-31.3808423013,31.3808423013,148.619157699,-0.750629789495,-0.31637060534
6.804,-375.591022286,-406.789673398,-31.1986511122,31.1986511122,148.801348888,-0.745554273805,-0.315409966956
6.81,-376.07013787,-407.08873291,-31.0185950392,31.0185950392,148.981404961,-0.740545289022,-0.314458534751
6.816,-376.546860023,-407.387501388,-30.8406413654,30.8406413654,149.159358635,-0.735601753686,-0.313516203139
6.822,-377.021224666,-407.68598265,-30.6647579838,30.6647579838,149.335242016,-0.730722606299,-0.312582868127
6.828,-377.493267079,-407.984180464,-30.4909133851,30.4909133851,149.509086615,-0.725906804996,-0.31165842728
6.834,-377.963021911,-408.282098557,-30.319076646,30.319076646,149.680923354,-0.721153327193,-0.310742779702
6.84,-378.430523193,-408.57974061,-30.1492174169,30.1492174169,149.850782583,-0.716461169235,-0.309835826001
6.846,-378.895804352,-408.877110262,-29.98130591,29.98130591,150.01869409,-0.711829346051,-0.308937468266
6.852,-379.358898219,-409.174211107,-29.8153128877,29.8153128877,150.184687112,-0.707256890803,-0.30804761004
6.858,-379.819837049,-409.471046701,-29.6512096513,29.6512096513,150.348790349,-0.702742854546,-0.307166156291
6.864,-380.278652525,-409.767620554,-29.4889680292,29.4889680292,150.511031971,-0.698286305889,-0.306293013394
6.87,-380.735375774,-410.06393614,-29.3285603664,29.3285603664,150.671439634,-0.693886330663,-0.305428089098
6.876,-381.190037377,-410.35999689,-29.1699595133,29.1699595133,150.830040487,-0.689542031595,-0.304571292507
6.8775,-381.303384178,-410.433949217,-29.1305650386,29.1305650386,150.869434961,-0.688464552661,-0.304359102894
6.882,-381.642667381,-410.655806197,-29.0131388153,29.0131388153,150.986861185,-0.685252527981,-0.303722534056
6.888,-382.093295312,-410.951367414,-28.8580721026,28.8580721026,151.141927897,-0.681016955374,-0.302881725484
6.894,-382.541950178,-411.246683858,-28.7047336795,28.7047336795,151.29526632,-0.676834465271,-0.302048779816
6.9,-382.98866049,-411.541758806,-28.5530983154,28.5530983154,151.446901685,-0.672704224806,-0.301223611338
6.906,-383.433454265,-411.8365955,-28.4031412346,28.4031412346,151.596858765,-0.668625416454,-0.300406135574
6.912,-383.876359038,-412.131197144,-28.2548381066,28.2548381066,151.745161893,-0.66459723774,-0.299596269269
6.918,-384.317401871,-412.425566908,-28.1081650376,28.1081650376,151.891834962,-0.660618900947,-0.298793930363
6.924,-384.756609365,-412.719707926,-27.9630985609,27.9630985609,152.036901439,-0.656689632849,-0.297999037973
6.93,-385.194007668,-413.013623297,-27.8196156285,27.8196156285,152.180384372,-0.652808674438,-0.297211512374
6.936,-385.629622483,-413.307316085,-27.6776936022,27.6776936022,152.322306398,-0.648975280675,-0.296431274975
6.93975,-385.900987309,-413.490736858,-27.5897495488,27.5897495488,152.410250451,-0.646603237986,-0.295948133306
6.942,-386.063479076,-413.600789322,-27.5373102455,27.5373102455,152.462689755,-0.645188720258,-0.295658248304
6.948,-386.49560229,-413.894046005,-27.3984437155,27.3984437155,152.601556284,-0.641448275422,-0.294892355989
6.954,-386.926016546,-414.187089101,-27.2610725551,27.2610725551,152.738927445,-0.637753241792,-0.294133522734
6.96,-387.354745858,-414.479921543,-27.1251756858,27.1251756858,152.874824314,-0.634102928341,-0.293381674307
6.966,-387.781813832,-414.772546233,-26.990732401,26.990732401,153.009267599,-0.630496657563,-0.29263673752
6.972,-388.207243678,-415.06496604,-26.8577223618,26.8577223618,153.142277638,-0.62693376616,-0.29189864021
6.978,-388.631058208,-415.357183805,-26.7261255968,26.7261255968,153.273874403,-0.623413607096,-0.291167311223
6.984,-389.053279817,-415.649202338,-26.5959225205,26.5959225205,153.40407748,-0.619935556139,-0.290442680397
6.99,-389.473930379,-415.941024417,-26.4670940382,26.4670940382,153.532905962,-0.616499037696,-0.289724678547
6.996,-389.893030274,-416.232652794,-26.33962252,26.33962252,153.66037748,-0.613103685508,-0.289013237445
7.002,-390.310568262,-416.52409019,-26.2135219277,26.2135219277,153.786478072,-0.609744225794,-0.288308289809
7.008,-390.72667735,-416.815339298,-26.0886619473,26.0886619473,153.911338053,-0.606429557729,-0.287609769283
7.014,-391.141259374,-417.106402783,-25.9651434082,25.9651434082,154.034856592,-0.603153097287,-0.286917610424
7.02,-391.554375662,-417.397283282,-25.8429076196,25.8429076196,154.15709238,-0.599914684857,-0.286231748689
7.026,-391.966046439,-417.687983406,-25.7219369666,25.7219369666,154.278063033,-0.596714046833,-0.285552120413
7.032,-392.376291383,-417.978505737,-25.6022143541,25.6022143541,154.397785646,-0.593550687507,-0.284878662804
7.038,-392.785129858,-418.268852833,-25.4837229752,25.4837229752,154.516277025,-0.59042408052,-0.284211313923
7.044,-393.192580924,-418.559027225,-25.3664463014,25.3664463014,154.633553699,-0.587333697525,-0.283550012671
7.05,-393.598663339,-418.849031418,-25.2503680789,25.2503680789,154.749631921,-0.584279015307,-0.282894698777
7.056,-394.003395566,-419.138867891,-25.1354723249,25.1354723249,154.864527675,-0.581259518034,-0.282245312782
7.062,-394.406795777,-419.4285391,-25.021743323,25.021743323,154.978256677,-0.578274698062,-0.281601796028
7.068,-394.808881857,-419.718047476,-24.9091656181,24.9091656181,155.090834382,-0.575324056196,-0.280964090645
7.074,-395.209671411,-420.007395423,-24.7977240118,24.7977240118,155.202275988,-0.572407101745,-0.280332139538
7.08,-395.609181769,-420.296585326,-24.6874035573,24.6874035573,155.312596443,-0.569523352466,-0.279705886374
7.086,-396.007429987,-420.585619542,-24.5781895548,24.5781895548,155.421810445,-0.566672334469,-0.279085275572
7.092,-396.404432862,-420.874500408,-24.4700675465,24.4700675465,155.529932454,-0.563853582096,-0.278470252287
7.0965,-396.701377716,-421.09104778,-24.3896700641,24.3896700641,155.610329936,-0.561760416578,-0.278013134873
7.098,-396.800206925,-421.163230237,-24.363023312,24.363023312,155.636976688,-0.561066637783,-0.277860762402
7.104,-397.194768455,-421.451811319,-24.257042864,24.257042864,155.742957136,-0.558311051927,-0.277256752516
7.11,-397.588133479,-421.740245923,-24.1521124433,24.1521124433,155.847887557,-0.555586382739,-0.276658169932
7.116,-397.980317779,-422.028536294,-24.048218515,24.048218515,155.951781485,-0.552892196105,-0.276064962644
7.122,-398.371336895,-422.316684659,-23.9453477638,23.9453477638,156.054652236,-0.550228065447,-0.275477079331
7.128,-398.76120613,-422.60469322,-23.84348709,23.84348709,156.15651291,-0.547593571585,-0.274894469341
7.134,-399.149940555,-422.892564161,-23.7426236053,23.7426236053,156.257376395,-0.5449883026,-0.274317082684
7.14,-399.537555014,-423.180299643,-23.6427446288,23.6427446288,156.357255371,-0.542411853699,-0.273744870021
7.146,-399.924064126,-423.467901809,-23.5438376832,23.5438376832,156.456162317,-0.539863827089,-0.273177782654
7.152,-400.30948229,-423.755372781,-23.4458904907,23.4458904907,156.554109509,-0.537343831847,-0.272615772513
7.158,-400.69382369,-424.04271466,-23.3488909694,23.3488909694,156.651109031,-0.534851483797,-0.272058792153
7.164,-401.077102299,-424.329929529,-23.25282723,23.25282723,156.74717277,-0.532386405387,-0.271506794737
7.17,-401.45933188,-424.617019451,-23.1576875712,23.1576875712,156.842312429,-0.529948225575,-0.270959734031
7.176,-401.840525994,-424.903986471,-23.0634604775,23.0634604775,156.936539522,-0.527536579709,-0.270417564395
7.182,-402.220698001,-425.190832615,-22.9701346147,22.9701346147,157.029865385,-0.525151109423,-0.269880240772
7.188,-402.599861063,-425.47755989,-22.877698827,22.877698827,157.122301173,-0.522791462524,-0.269347718679
7.191,-402.789068301,-425.620865088,-22.8317967869,22.8317967869,157.168203213,-0.521621214448,-0.269083836439
7.194,-402.978028151,-425.764170285,-22.786142134,22.786142134,157.213857866,-0.520457292893,-0.268819954199
7.2,-403.355212045,-426.050665772,-22.695453727,22.695453727,157.304546273,-0.518148260381,-0.268296903975
7.206,-403.731425337,-426.337048303,-22.6056229663,22.6056229663,157.394377034,-0.515864030721,-0.267778525197
7.212,-404.106680438,-426.623319816,-22.516639378,22.516639378,157.483360622,-0.513604275432,-0.267264775596
7.218,-404.480989579,-426.90948223,-22.4284926512,22.4284926512,157.571507349,-0.511368671738,-0.266755613436
7.224,-404.854364811,-427.195537446,-22.3411726351,22.3411726351,157.658827365,-0.509156902494,-0.266250997505
7.23,-405.226818014,-427.481487351,-22.2546693363,22.2546693363,157.745330664,-0.506968656111,-0.265750887109
7.236,-405.598360896,-427.767333812,-22.1689729162,22.1689729162,157.831027084,-0.504803626503,-0.265255242063
7.242,-405.969004995,-428.053078683,-22.0840736885,22.0840736885,157.915926311,-0.502661513037,-0.264764022683
7.248,-406.338761685,-428.338723802,-21.9999621166,21.9999621166,158.000037883,-0.500542020502,-0.264277189779
7.254,-406.707642176,-428.624270988,-21.9166288112,21.9166288112,158.083371189,-0.4984448591,-0.263794704649
7.26,-407.075657518,-428.909722047,-21.8340645285,21.8340645285,158.165935471,-0.496369744462,-0.263316529068
7.266,-407.442818601,-429.195078769,-21.7522601674,21.7522601674,158.247739833,-0.49431639769,-0.262842625287
7.272,-407.809136162,-429.480342929,-21.6712067674,21.6712067674,158.328793233,-0.492284545444,-0.26237295602
7.278,-408.174620781,-429.765516288,-21.5908955064,21.5908955064,158.409104494,-0.490273920077,-0.261907484441
7.284,-408.539282891,-430.050600589,-21.5113176978,21.5113176978,158.488682302,-0.488284259815,-0.261446174175
7.2855,-408.63032111,-430.121849833,-21.4915287229,21.4915287229,158.508471277,-0.487790090448,-0.261331877954
7.29,-408.903132777,-430.335597565,-21.4324647879,21.4324647879,158.567535212,-0.486315308987,-0.260988989293
7.296,-409.266180579,-430.620508931,-21.3543283512,21.3543283512,158.645671649,-0.484366818278,-0.260535894306
7.302,-409.628436303,-430.905336389,-21.2769000862,21.2769000862,158.723099914,-0.482438544961,-0.260086854156
7.308,-409.989909819,-431.190081628,-21.2001718089,21.2001718089,158.799828191,-0.48053025301,-0.259641834211
7.314,-410.350610877,-431.474746322,-21.1241354449,21.1241354449,158.875864555,-0.478641712944,-0.259200800262
7.32,-410.710549111,-431.759332132,-21.0487830214,21.0487830214,158.951216979,-0.476772701219,-0.258763718511
7.326,-411.069734047,-432.043840706,-20.9741066597,20.9741066597,159.02589334,-0.474922998985,-0.25833055557
7.332,-411.428175106,-432.328273678,-20.9000985712,20.9000985712,159.099901429,-0.473092390172,-0.257901278452
7.338,-411.785881607,-432.612632668,-20.8267510608,20.8267510608,159.173248939,-0.471280659162,-0.257475854567
7.344,-412.142862747,-432.896919286,-20.7540565389,20.7540565389,159.245943461,-0.469487588699,-0.257054251717
7.35,-412.499127585,-433.181135126,-20.6820075414,20.6820075414,159.317992459,-0.467712958896,-0.256636438087
7.356,-412.854685021,-433.465281773,-20.6105967525,20.6105967525,159.389403247,-0.465956548024,-0.256222382244
7.362,-413.209543775,-433.749360797,-20.539817022,20.539817022,159.460182978,-0.464218135051,-0.255812053129
7.368,-413.563712384,-434.033373755,-20.4696613714,20.4696613714,159.530338629,-0.462497503083,-0.255405420051
7.374,-413.917199208,-434.317322196,-20.4001229879,20.4001229879,159.599877012,-0.460794442466,-0.255002452683
7.38,-414.270012442,-434.601207653,-20.3311952106,20.3311952106,159.668804789,-0.45910875258,-0.254603121059
7.386,-414.622160134,-434.885031649,-20.2628715148,20.2628715148,159.737128485,-0.457440242031,-0.254207395564
7.392,-414.973650196,-435.168795696,-20.1951455004,20.1951455004,159.8048545,-0.455788727549,-0.253815246934
7.398,-415.324490408,-435.452501294,-20.128010886,20.128010886,159.871989114,-0.454154032118,-0.253426646248
7.404,-415.674688423,-435.736149931,-20.061461508,20.061461508,159.938538492,-0.452535982801,-0.253041564922
7.41,-416.024251761,-436.019743085,-19.9954913241,19.9954913241,160.004508676,-0.450934408485,-0.252659974711
7.416,-416.373187804,-436.303282222,-19.9300944186,19.9300944186,160.069905581,-0.449349137615,-0.252281847696
7.422,-416.721503791,-436.586768799,-19.8652650077,19.8652650077,160.134734992,-0.447779995811,-0.251907156285
7.428,-417.069206814,-436.870204259,-19.8009974452,19.8009974452,160.199002555,-0.446226803277,-0.251535873206
7.434,-417.416303813,-437.153590039,-19.7372862255,19.7372862255,160.262713775,-0.444689371869,-0.251167971503
7.44,-417.762801576,-437.436927561,-19.6741259855,19.6741259855,160.325874014,-0.443167501797,-0.250803424533
7.446,-418.108706738,-437.72021824,-19.6115115028,19.6115115028,160.388488497,-0.441660977971,-0.25044220596
7.452,-418.45402579,-438.00346348,-19.5494376895,19.5494376895,160.450562311,-0.440169566192,-0.250084289751
7.458,-418.798765091,-438.286664674,-19.4878995821,19.4878995821,160.512100418,-0.438693009515,-0.249729650172
7.464,-419.142930882,-438.569823205,-19.4268923235,19.4268923235,160.573107676,-0.437231025385,-0.249378261787
7.47,-419.486529313,-438.852940449,-19.3664111359,19.3664111359,160.633588864,-0.435783304287,-0.249030099447
7.476,-419.829566487,-439.136017769,-19.3064512816,19.3064512816,160.693548718,-0.434349510795,-0.248685138293
7.482,-420.172048514,-439.419056521,-19.2470080069,19.2470080069,160.752991993,-0.432929287681,-0.248343353749
7.488,-420.513981583,-439.702058049,-19.1880764666,19.1880764666,160.811923533,-0.431522263224,-0.248004721518
7.494,-420.855372059,-439.985023691,-19.1296516316,19.1296516316,160.870348368,-0.430128060959,-0.247669217579
7.5,-421.196226583,-440.267954773,-19.0717281901,19.0717281901,160.92827181,-0.428746310413,-0.247336818182
7.506,-421.536552152,-440.550852614,-19.0143004624,19.0143004624,160.985699538,-0.427376657287,-0.247007499847
7.512,-421.876356165,-440.833718523,-18.9573623577,18.9573623577,161.042637642,-0.42601877242,-0.246681239357
7.518,-422.21564641,-441.1165538,-18.9009073901,18.9009073901,161.09909261,-0.424672359986,-0.246358013758
7.524,-422.554430977,-441.399359737,-18.8449287593,18.8449287593,161.155071241,-0.423337165704,-0.246037800353
7.53,-422.892718136,-441.682137617,-18.789419481,18.789419481,161.210580519,-0.422012984966,-0.245720576699
7.536,-423.230516172,-441.964888715,-18.734372543,18.734372543,161.265627457,-0.420699669464,-0.245406320604
7.542,-423.567833237,-442.247614297,-18.67978106,18.67978106,161.32021894,-0.419397130219,-0.245095010123
7.548,-423.904677214,-442.530315622,-18.6256384082,18.6256384082,161.374361592,-0.418105335492,-0.244786623557
7.554,-424.241055613,-442.812993939,-18.5719383262,18.5719383262,161.428061674,-0.41682430332,-0.244481139446
7.56,-424.576975513,-443.09565049,-18.5186749773,18.5186749773,161.481325023,-0.41555408982,-0.24417853657
7.566,-424.912443538,-443.37828651,-18.4658429722,18.4658429722,161.534157028,-0.414294775186,-0.243878793942
7.572,-425.247465866,-443.660903224,-18.4134373582,18.4134373582,161.586562642,-0.413046449509,-0.243581890806
7.578,-425.582048268,-443.943501851,-18.3614535826,18.3614535826,161.638546417,-0.411809200134,-0.243287806639
7.584,-425.916196163,-444.226083601,-18.3098874381,18.3098874381,161.690112562,-0.410583101685,-0.242996521138
7.59,-426.249914677,-444.508649679,-18.2587350015,18.2587350015,161.741264999,-0.409368209182,-0.242708014226
7.59375,-426.458272887,-444.685244429,-18.2269715416,18.2269715416,161.773028458,-0.408614606929,-0.242529421612
7.596,-426.583208707,-444.791201278,-18.2079925714,18.2079925714,161.792007429,-0.408164554151,-0.242422266045
7.602,-426.916082978,-445.073739589,-18.1576566108,18.1576566108,161.842343389,-0.406972143298,-0.242139256954
7.608,-427.248542094,-445.356265792,-18.1077236977,18.1077236977,161.892276302,-0.405790959122,-0.241858967526
7.614,-427.580590575,-445.63878106,-18.0581904853,18.0581904853,161.941809515,-0.404620961857,-0.241581378545
7.62,-427.912232889,-445.921286562,-18.0090536722,18.0090536722,161.990946328,-0.403462092184,-0.241306471005
7.626,-428.243473476,-446.203783455,-17.9603099798,17.9603099798,162.03969002,-0.402314274279,-0.241034226104
7.632,-428.574316756,-446.486272895,-17.9119561383,17.9119561383,162.088043862,-0.401177418879,-0.240764625245
7.638,-428.904767147,-446.768756025,-17.8639888782,17.8639888782,162.136011122,-0.400051426169,-0.24049765003
7.644,-429.234829062,-447.051233987,-17.8164049252,17.8164049252,162.183595075,-0.398936188353,-0.240233282259
7.65,-429.564506912,-447.333707912,-17.7692010002,17.7692010002,162.230799,-0.39783159189,-0.23997150393
7.656,-429.893805107,-447.616178926,-17.7223738191,17.7223738191,162.277626181,-0.39673751935,-0.239712297231
7.662,-430.222728054,-447.89864815,-17.6759200961,17.6759200961,162.324079904,-0.395653850945,-0.239455644542
7.668,-430.551280149,-448.181116696,-17.6298365468,17.6298365468,162.370163453,-0.394580465743,-0.239201528431
7.674,-430.879465779,-448.46358567,-17.5841198912,17.5841198912,162.415880109,-0.393517242625,-0.238949931652
7.68,-431.207289317,-448.746056175,-17.538766858,17.538766858,162.461233142,-0.392464061008,-0.238700837142
7.686,-431.534755115,-449.028529303,-17.4937741877,17.4937741877,162.506225812,-0.3914208014,-0.238454228019
7.6875,-431.616566176,-449.099148513,-17.4825823366,17.4825823366,162.517417663,-0.391161522945,-0.238393192909
7.692,-431.861867507,-449.311006143,-17.449138636,17.449138636,162.550861364,-0.390387345789,-0.238210087579
7.698,-432.1886308,-449.593487777,-17.4048569767,17.4048569767,162.595143023,-0.389363577927,-0.237968399295
7.704,-432.515049276,-449.875975281,-17.3609260045,17.3609260045,162.639073996,-0.388349383514,-0.237729146816
7.71,-432.841127189,-450.158469726,-17.3173425369,17.3173425369,162.682657463,-0.387344650312,-0.23749231396
7.716,-433.166868759,-450.440972175,-17.2741034166,17.2741034166,162.725896583,-0.386349268205,-0.237257884717
7.722,-433.492278176,-450.723483689,-17.2312055128,17.2312055128,162.768794487,-0.385363129216,-0.237025843244
7.728,-433.817359596,-451.006005319,-17.188645723,17.188645723,162.811354277,-0.3843861275,-0.236796173863
7.734,-434.142117139,-451.288538113,-17.1464209737,17.1464209737,162.853579026,-0.383418159304,-0.236568861061
7.74,-434.466554891,-451.571083112,-17.1045282218,17.1045282218,162.895471778,-0.382459122928,-0.236343889485
7.746,-434.790676899,-451.853641354,-17.0629644551,17.0629644551,162.937035545,-0.381508918669,-0.236121243943
7.752,-435.114487176,-452.136213869,-17.021726693,17.021726693,162.978273307,-0.380567448766,-0.235900909399
7.758,-435.437989694,-452.418801682,-16.9808119874,16.9808119874,163.019188013,-0.379634617343,-0.235682870974
7.764,-435.761188391,-452.701405813,-16.9402174223,16.9402174223,163.059782578,-0.378710330363,-0.235467113941
7.77,-436.084087164,-452.984027279,-16.899940115,16.899940115,163.100059885,-0.377794495585,-0.235253623726
7.776,-436.406689872,-453.266667087,-16.8599772155,16.8599772155,163.140022785,-0.376887022534,-0.235042385903
7.78125,-436.688727381,-453.513993849,-16.8252664681,16.8252664681,163.174733532,-0.37609977305,-0.234859511161
7.782,-436.729000337,-453.549326244,-16.8203259069,16.8203259069,163.179674093,-0.375987822484,-0.234833386197
7.788,-437.051022343,-453.832005748,-16.7809834054,16.7809834054,163.219016595,-0.375096808443,-0.234626610477
7.794,-437.372759635,-454.114706594,-16.7419469597,16.7419469597,163.25805304,-0.374213895154,-0.234422044757
7.8,-437.694215922,-454.397429773,-16.7032138509,16.7032138509,163.296786149,-0.373338999091,-0.234219675191
7.806,-438.015394876,-454.680176268,-16.6647813915,16.6647813915,163.335218608,-0.372472038448,-0.234019488079
7.812,-438.336300134,-454.96294706,-16.6266469251,16.6266469251,163.373353075,-0.371612933115,-0.233821469854
7.818,-438.656935298,-455.245743123,-16.5888078251,16.5888078251,163.411192175,-0.370761604627,-0.233625607092
7.824,-438.977303935,-455.528565429,-16.5512614941,16.5512614941,163.448738506,-0.369917976088,-0.2334318865
7.83,-439.29740958,-455.811414943,-16.5140053629,16.5140053629,163.485994637,-0.369081972063,-0.233240294922
7.836,-439.617255736,-456.094292626,-16.4770368901,16.4770368901,163.52296311,-0.368253518445,-0.233050819332
7.842,-439.936845874,-456.377199435,-16.4403535614,16.4403535614,163.559646439,-0.367432542315,-0.232863446837
7.848,-440.256183433,-456.660136322,-16.4039528893,16.4039528893,163.596047111,-0.366618971792,-0.232678164673
7.854,-440.575271822,-456.943104235,-16.3678324132,16.3678324132,163.632167587,-0.365812735902,-0.2324949602
7.86,-440.894114416,-457.226104116,-16.3319896999,16.3319896999,163.6680103,-0.36501376446,-0.232313820908
7.866,-441.212714563,-457.509136906,-16.2964223431,16.2964223431,163.703577657,-0.364221987984,-0.232134734411
7.872,-441.531075573,-457.792203537,-16.2611279646,16.2611279646,163.738872035,-0.363437337619,-0.231957688443
7.875,-441.690167428,-457.93375424,-16.2435868112,16.2435868112,163.756413189,-0.363047663368,-0.231870179652
7.878,-441.849200728,-458.075304942,-16.226104214,16.226104214,163.773895786,-0.362659745078,-0.231782670862
7.884,-442.167093275,-458.358442045,-16.1913487697,16.1913487697,163.80865123,-0.361889142571,-0.231609669645
7.89,-442.484756429,-458.641615768,-16.1568593391,16.1568593391,163.843140661,-0.361125462713,-0.231438672889
7.896,-442.80219337,-458.924827031,-16.1226336602,16.1226336602,163.87736634,-0.360368638369,-0.231269668805
7.902,-443.119407241,-459.208076745,-16.0886695038,16.0886695038,163.911330496,-0.359618602388,-0.231102645722
7.908,-443.436401143,-459.491365821,-16.054964678,16.054964678,163.945035322,-0.35887528716,-0.230937592083
7.914,-443.753178125,-459.774695165,-16.0215170395,16.0215170395,163.978482961,-0.358138623891,-0.230774496444
7.92,-444.069741158,-460.058065677,-15.988324519,15.988324519,164.011675481,-0.357408541581,-0.230613347471
7.926,-444.386093067,-460.341478257,-15.9553851905,15.9553851905,164.044614809,-0.356684966737,-0.230454133941
7.932,-444.702236331,-460.624933798,-15.9226974671,15.9226974671,164.077302533,-0.355967832597,-0.23029684474
7.938,-445.018172577,-460.90843319,-15.8902606133,15.8902606133,164.109739387,-0.355257164864,-0.230141468861
7.944,-445.333903373,-461.19197732,-15.8580739466,15.8580739466,164.141926053,-0.354553595441,-0.229987995405
7.95,-445.649443661,-461.47556707,-15.8261234083,15.8261234083,164.173876592,-0.353857736717,-0.229836413574
7.956,-445.96479684,-461.759203318,-15.7944064783,15.7944064783,164.205593522,-0.353166665957,-0.229686712678
7.962,-446.279952398,-462.042886941,-15.7629345436,15.7629345436,164.237065456,-0.352481008032,-0.229538882126
7.968,-446.5949151,-462.32661881,-15.7317037101,15.7317037101,164.26829629,-0.35180151112,-0.229392911431
7.96875,-446.634272118,-462.362091433,-15.7278193149,15.7278193149,164.272180685,-0.351717009517,-0.229374896277
7.974,-446.909689444,-462.610399792,-15.7007103483,15.7007103483,164.299289652,-0.351128186777,-0.229248790203
7.98,-447.224278817,-462.894230753,-15.6699519357,15.6699519357,164.330048064,-0.350460957292,-0.229106508152
7.986,-447.538686211,-463.178112553,-15.6394263415,15.6394263415,164.360573658,-0.349799748544,-0.228966055087
7.992,-447.852914466,-463.462046049,-15.6091315827,15.6091315827,164.390868417,-0.349144494786,-0.228827420911
7.998,-448.16696635,-463.746032096,-15.5790657456,15.5790657456,164.420934254,-0.348495135976,-0.228690595624
8.004,-448.480844586,-464.030071544,-15.5492269581,15.5492269581,164.450773042,-0.347851615707,-0.228555569319
8.01,-448.794551862,-464.31416524,-15.5196133779,15.5196133779,164.480386622,-0.347213879986,-0.228422332181
8.016,-449.10809084,-464.598314028,-15.4902231876,15.4902231876,164.509776812,-0.34658187654,-0.22829087449
8.022,-449.421464157,-464.882518749,-15.4610545921,15.4610545921,164.538945408,-0.345955554408,-0.228161186612
8.028,-449.734674423,-465.16678024,-15.4321058169,15.4321058169,164.567894183,-0.345334863693,-0.228033259008
8.034,-450.047724226,-465.451099334,-15.4033751077,15.4033751077,164.596624892,-0.344719755402,-0.227907082223
8.04,-450.360616134,-465.735476863,-15.3748607294,15.3748607294,164.625139271,-0.344110181349,-0.227782646891
8.046,-450.673352688,-466.019913654,-15.3465609657,15.3465609657,164.653439034,-0.343506094077,-0.227659943733
8.052,-450.985936412,-466.304410531,-15.3184741189,15.3184741189,164.681525881,-0.342907446813,-0.227538963556
8.058,-451.298369807,-466.588968316,-15.2905985091,15.2905985091,164.709401491,-0.342314193426,-0.227419697249
8.0625,-451.532597692,-466.802432949,-15.2698352572,15.2698352572,164.730164743,-0.341872765715,-0.227331526151
8.064,-451.610655353,-466.873587827,-15.2629324746,15.2629324746,164.737067525,-0.341726288401,-0.227302135785
8.07,-451.922795508,-467.158269879,-15.2354743712,15.2354743712,164.764525629,-0.341143686813,-0.227186270221
8.076,-452.234792712,-467.443015283,-15.2082225716,15.2082225716,164.791777428,-0.340566344312,-0.227072091694
8.082,-452.546649384,-467.72782485,-15.1811754661,15.1811754661,164.818824534,-0.3399942171,-0.226959591421
8.088,-452.858367923,-468.012699384,-15.1543314614,15.1543314614,164.845668539,-0.339427261926,-0.226848760698
8.094,-453.169950708,-468.297639689,-15.1276889808,15.1276889808,164.872311019,-0.338865436066,-0.226739590902
8.1,-453.481400101,-468.582646565,-15.1012464641,15.1012464641,164.898753536,-0.338308697313,-0.226632073485
8.106,-453.792718442,-468.867720809,-15.0750023668,15.0750023668,164.924997633,-0.337757003971,-0.226526199975
8.112,-454.103908055,-469.152863215,-15.0489551607,15.0489551607,164.951044839,-0.337210314838,-0.226421961977
8.118,-454.414971243,-469.438074576,-15.0231033329,15.0231033329,164.976896667,-0.336668589203,-0.226319351172
8.124,-454.725910292,-469.723355678,-14.997445386,14.997445386,165.002554614,-0.336131786834,-0.226218359312
8.13,-455.036727471,-470.008707308,-14.9719798377,14.9719798377,165.028020162,-0.335599867967,-0.226118978222
8.136,-455.347425029,-470.29413025,-14.9467052207,14.9467052207,165.053294779,-0.335072793302,-0.226021199801
8.142,-455.658005199,-470.579625282,-14.9216200825,14.9216200825,165.078379918,-0.334550523991,-0.225925016018
8.148,-455.968470198,-470.865193182,-14.8967229848,14.8967229848,165.103277015,-0.334033021629,-0.225830418912
8.154,-456.278822222,-471.150834726,-14.8720125039,14.8720125039,165.127987496,-0.333520248246,-0.225737400592
8.15625,-456.395175551,-471.257978211,-14.8628026593,14.8628026593,165.137197341,-0.33332916974,-0.225703107833
8.16,-456.589063455,-471.436550685,-14.8474872297,14.8474872297,165.15251277,-0.333012166294,-0.225645953235
8.166,-456.899196062,-471.722341828,-14.8231457662,14.8231457662,165.176854234,-0.332508738639,-0.225556069085
8.172,-457.209222191,-472.008208922,-14.7989867304,14.7989867304,165.20101327,-0.332009928542,-0.225467740454
8.178,-457.519143977,-472.29415273,-14.7750087527,14.7750087527,165.224991247,-0.331515699644,-0.22538095972
8.184,-457.828963539,-472.580174015,-14.7512104759,14.7512104759,165.248789524,-0.331026015942,-0.225295719327
8.19,-458.138682979,-472.866273534,-14.7275905547,14.7275905547,165.272409445,-0.330540841754,-0.22521201178
8.196,-458.448304388,-473.152452044,-14.704147655,14.704147655,165.295852345,-0.330060141663,-0.225129829651
8.202,-458.757829845,-473.438710298,-14.6808804524,14.6808804524,165.319119548,-0.329583880435,-0.225049165574
8.208,-459.067261417,-473.725049047,-14.6577876295,14.6577876295,165.342212371,-0.329112022855,-0.224970012245
8.214,-459.376601169,-474.01146904,-14.6348678712,14.6348678712,165.365132129,-0.328644533434,-0.224892362421
8.22,-459.685851167,-474.297971022,-14.6121198545,14.6121198545,165.387880146,-0.328181375754,-0.224816208919
8.226,-459.995013515,-474.584555737,-14.5895422224,14.5895422224,165.410457778,-0.32772251092,-0.224741544616
8.232,-460.304090419,-474.871223925,-14.5671335067,14.5671335067,165.432866493,-0.327267893103,-0.22466836245
8.238,-460.613084508,-475.157976326,-14.5448918185,14.5448918185,165.455108182,-0.326817453183,-0.224596655415
8.244,-460.922001003,-475.444813674,-14.5228126719,14.5228126719,165.477187328,-0.326371006603,-0.224526416563
8.25,-461.230931141,-475.731736704,-14.5008055631,14.5008055631,165.499194437,-0.325951981297,-0.224457639002
8.256,-461.539557805,-476.018746146,-14.4791883418,14.4791883418,165.520811658,-0.325493199367,-0.2243903159
8.262,-461.848239769,-476.30584273,-14.457602961,14.457602961,165.542397039,-0.325058957607,-0.224324440475
8.268,-462.156843524,-476.59302718,-14.4361836556,14.4361836556,165.563816344,-0.324629210889,-0.224260006003
8.274,-462.465373945,-476.880300221,-14.4149262763,14.4149262763,165.585073724,-0.324203612263,-0.224197005815
8.28,-462.773833528,-477.167662575,-14.3938290467,14.3938290467,165.606170953,-0.323782074675,-0.224135433291
8.286,-463.082224352,-477.45511496,-14.372890608,14.372890608,165.627109392,-0.323364550382,-0.224075281867
8.292,-463.390548364,-477.742658093,-14.3521097295,14.3521097295,165.64789027,-0.322951002568,-0.224016545032
8.298,-463.698807454,-478.030292689,-14.3314852351,14.3314852351,165.668514765,-0.322541398598,-0.223959216322
8.304,-464.007003481,-478.31801946,-14.3110159784,14.3110159784,165.688984022,-0.32213570783,-0.223903289327
8.31,-464.315138281,-478.605839114,-14.2907008334,14.2907008334,165.709299167,-0.32173390076,-0.223848757688
8.316,-464.623213671,-478.89375236,-14.2705386889,14.2705386889,165.729461311,-0.321335948638,-0.22379561509
8.322,-464.931231456,-479.181759903,-14.2505284469,14.2505284469,165.749471553,-0.320941823276,-0.223743855273
8.328,-465.239193424,-479.469862445,-14.2306690208,14.2306690208,165.769330979,-0.320551496941,-0.223693472021
8.334,-465.547101352,-479.758060687,-14.2109593347,14.2109593347,165.789040665,-0.320164942295,-0.223644459167
8.34,-465.854957004,-480.046355327,-14.1913983227,14.1913983227,165.808601677,-0.319782132358,-0.22359681059
8.34375,-466.047341019,-480.22660016,-14.1792591416,14.1792591416,165.820740858,-0.319544765905,-0.223567879105
8.346,-466.162762132,-480.334747061,-14.171984929,14.171984929,165.828015071,-0.319403040485,-0.223550520215
8.352,-466.470518476,-480.623236583,-14.1527181068,14.1527181068,165.847281893,-0.319027640346,-0.223505582014
8.358,-466.778227765,-480.911824583,-14.1335968189,14.1335968189,165.866403181,-0.318655905912,-0.223461990004
8.364,-467.085891716,-481.200511753,-14.1146200367,14.1146200367,165.885379963,-0.318287811451,-0.223419738243
8.37,-467.393512037,-481.489298778,-14.0957867407,14.0957867407,165.904213259,-0.317923331515,-0.223378820837
8.376,-467.701090422,-481.778186342,-14.07709592,14.07709592,165.92290408,-0.317562440935,-0.223339231933
8.382,-468.008628558,-482.06717513,-14.0585465719,14.0585465719,165.941453428,-0.317205114817,-0.223300965721
8.388,-468.316128117,-482.35626582,-14.0401377025,14.0401377025,165.959862298,-0.316851328534,-0.223264016432
8.394,-468.623590765,-482.645459091,-14.0218683257,14.0218683257,165.978131674,-0.316501057725,-0.22322837834
8.4,-468.931018155,-482.934755619,-14.0037374636,14.0037374636,165.996262536,-0.316154278287,-0.22319404576
8.406,-469.238411931,-483.224156077,-13.9857441463,13.9857441463,166.014255854,-0.315810966375,-0.223161013045
8.412,-469.545773726,-483.513661137,-13.9678874117,13.9678874117,166.032112588,-0.315471098394,-0.223129274591
8.418,-469.853105163,-483.803271469,-13.9501663054,13.9501663054,166.049833695,-0.315134651001,-0.223098824829
8.424,-470.160407858,-484.092987739,-13.9325798803,13.9325798803,166.06742012,-0.314801601096,-0.223069658233
8.43,-470.467683415,-484.382810612,-13.9151271972,13.9151271972,166.084872803,-0.314471925823,-0.223041769312
8.436,-470.774933427,-484.672740751,-13.8978073239,13.8978073239,166.102192676,-0.314145602562,-0.223015152614
8.4375,-470.851742125,-484.745250267,-13.8935081424,13.8935081424,166.106491858,-0.314064542871,-0.223008815142
8.442,-471.082159481,-484.962778816,-13.8806193354,13.8806193354,166.119380665,-0.313822608933,-0.222989802724
8.448,-471.389363153,-485.252925467,-13.8635623141,13.8635623141,166.136437686,-0.313502922786,-0.222965714262
8.454,-471.69654601,-485.543181359,-13.8466353491,13.8466353491,166.153364651,-0.313186522203,-0.222942881886
8.46,-472.003709609,-485.833547145,-13.8298375365,13.8298375365,166.170162463,-0.312873385492,-0.222921300288
8.466,-472.3108555,-486.124023479,-13.8131679791,13.8131679791,166.186832021,-0.312563491186,-0.222900964194
8.472,-472.617985224,-486.41461101,-13.7966257864,13.7966257864,166.203374214,-0.312256818039,-0.222881868368
8.478,-472.92510031,-486.705310385,-13.7802100745,13.7802100745,166.219789926,-0.311953345026,-0.222864007604
8.484,-473.232202284,-486.99612225,-13.7639199657,13.7639199657,166.236080034,-0.311653051339,-0.222847376731
8.49,-473.539292658,-487.287047247,-13.747754589,13.747754589,166.252245411,-0.311355916381,-0.222831970612
8.496,-473.846372939,-487.578086018,-13.7317130793,13.7317130793,166.268286921,-0.311061919772,-0.222817784139
8.502,-474.153444625,-487.869239203,-13.7157945777,13.7157945777,166.284205422,-0.310771041339,-0.222804812239
8.508,-474.460509205,-488.160507436,-13.6999982314,13.6999982314,166.300001769,-0.310483261117,-0.222793049869
8.514,-474.767568161,-488.451891354,-13.6843231935,13.6843231935,166.315676807,-0.31019855935,-0.222782492018
8.52,-475.074622966,-488.743391588,-13.6687686226,13.6687686226,166.331231377,-0.309916916486,-0.222773133704
8.526,-475.381675086,-489.035008769,-13.6533336833,13.6533336833,166.346666317,-0.309638313176,-0.222764969975
8.53125,-475.650344635,-489.290276681,-13.6399320453,13.6399320453,166.360067955,-0.30939701361,-0.222758867668
8.532,-475.68872598,-489.326743525,-13.6380175455,13.6380175455,166.361982454,-0.309362730277,-0.22275799591
8.538,-475.995777097,-489.618596481,-13.6228193846,13.6228193846,166.377180615,-0.309090148849,-0.222752206615
8.544,-476.302829881,-489.910568262,-13.6077383812,13.6077383812,166.392261619,-0.308820550159,-0.222747597226
8.55,-476.609885768,-490.202659488,-13.5927737209,13.5927737209,166.407226279,-0.308553915682,-0.222744162906
8.556,-476.916946186,-490.49487078,-13.5779245943,13.5779245943,166.422075406,-0.30829022711,-0.222741898847
8.562,-477.224012558,-490.787202754,-13.5631901962,13.5631901962,166.436809804,-0.308029466361,-0.222740800265
8.568,-477.531086299,-491.079656025,-13.5485697258,13.5485697258,166.451430274,-0.307771615596,-0.222740862407
8.574,-477.838168821,-491.372231207,-13.5340623855,13.5340623855,166.465937614,-0.307516657248,-0.222742080543
8.58,-478.145261528,-491.664928909,-13.5196673801,13.5196673801,166.48033262,-0.307264574072,-0.222744449969
8.586,-478.452365825,-491.95774974,-13.5053839144,13.5053839144,166.494616086,-0.307015349232,-0.222747966009
8.592,-478.759483116,-492.250694306,-13.4912111894,13.4912111894,166.508788811,-0.306768966452,-0.222752624008
8.598,-479.066614819,-492.543763211,-13.4771483926,13.4771483926,166.522851607,-0.306525410298,-0.222758419339
8.604,-479.373762385,-492.836957058,-13.4631946733,13.4631946733,166.536805327,-0.306284666642,-0.222765347396
8.61,-479.68092738,-493.130276445,-13.4493490652,13.4493490652,166.550650935,-0.306046722881,-0.222773403598
8.616,-479.988111812,-493.42372197,-13.4356101571,13.4356101571,166.564389843,-0.305811559512,-0.222782583387
8.622,-480.295320249,-493.717294227,-13.4219739782,13.4219739782,166.578026022,-0.305578919057,-0.222792882229
8.625,-480.448935432,-493.864144019,-13.4152085868,13.4152085868,166.584791413,-0.305462277435,-0.222798588919
8.628,-480.602533311,-494.010993811,-13.4084604991,13.4084604991,166.591539501,-0.3053461159,-0.22280429561
8.634,-480.909773493,-494.30482131,-13.3950478176,13.3950478176,166.604952182,-0.305121213397,-0.222816819039
8.64,-481.217044542,-494.598777315,-13.3817327727,13.3817327727,166.618267227,-0.304897355122,-0.222830448046
8.646,-481.52434002,-494.89286241,-13.3685223897,13.3685223897,166.63147761,-0.304675902902,-0.222845178182
8.652,-481.831661578,-495.187077179,-13.3554156011,13.3554156011,166.644584399,-0.304457046253,-0.22286100502
8.658,-482.139010695,-495.481422205,-13.34241151,13.34241151,166.65758849,-0.304240816303,-0.222877924152
8.664,-482.446388751,-495.775898066,-13.3295093151,13.3295093151,166.670490685,-0.304027213447,-0.222895931189
8.67,-482.753797083,-496.070505339,-13.3167082554,13.3167082554,166.683291745,-0.303816229138,-0.222915021763
8.676,-483.061237008,-496.365244599,-13.3040075901,13.3040075901,166.69599241,-0.303607851558,-0.222935191524
8.682,-483.368709828,-496.660116418,-13.2914065903,13.2914065903,166.70859341,-0.303402067517,-0.222956436141
8.688,-483.676216832,-496.955121366,-13.2789045344,13.2789045344,166.721095466,-0.303198863218,-0.222978751301
8.694,-483.983759304,-497.250260011,-13.2665007071,13.2665007071,166.733499293,-0.302998224592,-0.223002132708
8.7,-484.291338521,-497.545532919,-13.2541943977,13.2541943977,166.745805602,-0.302800137472,-0.223026576085
8.706,-484.598955752,-497.840940652,-13.2419848996,13.2419848996,166.7580151,-0.302604587679,-0.223052077172
8.712,-484.90661226,-498.13648377,-13.2298715099,13.2298715099,166.77012849,-0.302411561071,-0.223078631723
8.718,-485.214309303,-498.432162833,-13.2178535293,13.2178535293,166.782146471,-0.302221043574,-0.223106235512
8.71875,-485.252774346,-498.469139778,-13.2163654317,13.2163654317,166.783634568,-0.302197404611,-0.223109816613
8.724,-485.522048134,-498.727978395,-13.2059302617,13.2059302617,166.794069738,-0.302033021198,-0.223134884325
8.73,-485.829829997,-499.023931011,-13.194101014,13.194101014,166.805898986,-0.301847480046,-0.223164573967
8.736,-486.137656136,-499.320021232,-13.1823650961,13.1823650961,166.817634904,-0.301664406317,-0.223195300255
8.742,-486.445527785,-499.616249605,-13.1707218205,13.1707218205,166.829278179,-0.301483786315,-0.223227059023
8.748,-486.753446175,-499.912616678,-13.1591705028,13.1591705028,166.840829497,-0.301305606445,-0.223259846118
8.754,-487.061412533,-500.209122994,-13.1477104608,13.1477104608,166.852289539,-0.301129853215,-0.223293657403
8.76,-487.369428079,-500.505769094,-13.1363410151,13.1363410151,166.863658985,-0.300956513235,-0.223328488751
8.766,-487.677494029,-500.802555517,-13.1250614884,13.1250614884,166.874938512,-0.300785573214,-0.223364336051
8.772,-487.985611594,-501.0994828,-13.1138712059,13.1138712059,166.886128794,-0.300617019961,-0.223401195205
8.778,-488.293781981,-501.396551476,-13.102769495,13.102769495,166.897230505,-0.30045084038,-0.223439062126
8.784,-488.602006392,-501.693762077,-13.0917556849,13.0917556849,166.908244315,-0.300287021471,-0.223477932739
8.79,-488.910286025,-501.991115132,-13.0808291071,13.0808291071,166.919170893,-0.300125550328,-0.223517802983
8.796,-489.218622071,-502.288611166,-13.0699890947,13.0699890947,166.930010905,-0.299966414135,-0.223558668806
8.802,-489.527015721,-502.586250704,-13.0592349826,13.0592349826,166.940765017,-0.299809600172,-0.223600526169
8.808,-489.835468159,-502.884034266,-13.0485661073,13.0485661073,166.951433893,-0.299655095811,-0.223643371042
8.8125,-490.066846777,-503.107480345,-13.0406335683,13.0406335683,166.959366432,-0.299540725677,-0.223676242315
8.814,-490.143980565,-503.181962372,-13.0379818066,13.0379818066,166.962018193,-0.299502888525,-0.223687199406
8.82,-490.452554117,-503.480035536,-13.0274814197,13.0274814197,166.97251858,-0.299352965891,-0.223732007252
8.826,-490.761189987,-503.778254273,-13.0170642868,13.0170642868,166.982935713,-0.299205315604,-0.223777790582
8.832,-491.069889345,-504.076619094,-13.0067297491,13.0067297491,166.993270251,-0.299059925492,-0.223824545405
8.838,-491.378653357,-504.375130505,-12.9964771485,12.9964771485,167.003522852,-0.298916783542,-0.223872267741
8.844,-491.687483186,-504.673789014,-12.9863058274,12.9863058274,167.013694173,-0.298775877928,-0.223920953617
8.85,-491.996379992,-504.972595121,-12.9762151292,12.9762151292,167.023784871,-0.298637197052,-0.223970599069
8.856,-492.305344931,-505.271549328,-12.9662043971,12.9662043971,167.033795603,-0.298500729598,-0.224021200142
8.862,-492.614379156,-505.570652132,-12.9562729755,12.9562729755,167.043727025,-0.298366464584,-0.224072752886
8.868,-492.923483817,-505.869904026,-12.946420209,12.946420209,167.053579791,-0.29823439143,-0.224125253361
8.874,-493.23266006,-506.169305504,-12.9366454436,12.9366454436,167.063354556,-0.29810450002,-0.224178697633
8.88,-493.541909027,-506.468857054,-12.926948027,12.926948027,167.073051973,-0.297976780749,-0.224233081774
8.886,-493.851231852,-506.768559162,-12.9173273091,12.9173273091,167.082672691,-0.297851224548,-0.224288401863
8.892,-494.160629668,-507.068412311,-12.9077826434,12.9077826434,167.092217357,-0.297727822868,-0.224344653984
8.898,-494.470103595,-507.368416983,-12.8983133876,12.8983133876,167.101686612,-0.297606567605,-0.224401834229
8.904,-494.77965475,-507.668573655,-12.8889189048,12.8889189048,167.111081095,-0.297487450953,-0.224459938692
8.91,-495.089284237,-507.968882801,-12.8795985639,12.8795985639,167.120401436,-0.297370465204,-0.224518963474
8.916,-495.398993155,-508.269344895,-12.8703517397,12.8703517397,167.12964826,-0.297255602492,-0.224578904682
8.922,-495.708782592,-508.569960405,-12.8611778123,12.8611778123,167.138822188,-0.297142854536,-0.224639758423
8.928,-496.018653631,-508.870729796,-12.8520761657,12.8520761657,167.147923834,-0.297032212424,-0.224701520813
8.934,-496.328607347,-509.171653534,-12.8430461865,12.8430461865,167.156953814,-0.296923666467,-0.224764187969
8.94,-496.638644815,-509.472732076,-12.8340872613,12.8340872613,167.165912739,-0.296817206177,-0.224827756011
8.946,-496.948767107,-509.773965882,-12.8251987754,12.8251987754,167.174801225,-0.296712820341,-0.224892221064
8.952,-497.258975294,-510.075355405,-12.8163801109,12.8163801109,167.183619889,-0.296610497197,-0.224957579255
8.958,-497.56927045,-510.376901096,-12.8076306461,12.8076306461,167.192369354,-0.296510224652,-0.225023826712
8.964,-497.879653649,-510.678603404,-12.7989497551,12.7989497551,167.201050245,-0.296411990507,-0.225090959567
8.97,-498.190125966,-510.980462774,-12.7903368081,12.7903368081,167.209663192,-0.296315782663,-0.225158973953
8.976,-498.500688476,-511.282479647,-12.7817911718,12.7817911718,167.218208828,-0.296221589269,-0.225227866006
8.982,-498.811342253,-511.584654463,-12.7733122105,12.7733122105,167.226687789,-0.296129398821,-0.225297631861
8.988,-499.122088371,-511.886987658,-12.7648992864,12.7648992864,167.235100714,-0.296039200214,-0.225368267655
8.994,-499.432927903,-512.189479663,-12.7565517605,12.7565517605,167.24344824,-0.295950982743,-0.225439769527
9,-499.743861915,-512.492130909,-12.7482689933,12.7482689933,167.251731007,-0.29586473609,-0.225512133614
