CST XY Data Exchange Format V2

Selected curves only: Cx_val=0.7, Cy_val=0.7 and Cy_val=2.5

Curvelabel          = SZmax(1),Zmax(1)_(Cy_val=2.5)
Filename            = ^cSZmax(1)Zmax(1).sig
Npoints             = 1001
Type                = 8
Subtype             = 16
Result type         = complex:none;impedance
View type           = Cartesian
Plot type           = Magnitude dB
Parameters          = {Cx_val=0.7; Cy_val=2.5; L1=3.9; L2=2.5; L3=4; Lp=0.7; Rs=2.5; gap=0.4; h1=3; le_in=0.03; p=10.83; phi=0; t=0.035; theta=0}
Data/Title          = S-Parameters
X/Label             = Frequency
X/Unit              = GHz
Y/Unit              = 
Y/Logfactor         = 20
Plot/wrapHeuristics = 0

3	0.44462687235378	0.89400352703162	376.73031366685	0
3.006	0.44867460749397	0.89195747662056	376.73031366685	0
3.012	0.45271721106931	0.88989064011972	376.73031366685	0
3.018	0.45675459909403	0.8878029817612	376.73031366685	0
3.024	0.4607866872212	0.88569446553823	376.73031366685	0
3.03	0.46481339073668	0.88356505519917	376.73031366685	0
3.036	0.4688346245529	0.88141471424133	376.73031366685	0
3.042	0.47285030320254	0.87924340590475	376.73031366685	0
3.048	0.47686034083201	0.87705109316592	376.73031366685	0
3.054	0.48086465119479	0.8748377387314	376.73031366685	0
3.06	0.48486314764466	0.87260330503126	376.73031366685	0
3.066	0.48885574312873	0.87034775421259	376.73031366685	0
3.072	0.49284235018029	0.86807104813279	376.73031366685	0
3.078	0.49682288091155	0.86577314835281	376.73031366685	0
3.084	0.50079724700614	0.8634540161303	376.73031366685	0
3.09	0.50476535971153	0.8611136124127	376.73031366685	0
3.096	0.50872712983115	0.85875189783011	376.73031366685	0
3.102	0.51268246771646	0.85636883268824	376.73031366685	0
3.108	0.51663128325873	0.85396437696112	376.73031366685	0
3.114	0.52057348588067	0.85153849028373	376.73031366685	0
3.12	0.52450898452787	0.84909113194462	376.73031366685	0
3.126	0.52843768766004	0.84662226087832	376.73031366685	0
3.132	0.53235950324206	0.84413183565768	376.73031366685	0
3.138	0.53627433873473	0.84161981448615	376.73031366685	0
3.144	0.54018210108546	0.83908615518984	376.73031366685	0
3.15	0.54408269671862	0.83653081520964	376.73031366685	0
3.156	0.5479760315257	0.83395375159305	376.73031366685	0
3.162	0.55186201085527	0.83135492098603	376.73031366685	0
3.168	0.55574053950267	0.82873427962465	376.73031366685	0
3.174	0.55961152169945	0.8260917833267	376.73031366685	0
3.18	0.56347486110264	0.82342738748312	376.73031366685	0
3.186	0.56733046078366	0.82074104704934	376.73031366685	0
3.192	0.57117822321706	0.81803271653651	376.73031366685	0
3.198	0.57501805026895	0.8153023500026	376.73031366685	0
3.204	0.57884984318519	0.81254990104335	376.73031366685	0
3.21	0.58267350257924	0.80977532278313	376.73031366685	0
3.216	0.58648892841985	0.8069785678657	376.73031366685	0
3.222	0.59029602001831	0.80415958844474	376.73031366685	0
3.228	0.59409467601551	0.8013183361744	376.73031366685	0
3.234	0.59788479436866	0.79845476219955	376.73031366685	0
3.24	0.60166627233771	0.79556881714606	376.73031366685	0
3.246	0.6054390064714	0.79266045111083	376.73031366685	0
3.252	0.60920289259307	0.78972961365176	376.73031366685	0
3.258	0.61295782578603	0.7867762537775	376.73031366685	0
3.264	0.61670370037872	0.78380031993718	376.73031366685	0
3.27	0.62044040992938	0.78080176000985	376.73031366685	0
3.276	0.62416784721041	0.77778052129395	376.73031366685	0
3.282	0.62788590419244	0.77473655049648	376.73031366685	0
3.288	0.63159447202787	0.7716697937221	376.73031366685	0
3.294	0.63529344103415	0.76858019646212	376.73031366685	0
3.3	0.6389827006766	0.76546770358324	376.73031366685	0
3.306	0.64266213955082	0.76233225931625	376.73031366685	0
3.312	0.64633164536471	0.75917380724448	376.73031366685	0
3.318	0.64999110492005	0.75599229029217	376.73031366685	0
3.324	0.65364040409361	0.75278765071267	376.73031366685	0
3.33	0.65727942781785	0.74955983007643	376.73031366685	0
3.336	0.66090806006114	0.74630876925893	376.73031366685	0
3.342	0.6645261838075	0.74303440842836	376.73031366685	0
3.348	0.66813368103584	0.7397366870332	376.73031366685	0
3.354	0.67173043269875	0.73641554378959	376.73031366685	0
3.36	0.67531631870073	0.73307091666858	376.73031366685	0
3.366	0.67889121787588	0.72970274288322	376.73031366685	0
3.372	0.68245500796512	0.7263109588754	376.73031366685	0
3.378	0.68600756559278	0.72289550030264	376.73031366685	0
3.384	0.6895487662427	0.71945630202465	376.73031366685	0
3.39	0.69307848423365	0.71599329808969	376.73031366685	0
3.396	0.69659659269422	0.71250642172085	376.73031366685	0
3.402	0.70010296353712	0.70899560530207	376.73031366685	0
3.408	0.70359746743274	0.70546078036401	376.73031366685	0
3.414	0.70707997378221	0.7019018775698	376.73031366685	0
3.42	0.71055035068965	0.69831882670054	376.73031366685	0
3.426	0.71400846493384	0.69471155664069	376.73031366685	0
3.432	0.71745418193916	0.69107999536319	376.73031366685	0
3.438	0.72088736574581	0.68742406991456	376.73031366685	0
3.444	0.72430787897926	0.68374370639965	376.73031366685	0
3.45	0.727715582819	0.68003882996631	376.73031366685	0
3.456	0.73111033696649	0.67630936478988	376.73031366685	0
3.462	0.73449199961228	0.67255523405748	376.73031366685	0
3.468	0.73786042740235	0.66877635995212	376.73031366685	0
3.474	0.74121547540359	0.66497266363665	376.73031366685	0
3.48	0.74455699706841	0.66114406523749	376.73031366685	0
3.486	0.74788484419846	0.65729048382826	376.73031366685	0
3.492	0.75119886690748	0.65341183741316	376.73031366685	0
3.498	0.75449891358311	0.6495080429102	376.73031366685	0
3.504	0.75778483084786	0.64557901613426	376.73031366685	0
3.51	0.76105646351895	0.64162467177998	376.73031366685	0
3.516	0.7643136545673	0.63764492340446	376.73031366685	0
3.522	0.76755624507532	0.63363968340982	376.73031366685	0
3.528	0.77078407419369	0.62960886302553	376.73031366685	0
3.534	0.77399697909704	0.62555237229066	376.73031366685	0
3.54	0.77719479493847	0.62147012003587	376.73031366685	0
3.546	0.78037735480293	0.61736201386532	376.73031366685	0
3.552	0.78354448965936	0.61322796013841	376.73031366685	0
3.558	0.78669602831164	0.60906786395128	376.73031366685	0
3.564	0.7898317973482	0.60488162911827	376.73031366685	0
3.57	0.79295162109044	0.60066915815315	376.73031366685	0
3.576	0.79605532153965	0.59643035225029	376.73031366685	0
3.582	0.7991427183227	0.59216511126558	376.73031366685	0
3.588	0.80221362863624	0.58787333369731	376.73031366685	0
3.594	0.8052678671894	0.58355491666692	376.73031366685	0
3.6	0.80830524614506	0.57920975589953	376.73031366685	0
3.606	0.81132557505955	0.5748377457045	376.73031366685	0
3.612	0.81432866082074	0.57043877895575	376.73031366685	0
3.618	0.81731430758452	0.56601274707208	376.73031366685	0
3.624	0.82028231670955	0.56155953999734	376.73031366685	0
3.63	0.82323248669037	0.55707904618056	376.73031366685	0
3.636	0.82616461308863	0.55257115255596	376.73031366685	0
3.642	0.82907848846252	0.54803574452295	376.73031366685	0
3.648	0.83197390229435	0.54347270592605	376.73031366685	0
3.654	0.83485064091614	0.53888191903478	376.73031366685	0
3.66	0.83770848743319	0.53426326452355	376.73031366685	0
3.666	0.84054722164572	0.52961662145148	376.73031366685	0
3.672	0.84336661996818	0.52494186724231	376.73031366685	0
3.678	0.84616645534661	0.52023887766424	376.73031366685	0
3.684	0.84894649717356	0.51550752680992	376.73031366685	0
3.69	0.85170651120082	0.51074768707635	376.73031366685	0
3.696	0.85444625944973	0.50595922914501	376.73031366685	0
3.702	0.85716550011901	0.50114202196198	376.73031366685	0
3.708	0.85986398749014	0.49629593271822	376.73031366685	0
3.714	0.86254147183006	0.49142082683001	376.73031366685	0
3.72	0.86519769929124	0.48651656791951	376.73031366685	0
3.726	0.86783241180899	0.48158301779555	376.73031366685	0
3.732	0.8704453469959	0.47662003643466	376.73031366685	0
3.738	0.87303623803339	0.47162748196227	376.73031366685	0
3.744	0.87560481356024	0.46660521063431	376.73031366685	0
3.75	0.87815079755801	0.46155307681905	376.73031366685	0
3.756	0.88067390923323	0.4564709329793	376.73031366685	0
3.762	0.88317386289636	0.45135862965506	376.73031366685	0
3.768	0.88565036783732	0.44621601544651	376.73031366685	0
3.774	0.88810312819748	0.44104293699757	376.73031366685	0
3.78	0.89053184283816	0.43583923897992	376.73031366685	0
3.786	0.89293620520529	0.43060476407761	376.73031366685	0
3.792	0.89531590319033	0.4253393529723	376.73031366685	0
3.798	0.89767061898718	0.42004284432917	376.73031366685	0
3.804	0.90000002894512	0.41471507478354	376.73031366685	0
3.81	0.90230380341742	0.40935587892831	376.73031366685	0
3.816	0.90458160660579	0.40396508930227	376.73031366685	0
3.822	0.90683309640026	0.39854253637928	376.73031366685	0
3.828	0.90905792421452	0.39308804855849	376.73031366685	0
3.834	0.91125573481652	0.38760145215565	376.73031366685	0
3.84	0.91342616615424	0.38208257139549	376.73031366685	0
3.846	0.91556884917636	0.37653122840548	376.73031366685	0
3.852	0.91768340764779	0.37094724321075	376.73031366685	0
3.858	0.91976945795991	0.36533043373058	376.73031366685	0
3.864	0.92182660893516	0.35968061577632	376.73031366685	0
3.87	0.92385446162616	0.35399760305098	376.73031366685	0
3.876	0.92585260910879	0.34828120715058	376.73031366685	0
3.882	0.92782063626935	0.34253123756732	376.73031366685	0
3.888	0.92975811958547	0.33674750169474	376.73031366685	0
3.894	0.93166462690059	0.33092980483509	376.73031366685	0
3.9	0.93353971719188	0.32507795020881	376.73031366685	0
3.906	0.93538294033128	0.31919173896655	376.73031366685	0
3.912	0.93719383683958	0.31327097020372	376.73031366685	0
3.918	0.93897193763321	0.30731544097772	376.73031366685	0
3.924	0.94071676376355	0.30132494632814	376.73031366685	0
3.93	0.94242782614864	0.29529927930005	376.73031366685	0
3.936	0.94410462529681	0.28923823097054	376.73031366685	0
3.942	0.94574665102223	0.28314159047876	376.73031366685	0
3.948	0.947353382152	0.27700914505974	376.73031366685	0
3.954	0.94892428622452	0.27084068008203	376.73031366685	0
3.96	0.95045881917894	0.26463597908965	376.73031366685	0
3.966	0.95195642503534	0.25839482384841	376.73031366685	0
3.972	0.95341653556538	0.25211699439693	376.73031366685	0
3.978	0.95483856995317	0.24580226910276	376.73031366685	0
3.984	0.956221934446	0.23945042472366	376.73031366685	0
3.99	0.95756602199466	0.23306123647463	376.73031366685	0
3.996	0.95887021188303	0.22663447810081	376.73031366685	0
4.002	0.96013386934654	0.22016992195678	376.73031366685	0
4.008	0.96135634517935	0.21366733909243	376.73031366685	0
4.014	0.96253697532967	0.20712649934609	376.73031366685	0
4.02	0.96367508048305	0.20054717144499	376.73031366685	0
4.026	0.96476996563318	0.1939291231138	376.73031366685	0
4.032	0.9658209196399	0.18727212119154	376.73031366685	0
4.038	0.96682721477396	0.18057593175742	376.73031366685	0
4.044	0.96778810624821	0.17384032026607	376.73031366685	0
4.05	0.96870283173479	0.16706505169285	376.73031366685	0
4.056	0.9695706108679	0.16024989068964	376.73031366685	0
4.062	0.97039064473182	0.15339460175183	376.73031366685	0
4.068	0.97116211533357	0.14649894939718	376.73031366685	0
4.074	0.97188418506003	0.13956269835718	376.73031366685	0
4.08	0.97255599611882	0.13258561378159	376.73031366685	0
4.086	0.97317666996271	0.12556746145708	376.73031366685	0
4.092	0.97374530669698	0.11850800804059	376.73031366685	0
4.098	0.97426098446922	0.11140702130839	376.73031366685	0
4.104	0.9747227588413	0.10426427042167	376.73031366685	0
4.11	0.97512966214278	0.097079526209669	376.73031366685	0
4.116	0.97548070280549	0.089852561471261	376.73031366685	0
4.122	0.97577486467864	0.082583151296119	376.73031366685	0
4.128	0.97601110632405	0.075271073406557	376.73031366685	0
4.134	0.97618836029098	0.067916108521209	376.73031366685	0
4.14	0.9763055323701	0.060518040741805	376.73031366685	0
4.146	0.97636150082601	0.053076657964343	376.73031366685	0
4.152	0.97635511560789	0.045591752316049	376.73031366685	0
4.158	0.97628519753781	0.03806312061958	376.73031366685	0
4.164	0.9761505374761	0.030490564886005	376.73031366685	0
4.17	0.97594989546343	0.022873892838208	376.73031366685	0
4.176	0.97568199983901	0.015212918466395	376.73031366685	0
4.182	0.97534554633449	0.007507462617553	376.73031366685	0
4.188	0.97493919714319	-0.00024264637926409	376.73031366685	0
4.194	0.97446157996402	-0.008037572049793	376.73031366685	0
4.2	0.97391128701998	-0.015877469071435	376.73031366685	0
4.206	0.97328687405049	-0.023762482527923	376.73031366685	0
4.212	0.97258685927753	-0.031692747119416	376.73031366685	0
4.218	0.97180972234505	-0.039668386325515	376.73031366685	0
4.224	0.97095390323139	-0.047689511518605	376.73031366685	0
4.23	0.97001780113458	-0.055756221024737	376.73031366685	0
4.236	0.96899977333016	-0.063868599129147	376.73031366685	0
4.242	0.96789813400149	-0.072026715023339	376.73031366685	0
4.248	0.96671115304245	-0.080230621690489	376.73031366685	0
4.254	0.96543705483254	-0.088480354725783	376.73031366685	0
4.26	0.96407401698435	-0.096775931088097	376.73031366685	0
4.266	0.96262016906375	-0.10511734777922	376.73031366685	0
4.272	0.96107359128293	-0.11350458044668	376.73031366685	0
4.278	0.95943231316669	-0.12193758190602	376.73031366685	0
4.284	0.95769431219254	-0.13041628057799	376.73031366685	0
4.29	0.95585751240524	-0.13894057883625	376.73031366685	0
4.296	0.95391978300648	-0.14751035126056	376.73031366685	0
4.302	0.95187893692086	-0.15612544279038	376.73031366685	0
4.308	0.94973272933914	-0.16478566677359	376.73031366685	0
4.314	0.94747885624029	-0.17349080290467	376.73031366685	0
4.32	0.94511495289374	-0.18224059504642	376.73031366685	0
4.326	0.94263859234396	-0.19103474892901	376.73031366685	0
4.332	0.94004728387918	-0.19987292971999	376.73031366685	0
4.338	0.93733847148697	-0.20875475945838	376.73031366685	0
4.344	0.93450953229918	-0.21767981434565	376.73031366685	0
4.35	0.93155777502965	-0.22664762188643	376.73031366685	0
4.356	0.92848043840797	-0.23565765787082	376.73031366685	0
4.362	0.92527468961343	-0.24470934319054	376.73031366685	0
4.368	0.92193762271356	-0.25380204048017	376.73031366685	0
4.374	0.91846625711214	-0.26293505057489	376.73031366685	0
4.38	0.91485753601244	-0.27210760877534	376.73031366685	0
4.386	0.91110832490164	-0.28131888091022	376.73031366685	0
4.392	0.9072154100633	-0.29056795918665	376.73031366685	0
4.398	0.90317549712566	-0.29985385781794	376.73031366685	0
4.404	0.89898520965379	-0.30917550841828	376.73031366685	0
4.41	0.89464108779516	-0.31853175515318	376.73031366685	0
4.416	0.89013958698857	-0.32792134963447	376.73031366685	0
4.422	0.88547707674775	-0.33734294554799	376.73031366685	0
4.428	0.8806498395319	-0.34679509300216	376.73031366685	0
4.434	0.8756540697166	-0.3562762325849	376.73031366685	0
4.44	0.87048587267989	-0.36578468911657	376.73031366685	0
4.446	0.86514126401971	-0.37531866508591	376.73031366685	0
4.452	0.85961616892022	-0.38487623375605	376.73031366685	0
4.458	0.85390642168637	-0.39445533192756	376.73031366685	0
4.464	0.84800776546766	-0.40405375234507	376.73031366685	0
4.47	0.84191585219383	-0.41366913573452	376.73031366685	0
4.476	0.83562624274743	-0.4232989624576	376.73031366685	0
4.482	0.82913440740012	-0.4329405437706	376.73031366685	0
4.488	0.8224357265419	-0.44259101267489	376.73031366685	0
4.494	0.81552549173501	-0.45224731434663	376.73031366685	0
4.5	0.80839890712657	-0.46190619613417	376.73031366685	0
4.506	0.8010510912571	-0.47156419711196	376.73031366685	0
4.512	0.79347707930455	-0.48121763718087	376.73031366685	0
4.518	0.7856718258071	-0.49086260570608	376.73031366685	0
4.524	0.77763020791065	-0.50049494968475	376.73031366685	0
4.53	0.76934702919081	-0.51011026143766	376.73031366685	0
4.536	0.76081702410253	-0.51970386582069	376.73031366685	0
4.542	0.75203486311436	-0.52927080695455	376.73031366685	0
4.548	0.74299515858819	-0.53880583447352	376.73031366685	0
4.554	0.73369247146954	-0.5483033892974	376.73031366685	0
4.56	0.72412131885742	-0.55775758893426	376.73031366685	0
4.566	0.71427618252722	-0.56716221232549	376.73031366685	0
4.572	0.70415151848463	-0.5765106842497	376.73031366685	0
4.578	0.69374176763275	-0.58579605930681	376.73031366685	0
4.584	0.68304136763933	-0.59501100551006	376.73031366685	0
4.59	0.6720447660953	-0.6041477875199	376.73031366685	0
4.596	0.66074643506043	-0.61319824956166	376.73031366685	0
4.602	0.64914088709587	-0.6221537980768	376.73031366685	0
4.608	0.63722269288771	-0.63100538416721	376.73031366685	0
4.614	0.62498650056922	-0.63974348590195	376.73031366685	0
4.62	0.61242705685279	-0.6483580905675	376.73031366685	0
4.626	0.59953923008563	-0.65683867695471	376.73031366685	0
4.632	0.5863180353452	-0.66517419778952	376.73031366685	0
4.638	0.57275866169189	-0.6733530624293	376.73031366685	0
4.644	0.55885650169682	-0.6813631199628	376.73031366685	0
4.65	0.54460718336202	-0.68919164286912	376.73031366685	0
4.656	0.53000660454786	-0.69682531141014	376.73031366685	0
4.662	0.51505097001923	-0.70425019895047	376.73031366685	0
4.668	0.4997368312161	-0.71145175842109	376.73031366685	0
4.674	0.48406112884658	-0.71841481016488	376.73031366685	0
4.68	0.46802123839027	-0.72512353142659	376.73031366685	0
4.686	0.45161501858694	-0.73156144777455	376.73031366685	0
4.692	0.4348408629694	-0.73771142676717	376.73031366685	0
4.698	0.41769775447997	-0.7435556742041	376.73031366685	0
4.704	0.40018532318667	-0.74907573332845	376.73031366685	0
4.71	0.38230390708761	-0.75425248737399	376.73031366685	0
4.716	0.36405461595997	-0.75906616587739	376.73031366685	0
4.722	0.34543939817278	-0.76349635520185	376.73031366685	0
4.728	0.32646111034043	-0.76752201374267	376.73031366685	0
4.734	0.30712358964558	-0.77112149230768	376.73031366685	0
4.74	0.28743172860655	-0.77427256018494	376.73031366685	0
4.746	0.26739155200383	-0.77695243742583	376.73031366685	0
4.752	0.24701029561471	-0.77913783388248	376.73031366685	0
4.758	0.22629648633215	-0.78080499554372	376.73031366685	0
4.764	0.20526002316625	-0.78192975871169	376.73031366685	0
4.77	0.18391225854192	-0.78248761255096	376.73031366685	0
4.776	0.16226607921776	-0.78245377052183	376.73031366685	0
4.782	0.14033598605708	-0.78180325117873	376.73031366685	0
4.788	0.11813817178478	-0.78051096877039	376.73031366685	0
4.794	0.095690595764709	-0.77855183402103	376.73031366685	0
4.8	0.073013054732079	-0.77590086539841	376.73031366685	0
4.806	0.050127248316767	-0.77253331108485	376.73031366685	0
4.812	0.027056838098764	-0.76842478175927	376.73031366685	0
4.818	0.0038274988479961	-0.7635513941721	376.73031366685	0
4.824	-0.01953303947843	-0.75788992534876	376.73031366685	0
4.83	-0.042994960475395	-0.75141797709252	376.73031366685	0
4.836	-0.066526342309896	-0.74411415027267	376.73031366685	0
4.842	-0.090093152597185	-0.73595822818166	376.73031366685	0
4.848	-0.11365925871463	-0.72693136802497	376.73031366685	0
4.854	-0.13718645511349	-0.7170162993744	376.73031366685	0
4.86	-0.16063450913519	-0.70619752816979	376.73031366685	0
4.866	-0.18396122674948	-0.6944615446027	376.73031366685	0
4.872	-0.20712253950326	-0.6817970329607	376.73031366685	0
4.878	-0.23007261379843	-0.66819508126033	376.73031366685	0
4.884	-0.25276398340327	-0.65364938825607	376.73031366685	0
4.89	-0.27514770584257	-0.63815646518947	376.73031366685	0
4.896	-0.29717354300849	-0.62171582944517	376.73031366685	0
4.902	-0.31879016598837	-0.60433018711726	376.73031366685	0
4.908	-0.33994538371957	-0.58600560136817	376.73031366685	0
4.914	-0.36058639466235	-0.56675164339303	376.73031366685	0
4.92	-0.38066006023361	-0.54658152279118	376.73031366685	0
4.926	-0.40011319827814	-0.52551219420238	376.73031366685	0
4.932	-0.4188928943788	-0.50356443719245	376.73031366685	0
4.938	-0.43694682833441	-0.48076290657688	376.73031366685	0
4.944	-0.45422361267813	-0.45713615065312	376.73031366685	0
4.95	-0.47067313968238	-0.43271659517271	376.73031366685	0
4.956	-0.48624693291442	-0.40754049132019	376.73031366685	0
4.962	-0.50089849908271	-0.38164782647173	376.73031366685	0
4.968	-0.51458367566223	-0.35508219707348	376.73031366685	0
4.974	-0.52726096961934	-0.32789064359713	376.73031366685	0
4.98	-0.53889188248336	-0.30012344818416	376.73031366685	0
4.986	-0.54944121704093	-0.27183389626407	376.73031366685	0
4.992	-0.55887736106513	-0.24307800410921	376.73031366685	0
4.998	-0.56717254373566	-0.2139142149492	376.73031366685	0
5.004	-0.57430306075709	-0.18440306689317	376.73031366685	0
5.01	-0.58024946463263	-0.15460683647917	376.73031366685	0
5.016	-0.58499671709251	-0.12458916216899	376.73031366685	0
5.022	-0.58853430129459	-0.094414652518101	376.73031366685	0
5.028	-0.59085629209559	-0.064148484060782	376.73031366685	0
5.034	-0.59196138341445	-0.033855994150792	376.73031366685	0
5.04	-0.59185287245653	-0.0036022740809483	376.73031366685	0
5.046	-0.59053860131611	0.026548232230717	376.73031366685	0
5.052	-0.58803085720563	0.056532118853269	376.73031366685	0
5.058	-0.58434623325218	0.08628739288306	376.73031366685	0
5.064	-0.57950545243748	0.11575382940697	376.73031366685	0
5.07	-0.57353315782025	0.14487330233944	376.73031366685	0
5.076	-0.56645767265733	0.17359008761329	376.73031366685	0
5.082	-0.5583107344215	0.20185113579078	376.73031366685	0
5.088	-0.5491272069941	0.22960631178681	376.73031366685	0
5.094	-0.53894477548653	0.25680860004153	376.73031366685	0
5.1	-0.52780362821766	0.28341427412764	376.73031366685	0
5.106	-0.51574613034781	0.30938303041025	376.73031366685	0
5.112	-0.50281649355195	0.33467808597965	376.73031366685	0
5.118	-0.48906044591416	0.35926624163599	376.73031366685	0
5.124	-0.47452490595357	0.38311791120838	376.73031366685	0
5.13	-0.4592576643614	0.40620711893202	376.73031366685	0
5.136	-0.44330707665266	0.42851146697843	376.73031366685	0
5.142	-0.42672176952771	0.45001207553436	376.73031366685	0
5.148	-0.40955036331109	0.47069349805197	376.73031366685	0
5.154	-0.3918412124004	0.49054361444994	376.73031366685	0
5.16	-0.37364216522694	0.509553505134	376.73031366685	0
5.166	-0.35500034481261	0.52771730873229	376.73031366685	0
5.172	-0.33596195061203	0.54503206641103	376.73031366685	0
5.178	-0.31657208196171	0.56149755555749	376.73031366685	0
5.184	-0.29687458312407	0.57711611549637	376.73031366685	0
5.19	-0.27691190961755	0.59189246775077	376.73031366685	0
5.196	-0.25672501526518	0.60583353317794	376.73031366685	0
5.202	-0.23635325917562	0.61894824810904	376.73031366685	0
5.208	-0.21583433169077	0.63124738140892	376.73031366685	0
5.214	-0.19520419819203	0.64274335415232	376.73031366685	0
5.22	-0.17449705955097	0.6534500633918	376.73031366685	0
5.226	-0.15374532793642	0.6633827112757	376.73031366685	0
5.232	-0.13297961664669	0.67255764056436	376.73031366685	0
5.238	-0.11222874261806	0.68099217739324	376.73031366685	0
5.244	-0.091519740266928	0.68870448194518	376.73031366685	0
5.25	-0.070877885348285	0.69571340752189	376.73031366685	0
5.256	-0.05032672755512	0.70203836834799	376.73031366685	0
5.262	-0.029888130638277	0.70769921630103	376.73031366685	0
5.268	-0.0095823188913184	0.71271612663658	376.73031366685	0
5.274	0.010572071082437	0.71710949266958	376.73031366685	0
5.28	0.030557934325956	0.7208998292809	376.73031366685	0
5.286	0.050359638132175	0.72410768503997	376.73031366685	0
5.292	0.069962960138295	0.72675356267062	376.73031366685	0
5.298	0.08935502467211	0.72885784753575	376.73031366685	0
5.304	0.10852423803228	0.73044074377675	376.73031366685	0
5.31	0.12746022330725	0.73152221771421	376.73031366685	0
5.316	0.14615375526409	0.73212194809597	376.73031366685	0
5.322	0.16459669576888	0.73225928276662	376.73031366685	0
5.328	0.18278193013521	0.73195320132712	376.73031366685	0
5.334	0.20070330473714	0.7312222833538	376.73031366685	0
5.34	0.2183555661673	0.73008468175191	376.73031366685	0
5.346	0.23573430217013	0.72855810082809	376.73031366685	0
5.352	0.25283588453477	0.72665977867953	376.73031366685	0
5.358	0.26965741409043	0.72440647351291	376.73031366685	0
5.364	0.28619666791074	0.72181445352382	376.73031366685	0
5.37	0.3024520488011	0.71889948998597	376.73031366685	0
5.376	0.31842253711432	0.7156768532199	376.73031366685	0
5.382	0.33410764491537	0.71216131113048	376.73031366685	0
5.388	0.34950737249455	0.70836713002364	376.73031366685	0
5.394	0.36462216721037	0.70430807743285	376.73031366685	0
5.4	0.3794528846278	0.69999742670591	376.73031366685	0
5.406	0.39400075190505	0.69544796312231	376.73031366685	0
5.412	0.40826733337155	0.69067199133008	376.73031366685	0
5.418	0.42225449823126	0.68568134390931	376.73031366685	0
5.424	0.435964390319	0.6804873908865	376.73031366685	0
5.43	0.44939939983263	0.6751010500403	376.73031366685	0
5.436	0.46256213696008	0.6695327978546	376.73031366685	0
5.442	0.47545540731828	0.663792680989	376.73031366685	0
5.448	0.48808218911935	0.65789032815043	376.73031366685	0
5.454	0.50044561197941	0.65183496226179	376.73031366685	0
5.46	0.51254893728548	0.6456354128353	376.73031366685	0
5.466	0.524395540037	0.63930012846845	376.73031366685	0
5.472	0.53598889208018	0.63283718939065	376.73031366685	0
5.478	0.54733254665511	0.6262543199972	376.73031366685	0
5.484	0.55843012417802	0.61955890131548	376.73031366685	0
5.49	0.56928529918358	0.61275798335574	376.73031366685	0
5.496	0.57990178835495	0.60585829730542	376.73031366685	0
5.502	0.59028333957201	0.59886626753214	376.73031366685	0
5.508	0.60043372191146	0.59178802336573	376.73031366685	0
5.514	0.6103567165353	0.58462941063505	376.73031366685	0
5.52	0.62005610840746	0.57739600293904	376.73031366685	0
5.526	0.62953567878117	0.57009311263617	376.73031366685	0
5.532	0.638799198403	0.56272580153919	376.73031366685	0
5.538	0.64785042138209	0.55529889130583	376.73031366685	0
5.544	0.65669307967642	0.54781697351833	376.73031366685	0
5.55	0.66533087815026	0.54028441944741	376.73031366685	0
5.556	0.67376749016032	0.53270538949822	376.73031366685	0
5.562	0.68200655362997	0.52508384233779	376.73031366685	0
5.568	0.69005166757417	0.51742354370486	376.73031366685	0
5.574	0.69790638903953	0.50972807490471	376.73031366685	0
5.58	0.70557423042666	0.50200084099237	376.73031366685	0
5.586	0.71305865716389	0.4942450786489	376.73031366685	0
5.592	0.72036308570363	0.48646386375609	376.73031366685	0
5.598	0.72749088181451	0.47866011867574	376.73031366685	0
5.604	0.73444535914448	0.47083661924021	376.73031366685	0
5.61	0.74122977803155	0.46299600146129	376.73031366685	0
5.616	0.74784734454063	0.45514076796504	376.73031366685	0
5.622	0.75430120970656	0.4472732941602	376.73031366685	0
5.628	0.76059446896475	0.43939583414833	376.73031366685	0
5.634	0.76673016175218	0.43151052638367	376.73031366685	0
5.64	0.77271127126295	0.42361939909085	376.73031366685	0
5.646	0.77854072434373	0.41572437544889	376.73031366685	0
5.652	0.7842213915153	0.40782727854932	376.73031366685	0
5.658	0.78975608710799	0.3999298361369	376.73031366685	0
5.664	0.7951475694991	0.39203368514062	376.73031366685	0
5.67	0.80039854144194	0.38414037600326	376.73031366685	0
5.676	0.8055116504765	0.37625137681694	376.73031366685	0
5.682	0.81048948941281	0.3683680772725	376.73031366685	0
5.688	0.81533459687869	0.36049179243008	376.73031366685	0
5.694	0.82004945792426	0.35262376631808	376.73031366685	0
5.7	0.82463650467626	0.34476517536773	376.73031366685	0
5.706	0.82909811703572	0.33691713168993	376.73031366685	0
5.712	0.83343662341325	0.32908068620115	376.73031366685	0
5.718	0.83765430149646	0.32125683160475	376.73031366685	0
5.724	0.8417533790447	0.31344650523399	376.73031366685	0
5.73	0.84573603470666	0.30565059176266	376.73031366685	0
5.736	0.84960439885679	0.29786992578924	376.73031366685	0
5.742	0.85336055444668	0.29010529430008	376.73031366685	0
5.748	0.85700653786837	0.28235743901701	376.73031366685	0
5.754	0.8605443398262	0.27462705863454	376.73031366685	0
5.76	0.86397590621465	0.26691481095165	376.73031366685	0
5.766	0.86730313899969	0.25922131490289	376.73031366685	0
5.772	0.8705278971012	0.25154715249343	376.73031366685	0
5.778	0.87365199727473	0.24389287064232	376.73031366685	0
5.784	0.87667721499051	0.2362589829384	376.73031366685	0
5.79	0.87960528530827	0.22864597131264	376.73031366685	0
5.796	0.88243790374635	0.22105428763092	376.73031366685	0
5.802	0.8851767271438	0.21348435521087	376.73031366685	0
5.808	0.88782337451439	0.20593657026639	376.73031366685	0
5.814	0.89037942789139	0.19841130328311	376.73031366685	0
5.82	0.89284643316248	0.19090890032807	376.73031366685	0
5.826	0.89522590089368	0.18342968429678	376.73031366685	0
5.832	0.89751930714196	0.17597395610044	376.73031366685	0
5.838	0.89972809425575	0.16854199579624	376.73031366685	0
5.844	0.90185367166289	0.16113406366351	376.73031366685	0
5.85	0.90389741664573	0.15375040122799	376.73031366685	0
5.856	0.90586067510284	0.14639123223706	376.73031366685	0
5.862	0.90774476229724	0.13905676358785	376.73031366685	0
5.868	0.90955096359081	0.13174718621084	376.73031366685	0
5.874	0.91128053516478	0.12446267591076	376.73031366685	0
5.88	0.91293470472617	0.11720339416698	376.73031366685	0
5.886	0.91451467220005	0.10996948889526	376.73031366685	0
5.892	0.91602161040773	0.10276109517276	376.73031366685	0
5.898	0.91745666573065	0.09557833592796	376.73031366685	0
5.904	0.91882095876025	0.088421322597182	376.73031366685	0
5.91	0.92011558493376	0.081290155749417	376.73031366685	0
5.916	0.92134161515589	0.074184925680805	376.73031366685	0
5.922	0.9225000964068	0.067105712980323	376.73031366685	0
5.928	0.92359205233619	0.060052589068005	376.73031366685	0
5.934	0.92461848384385	0.053025616707019	376.73031366685	0
5.94	0.92558036964673	0.046024850490853	376.73031366685	0
5.946	0.92647866683276	0.039050337306766	376.73031366685	0
5.952	0.9273143114016	0.032102116776683	376.73031366685	0
5.958	0.92808821879239	0.025180221676554	376.73031366685	0
5.964	0.92880128439899	0.01828467833525	376.73031366685	0
5.97	0.92945438407255	0.011415507013946	376.73031366685	0
5.976	0.93004837461197	0.0045727222669209	376.73031366685	0
5.982	0.93058409424225	-0.0022436667153333	376.73031366685	0
5.988	0.93106236308101	-0.0090336557798447	376.73031366685	0
5.994	0.93148398359348	-0.015797245500961	376.73031366685	0
6	0.93184974103609	-0.022534440885417	376.73031366685	0
6.006	0.93216040388898	-0.02924525109197	376.73031366685	0
6.012	0.93241672427752	-0.035929689164902	376.73031366685	0
6.018	0.93261943838335	-0.04258777178072	376.73031366685	0
6.024	0.9327692668448	-0.049219519007441	376.73031366685	0
6.03	0.93286691514726	-0.055824954075861	376.73031366685	0
6.036	0.93291307400347	-0.06240410316222	376.73031366685	0
6.042	0.93290841972421	-0.06895699518176	376.73031366685	0
6.048	0.93285361457934	-0.075483661592613	376.73031366685	0
6.054	0.93274930714966	-0.081984136209567	376.73031366685	0
6.06	0.93259613266962	-0.088458455027218	376.73031366685	0
6.066	0.93239471336125	-0.094906656052069	376.73031366685	0
6.072	0.93214565875944	-0.10132877914316	376.73031366685	0
6.078	0.93184956602875	-0.1077248658608	376.73031366685	0
6.084	0.9315070202721	-0.11409495932307	376.73031366685	0
6.09	0.93111859483134	-0.12043910406962	376.73031366685	0
6.096	0.93068485158013	-0.12675734593259	376.73031366685	0
6.102	0.93020634120912	-0.13304973191412	376.73031366685	0
6.108	0.92968360350378	-0.13931631007024	376.73031366685	0
6.114	0.92911716761493	-0.1455571294009	376.73031366685	0
6.12	0.92850755232231	-0.15177223974573	376.73031366685	0
6.126	0.92785526629126	-0.15796169168523	376.73031366685	0
6.132	0.92716080832272	-0.16412553644736	376.73031366685	0
6.138	0.92642466759669	-0.17026382581898	376.73031366685	0
6.144	0.92564732390946	-0.17637661206213	376.73031366685	0
6.15	0.92482924790453	-0.18246394783481	376.73031366685	0
6.156	0.92397090129767	-0.18852588611608	376.73031366685	0
6.162	0.92307273709604	-0.19456248013529	376.73031366685	0
6.168	0.92213519981164	-0.20057378330517	376.73031366685	0
6.174	0.92115872566924	-0.20655984915873	376.73031366685	0
6.18	0.92014374280891	-0.21252073128964	376.73031366685	0
6.186	0.9190906714833	-0.21845648329605	376.73031366685	0
6.192	0.91799992424982	-0.22436715872757	376.73031366685	0
6.198	0.91687190615785	-0.23025281103535	376.73031366685	0
6.204	0.91570701493112	-0.23611349352513	376.73031366685	0
6.21	0.91450564114536	-0.24194925931296	376.73031366685	0
6.216	0.91326816840142	-0.24776016128369	376.73031366685	0
6.222	0.91199497349387	-0.25354625205187	376.73031366685	0
6.228	0.91068642657536	-0.25930758392513	376.73031366685	0
6.234	0.90934289131664	-0.26504420886984	376.73031366685	0
6.24	0.90796472506259	-0.27075617847886	376.73031366685	0
6.246	0.90655227898418	-0.27644354394151	376.73031366685	0
6.252	0.9051058982266	-0.28210635601536	376.73031366685	0
6.258	0.90362592205357	-0.28774466499997	376.73031366685	0
6.264	0.90211268398801	-0.29335852071243	376.73031366685	0
6.27	0.9005665119491	-0.29894797246458	376.73031366685	0
6.276	0.89898772838586	-0.30451306904178	376.73031366685	0
6.282	0.89737665040739	-0.31005385868334	376.73031366685	0
6.288	0.89573358990975	-0.31557038906432	376.73031366685	0
6.294	0.89405885369968	-0.32106270727873	376.73031366685	0
6.3	0.8923527436152	-0.32653085982411	376.73031366685	0
6.306	0.89061555664314	-0.33197489258728	376.73031366685	0
6.312	0.88884758503377	-0.33739485083136	376.73031366685	0
6.318	0.88704911641248	-0.34279077918387	376.73031366685	0
6.324	0.88522043388875	-0.34816272162595	376.73031366685	0
6.33	0.88336181616237	-0.35351072148259	376.73031366685	0
6.336	0.88147353762696	-0.35883482141381	376.73031366685	0
6.342	0.87955586847101	-0.36413506340679	376.73031366685	0
6.348	0.8776090747763	-0.3694114887689	376.73031366685	0
6.354	0.87563341861399	-0.37466413812151	376.73031366685	0
6.36	0.8736291581383	-0.37989305139459	376.73031366685	0
6.366	0.8715965476778	-0.38509826782216	376.73031366685	0
6.372	0.86953583782457	-0.3902798259383	376.73031366685	0
6.378	0.86744727552111	-0.39543776357396	376.73031366685	0
6.384	0.86533110414513	-0.40057211785435	376.73031366685	0
6.39	0.86318756359225	-0.40568292519695	376.73031366685	0
6.396	0.86101689035669	-0.41077022131006	376.73031366685	0
6.402	0.85881931761005	-0.41583404119198	376.73031366685	0
6.408	0.85659507527805	-0.4208744191306	376.73031366685	0
6.414	0.85434439011556	-0.42589138870356	376.73031366685	0
6.42	0.85206748577969	-0.43088498277882	376.73031366685	0
6.426	0.8497645829012	-0.43585523351567	376.73031366685	0
6.432	0.84743589915412	-0.44080217236619	376.73031366685	0
6.438	0.84508164932378	-0.44572583007705	376.73031366685	0
6.444	0.84270204537312	-0.4506262366917	376.73031366685	0
6.45	0.8402972965075	-0.45550342155291	376.73031366685	0
6.456	0.83786760923787	-0.46035741330561	376.73031366685	0
6.462	0.83541318744255	-0.46518823990009	376.73031366685	0
6.468	0.83293423242743	-0.46999592859541	376.73031366685	0
6.474	0.83043094298478	-0.47478050596316	376.73031366685	0
6.48	0.82790351545077	-0.47954199789142	376.73031366685	0
6.486	0.82535214376142	-0.48428042958898	376.73031366685	0
6.492	0.82277701950747	-0.4889958255898	376.73031366685	0
6.498	0.82017833198779	-0.49368820975766	376.73031366685	0
6.504	0.81755626826162	-0.49835760529099	376.73031366685	0
6.51	0.81491101319954	-0.50300403472796	376.73031366685	0
6.516	0.81224274953333	-0.50762751995161	376.73031366685	0
6.522	0.80955165790458	-0.51222808219531	376.73031366685	0
6.528	0.80683791691222	-0.5168057420482	376.73031366685	0
6.534	0.80410170315896	-0.5213605194609	376.73031366685	0
6.54	0.80134319129661	-0.52589243375128	376.73031366685	0
6.546	0.79856255407041	-0.53040150361036	376.73031366685	0
6.552	0.79575996236231	-0.53488774710832	376.73031366685	0
6.558	0.79293558523325	-0.53935118170065	376.73031366685	0
6.564	0.7900895899645	-0.54379182423431	376.73031366685	0
6.57	0.78722214209805	-0.5482096909541	376.73031366685	0
6.576	0.78433340547603	-0.55260479750894	376.73031366685	0
6.582	0.78142354227934	-0.5569771589584	376.73031366685	0
6.588	0.77849271306529	-0.56132678977917	376.73031366685	0
6.594	0.77554107680446	-0.56565370387162	376.73031366685	0
6.6	0.77256879091671	-0.56995791456645	376.73031366685	0
6.606	0.76957601130636	-0.57423943463133	376.73031366685	0
6.612	0.76656289239663	-0.57849827627761	376.73031366685	0
6.618	0.76352958716324	-0.58273445116707	376.73031366685	0
6.624	0.76047624716734	-0.5869479704187	376.73031366685	0
6.63	0.75740302258761	-0.59113884461546	376.73031366685	0
6.636	0.75431006225172	-0.59530708381115	376.73031366685	0
6.642	0.75119751366707	-0.59945269753721	376.73031366685	0
6.648	0.74806552305087	-0.60357569480958	376.73031366685	0
6.654	0.74491423535947	-0.60767608413556	376.73031366685	0
6.66	0.74174379431717	-0.61175387352069	376.73031366685	0
6.666	0.73855434244431	-0.61580907047558	376.73031366685	0
6.672	0.73534602108475	-0.61984168202281	376.73031366685	0
6.678	0.73211897043279	-0.62385171470379	376.73031366685	0
6.684	0.72887332955945	-0.62783917458561	376.73031366685	0
6.69	0.72560923643825	-0.63180406726787	376.73031366685	0
6.696	0.72232682797031	-0.63574639788957	376.73031366685	0
6.702	0.71902624000906	-0.63966617113586	376.73031366685	0
6.708	0.71570760738426	-0.6435633912449	376.73031366685	0
6.714	0.71237106392564	-0.64743806201462	376.73031366685	0
6.72	0.70901674248592	-0.65129018680951	376.73031366685	0
6.726	0.70564477496338	-0.65511976856734	376.73031366685	0
6.732	0.70225529232398	-0.6589268098059	376.73031366685	0
6.738	0.69884842462295	-0.66271131262968	376.73031366685	0
6.744	0.69542430102593	-0.66647327873653	376.73031366685	0
6.75	0.69198304982969	-0.67021270942435	376.73031366685	0
6.756	0.68852479848237	-0.67392960559762	376.73031366685	0
6.762	0.68504967360334	-0.67762396777405	376.73031366685	0
6.768	0.68155780100258	-0.68129579609108	376.73031366685	0
6.774	0.67804930569969	-0.68494509031241	376.73031366685	0
6.78	0.67452431194247	-0.68857184983447	376.73031366685	0
6.786	0.67098294322518	-0.69217607369288	376.73031366685	0
6.792	0.66742532230628	-0.69575776056882	376.73031366685	0
6.798	0.66385157122597	-0.69931690879543	376.73031366685	0
6.804	0.66026181132321	-0.70285351636413	376.73031366685	0
6.81	0.65665616325247	-0.70636758093092	376.73031366685	0
6.816	0.65303474700012	-0.70985909982261	376.73031366685	0
6.822	0.64939768190045	-0.71332807004306	376.73031366685	0
6.828	0.64574508665141	-0.71677448827932	376.73031366685	0
6.834	0.64207707932994	-0.72019835090781	376.73031366685	0
6.84	0.63839377740707	-0.72359965400037	376.73031366685	0
6.846	0.63469529776266	-0.72697839333033	376.73031366685	0
6.852	0.63098175669987	-0.73033456437849	376.73031366685	0
6.858	0.62725326995928	-0.73366816233915	376.73031366685	0
6.864	0.62350995273275	-0.73697918212596	376.73031366685	0
6.87	0.61975191967703	-0.74026761837784	376.73031366685	0
6.876	0.61597928492704	-0.74353346546481	376.73031366685	0
6.882	0.61219216210888	-0.7467767174938	376.73031366685	0
6.888	0.60839066435265	-0.74999736831438	376.73031366685	0
6.894	0.60457490430487	-0.75319541152449	376.73031366685	0
6.9	0.6007449941408	-0.7563708404761	376.73031366685	0
6.906	0.59690104557643	-0.75952364828081	376.73031366685	0
6.912	0.59304316988019	-0.76265382781549	376.73031366685	0
6.918	0.58917147788454	-0.76576137172776	376.73031366685	0
6.924	0.58528607999722	-0.7688462724415	376.73031366685	0
6.93	0.58138708621229	-0.77190852216234	376.73031366685	0
6.936	0.57747460612105	-0.77494811288303	376.73031366685	0
6.942	0.57354874892256	-0.7779650363888	376.73031366685	0
6.948	0.56960962343413	-0.78095928426272	376.73031366685	0
6.954	0.56565733810149	-0.78393084789097	376.73031366685	0
6.96	0.56169200100878	-0.78687971846807	376.73031366685	0
6.966	0.55771371988836	-0.78980588700208	376.73031366685	0
6.972	0.55372260213042	-0.79270934431976	376.73031366685	0
6.978	0.54971875479238	-0.79559008107171	376.73031366685	0
6.984	0.54570228460812	-0.79844808773739	376.73031366685	0
6.99	0.54167329799702	-0.8012833546302	376.73031366685	0
6.996	0.53763190107285	-0.80409587190247	376.73031366685	0
7.002	0.5335781996524	-0.80688562955036	376.73031366685	0
7.008	0.52951229926407	-0.80965261741884	376.73031366685	0
7.014	0.52543430515616	-0.81239682520652	376.73031366685	0
7.02	0.52134432230508	-0.81511824247049	376.73031366685	0
7.026	0.5172424554234	-0.81781685863112	376.73031366685	0
7.032	0.51312880896765	-0.82049266297678	376.73031366685	0
7.038	0.5090034871461	-0.82314564466862	376.73031366685	0
7.044	0.50486659392629	-0.82577579274516	376.73031366685	0
7.05	0.50071823304243	-0.82838309612702	376.73031366685	0
7.056	0.4965585080027	-0.83096754362142	376.73031366685	0
7.062	0.49238752209635	-0.83352912392684	376.73031366685	0
7.068	0.48820537840071	-0.83606782563747	376.73031366685	0
7.074	0.48401217978802	-0.83858363724774	376.73031366685	0
7.08	0.47980802893216	-0.84107654715673	376.73031366685	0
7.086	0.47559302831522	-0.84354654367264	376.73031366685	0
7.092	0.47136728023399	-0.84599361501712	376.73031366685	0
7.098	0.46713088680626	-0.84841774932965	376.73031366685	0
7.104	0.46288394997705	-0.85081893467183	376.73031366685	0
7.11	0.4586265715247	-0.85319715903164	376.73031366685	0
7.116	0.45435885306683	-0.8555524103277	376.73031366685	0
7.122	0.4500808960662	-0.85788467641348	376.73031366685	0
7.128	0.44579280183646	-0.86019394508145	376.73031366685	0
7.134	0.44149467154777	-0.86248020406723	376.73031366685	0
7.14	0.43718660623234	-0.86474344105369	376.73031366685	0
7.146	0.43286870678982	-0.86698364367505	376.73031366685	0
7.152	0.42854107399263	-0.86920079952085	376.73031366685	0
7.158	0.42420380849117	-0.87139489614005	376.73031366685	0
7.164	0.41985701081891	-0.87356592104494	376.73031366685	0
7.17	0.41550078139741	-0.8757138617151	376.73031366685	0
7.176	0.41113522054125	-0.87783870560132	376.73031366685	0
7.182	0.40676042846281	-0.8799404401295	376.73031366685	0
7.188	0.40237650527703	-0.88201905270447	376.73031366685	0
7.194	0.39798355100601	-0.88407453071386	376.73031366685	0
7.2	0.39358166558358	-0.88610686153183	376.73031366685	0
7.206	0.38917094885976	-0.8881160325229	376.73031366685	0
7.212	0.38475150060509	-0.89010203104565	376.73031366685	0
7.218	0.38032342051496	-0.89206484445645	376.73031366685	0
7.224	0.3758868082138	-0.89400446011311	376.73031366685	0
7.23	0.37144176325919	-0.89592086537857	376.73031366685	0
7.236	0.36698838514589	-0.8978140476245	376.73031366685	0
7.242	0.36252677330985	-0.89968399423492	376.73031366685	0
7.248	0.35805702713206	-0.90153069260975	376.73031366685	0
7.254	0.35357924594235	-0.90335413016838	376.73031366685	0
7.26	0.34909352902318	-0.90515429435316	376.73031366685	0
7.266	0.34459997561323	-0.90693117263293	376.73031366685	0
7.272	0.34009868491107	-0.90868475250647	376.73031366685	0
7.278	0.33558975607864	-0.91041502150594	376.73031366685	0
7.284	0.3310732882447	-0.91212196720031	376.73031366685	0
7.29	0.32654938050823	-0.91380557719877	376.73031366685	0
7.296	0.32201813194178	-0.91546583915407	376.73031366685	0
7.302	0.31747964159467	-0.91710274076591	376.73031366685	0
7.308	0.31293400849623	-0.91871626978421	376.73031366685	0
7.314	0.30838133165889	-0.92030641401248	376.73031366685	0
7.32	0.30382171008128	-0.92187316131104	376.73031366685	0
7.326	0.29925524275125	-0.92341649960033	376.73031366685	0
7.332	0.29468202864876	-0.9249364168641	376.73031366685	0
7.338	0.29010216674884	-0.92643290115267	376.73031366685	0
7.344	0.28551575602436	-0.92790594058607	376.73031366685	0
7.35	0.28092289544887	-0.92935552335728	376.73031366685	0
7.356	0.27632368399927	-0.93078163773533	376.73031366685	0
7.362	0.27171822065849	-0.93218427206844	376.73031366685	0
7.368	0.26710660441813	-0.93356341478715	376.73031366685	0
7.374	0.262488934281	-0.9349190544074	376.73031366685	0
7.38	0.25786530926362	-0.93625117953362	376.73031366685	0
7.386	0.25323582839871	-0.93755977886176	376.73031366685	0
7.392	0.24860059073756	-0.93884484118232	376.73031366685	0
7.398	0.24395969535245	-0.94010635538341	376.73031366685	0
7.404	0.23931324133887	-0.94134431045371	376.73031366685	0
7.41	0.2346613278179	-0.94255869548545	376.73031366685	0
7.416	0.23000405393834	-0.94374949967741	376.73031366685	0
7.422	0.2253415188789	-0.94491671233781	376.73031366685	0
7.428	0.22067382185037	-0.94606032288729	376.73031366685	0
7.434	0.21600106209765	-0.94718032086179	376.73031366685	0
7.44	0.21132333890183	-0.94827669591547	376.73031366685	0
7.446	0.20664075158217	-0.94934943782356	376.73031366685	0
7.452	0.20195339949805	-0.95039853648525	376.73031366685	0
7.458	0.1972613820509	-0.95142398192652	376.73031366685	0
7.464	0.19256479868606	-0.95242576430297	376.73031366685	0
7.47	0.1878637488946	-0.95340387390267	376.73031366685	0
7.476	0.18315833221517	-0.95435830114893	376.73031366685	0
7.482	0.17844864823566	-0.95528903660307	376.73031366685	0
7.488	0.17373479659502	-0.95619607096724	376.73031366685	0
7.494	0.16901687698487	-0.95707939508717	376.73031366685	0
7.5	0.16429498915114	-0.95793899995487	376.73031366685	0
7.506	0.15956923289571	-0.95877487671143	376.73031366685	0
7.512	0.15483970807798	-0.95958701664968	376.73031366685	0
7.518	0.15010651461636	-0.96037541121693	376.73031366685	0
7.524	0.14536975248979	-0.96114005201763	376.73031366685	0
7.53	0.14062952173924	-0.96188093081611	376.73031366685	0
7.536	0.13588592246906	-0.96259803953916	376.73031366685	0
7.542	0.13113905484848	-0.96329137027878	376.73031366685	0
7.548	0.12638901911285	-0.96396091529475	376.73031366685	0
7.554	0.1216359155651	-0.96460666701728	376.73031366685	0
7.56	0.11687984457693	-0.96522861804968	376.73031366685	0
7.566	0.11212090659015	-0.96582676117087	376.73031366685	0
7.572	0.10735920211787	-0.9664010893381	376.73031366685	0
7.578	0.10259483174573	-0.96695159568942	376.73031366685	0
7.584	0.097827896133093	-0.96747827354635	376.73031366685	0
7.59	0.093058496014128	-0.96798111641638	376.73031366685	0
7.596	0.088286732198985	-0.96846011799558	376.73031366685	0
7.602	0.083512705574855	-0.96891527217109	376.73031366685	0
7.608	0.078736517107036	-0.96934657302371	376.73031366685	0
7.614	0.073958267839957	-0.96975401483041	376.73031366685	0
7.62	0.069178058898181	-0.97013759206683	376.73031366685	0
7.626	0.064395991487381	-0.9704972994098	376.73031366685	0
7.632	0.059612166895285	-0.97083313173986	376.73031366685	0
7.638	0.054826686492593	-0.97114508414373	376.73031366685	0
7.644	0.050039651733875	-0.9714331519168	376.73031366685	0
7.65	0.045251164158433	-0.9716973305656	376.73031366685	0
7.656	0.040461325391143	-0.97193761581027	376.73031366685	0
7.662	0.035670237143271	-0.97215400358704	376.73031366685	0
7.668	0.030878001213261	-0.97234649005063	376.73031366685	0
7.674	0.026084719487499	-0.97251507157677	376.73031366685	0
7.68	0.021290493941055	-0.97265974476456	376.73031366685	0
7.686	0.016495426638394	-0.97278050643895	376.73031366685	0
7.692	0.01169961973407	-0.97287735365316	376.73031366685	0
7.698	0.0069031754733898	-0.97295028369106	376.73031366685	0
7.704	0.0021061961930604	-0.97299929406962	376.73031366685	0
7.71	-0.0026912156782005	-0.9730243825413	376.73031366685	0
7.716	-0.007488957619058	-0.97302554709646	376.73031366685	0
7.722	-0.012286927014994	-0.9730027859657	376.73031366685	0
7.728	-0.017085021157757	-0.97295609762232	376.73031366685	0
7.734	-0.021883137244831	-0.97288548078465	376.73031366685	0
7.74	-0.026681172378935	-0.97279093441844	376.73031366685	0
7.746	-0.031479023567536	-0.97267245773924	376.73031366685	0
7.752	-0.036276587722392	-0.97253005021474	376.73031366685	0
7.758	-0.041073761659111	-0.97236371156715	376.73031366685	0
7.764	-0.045870442096735	-0.97217344177554	376.73031366685	0
7.77	-0.050666525657343	-0.97195924107821	376.73031366685	0
7.776	-0.055461908865676	-0.97172110997502	376.73031366685	0
7.782	-0.060256488148788	-0.97145904922973	376.73031366685	0
7.788	-0.065050159835708	-0.97117305987234	376.73031366685	0
7.794	-0.069842820157131	-0.97086314320143	376.73031366685	0
7.8	-0.074634365245126	-0.97052930078649	376.73031366685	0
7.806	-0.079424691132869	-0.97017153447022	376.73031366685	0
7.812	-0.084213693754388	-0.96978984637091	376.73031366685	0
7.818	-0.089001268944333	-0.96938423888468	376.73031366685	0
7.824	-0.093787312437774	-0.96895471468785	376.73031366685	0
7.83	-0.098571719870001	-0.96850127673926	376.73031366685	0
7.836	-0.10335438677636	-0.96802392828252	376.73031366685	0
7.842	-0.1081352085921	-0.96752267284839	376.73031366685	0
7.848	-0.11291408065225	-0.96699751425702	376.73031366685	0
7.854	-0.11769089819148	-0.9664484566203	376.73031366685	0
7.86	-0.12246555634407	-0.96587550434414	376.73031366685	0
7.866	-0.12723795014375	-0.96527866213074	376.73031366685	0
7.872	-0.13200797452372	-0.96465793498093	376.73031366685	0
7.878	-0.1367755243166	-0.96401332819644	376.73031366685	0
7.884	-0.14154049425439	-0.96334484738219	376.73031366685	0
7.89	-0.14630277896849	-0.96265249844858	376.73031366685	0
7.896	-0.15106227298971	-0.96193628761378	376.73031366685	0
7.902	-0.15581887074836	-0.96119622140601	376.73031366685	0
7.908	-0.16057246657423	-0.96043230666583	376.73031366685	0
7.914	-0.16532295469674	-0.95964455054842	376.73031366685	0
7.92	-0.17007022924499	-0.95883296052586	376.73031366685	0
7.926	-0.17481418424792	-0.95799754438942	376.73031366685	0
7.932	-0.17955471363441	-0.95713831025182	376.73031366685	0
7.938	-0.18429171123342	-0.95625526654953	376.73031366685	0
7.944	-0.18902507077423	-0.95534842204504	376.73031366685	0
7.95	-0.19375468588654	-0.95441778582913	376.73031366685	0
7.956	-0.19848045010076	-0.95346336732315	376.73031366685	0
7.962	-0.20320225684818	-0.95248517628131	376.73031366685	0
7.968	-0.20791999946125	-0.95148322279294	376.73031366685	0
7.974	-0.2126335711738	-0.95045751728477	376.73031366685	0
7.98	-0.21734286512138	-0.94940807052321	376.73031366685	0
7.986	-0.22204777434151	-0.94833489361662	376.73031366685	0
7.992	-0.22674819177405	-0.94723799801759	376.73031366685	0
7.998	-0.23144401026146	-0.94611739552521	376.73031366685	0
8.004	-0.23613512254923	-0.94497309828737	376.73031366685	0
8.01	-0.24082142128622	-0.94380511880299	376.73031366685	0
8.016	-0.24550279902503	-0.94261346992434	376.73031366685	0
8.022	-0.25017914822247	-0.9413981648593	376.73031366685	0
8.028	-0.25485036123991	-0.94015921717363	376.73031366685	0
8.034	-0.2595163303438	-0.93889664079328	376.73031366685	0
8.04	-0.26417694770609	-0.93761045000663	376.73031366685	0
8.046	-0.2688321054047	-0.93630065946679	376.73031366685	0
8.052	-0.27348169542408	-0.93496728419388	376.73031366685	0
8.058	-0.27812560965567	-0.93361033957731	376.73031366685	0
8.064	-0.28276373989847	-0.93222984137808	376.73031366685	0
8.07	-0.28739597785958	-0.93082580573102	376.73031366685	0
8.076	-0.29202221515479	-0.92939824914713	376.73031366685	0
8.082	-0.29664234330916	-0.92794718851584	376.73031366685	0
8.088	-0.30125625375764	-0.92647264110727	376.73031366685	0
8.094	-0.30586383784568	-0.92497462457458	376.73031366685	0
8.1	-0.31046498682992	-0.92345315695622	376.73031366685	0
8.106	-0.31505959187882	-0.92190825667822	376.73031366685	0
8.112	-0.31964754407337	-0.9203399425565	376.73031366685	0
8.118	-0.32422873440775	-0.91874823379917	376.73031366685	0
8.124	-0.32880305379014	-0.9171331500088	376.73031366685	0
8.13	-0.33337039304338	-0.91549471118476	376.73031366685	0
8.136	-0.33793064290577	-0.91383293772547	376.73031366685	0
8.142	-0.34248369403184	-0.91214785043073	376.73031366685	0
8.148	-0.34702943699316	-0.91043947050405	376.73031366685	0
8.154	-0.35156776227917	-0.9087078195549	376.73031366685	0
8.16	-0.35609856029797	-0.90695291960105	376.73031366685	0
8.166	-0.36062172137724	-0.90517479307087	376.73031366685	0
8.172	-0.36513713576508	-0.90337346280566	376.73031366685	0
8.178	-0.36964469363092	-0.90154895206194	376.73031366685	0
8.184	-0.37414428506642	-0.89970128451377	376.73031366685	0
8.19	-0.37863580008644	-0.89783048425509	376.73031366685	0
8.196	-0.38311912862996	-0.895936575802	376.73031366685	0
8.202	-0.38759416056109	-0.89401958409511	376.73031366685	0
8.208	-0.39206078567003	-0.89207953450185	376.73031366685	0
8.214	-0.39651889367412	-0.89011645281883	376.73031366685	0
8.22	-0.40096837421886	-0.88813036527409	376.73031366685	0
8.226	-0.40540911687896	-0.88612129852953	376.73031366685	0
8.232	-0.40984101115944	-0.88408927968316	376.73031366685	0
8.238	-0.41426394649671	-0.88203433627147	376.73031366685	0
8.244	-0.4186778122597	-0.87995649627176	376.73031366685	0
8.25	-0.42308249775098	-0.87785578810449	376.73031366685	0
8.256	-0.42747789220795	-0.8757322406356	376.73031366685	0
8.262	-0.43186388480399	-0.87358588317886	376.73031366685	0
8.268	-0.43624036464969	-0.87141674549823	376.73031366685	0
8.274	-0.44060722079406	-0.86922485781018	376.73031366685	0
8.28	-0.44496434222577	-0.86701025078605	376.73031366685	0
8.286	-0.44931161787445	-0.86477295555442	376.73031366685	0
8.292	-0.4536489366119	-0.86251300370344	376.73031366685	0
8.298	-0.45797618725352	-0.86023042728317	376.73031366685	0
8.304	-0.46229325855951	-0.85792525880798	376.73031366685	0
8.31	-0.46660003923635	-0.85559753125887	376.73031366685	0
8.316	-0.47089641793806	-0.85324727808588	376.73031366685	0
8.322	-0.4751822832677	-0.85087453321037	376.73031366685	0
8.328	-0.47945752377871	-0.84847933102746	376.73031366685	0
8.334	-0.48372202797643	-0.84606170640838	376.73031366685	0
8.34	-0.48797568431948	-0.84362169470281	376.73031366685	0
8.346	-0.49221838122133	-0.84115933174128	376.73031366685	0
8.352	-0.49645000705176	-0.83867465383751	376.73031366685	0
8.358	-0.50067045013844	-0.83616769779083	376.73031366685	0
8.364	-0.50487959876843	-0.8336385008885	376.73031366685	0
8.37	-0.50907734118981	-0.83108710090813	376.73031366685	0
8.376	-0.51326356561329	-0.82851353612004	376.73031366685	0
8.382	-0.51743816021381	-0.82591784528962	376.73031366685	0
8.388	-0.52160101313219	-0.82330006767976	376.73031366685	0
8.394	-0.52575201247687	-0.82066024305318	376.73031366685	0
8.4	-0.52989104632552	-0.81799841167483	376.73031366685	0
8.406	-0.53401800272686	-0.81531461431431	376.73031366685	0
8.412	-0.53813276970234	-0.81260889224818	376.73031366685	0
8.418	-0.54223523524795	-0.80988128726242	376.73031366685	0
8.424	-0.54632528733604	-0.80713184165477	376.73031366685	0
8.43	-0.5504028139171	-0.80436059823714	376.73031366685	0
8.436	-0.55446770292164	-0.80156760033798	376.73031366685	0
8.442	-0.55851984226208	-0.79875289180468	376.73031366685	0
8.448	-0.56255911983463	-0.79591651700598	376.73031366685	0
8.454	-0.56658542352122	-0.79305852083431	376.73031366685	0
8.46	-0.57059864119149	-0.79017894870821	376.73031366685	0
8.466	-0.57459866070471	-0.78727784657474	376.73031366685	0
8.472	-0.57858536991185	-0.78435526091182	376.73031366685	0
8.478	-0.5825586566576	-0.78141123873065	376.73031366685	0
8.484	-0.58651840878238	-0.77844582757812	376.73031366685	0
8.49	-0.59046451412451	-0.77545907553914	376.73031366685	0
8.496	-0.59439686052226	-0.77245103123908	376.73031366685	0
8.502	-0.59831533581603	-0.76942174384615	376.73031366685	0
8.508	-0.60221982785051	-0.76637126307377	376.73031366685	0
8.514	-0.60611022447687	-0.76329963918295	376.73031366685	0
8.52	-0.60998641355501	-0.76020692298471	376.73031366685	0
8.526	-0.61384828295577	-0.75709316584244	376.73031366685	0
8.532	-0.61769572056326	-0.75395841967428	376.73031366685	0
8.538	-0.62152861427715	-0.75080273695551	376.73031366685	0
8.544	-0.625346852015	-0.74762617072093	376.73031366685	0
8.55	-0.62915032171467	-0.74442877456724	376.73031366685	0
8.556	-0.63293891133664	-0.7412106026554	376.73031366685	0
8.562	-0.63671250886653	-0.73797170971302	376.73031366685	0
8.568	-0.64047100231747	-0.73471215103673	376.73031366685	0
8.574	-0.64421427973266	-0.73143198249454	376.73031366685	0
8.58	-0.64794222918784	-0.7281312605282	376.73031366685	0
8.586	-0.65165473879382	-0.72481004215559	376.73031366685	0
8.592	-0.65535169669913	-0.72146838497306	376.73031366685	0
8.598	-0.65903299109254	-0.71810634715778	376.73031366685	0
8.604	-0.66269851020575	-0.71472398747011	376.73031366685	0
8.61	-0.66634814231606	-0.71132136525595	376.73031366685	0
8.616	-0.66998177574902	-0.70789854044905	376.73031366685	0
8.622	-0.6735992988812	-0.70445557357342	376.73031366685	0
8.628	-0.67720060014296	-0.70099252574559	376.73031366685	0
8.634	-0.68078556802121	-0.69750945867699	376.73031366685	0
8.64	-0.68435409106224	-0.69400643467627	376.73031366685	0
8.646	-0.68790605787461	-0.69048351665162	376.73031366685	0
8.652	-0.69144135713198	-0.68694076811307	376.73031366685	0
8.658	-0.6949598775761	-0.68337825317484	376.73031366685	0
8.664	-0.69846150801969	-0.6797960365576	376.73031366685	0
8.67	-0.70194613734948	-0.67619418359081	376.73031366685	0
8.676	-0.70541365452923	-0.67257276021499	376.73031366685	0
8.682	-0.70886394860273	-0.66893183298399	376.73031366685	0
8.688	-0.71229690869694	-0.66527146906733	376.73031366685	0
8.694	-0.71571242402506	-0.66159173625242	376.73031366685	0
8.7	-0.71911038388975	-0.65789270294684	376.73031366685	0
8.706	-0.72249067768624	-0.65417443818059	376.73031366685	0
8.712	-0.72585319490559	-0.65043701160837	376.73031366685	0
8.718	-0.72919782513795	-0.64668049351179	376.73031366685	0
8.724	-0.73252445807584	-0.6429049548016	376.73031366685	0
8.73	-0.73583298351745	-0.63911046701996	376.73031366685	0
8.736	-0.73912329137003	-0.6352971023426	376.73031366685	0
8.742	-0.74239527165327	-0.63146493358106	376.73031366685	0
8.748	-0.74564881450274	-0.62761403418486	376.73031366685	0
8.754	-0.74888381017333	-0.62374447824373	376.73031366685	0
8.76	-0.75210014904277	-0.61985634048974	376.73031366685	0
8.766	-0.75529772161514	-0.61594969629948	376.73031366685	0
8.772	-0.75847641852446	-0.61202462169622	376.73031366685	0
8.778	-0.76163613053832	-0.60808119335205	376.73031366685	0
8.784	-0.76477674856147	-0.60411948859001	376.73031366685	0
8.79	-0.76789816363951	-0.6001395853862	376.73031366685	0
8.796	-0.77100026696265	-0.5961415623719	376.73031366685	0
8.802	-0.77408294986942	-0.59212549883566	376.73031366685	0
8.808	-0.77714610385045	-0.58809147472537	376.73031366685	0
8.814	-0.78018962055235	-0.58403957065034	376.73031366685	0
8.82	-0.7832133917815	-0.57996986788333	376.73031366685	0
8.826	-0.78621730950803	-0.57588244836263	376.73031366685	0
8.832	-0.78920126586967	-0.57177739469404	376.73031366685	0
8.838	-0.79216515317581	-0.56765479015289	376.73031366685	0
8.844	-0.79510886391146	-0.56351471868605	376.73031366685	0
8.85	-0.7980322907413	-0.55935726491391	376.73031366685	0
8.856	-0.80093532651381	-0.5551825141323	376.73031366685	0
8.862	-0.80381786426535	-0.55099055231447	376.73031366685	0
8.868	-0.80667979722436	-0.54678146611301	376.73031366685	0
8.874	-0.80952101881555	-0.54255534286176	376.73031366685	0
8.88	-0.81234142266413	-0.53831227057769	376.73031366685	0
8.886	-0.81514090260012	-0.5340523379628	376.73031366685	0
8.892	-0.81791935266265	-0.52977563440593	376.73031366685	0
8.898	-0.82067666710431	-0.52548224998463	376.73031366685	0
8.904	-0.82341274039558	-0.52117227546697	376.73031366685	0
8.91	-0.82612746722923	-0.51684580231334	376.73031366685	0
8.916	-0.82882074252483	-0.51250292267819	376.73031366685	0
8.922	-0.83149246143326	-0.50814372941182	376.73031366685	0
8.928	-0.83414251934121	-0.50376831606211	376.73031366685	0
8.934	-0.83677081187589	-0.4993767768762	376.73031366685	0
8.94	-0.83937723490953	-0.4949692068022	376.73031366685	0
8.946	-0.84196168456416	-0.49054570149085	376.73031366685	0
8.952	-0.84452405721627	-0.48610635729718	376.73031366685	0
8.958	-0.8470642495016	-0.48165127128206	376.73031366685	0
8.964	-0.84958215831988	-0.47718054121389	376.73031366685	0
8.97	-0.85207768083973	-0.47269426557008	376.73031366685	0
8.976	-0.85455071450348	-0.46819254353862	376.73031366685	0
8.982	-0.85700115703211	-0.46367547501964	376.73031366685	0
8.988	-0.85942890643022	-0.45914316062681	376.73031366685	0
8.994	-0.861833860991	-0.4545957016889	376.73031366685	0
9	-0.86421591930126	-0.45003320025111	376.73031366685	0

Curvelabel          = SZmax(1),Zmax(1)_(Cy_val=0.7)
Filename            = ^cSZmax(1)Zmax(1).sig
Npoints             = 1049
Type                = 8
Subtype             = 16
Result type         = complex:none;impedance
View type           = Cartesian
Plot type           = Magnitude dB
Parameters          = {Cx_val=0.7; Cy_val=0.7; L1=3.9; L2=2.5; L3=4; Lp=0.7; Rs=2.5; gap=0.4; h1=3; le_in=0.03; p=10.83; phi=0; t=0.035; theta=0}
Data/Title          = S-Parameters
X/Label             = Frequency
X/Unit              = GHz
Y/Unit              = 
Y/Logfactor         = 20
Plot/wrapHeuristics = 0

3	0.42722896803346	0.90342558464575	376.73031366685	0
3.006	0.43115119249674	0.90155241327085	376.73031366685	0
3.012	0.43506764469683	0.89966094960801	376.73031366685	0
3.018	0.43897824879976	0.89775118975667	376.73031366685	0
3.024	0.44288292881374	0.89582312993869	376.73031366685	0
3.03	0.44678160858769	0.89387676649775	376.73031366685	0
3.036	0.45067421180984	0.89191209589874	376.73031366685	0
3.042	0.45456066200627	0.88992911472708	376.73031366685	0
3.048	0.45844088253937	0.88792781968803	376.73031366685	0
3.054	0.46231479660629	0.88590820760599	376.73031366685	0
3.06	0.46618232723734	0.88387027542365	376.73031366685	0
3.066	0.47004339729432	0.88181402020118	376.73031366685	0
3.072	0.47389792946885	0.87973943911523	376.73031366685	0
3.078	0.47774584628054	0.87764652945792	376.73031366685	0
3.084	0.48158707007523	0.87553528863555	376.73031366685	0
3.09	0.48542152302302	0.87340571416728	376.73031366685	0
3.096	0.48924912711639	0.87125780368338	376.73031366685	0
3.102	0.4930698041681	0.86909155492325	376.73031366685	0
3.108	0.49688347580915	0.86690696573291	376.73031366685	0
3.114	0.5006900634867	0.86470403406187	376.73031366685	0
3.12	0.50448948846195	0.86248275795909	376.73031366685	0
3.126	0.50828167180828	0.86024313556763	376.73031366685	0
3.132	0.51206653440966	0.85798516511755	376.73031366685	0
3.138	0.51584399695988	0.85570884491618	376.73031366685	0
3.144	0.51961397996332	0.8534141733346	376.73031366685	0
3.15	0.52337640373866	0.85110114878861	376.73031366685	0
3.156	0.52713118842845	0.84876976971155	376.73031366685	0
3.162	0.53087825401979	0.84642003451537	376.73031366685	0
3.168	0.53461752038692	0.8440519415351	376.73031366685	0
3.174	0.5383489073769	0.84166548895213	376.73031366685	0
3.18	0.54207233498085	0.83926067469739	376.73031366685	0
3.186	0.54578772367332	0.83683749636184	376.73031366685	0
3.192	0.54949499506726	0.83439595123291	376.73031366685	0
3.198	0.55319407307323	0.83193603684935	376.73031366685	0
3.204	0.55688488544232	0.82945775312872	376.73031366685	0
3.21	0.56056736370556	0.82696110788209	376.73031366685	0
3.216	0.56424143476603	0.82444612454082	376.73031366685	0
3.222	0.56790699986277	0.82191283630146	376.73031366685	0
3.228	0.57156393088163	0.81936125070379	376.73031366685	0
3.234	0.57521211386121	0.8167913335074	376.73031366685	0
3.24	0.57885147383197	0.81420304818433	376.73031366685	0
3.246	0.58248194984308	0.8115963821028	376.73031366685	0
3.252	0.58610347429924	0.80897133796082	376.73031366685	0
3.258	0.5897159711463	0.80632792217068	376.73031366685	0
3.264	0.59331935940201	0.80366614039982	376.73031366685	0
3.27	0.59691355577682	0.80098599688553	376.73031366685	0
3.276	0.60049847595622	0.79828749475778	376.73031366685	0
3.282	0.60407403514017	0.79557063644256	376.73031366685	0
3.288	0.60764014824949	0.79283542395651	376.73031366685	0
3.294	0.61119672999491	0.79008185909604	376.73031366685	0
3.3	0.61474369489211	0.78730994355407	376.73031366685	0
3.306	0.6182809572571	0.78451967899159	376.73031366685	0
3.312	0.62180843119531	0.7817110670819	376.73031366685	0
3.318	0.62532603058984	0.77888410953817	376.73031366685	0
3.324	0.62883366909035	0.77603880813085	376.73031366685	0
3.33	0.63233126010335	0.7731751646989	376.73031366685	0
3.336	0.63581871678359	0.77029318115695	376.73031366685	0
3.342	0.63929595202658	0.76739285949997	376.73031366685	0
3.348	0.64276287846188	0.76447420180626	376.73031366685	0
3.354	0.64621940844703	0.76153721023938	376.73031366685	0
3.36	0.649665454062	0.75858188704936	376.73031366685	0
3.366	0.65310092710395	0.75560823457331	376.73031366685	0
3.3675	0.6539581330363	0.75486195778556	376.73031366685	0
3.372	0.65652573908227	0.75261625523583	376.73031366685	0
3.378	0.65993980121381	0.74960595154908	376.73031366685	0
3.384	0.66334302441821	0.74657732611268	376.73031366685	0
3.39	0.66673531931333	0.7435303816136	376.73031366685	0
3.396	0.67011659621075	0.74046512082581	376.73031366685	0
3.402	0.6734867651112	0.73738154661002	376.73031366685	0
3.408	0.67684573570007	0.73427966191333	376.73031366685	0
3.414	0.68019341734281	0.7311594697688	376.73031366685	0
3.42	0.68352971908032	0.72802097329514	376.73031366685	0
3.426	0.68685454962418	0.72486417569634	376.73031366685	0
3.43125	0.68975429436729	0.72208696773913	376.73031366685	0
3.432	0.69016781735179	0.72168908026133	376.73031366685	0
3.438	0.69346943030127	0.71849569036382	376.73031366685	0
3.444	0.69675929616615	0.71528400946215	376.73031366685	0
3.45	0.70003732228944	0.71205404109956	376.73031366685	0
3.456	0.70330341565714	0.70880578890486	376.73031366685	0
3.462	0.70655748289041	0.70553925659425	376.73031366685	0
3.468	0.70979943023549	0.70225444797525	376.73031366685	0
3.474	0.71302916354952	0.69895136695597	376.73031366685	0
3.48	0.71624658827814	0.69563001756734	376.73031366685	0
3.486	0.71945160941804	0.6922904040232	376.73031366685	0
3.492	0.72264413146179	0.68893253090496	376.73031366685	0
3.495	0.72423567533874	0.68724674867477	376.73031366685	0
3.498	0.72582405845554	0.68555640382186	376.73031366685	0
3.504	0.72899129607794	0.68216203165832	376.73031366685	0
3.51	0.73214576636993	0.67874941844971	376.73031366685	0
3.516	0.73528735802813	0.67531852995932	376.73031366685	0
3.522	0.73841594702901	0.67186940494072	376.73031366685	0
3.528	0.74153145645728	0.66840205368235	376.73031366685	0
3.534	0.74463379103306	0.66491647562138	376.73031366685	0
3.54	0.74772285200568	0.66141267381464	376.73031366685	0
3.546	0.75079854017014	0.6578906525242	376.73031366685	0
3.552	0.75386075600421	0.65435041642651	376.73031366685	0
3.558	0.7569093996163	0.65079197039292	376.73031366685	0
3.55875	0.75728952078014	0.65034588450028	376.73031366685	0
3.564	0.75994437070529	0.64721531941903	376.73031366685	0
3.57	0.7629655685357	0.6436204685983	376.73031366685	0
3.576	0.76597289192122	0.64000742311099	376.73031366685	0
3.582	0.76896623921258	0.636376188219	376.73031366685	0
3.588	0.77194550828762	0.63272676926323	376.73031366685	0
3.594	0.77491059654242	0.6290591716622	376.73031366685	0
3.6	0.77786140088317	0.62537340091121	376.73031366685	0
3.606	0.78079781771815	0.62166946258188	376.73031366685	0
3.612	0.78371974295003	0.61794736232183	376.73031366685	0
3.618	0.78662707196805	0.61420710585459	376.73031366685	0
3.6225	0.78879792674259	0.61139000197899	376.73031366685	0
3.624	0.78951969964026	0.61044869897946	376.73031366685	0
3.63	0.79239752030565	0.60667214757155	376.73031366685	0
3.636	0.79526042776618	0.60287745758177	376.73031366685	0
3.642	0.79810831527872	0.59906463503702	376.73031366685	0
3.648	0.80094107554677	0.59523368604026	376.73031366685	0
3.654	0.80375860071211	0.59138461677073	376.73031366685	0
3.66	0.80656078234617	0.58751743348418	376.73031366685	0
3.666	0.80934751144122	0.58363214251323	376.73031366685	0
3.672	0.81211867840123	0.57972875026767	376.73031366685	0
3.678	0.81487417303238	0.57580726323495	376.73031366685	0
3.684	0.81761388453303	0.57186768798077	376.73031366685	0
3.68625	0.81863718453637	0.57038568524451	376.73031366685	0
3.69	0.82033770148291	0.56791003114981	376.73031366685	0
3.696	0.82304551183104	0.56393429946679	376.73031366685	0
3.702	0.82573720288159	0.55994049973795	376.73031366685	0
3.708	0.82841266127575	0.55592863885357	376.73031366685	0
3.714	0.83107177296572	0.55189872379242	376.73031366685	0
3.72	0.83371442317126	0.54785076163103	376.73031366685	0
3.726	0.83634049629277	0.54378475956595	376.73031366685	0
3.732	0.83894987569846	0.53970072497819	376.73031366685	0
3.738	0.8415424430574	0.53559866567629	376.73031366685	0
3.744	0.84411807535168	0.53147859130748	376.73031366685	0
3.75	0.84667661870343	0.52734053570393	376.73031366685	0
3.756	0.84921832002169	0.52318445064619	376.73031366685	0
3.762	0.85174237321955	0.5190103104816	376.73031366685	0
3.768	0.85424910777177	0.51481823171902	376.73031366685	0
3.774	0.85673833073772	0.51060817473818	376.73031366685	0
3.78	0.8592099119704	0.5063801458162	376.73031366685	0
3.786	0.86166372668403	0.50213415272897	376.73031366685	0
3.792	0.86409965067338	0.49787020351651	376.73031366685	0
3.798	0.86651755937531	0.49358830634613	376.73031366685	0
3.804	0.86891732758953	0.48928846948887	376.73031366685	0
3.81	0.87129882936903	0.48497070131533	376.73031366685	0
3.816	0.873661937966	0.48063501029598	376.73031366685	0
3.822	0.87600652579909	0.4762814050026	376.73031366685	0
3.828	0.87833246442978	0.47190989411016	376.73031366685	0
3.834	0.88063962454299	0.46752048639881	376.73031366685	0
3.84	0.88292787592983	0.46311319075604	376.73031366685	0
3.84375	0.88434837273647	0.46034955125719	376.73031366685	0
3.846	0.88519708747123	0.45868801617886	376.73031366685	0
3.852	0.88744712712218	0.45424497177609	376.73031366685	0
3.858	0.88967786189601	0.44978406677075	376.73031366685	0
3.864	0.89188915784881	0.44530531050248	376.73031366685	0
3.87	0.89408088006367	0.44080871243014	376.73031366685	0
3.876	0.89625289263486	0.43629428213443	376.73031366685	0
3.882	0.89840505865172	0.43176202932068	376.73031366685	0
3.888	0.90053724018247	0.42721196382171	376.73031366685	0
3.894	0.90264929825769	0.42264409560087	376.73031366685	0
3.9	0.9047410928536	0.41805843475512	376.73031366685	0
3.906	0.90681248287509	0.41345499151838	376.73031366685	0
3.912	0.90886332613846	0.40883377626487	376.73031366685	0
3.918	0.91089347935393	0.40419479951277	376.73031366685	0
3.924	0.91290279810782	0.39953807192791	376.73031366685	0
3.93	0.91489113684444	0.39486360432774	376.73031366685	0
3.936	0.91685834884772	0.39017140768538	376.73031366685	0
3.9375	0.91734683349117	0.38899558966303	376.73031366685	0
3.942	0.91880428622249	0.38546149313394	376.73031366685	0
3.948	0.9207287998754	0.380733871971	376.73031366685	0
3.954	0.92263173949559	0.37598855566329	376.73031366685	0
3.96	0.92451295353495	0.37122555585158	376.73031366685	0
3.966	0.92637228918803	0.36644488435576	376.73031366685	0
3.972	0.9282095923716	0.36164655318018	376.73031366685	0
3.978	0.9300247077038	0.35683057451914	376.73031366685	0
3.984	0.931817478483	0.35199696076269	376.73031366685	0
3.99	0.93358774666611	0.34714572450255	376.73031366685	0
3.996	0.93533535284665	0.34227687853835	376.73031366685	0
4.002	0.9370601362323	0.33739043588407	376.73031366685	0
4.008	0.93876193462207	0.33248640977467	376.73031366685	0
4.014	0.94044058438306	0.32756481367305	376.73031366685	0
4.02	0.94209592042677	0.32262566127723	376.73031366685	0
4.026	0.94372777618496	0.3176689665277	376.73031366685	0
4.03125	0.94513625671174	0.31331747955932	376.73031366685	0
4.032	0.94533598358508	0.31269474361517	376.73031366685	0
4.038	0.94692037302523	0.30770300698848	376.73031366685	0
4.044	0.94848077334863	0.30269377136282	376.73031366685	0
4.05	0.95001701181758	0.29766705172819	376.73031366685	0
4.056	0.95152891408696	0.29262286335821	376.73031366685	0
4.062	0.95301630417705	0.28756122181908	376.73031366685	0
4.068	0.95447900444574	0.28248214297888	376.73031366685	0
4.074	0.95591683555995	0.27738564301696	376.73031366685	0
4.08	0.95732961646582	0.27227173843352	376.73031366685	0
4.086	0.95871716435719	0.26714044605884	376.73031366685	0
4.092	0.96007929464037	0.26199178306164	376.73031366685	0
4.098	0.96141582089084	0.25682576695461	376.73031366685	0
4.104	0.96272655478588	0.25164241559067	376.73031366685	0
4.11	0.96401130594774	0.24644174712438	376.73031366685	0
4.116	0.96526988127718	0.24122377978486	376.73031366685	0
4.122	0.96650207648016	0.23598852940384	376.73031366685	0
4.125	0.96710813204382	0.23336471029846	376.73031366685	0
4.128	0.96770776576467	0.23073604466553	376.73031366685	0
4.134	0.96888663676404	0.22546629189332	376.73031366685	0
4.14	0.97003855683183	0.22017932654168	376.73031366685	0
4.146	0.97116331488996	0.21487516355147	376.73031366685	0
4.152	0.97226070582335	0.2095538236455	376.73031366685	0
4.158	0.97333052315111	0.20421532846678	376.73031366685	0
4.164	0.97437255840055	0.1988597002611	376.73031366685	0
4.17	0.97538660095077	0.19348696182958	376.73031366685	0
4.176	0.97637243795957	0.1880971365277	376.73031366685	0
4.182	0.97732985431207	0.18269024827657	376.73031366685	0
4.188	0.97825863257596	0.17726632157882	376.73031366685	0
4.194	0.97915855295905	0.17182538153653	376.73031366685	0
4.2	0.98002939326725	0.16636745387049	376.73031366685	0
4.206	0.98087092886258	0.16089256494055	376.73031366685	0
4.212	0.98168293262053	0.15540074176676	376.73031366685	0
4.218	0.9824651748869	0.14989201205139	376.73031366685	0
4.21875	0.98256085102763	0.14920223350274	376.73031366685	0
4.224	0.98321742343387	0.14436640420182	376.73031366685	0
4.23	0.98393944341517	0.13882394735429	376.73031366685	0
4.236	0.98463099732038	0.13326467139855	376.73031366685	0
4.242	0.98529184492814	0.12768860700358	376.73031366685	0
4.248	0.9859217432582	0.1220957856444	376.73031366685	0
4.254	0.98652044652204	0.11648623963025	376.73031366685	0
4.26	0.98708770607169	0.11086000213442	376.73031366685	0
4.266	0.98762327034625	0.1052171072263	376.73031366685	0
4.272	0.98812688481499	0.099557589906742	376.73031366685	0
4.278	0.9885982919153	0.093881486148814	376.73031366685	0
4.284	0.98903723098187	0.088188832948305	376.73031366685	0
4.29	0.98944343816033	0.08247966839413	376.73031366685	0
4.296	0.98981664629045	0.076754031783923	376.73031366685	0
4.302	0.99015658472762	0.071011963856429	376.73031366685	0
4.308	0.9904629790379	0.065253507375438	376.73031366685	0
4.3125	0.99067059395152	0.060923937811284	376.73031366685	0
4.314	0.99073555052018	0.05947870899741	376.73031366685	0
4.32	0.99097401707562	0.053687627057679	376.73031366685	0
4.326	0.99117813147432	0.047880363566368	376.73031366685	0
4.332	0.99134782410894	0.042056769226229	376.73031366685	0
4.338	0.99148228306367	0.036216834640447	376.73031366685	0
4.344	0.99158146220773	0.030360916217613	376.73031366685	0
4.35	0.99164511512382	0.024488954133086	376.73031366685	0
4.356	0.99167292746395	0.018600979564715	376.73031366685	0
4.362	0.99166458821766	0.012697041522322	376.73031366685	0
4.368	0.99161978570718	0.0067771934882226	376.73031366685	0
4.374	0.99153820557143	0.00084149125775294	376.73031366685	0
4.38	0.99141952998674	-0.005110007505655	376.73031366685	0
4.386	0.99126343731281	-0.011077243356511	376.73031366685	0
4.392	0.99106960189554	-0.017060155057489	376.73031366685	0
4.398	0.99083769393368	-0.023058679538621	376.73031366685	0
4.404	0.99056737937376	-0.02907275184448	376.73031366685	0
4.40625	0.99045604078565	-0.031332023791786	376.73031366685	0
4.41	0.99025831981817	-0.035102305075732	376.73031366685	0
4.416	0.98991017243969	-0.041147270327566	376.73031366685	0
4.422	0.98952258989897	-0.047207576626208	376.73031366685	0
4.428	0.98909522026334	-0.053283150864433	376.73031366685	0
4.434	0.98862770692571	-0.059373917737206	376.73031366685	0
4.44	0.9881196885227	-0.065479799679294	376.73031366685	0
4.446	0.98757079884999	-0.071600716808128	376.73031366685	0
4.452	0.98698066677066	-0.077736586877918	376.73031366685	0
4.458	0.98634891610479	-0.083887325255798	376.73031366685	0
4.464	0.98567516546709	-0.090052844936702	376.73031366685	0
4.47	0.98495902795891	-0.096233056607615	376.73031366685	0
4.476	0.98420011046657	-0.10242786866833	376.73031366685	0
4.482	0.98339801212271	-0.10863718651572	376.73031366685	0
4.488	0.98255232280914	-0.11486090850071	376.73031366685	0
4.494	0.98166263055046	-0.12109891836514	376.73031366685	0
4.5	0.98072853884776	-0.12735109821093	376.73031366685	0
4.506	0.97974964554965	-0.13361735332136	376.73031366685	0
4.512	0.97872552003799	-0.13989758708608	376.73031366685	0
4.518	0.97765572217192	-0.14619168617382	376.73031366685	0
4.524	0.97653981062126	-0.15249952936549	376.73031366685	0
4.53	0.97537734067476	-0.1588209919759	376.73031366685	0
4.536	0.97416786232211	-0.16515594622268	376.73031366685	0
4.542	0.97291091946246	-0.17150426084252	376.73031366685	0
4.548	0.97160604958376	-0.17786580073601	376.73031366685	0
4.554	0.9702527835955	-0.18424042670215	376.73031366685	0
4.56	0.96885064570714	-0.19062799522776	376.73031366685	0
4.566	0.9673991533186	-0.19702835830427	376.73031366685	0
4.572	0.96589781691229	-0.20344136325642	376.73031366685	0
4.575	0.96512830230986	-0.2066525574076	376.73031366685	0
4.578	0.96434613994381	-0.20986685257489	376.73031366685	0
4.584	0.96274361873057	-0.21630466374855	376.73031366685	0
4.59	0.96108974233834	-0.22275462909421	376.73031366685	0
4.596	0.95938399246578	-0.2292165755823	376.73031366685	0
4.602	0.95762584332731	-0.23569032465792	376.73031366685	0
4.608	0.95581476153427	-0.24217569205653	376.73031366685	0
4.614	0.95395020597466	-0.24867248761387	376.73031366685	0
4.62	0.95203162769145	-0.25518051506996	376.73031366685	0
4.626	0.95005846975962	-0.26169957186663	376.73031366685	0
4.632	0.94803016716202	-0.26822944893857	376.73031366685	0
4.638	0.94594614666402	-0.27476993049741	376.73031366685	0
4.644	0.94380582668717	-0.28132079380875	376.73031366685	0
4.65	0.94160861718185	-0.28788180896189	376.73031366685	0
4.656	0.93935391949904	-0.2944527386318	376.73031366685	0
4.662	0.93704112626123	-0.30103333783333	376.73031366685	0
4.668	0.93466962123264	-0.30762335366728	376.73031366685	0
4.674	0.93223877918874	-0.31422252505795	376.73031366685	0
4.68	0.92974796578532	-0.32083058248214	376.73031366685	0
4.686	0.92719653742706	-0.32744724768904	376.73031366685	0
4.692	0.92458384113581	-0.33407223341091	376.73031366685	0
4.698	0.92190921441873	-0.34070524306417	376.73031366685	0
4.704	0.91917198513633	-0.34734597044055	376.73031366685	0
4.71	0.91637147137076	-0.35399409938805	376.73031366685	0
4.716	0.91350698129427	-0.36064930348138	376.73031366685	0
4.722	0.91057781303836	-0.36731124568139	376.73031366685	0
4.725	0.90908875248166	-0.37064463525815	376.73031366685	0
4.728	0.90758325456366	-0.37397957798346	376.73031366685	0
4.734	0.90452258353086	-0.38065394105416	376.73031366685	0
4.74	0.90139506717323	-0.38733396385617	376.73031366685	0
4.746	0.89819996217114	-0.39401926326092	376.73031366685	0
4.752	0.89493651452927	-0.40070944364904	376.73031366685	0
4.758	0.89160395945773	-0.40740409649826	376.73031366685	0
4.764	0.88820152125862	-0.41410279995951	376.73031366685	0
4.77	0.88472841322093	-0.42080511842216	376.73031366685	0
4.776	0.88118383752833	-0.42751060207193	376.73031366685	0
4.782	0.87756698518866	-0.43421878644941	376.73031366685	0
4.788	0.87387703600025	-0.44092919203067	376.73031366685	0
4.794	0.87011315858185	-0.44764132388681	376.73031366685	0
4.8	0.86627451049787	-0.45435467158982	376.73031366685	0
4.806	0.86236023840427	-0.46106870988234	376.73031366685	0
4.812	0.85836947710617	-0.46778290166459	376.73031366685	0
4.818	0.85430133931139	-0.47449670504509	376.73031366685	0
4.824	0.85015487352088	-0.48120955031212	376.73031366685	0
4.83	0.84592914089483	-0.48792071866613	376.73031366685	0
4.836	0.84162336974513	-0.49462956760262	376.73031366685	0
4.842	0.83723663868586	-0.50133555350461	376.73031366685	0
4.848	0.83276796809161	-0.50803802773111	376.73031366685	0
4.854	0.82821639186275	-0.51473629906092	376.73031366685	0
4.86	0.82358094162074	-0.52142965601763	376.73031366685	0
4.866	0.81886063920779	-0.52811736643651	376.73031366685	0
4.872	0.81405449468796	-0.5347986755524	376.73031366685	0
4.875	0.81161891892349	-0.53813668721912	376.73031366685	0
4.878	0.80916150582158	-0.54147280457161	376.73031366685	0
4.884	0.80418065792832	-0.54813894955253	376.73031366685	0
4.89	0.79911092386583	-0.55479628042024	376.73031366685	0
4.896	0.79395126405126	-0.56144394002999	376.73031366685	0
4.902	0.7887006265055	-0.56808104324061	376.73031366685	0
4.908	0.78335794691525	-0.57470667597914	376.73031366685	0
4.914	0.77792214871199	-0.58131989428764	376.73031366685	0
4.92	0.77239214316891	-0.58791972334682	376.73031366685	0
4.926	0.76676682951693	-0.5945051564736	376.73031366685	0
4.932	0.76104509508121	-0.60107515409067	376.73031366685	0
4.938	0.75522581543982	-0.60762864266641	376.73031366685	0
4.944	0.74930785460591	-0.61416451362437	376.73031366685	0
4.95	0.74329006523518	-0.62068162222097	376.73031366685	0
4.956	0.73717128886031	-0.62717878639093	376.73031366685	0
4.962	0.73095035615393	-0.63365478555942	376.73031366685	0
4.968	0.72462608722223	-0.64010835942035	376.73031366685	0
4.974	0.71819729193082	-0.64653820667997	376.73031366685	0
4.98	0.71166277026504	-0.65294298376537	376.73031366685	0
4.986	0.70502131272659	-0.65932130349697	376.73031366685	0
4.992	0.69827170076871	-0.66567173372469	376.73031366685	0
4.998	0.69141270727197	-0.67199279592707	376.73031366685	0
5.004	0.68444309706279	-0.67828296377301	376.73031366685	0
5.01	0.67736162747695	-0.68454066164549	376.73031366685	0
5.016	0.6701670489698	-0.69076426312697	376.73031366685	0
5.022	0.66285810577492	-0.69695208944619	376.73031366685	0
5.025	0.65916035346451	-0.70003204759742	376.73031366685	0
5.028	0.65543353661201	-0.70310240788587	376.73031366685	0
5.034	0.64789207544359	-0.70921343015116	376.73031366685	0
5.04	0.64023245227718	-0.71528331069868	376.73031366685	0
5.046	0.63245339400429	-0.72131014502584	376.73031366685	0
5.052	0.62455362525562	-0.7272919679203	376.73031366685	0
5.058	0.61653186922523	-0.73322675166926	376.73031366685	0
5.064	0.60838684835032	-0.73911240422816	376.73031366685	0
5.07	0.60011728455263	-0.74494676734869	376.73031366685	0
5.076	0.59172189817629	-0.75072761466992	376.73031366685	0
5.082	0.58319940256917	-0.75645264980939	376.73031366685	0
5.088	0.57454848002785	-0.76211950480872	376.73031366685	0
5.094	0.56576762795529	-0.76772574464336	376.73031366685	0
5.1	0.55685000509322	-0.77327010188776	376.73031366685	0
5.106	0.54781621521736	-0.77874634367049	376.73031366685	0
5.112	0.53863880145169	-0.78415519201297	376.73031366685	0
5.118	0.52932755870942	-0.78949294322848	376.73031366685	0
5.124	0.51988077668882	-0.79475668947739	376.73031366685	0
5.13	0.5102971946937	-0.79994349273814	376.73031366685	0
5.136	0.50057563454753	-0.80505033178761	376.73031366685	0
5.142	0.49071495836511	-0.81007409556234	376.73031366685	0
5.148	0.48071406080514	-0.81501158005004	376.73031366685	0
5.154	0.47057186858096	-0.8198594857903	376.73031366685	0
5.16	0.46028734217505	-0.82461441552602	376.73031366685	0
5.166	0.4498594784429	-0.82927287189948	376.73031366685	0
5.172	0.43928731368675	-0.83383125516279	376.73031366685	0
5.178	0.42856992704725	-0.83828586089148	376.73031366685	0
5.184	0.41770644415708	-0.84263287769587	376.73031366685	0
5.19	0.40669604104228	-0.84686838492608	376.73031366685	0
5.196	0.3955379482803	-0.85098835036817	376.73031366685	0
5.202	0.38423145544369	-0.85498862793372	376.73031366685	0
5.208	0.37277591587705	-0.85886495535926	376.73031366685	0
5.214	0.36117075187064	-0.86261295196193	376.73031366685	0
5.22	0.34941546029335	-0.86622811655001	376.73031366685	0
5.226	0.33750961870414	-0.86970582565761	376.73031366685	0
5.2305	0.32848123392273	-0.87222105139854	376.73031366685	0
5.232	0.32545289184344	-0.87304133232651	376.73031366685	0
5.238	0.31324503821218	-0.87622976561509	376.73031366685	0
5.244	0.30088591626833	-0.87926613077927	376.73031366685	0
5.25	0.28837548981917	-0.88214530965343	376.73031366685	0
5.256	0.27571383263939	-0.88486206042179	376.73031366685	0
5.262	0.26290113303858	-0.88741101612118	376.73031366685	0
5.268	0.2499376994755	-0.88978668195205	376.73031366685	0
5.274	0.23682396794446	-0.89198343227531	376.73031366685	0
5.28	0.22356051101567	-0.89399550836475	376.73031366685	0
5.286	0.21014804780548	-0.89581701749588	376.73031366685	0
5.292	0.19658745414393	-0.89744193330063	376.73031366685	0
5.29575	0.18803731660961	-0.89835494201884	376.73031366685	0
5.298	0.18287977257919	-0.89886409696916	376.73031366685	0
5.304	0.16902622222651	-0.90007721888015	376.73031366685	0
5.31	0.15502820864497	-0.90107488038525	376.73031366685	0
5.316	0.14088733391322	-0.90185053558429	376.73031366685	0
5.322	0.12660540691528	-0.90239751295393	376.73031366685	0
5.328	0.11218445352951	-0.9027090167345	376.73031366685	0
5.334	0.097626725980696	-0.90277812832874	376.73031366685	0
5.34	0.082934710563598	-0.9025978089939	376.73031366685	0
5.346	0.068111134493177	-0.90216090629939	376.73031366685	0
5.352	0.053158975805118	-0.9014601654641	376.73031366685	0
5.358	0.038081480253464	-0.90048824127332	376.73031366685	0
5.361	0.030496823845151	-0.89989826688635	376.73031366685	0
5.364	0.022882182155983	-0.89923770387616	376.73031366685	0
5.37	0.0075649212166743	-0.89770103888126	376.73031366685	0
5.376	-0.0078661470608071	-0.89587064869898	376.73031366685	0
5.382	-0.023406543170455	-0.89373885905657	376.73031366685	0
5.388	-0.039051453935792	-0.89129792939972	376.73031366685	0
5.394	-0.054795720848498	-0.88854006486829	376.73031366685	0
5.4	-0.070633827281467	-0.88545742878822	376.73031366685	0
5.406	-0.08655988535849	-0.88204215559988	376.73031366685	0
5.412	-0.10256762288203	-0.8782863644492	376.73031366685	0
5.418	-0.11865037048312	-0.87418217366185	376.73031366685	0
5.424	-0.13480104906452	-0.86972171625059	376.73031366685	0
5.42625	-0.14087354972763	-0.86795559408532	376.73031366685	0
5.43	-0.15101215758748	-0.86489715654948	376.73031366685	0
5.436	-0.16727576125729	-0.85970070803557	376.73031366685	0
5.442	-0.18358348017431	-0.85412465237946	376.73031366685	0
5.448	-0.19992647852882	-0.84816135975569	376.73031366685	0
5.454	-0.21629545442797	-0.84180331043615	376.73031366685	0
5.46	-0.23268063045217	-0.83504311768326	376.73031366685	0
5.466	-0.2490717450456	-0.82787355195365	376.73031366685	0
5.472	-0.26545804485291	-0.8202875664158	376.73031366685	0
5.478	-0.28182827812009	-0.81227832377798	376.73031366685	0
5.484	-0.29817068928351	-0.80383922441398	376.73031366685	0
5.49	-0.3144730148762	-0.79496393576518	376.73031366685	0
5.4915	-0.31854084718937	-0.79267624482734	376.73031366685	0
5.496	-0.33072248088513	-0.78564642298711	376.73031366685	0
5.502	-0.34690580169721	-0.77588098079741	376.73031366685	0
5.508	-0.36300918077469	-0.76566226647023	376.73031366685	0
5.514	-0.37901831320334	-0.75498533390896	376.73031366685	0
5.52	-0.39491839025764	-0.7438456687155	376.73031366685	0
5.526	-0.41069410612759	-0.73223922415949	376.73031366685	0
5.532	-0.42632966695062	-0.72016245793558	376.73031366685	0
5.538	-0.44180880228948	-0.70761236958086	376.73031366685	0
5.544	-0.45711477919264	-0.69458653840779	376.73031366685	0
5.55	-0.47223041896835	-0.68108316179099	376.73031366685	0
5.556	-0.48713811679525	-0.66710109362887	376.73031366685	0
5.562	-0.50181986428268	-0.65263988278339	376.73031366685	0
5.568	-0.5162572750819	-0.63769981128392	376.73031366685	0
5.574	-0.53043161363378	-0.62228193206297	376.73031366685	0
5.58	-0.54432382711997	-0.6063881059742	376.73031366685	0
5.586	-0.5579145806585	-0.5900210378229	376.73031366685	0
5.592	-0.57118429574329	-0.5731843111135	376.73031366685	0
5.598	-0.58411319183642	-0.55588242116768	376.73031366685	0
5.604	-0.59668133072733	-0.53812080610027	376.73031366685	0
5.61	-0.60886866178223	-0.51990587425553	376.73031366685	0
5.616	-0.62065505196382	-0.50124501744704	376.73031366685	0
5.622	-0.63202180093454	-0.48214337789229	376.73031366685	0
5.628	-0.64294520183924	-0.46262060604362	376.73031366685	0
5.634	-0.65340856880532	-0.44267686801106	376.73031366685	0
5.64	-0.66339126010182	-0.42232732463117	376.73031366685	0
5.646	-0.67287373398405	-0.40158466454642	376.73031366685	0
5.652	-0.68183679048451	-0.3804626781291	376.73031366685	0
5.658	-0.69026161608348	-0.35897624912145	376.73031366685	0
5.664	-0.69812985097382	-0.33714134903045	376.73031366685	0
5.67	-0.70542365999448	-0.31497502745756	376.73031366685	0
5.676	-0.71212580480487	-0.29249539735555	376.73031366685	0
5.682	-0.71821971646594	-0.26972161487722	376.73031366685	0
5.688	-0.72368956785959	-0.24667385364011	376.73031366685	0
5.694	-0.72852034542839	-0.22337327330438	376.73031366685	0
5.7	-0.73269791972142	-0.1998419824163	376.73031366685	0
5.706	-0.73620911422615	-0.17610299552195	376.73031366685	0
5.712	-0.73904177196134	-0.15218018460795	376.73031366685	0
5.7165	-0.74071427157116	-0.13413225709251	376.73031366685	0
5.718	-0.74118481930393	-0.12809822497972	376.73031366685	0
5.724	-0.74262832652717	-0.10388253574211	376.73031366685	0
5.73	-0.74336356453589	-0.079559215101833	376.73031366685	0
5.736	-0.74338305730099	-0.055154970765547	376.73031366685	0
5.742	-0.74268062951658	-0.03069704576086	376.73031366685	0
5.748	-0.74125144903132	-0.0062131400588701	376.73031366685	0
5.754	-0.7390920636397	0.018268671574195	376.73031366685	0
5.76	-0.73620043185872	0.04272002502339	376.73031366685	0
5.766	-0.73257594736101	0.067112355055277	376.73031366685	0
5.772	-0.7282194567858	0.091416985781633	376.73031366685	0
5.778	-0.72313327070393	0.11560522277543	376.73031366685	0
5.784	-0.71732116757145	0.13964844623347	376.73031366685	0
5.79	-0.710788390568	0.16351820456198	376.73031366685	0
5.796	-0.7035416372796	0.18718630775095	376.73031366685	0
5.802	-0.69558904224994	0.21062491989881	376.73031366685	0
5.808	-0.68694015248961	0.23380665025371	376.73031366685	0
5.811	-0.68235795916336	0.24529276880871	376.73031366685	0
5.814	-0.67760589609664	0.25670464214801	376.73031366685	0
5.82	-0.66759854420444	0.27929265922188	376.73031366685	0
5.826	-0.65693166653355	0.30154516835705	376.73031366685	0
5.832	-0.64562008087992	0.32343741877403	376.73031366685	0
5.838	-0.63367979692546	0.34494551678452	376.73031366685	0
5.844	-0.62112795480376	0.36604649573444	376.73031366685	0
5.85	-0.60798275889637	0.38671838072202	376.73031366685	0
5.856	-0.5942634073711	0.40694024772769	376.73031366685	0
5.862	-0.57999001800361	0.42669227684902	376.73031366685	0
5.868	-0.56518355084699	0.44595579939244	376.73031366685	0
5.874	-0.54986572833071	0.46471333863411	376.73031366685	0
5.88	-0.53405895338052	0.482948644124	376.73031366685	0
5.886	-0.51778622615437	0.50064671947094	376.73031366685	0
5.892	-0.50107105998576	0.51779384361107	376.73031366685	0
5.898	-0.48393739711277	0.53437758562975	376.73031366685	0
5.904	-0.46640952474408	0.55038681327731	376.73031366685	0
5.9055	-0.46196883368473	0.55429817166591	376.73031366685	0
5.91	-0.44851199196178	0.56581169538802	376.73031366685	0
5.916	-0.43026952787216	0.58064369846075	376.73031366685	0
5.922	-0.41170696128965	0.59487557764352	376.73031366685	0
5.928	-0.39284914213936	0.60850136221293	376.73031366685	0
5.934	-0.37372086487456	0.62151633535641	376.73031366685	0
5.94	-0.35434679472837	0.63391700793698	376.73031366685	0
5.946	-0.33475139828775	0.64570108651423	376.73031366685	0
5.952	-0.31495887966996	0.65686743720246	376.73031366685	0
5.958	-0.29499312198037	0.66741604754958	376.73031366685	0
5.964	-0.27487763231327	0.67734798732958	376.73031366685	0
5.97	-0.25463548910727	0.68666536734673	376.73031366685	0
5.976	-0.23428929228094	0.69537129512817	376.73031366685	0
5.982	-0.21386111729485	0.70346982743696	376.73031366685	0
5.988	-0.19337247389199	0.71096592037098	376.73031366685	0
5.994	-0.17284426966172	0.71786537792811	376.73031366685	0
6	-0.1522967782584	0.72417479968754	376.73031366685	0
6.006	-0.1317496120419	0.72990152803197	376.73031366685	0
6.012	-0.11122169892675	0.73505359520565	376.73031366685	0
6.018	-0.090731263232466	0.73963967044665	376.73031366685	0
6.024	-0.07029581029901	0.74366900742568	376.73031366685	0
6.03	-0.049932114594385	0.74715139227349	376.73031366685	0
6.036	-0.02965621106664	0.75009709257194	376.73031366685	0
6.042	-0.0094833896362484	0.75251680772964	376.73031366685	0
6.048	0.010571807090489	0.75442162102543	376.73031366685	0
6.054	0.030495582802249	0.75582295330115	376.73031366685	0
6.06	0.050274883338257	0.75673251808688	376.73031366685	0
6.066	0.069897389888805	0.75716227805397	376.73031366685	0
6.072	0.089351510044002	0.75712440295468	376.73031366685	0
6.078	0.10862636701238	0.75663122933655	376.73031366685	0
6.084	0.12771178715883	0.75569522225715	376.73031366685	0
6.09	0.14659828595637	0.75432893909803	376.73031366685	0
6.096	0.16527705246905	0.75254499548835	376.73031366685	0
6.102	0.18373993251933	0.75035603331279	376.73031366685	0
6.108	0.20197941071313	0.74777469077064	376.73031366685	0
6.114	0.21998859149864	0.74481357445296	376.73031366685	0
6.12	0.23776117942823	0.74148523340254	376.73031366685	0
6.126	0.25529145878156	0.73780213511774	376.73031366685	0
6.132	0.27257427269669	0.73377664345488	376.73031366685	0
6.138	0.28960500194413	0.72942099837789	376.73031366685	0
6.144	0.30637954346771	0.72474729749779	376.73031366685	0
6.15	0.32289428880577	0.71976747933948	376.73031366685	0
6.156	0.33914610249609	0.71449330826904	376.73031366685	0
6.162	0.35513230055819	0.70893636101125	376.73031366685	0
6.168	0.3708506291377	0.70310801468472	376.73031366685	0
6.174	0.38629924338847	0.69701943628035	376.73031366685	0
6.18	0.40147668665996	0.69068157350784	376.73031366685	0
6.186	0.41638187004944	0.6841051469349	376.73031366685	0
6.192	0.4310140523714	0.67730064334439	376.73031366685	0
6.198	0.44537282058973	0.67027831023568	376.73031366685	0
6.204	0.4594580707529	0.66304815139864	376.73031366685	0
6.21	0.47326998946756	0.6556199234914	376.73031366685	0
6.216	0.48680903594486	0.64800313355748	376.73031366685	0
6.222	0.50007592465744	0.64020703742339	376.73031366685	0
6.228	0.51307160866222	0.63224063892541	376.73031366685	0
6.234	0.52579726369535	0.62411268991782	376.73031366685	0
6.24	0.53825427328811	0.61583169098282	376.73031366685	0
6.246	0.55044421553824	0.60740589251687	376.73031366685	0
6.252	0.56236885300616	0.59884329446469	376.73031366685	0
6.258	0.57403012624775	0.59015163621192	376.73031366685	0
6.264	0.58543012181816	0.58133835557152	376.73031366685	0
6.27	0.59657091998659	0.57241062371474	376.73031366685	0
6.276	0.6074547052588	0.56337563202717	376.73031366685	0
6.282	0.61808405935371	0.55424029619402	376.73031366685	0
6.288	0.62846160746447	0.54501111736282	376.73031366685	0
6.294	0.63858998439763	0.5356943896539	376.73031366685	0
6.3	0.64847190010531	0.52629621461262	376.73031366685	0
6.306	0.65811014325474	0.51682248665666	376.73031366685	0
6.312	0.66750757157897	0.50727889067858	376.73031366685	0
6.315	0.67211688971091	0.50248261205805	376.73031366685	0
6.318	0.67666710223134	0.49767090480277	376.73031366685	0
6.324	0.68559170324972	0.48800380472047	376.73031366685	0
6.33	0.69428438588433	0.47828266852742	376.73031366685	0
6.336	0.7027481975732	0.46851238174112	376.73031366685	0
6.342	0.71098621544455	0.45869764238844	376.73031366685	0
6.348	0.71900154027811	0.4488429661179	376.73031366685	0
6.354	0.72679729088322	0.43895269131231	376.73031366685	0
6.36	0.73437659886385	0.42903098418465	376.73031366685	0
6.366	0.74174260374711	0.41908184384397	376.73031366685	0
6.372	0.74889844845496	0.40910910731982	376.73031366685	0
6.378	0.75584727510101	0.39911645453511	376.73031366685	0
6.384	0.76259222109526	0.38910741321862	376.73031366685	0
6.39	0.76913641554105	0.37908536374923	376.73031366685	0
6.396	0.7754829759086	0.36905354392508	376.73031366685	0
6.402	0.78163500497083	0.35901505365157	376.73031366685	0
6.408	0.78759558798738	0.34897285954301	376.73031366685	0
6.414	0.79336779012357	0.33892979943352	376.73031366685	0
6.42	0.79895465409162	0.32888858679314	376.73031366685	0
6.426	0.80435919800258	0.31885181504612	376.73031366685	0
6.432	0.80958441341789	0.30882196178829	376.73031366685	0
6.438	0.81463326359142	0.29880139290106	376.73031366685	0
6.441	0.81709246959775	0.29379529987595	376.73031366685	0
6.444	0.81950868189461	0.28879236655913	376.73031366685	0
6.45	0.8242135704214	0.27879703712865	376.73031366685	0
6.456	0.82875079877684	0.26881745895012	376.73031366685	0
6.462	0.83312320306952	0.25885558999529	376.73031366685	0
6.468	0.83733358516703	0.24891329537342	376.73031366685	0
6.474	0.84138471238005	0.23899235062373	376.73031366685	0
6.48	0.84527931807588	0.22909444460562	376.73031366685	0
6.486	0.84902010501251	0.21922118130681	376.73031366685	0
6.492	0.85260975984689	0.20937407726371	376.73031366685	0
6.498	0.85605104559231	0.19955452678111	376.73031366685	0
6.504	0.85935022326518	0.18976158589301	376.73031366685	0
6.51	0.86249585826535	0.18000455284505	376.73031366685	0
6.516	0.86550692584529	0.1702758762558	376.73031366685	0
6.522	0.8683791273087	0.16058003794765	376.73031366685	0
6.528	0.87111516946182	0.15091807823969	376.73031366685	0
6.534	0.87371748381633	0.14129103763792	376.73031366685	0
6.54	0.87618842863786	0.13169990912111	376.73031366685	0
6.546	0.87853031396736	0.12214563351057	376.73031366685	0
6.552	0.88074540762422	0.11262910002254	376.73031366685	0
6.558	0.88283593727802	0.10315114789085	376.73031366685	0
6.564	0.88480409141174	0.09371256825239	376.73031366685	0
6.57	0.88665201991403	0.084314106079226	376.73031366685	0
6.576	0.88838183453791	0.074956462087484	376.73031366685	0
6.582	0.88999560931348	0.065640294597485	376.73031366685	0
6.588	0.89149538095008	0.056366221335541	376.73031366685	0
6.594	0.89288314924289	0.047134821174044	376.73031366685	0
6.6	0.89416087749022	0.037946635809255	376.73031366685	0
6.606	0.89533049292374	0.028802171377389	376.73031366685	0
6.612	0.89639388715196	0.019701900010257	376.73031366685	0
6.618	0.89735291661657	0.010646261332007	376.73031366685	0
6.624	0.89820940306037	0.001635663898665	376.73031366685	0
6.6285	0.89878555061518	-0.0050924968659427	376.73031366685	0
6.63	0.89896513400581	-0.0073295134177422	376.73031366685	0
6.636	0.89962186324281	-0.016248920098706	376.73031366685	0
6.642	0.90018131132451	-0.025122232700542	376.73031366685	0
6.648	0.90064516606986	-0.033949153625722	376.73031366685	0
6.654	0.90101508307195	-0.042729409942357	376.73031366685	0
6.66	0.90129268621095	-0.05146275225004	376.73031366685	0
6.666	0.90147956817104	-0.060148953590132	376.73031366685	0
6.672	0.90157729096061	-0.068787808398518	376.73031366685	0
6.678	0.90158738643571	-0.077379131498593	376.73031366685	0
6.684	0.9015113568272	-0.085922757131871	376.73031366685	0
6.69	0.90135067527372	-0.094418538022698	376.73031366685	0
6.69075	0.90132471024427	-0.095477139905543	376.73031366685	0
6.696	0.90110678636546	-0.10286634447196	376.73031366685	0
6.702	0.90078110671089	-0.11126606347116	376.73031366685	0
6.708	0.90037502555683	-0.11961759782103	376.73031366685	0
6.714	0.8998899055447	-0.12792086522381	376.73031366685	0
6.72	0.89932708385951	-0.13617579729287	376.73031366685	0
6.726	0.89868787471511	-0.14438233845679	376.73031366685	0
6.732	0.89797357747762	-0.15254044599157	376.73031366685	0
6.738	0.89718551119147	-0.16065011625297	376.73031366685	0
6.744	0.89632482922371	-0.16871165905544	376.73031366685	0
6.75	0.89539225834905	-0.17672444866837	376.73031366685	0
6.753	0.89489968459938	-0.18071257992984	376.73031366685	0
6.756	0.89438973147382	-0.18468861294137	376.73031366685	0
6.762	0.89331819921836	-0.1926043759341	376.73031366685	0
6.768	0.89217875335145	-0.20047173319977	376.73031366685	0
6.774	0.89097250446816	-0.20829070625688	376.73031366685	0
6.78	0.88970054725046	-0.21606133261283	376.73031366685	0
6.786	0.88836395621833	-0.22378366049851	376.73031366685	0
6.792	0.88696378528891	-0.23145774683147	376.73031366685	0
6.798	0.88550106799943	-0.23908365619601	376.73031366685	0
6.804	0.88397681787549	-0.24666146018456	376.73031366685	0
6.81	0.88239202883329	-0.25419123689029	376.73031366685	0
6.816	0.88074767558709	-0.26167307047449	376.73031366685	0
6.822	0.87904471405349	-0.2691070507775	376.73031366685	0
6.828	0.87728408174989	-0.27649327295928	376.73031366685	0
6.834	0.87546669818624	-0.28383183716233	376.73031366685	0
6.84	0.87359346524976	-0.29112284819339	376.73031366685	0
6.846	0.87166526758264	-0.29836641522137	376.73031366685	0
6.852	0.86968297295267	-0.30556265149015	376.73031366685	0
6.858	0.86764743261686	-0.31271167404509	376.73031366685	0
6.864	0.86555948167813	-0.31981360347238	376.73031366685	0
6.87	0.86341993943508	-0.32686856365051	376.73031366685	0
6.876	0.86122960972499	-0.33387668151325	376.73031366685	0
6.8775	0.86067418451055	-0.33562140701472	376.73031366685	0
6.882	0.85898928125998	-0.34083808682367	376.73031366685	0
6.888	0.85669972795651	-0.34775291195852	376.73031366685	0
6.894	0.85436170925832	-0.35462129170261	376.73031366685	0
6.9	0.85197597045264	-0.36144336305274	376.73031366685	0
6.906	0.8495432429801	-0.36821926503071	376.73031366685	0
6.912	0.847064244738	-0.37494913850488	376.73031366685	0
6.918	0.84453968037728	-0.38163312602009	376.73031366685	0
6.924	0.841970241593	-0.38827137163518	376.73031366685	0
6.93	0.83935660740842	-0.39486402076781	376.73031366685	0
6.936	0.83669944445238	-0.40141122004584	376.73031366685	0
6.93975	0.8350169044677	-0.40548020517634	376.73031366685	0
6.942	0.8339994072298	-0.40791311716443	376.73031366685	0
6.948	0.83125713838445	-0.4143698607474	376.73031366685	0
6.954	0.82847326895261	-0.42078160021054	376.73031366685	0
6.96	0.82564841860433	-0.42714848562166	376.73031366685	0
6.966	0.8227831958648	-0.43347066754607	376.73031366685	0
6.972	0.81987819829686	-0.43974829684741	376.73031366685	0
6.978	0.81693401259032	-0.44598152435259	376.73031366685	0
6.984	0.81395121437295	-0.452170500036	376.73031366685	0
6.99	0.81093036694867	-0.4583153699253	376.73031366685	0
6.996	0.80787201464301	-0.46441625350584	376.73031366685	0
7.002	0.80477740548894	-0.47047309713333	376.73031366685	0
7.008	0.80164527546331	-0.4764871133616	376.73031366685	0
7.014	0.79847768621869	-0.48245710748161	376.73031366685	0
7.02	0.7952747815551	-0.48838378517694	376.73031366685	0
7.026	0.79203704307711	-0.49426728501243	376.73031366685	0
7.032	0.78876496712802	-0.50010775463911	376.73031366685	0
7.038	0.78545904533706	-0.50590534352829	376.73031366685	0
7.044	0.78211976209578	-0.511660201408	376.73031366685	0
7.05	0.77874759408289	-0.51737247778131	376.73031366685	0
7.056	0.77534301022868	-0.52304232172335	376.73031366685	0
7.062	0.77190647180573	-0.52866988177047	376.73031366685	0
7.068	0.76843843256228	-0.53425530584601	376.73031366685	0
7.074	0.76493933887096	-0.53979874120355	376.73031366685	0
7.08	0.76140962988242	-0.54530033437951	376.73031366685	0
7.086	0.7578497376797	-0.55076023115171	376.73031366685	0
7.092	0.75426008743121	-0.55617857650227	376.73031366685	0
7.0965	0.7515485729739	-0.56021515414356	376.73031366685	0
7.098	0.75064109754149	-0.56155551458369	376.73031366685	0
7.104	0.74699317979926	-0.56689118868777	376.73031366685	0
7.11	0.74331673952254	-0.57218574121695	376.73031366685	0
7.116	0.73961217570073	-0.57743931365777	376.73031366685	0
7.122	0.73587988113366	-0.58265204655636	376.73031366685	0
7.128	0.73212024256766	-0.58782407949581	376.73031366685	0
7.134	0.7283336408285	-0.5929555510752	376.73031366685	0
7.14	0.72452045095147	-0.59804659889029	376.73031366685	0
7.146	0.72068104230856	-0.60309735951572	376.73031366685	0
7.152	0.71681577873274	-0.60810796848867	376.73031366685	0
7.158	0.71292501863949	-0.61307856029379	376.73031366685	0
7.164	0.70900911514564	-0.61800926834944	376.73031366685	0
7.17	0.70506841618549	-0.6229002249951	376.73031366685	0
7.176	0.70110326462438	-0.62775156147983	376.73031366685	0
7.182	0.69711399836978	-0.63256340795178	376.73031366685	0
7.188	0.69310095047988	-0.63733589344851	376.73031366685	0
7.191	0.69108561120258	-0.63970741584956	376.73031366685	0
7.194	0.68906444926977	-0.64206914588826	376.73031366685	0
7.2	0.6850048184154	-0.64676329206182	376.73031366685	0
7.206	0.68092237705517	-0.65141845762509	376.73031366685	0
7.212	0.67681743988945	-0.65603476709199	376.73031366685	0
7.218	0.67269031727785	-0.66061234382786	376.73031366685	0
7.224	0.66854131533449	-0.66515131004288	376.73031366685	0
7.23	0.66437073602112	-0.66965178678556	376.73031366685	0
7.236	0.66017887723821	-0.6741138939359	376.73031366685	0
7.242	0.65596603291387	-0.67853775019809	376.73031366685	0
7.248	0.65173249309045	-0.68292347309234	376.73031366685	0
7.254	0.64747854400856	-0.68727117894552	376.73031366685	0
7.26	0.64320446818809	-0.69158098288034	376.73031366685	0
7.266	0.63891054450539	-0.69585299880274	376.73031366685	0
7.272	0.63459704826567	-0.70008733938733	376.73031366685	0
7.278	0.63026425126895	-0.70428411606126	376.73031366685	0
7.284	0.62591242186769	-0.70844343898746	376.73031366685	0
7.2855	0.62482152182739	-0.70947743035902	376.73031366685	0
7.29	0.62154182501376	-0.71256541704966	376.73031366685	0
7.296	0.61715272229248	-0.71665015784338	376.73031366685	0
7.302	0.61274537194319	-0.72069776768005	376.73031366685	0
7.308	0.60832002886879	-0.72470835161428	376.73031366685	0
7.314	0.60387694464391	-0.72868201350621	376.73031366685	0
7.32	0.59941636754126	-0.73261885612849	376.73031366685	0
7.326	0.59493854260701	-0.73651898131708	376.73031366685	0
7.332	0.59044371182134	-0.74038249014317	376.73031366685	0
7.338	0.58593211436816	-0.74420948305482	376.73031366685	0
7.344	0.58140398700077	-0.74800005991599	376.73031366685	0
7.35	0.57685956443569	-0.75175431988257	376.73031366685	0
7.356	0.57229907966723	-0.75547236111134	376.73031366685	0
7.362	0.56772276410857	-0.75915428037739	376.73031366685	0
7.368	0.56313084753716	-0.76280017272675	376.73031366685	0
7.374	0.55852355791087	-0.76641013127381	376.73031366685	0
7.38	0.55390112116811	-0.76998424718173	376.73031366685	0
7.386	0.54926376110902	-0.77352260978972	376.73031366685	0
7.392	0.54461169940106	-0.77702530681588	376.73031366685	0
7.398	0.53994515570179	-0.78049242457315	376.73031366685	0
7.404	0.5352643478658	-0.78392404816581	376.73031366685	0
7.41	0.53056949220029	-0.78732026166305	376.73031366685	0
7.416	0.52586080374303	-0.79068114826468	376.73031366685	0
7.422	0.52113849654692	-0.79400679048017	376.73031366685	0
7.428	0.5164027839622	-0.79729727034313	376.73031366685	0
7.434	0.51165387890898	-0.80055266967848	376.73031366685	0
7.44	0.50689199413071	-0.80377307043389	376.73031366685	0
7.446	0.50211734241247	-0.80695855507828	376.73031366685	0
7.452	0.4973301367388	-0.81010920705759	376.73031366685	0
7.458	0.49253059035135	-0.81322511128318	376.73031366685	0
7.464	0.48771891665022	-0.81630635460906	376.73031366685	0
7.47	0.48289532886095	-0.81935302623955	376.73031366685	0
7.476	0.47806003937527	-0.82236521800438	376.73031366685	0
7.482	0.47321325867675	-0.82534302445539	376.73031366685	0
7.488	0.46835519381183	-0.82828654277884	376.73031366685	0
7.494	0.46348604648083	-0.8311958725587	376.73031366685	0
7.5	0.45860601098863	-0.83407111543101	376.73031366685	0
7.506	0.45371527244521	-0.83691237460351	376.73031366685	0
7.512	0.4488140056357	-0.83971975411255	376.73031366685	0
7.518	0.44390237483959	-0.84249335764682	376.73031366685	0
7.524	0.438980534632	-0.84523328687256	376.73031366685	0
7.53	0.43404863148335	-0.84793963941565	376.73031366685	0
7.536	0.42910680587479	-0.85061250685741	376.73031366685	0
7.542	0.42415519464898	-0.8532519731585	376.73031366685	0
7.548	0.41919393335307	-0.85585811381855	376.73031366685	0
7.554	0.41422315836566	-0.85843099588555	376.73031366685	0
7.56	0.40924300863621	-0.86097067873506	376.73031366685	0
7.566	0.40425362691933	-0.86347721540853	376.73031366685	0
7.572	0.39925516045831	-0.86595065424719	376.73031366685	0
7.578	0.39424776114712	-0.86839104057135	376.73031366685	0
7.584	0.38923158526054	-0.87079841821155	376.73031366685	0
7.59	0.3842067928749	-0.87317283077066	376.73031366685	0
7.59375	0.38106199444555	-0.87464011818084	376.73031366685	0
7.596	0.37917354710867	-0.87551432256571	376.73031366685	0
7.602	0.37413201329658	-0.87782293925281	376.73031366685	0
7.608	0.36908235818505	-0.8800987281736	376.73031366685	0
7.614	0.36402474920661	-0.8823417384792	376.73031366685	0
7.62	0.35895935386476	-0.88455202109136	376.73031366685	0
7.626	0.35388633923955	-0.88672962855529	376.73031366685	0
7.632	0.34880587161024	-0.88887461482953	376.73031366685	0
7.638	0.34371811618249	-0.89098703504713	376.73031366685	0
7.644	0.33862323690399	-0.89306694527266	376.73031366685	0
7.65	0.33352139635133	-0.89511440227086	376.73031366685	0
7.656	0.32841275567218	-0.89712946329619	376.73031366685	0
7.662	0.32329747456849	-0.89911218590778	376.73031366685	0
7.668	0.31817571130935	-0.90106262781104	376.73031366685	0
7.674	0.31304762276406	-0.90298084672498	376.73031366685	0
7.68	0.30791336444823	-0.90486690027339	376.73031366685	0
7.686	0.30277309057761	-0.90672084589696	376.73031366685	0
7.6875	0.30148710013256	-0.90717932214771	376.73031366685	0
7.692	0.29762695412577	-0.90854274078379	376.73031366685	0
7.698	0.29247510688281	-0.91033264181543	376.73031366685	0
7.704	0.2873176995133	-0.91209060552587	376.73031366685	0
7.71	0.28215488161231	-0.91381668807139	376.73031366685	0
7.716	0.27698680175874	-0.91551094520901	376.73031366685	0
7.722	0.27181360756566	-0.91717343228211	376.73031366685	0
7.728	0.26663544572747	-0.91880420421169	376.73031366685	0
7.734	0.26145246206405	-0.9204033154919	376.73031366685	0
7.74	0.25626480156189	-0.92197082018913	376.73031366685	0
7.746	0.25107260841238	-0.92350677194339	376.73031366685	0
7.752	0.24587602604762	-0.92501122397164	376.73031366685	0
7.758	0.24067519717359	-0.92648422907207	376.73031366685	0
7.764	0.23547026380105	-0.92792583962907	376.73031366685	0
7.77	0.23026136727393	-0.92933610761827	376.73031366685	0
7.776	0.22504864829534	-0.93071508461152	376.73031366685	0
7.78125	0.22048449372489	-0.93189606132377	376.73031366685	0
7.782	0.21983224695072	-0.93206282178154	376.73031366685	0
7.788	0.21461230272831	-0.93337936990651	376.73031366685	0
7.794	0.20938895453634	-0.93466477937465	376.73031366685	0
7.8	0.20416234071723	-0.93591910018964	376.73031366685	0
7.806	0.19893259905874	-0.93714238197737	376.73031366685	0
7.812	0.19369986680278	-0.93833467399481	376.73031366685	0
7.818	0.18846428065272	-0.93949602514173	376.73031366685	0
7.824	0.18322597678044	-0.94062648397538	376.73031366685	0
7.83	0.17798509083432	-0.94172609872802	376.73031366685	0
7.836	0.17274175794959	-0.94279491732637	376.73031366685	0
7.842	0.16749611276141	-0.94383298741206	376.73031366685	0
7.848	0.16224828942122	-0.94484035636143	376.73031366685	0
7.854	0.15699842161567	-0.94581707130384	376.73031366685	0
7.86	0.1517466425874	-0.94676317913752	376.73031366685	0
7.866	0.14649308515679	-0.94767872654304	376.73031366685	0
7.872	0.141237881744	-0.94856375999493	376.73031366685	0
7.875	0.1386097040716	-0.94899484845782	376.73031366685	0
7.878	0.13598116439116	-0.94941832577235	376.73031366685	0
7.884	0.13072306478558	-0.95024246997088	376.73031366685	0
7.89	0.12546371428649	-0.95103623851712	376.73031366685	0
7.896	0.12020324396021	-0.95179967718959	376.73031366685	0
7.902	0.11494178463475	-0.95253283164994	376.73031366685	0
7.908	0.10967946699773	-0.95323574749098	376.73031366685	0
7.914	0.10441642179541	-0.95390847030765	376.73031366685	0
7.92	0.099152780286429	-0.95455104578003	376.73031366685	0
7.926	0.093888675394605	-0.95516351962182	376.73031366685	0
7.932	0.088624244899246	-0.9557459363213	376.73031366685	0
7.938	0.083359639207908	-0.95629832910456	376.73031366685	0
7.944	0.078095003725877	-0.95682066478928	376.73031366685	0
7.95	0.072830261562196	-0.95731292966852	376.73031366685	0
7.956	0.067565556775484	-0.95777548166581	376.73031366685	0
7.962	0.062301232966964	-0.95820827260953	376.73031366685	0
7.968	0.057037378675616	-0.95861126067095	376.73031366685	0
7.96875	0.05637943453362	-0.95865954040618	376.73031366685	0
7.974	0.051774092510616	-0.95898448423164	376.73031366685	0
7.98	0.046511491590785	-0.9593279899908	376.73031366685	0
7.986	0.041249698894901	-0.95964182374346	376.73031366685	0
7.992	0.035988839189207	-0.95992603017891	376.73031366685	0
7.998	0.03072903776206	-0.96018065327906	376.73031366685	0
8.004	0.025470419986248	-0.96040573658641	376.73031366685	0
8.01	0.020213111151367	-0.96060132335676	376.73031366685	0
8.016	0.014957236394776	-0.9607674566467	376.73031366685	0
8.022	0.0097029206722802	-0.96090417936638	376.73031366685	0
8.028	0.0044502887461319	-0.9610115343131	376.73031366685	0
8.034	-0.00080053481886414	-0.9610895641943	376.73031366685	0
8.04	-0.0060494256552797	-0.96113831164433	376.73031366685	0
8.046	-0.011296259590949	-0.96115781923742	376.73031366685	0
8.052	-0.016540912645808	-0.96114812949826	376.73031366685	0
8.058	-0.021783261028175	-0.96110928491116	376.73031366685	0
8.0625	-0.025713435509298	-0.96106104414037	376.73031366685	0
8.064	-0.027023181130755	-0.96104132792806	376.73031366685	0
8.07	-0.032260549526515	-0.96094430097601	376.73031366685	0
8.076	-0.037495242964528	-0.96081824646397	376.73031366685	0
8.082	-0.042727138365834	-0.96066320678943	376.73031366685	0
8.088	-0.047956112819348	-0.96047922434466	376.73031366685	0
8.094	-0.053182043577844	-0.96026634152276	376.73031366685	0
8.1	-0.058404808054017	-0.96002460072358	376.73031366685	0
8.106	-0.063624283816643	-0.95975404435954	376.73031366685	0
8.112	-0.068840348586849	-0.95945471486124	376.73031366685	0
8.118	-0.074052880234478	-0.9591266546831	376.73031366685	0
8.124	-0.079261756774591	-0.95876990630885	376.73031366685	0
8.13	-0.084466856364104	-0.95838451225698	376.73031366685	0
8.136	-0.089668057298567	-0.95797051508617	376.73031366685	0
8.142	-0.094865238009126	-0.95752795740061	376.73031366685	0
8.148	-0.10005827705971	-0.95705688185539	376.73031366685	0
8.154	-0.10524705314449	-0.95655733116178	376.73031366685	0
8.15625	-0.1071917203938	-0.95636266713042	376.73031366685	0
8.16	-0.11043144508569	-0.95602934809266	376.73031366685	0
8.166	-0.11561133183189	-0.95547297548781	376.73031366685	0
8.172	-0.12078659245712	-0.95488825625951	376.73031366685	0
8.178	-0.125957106161	-0.9542752333982	376.73031366685	0
8.184	-0.13112275227066	-0.95363394997848	376.73031366685	0
8.19	-0.13628341024562	-0.95296444916578	376.73031366685	0
8.196	-0.14143895968785	-0.95226677422404	376.73031366685	0
8.202	-0.14658928036149	-0.95154096852535	376.73031366685	0
8.208	-0.15173425223177	-0.95078707556362	376.73031366685	0
8.214	-0.15687375554555	-0.95000513897634	376.73031366685	0
8.22	-0.16200767101143	-0.94919520258541	376.73031366685	0
8.226	-0.16713588025384	-0.94835731048658	376.73031366685	0
8.232	-0.17225826717868	-0.94749150728498	376.73031366685	0
8.238	-0.17737472343134	-0.94659783886559	376.73031366685	0
8.244	-0.18248518627088	-0.94567635529383	376.73031366685	0
8.25	-0.18759050173895	-0.94472425568565	376.73031366685	0
8.256	-0.19268673876529	-0.94374993598205	376.73031366685	0
8.262	-0.19777827370174	-0.94274527206491	376.73031366685	0
8.268	-0.20286318599266	-0.94171293009337	376.73031366685	0
8.274	-0.20794141222894	-0.94065297961632	376.73031366685	0
8.28	-0.2130128444987	-0.93956546983523	376.73031366685	0
8.286	-0.21807736741053	-0.93845044720215	376.73031366685	0
8.292	-0.22313486347617	-0.93730795756398	376.73031366685	0
8.298	-0.22818521446265	-0.93613804666073	376.73031366685	0
8.304	-0.23322830184315	-0.93494076028633	376.73031366685	0
8.31	-0.23826400697677	-0.93371614435335	376.73031366685	0
8.316	-0.24329221118957	-0.93246424492393	376.73031366685	0
8.322	-0.24831279581443	-0.93118510822708	376.73031366685	0
8.328	-0.2533256422119	-0.92987878066976	376.73031366685	0
8.334	-0.25833063178163	-0.92854530884496	376.73031366685	0
8.34	-0.26332764596871	-0.92718473953806	376.73031366685	0
8.34375	-0.26644667717812	-0.92632064414912	376.73031366685	0
8.346	-0.26831656626728	-0.92579711973242	376.73031366685	0
8.352	-0.27329727422238	-0.92438249661429	376.73031366685	0
8.358	-0.27826965143096	-0.92294091757749	376.73031366685	0
8.364	-0.28323357954218	-0.92147243022781	376.73031366685	0
8.37	-0.28818894025741	-0.9199770823873	376.73031366685	0
8.376	-0.29313561532995	-0.9184549220984	376.73031366685	0
8.382	-0.29807348656461	-0.91690599762805	376.73031366685	0
8.388	-0.30300243581722	-0.91533035747169	376.73031366685	0
8.394	-0.30792234499411	-0.91372805035725	376.73031366685	0
8.4	-0.31283309605147	-0.91209912524906	376.73031366685	0
8.406	-0.31773457099486	-0.91044363135173	376.73031366685	0
8.412	-0.32262665187858	-0.90876161811401	376.73031366685	0
8.418	-0.32750922080513	-0.90705313523265	376.73031366685	0
8.424	-0.33238215992471	-0.90531823265615	376.73031366685	0
8.43	-0.33724535143468	-0.90355696058853	376.73031366685	0
8.436	-0.3420986775791	-0.90176936949313	376.73031366685	0
8.4375	-0.34331045385673	-0.90131836530984	376.73031366685	0
8.442	-0.34694202064832	-0.89995551009625	376.73031366685	0
8.448	-0.35177526297853	-0.89811543339092	376.73031366685	0
8.454	-0.35659828695143	-0.89624919064052	376.73031366685	0
8.46	-0.36141097499387	-0.89435683338241	376.73031366685	0
8.466	-0.36621320957758	-0.89243841343164	376.73031366685	0
8.472	-0.37100487321893	-0.89049398288442	376.73031366685	0
8.478	-0.37578584847869	-0.88852359412179	376.73031366685	0
8.484	-0.38055601796189	-0.88652729981309	376.73031366685	0
8.49	-0.38531526431768	-0.88450515291952	376.73031366685	0
8.496	-0.39006347023929	-0.88245720669754	376.73031366685	0
8.502	-0.39480051846397	-0.88038351470237	376.73031366685	0
8.508	-0.39952629177306	-0.87828413079131	376.73031366685	0
8.514	-0.40424067299208	-0.8761591091271	376.73031366685	0
8.52	-0.40894354499092	-0.87400850418112	376.73031366685	0
8.526	-0.41363479068412	-0.87183237073655	376.73031366685	0
8.53125	-0.41773000145141	-0.86990735593261	376.73031366685	0
8.532	-0.41831429303128	-0.86963076389139	376.73031366685	0
8.538	-0.42298193503762	-0.86740373906118	376.73031366685	0
8.544	-0.42763759975478	-0.86515135198162	376.73031366685	0
8.55	-0.43228117028204	-0.86287365871057	376.73031366685	0
8.556	-0.43691252976797	-0.86057071562952	376.73031366685	0
8.562	-0.44153156141312	-0.85824257944393	376.73031366685	0
8.568	-0.44613814847416	-0.85588930718174	376.73031366685	0
8.574	-0.450732174271	-0.85351095618872	376.73031366685	0
8.58	-0.45531352219935	-0.85110758411797	376.73031366685	0
8.586	-0.45988207575504	-0.84867924890776	376.73031366685	0
8.592	-0.46443771858507	-0.84622600873485	376.73031366685	0
8.598	-0.46898033460784	-0.843747921911	376.73031366685	0
8.604	-0.47350980834176	-0.84124504663263	376.73031366685	0
8.61	-0.47802602601685	-0.83871744030034	376.73031366685	0
8.616	-0.48252888081835	-0.83616515751486	376.73031366685	0
8.622	-0.48701831651846	-0.8335882541	376.73031366685	0
8.625	-0.4892580593108	-0.83229069599758	376.73031366685	0
8.628	-0.49149406708738	-0.83098722261101	376.73031366685	0
8.634	-0.4959558675066	-0.82836117161874	376.73031366685	0
8.64	-0.50040402188947	-0.82571079527305	376.73031366685	0
8.646	-0.50483822403541	-0.82303609003293	376.73031366685	0
8.652	-0.5092583510932	-0.82033709559576	376.73031366685	0
8.658	-0.51366428677519	-0.81761386861566	376.73031366685	0
8.664	-0.51805591526167	-0.81486646986754	376.73031366685	0
8.67	-0.52243312076469	-0.81209496170193	376.73031366685	0
8.676	-0.52679578750585	-0.80929940733188	376.73031366685	0
8.682	-0.53114379973066	-0.80647987058276	376.73031366685	0
8.688	-0.53547704172134	-0.80363641579045	376.73031366685	0
8.694	-0.53979539780558	-0.80076910775564	376.73031366685	0
8.7	-0.54409875236235	-0.7978780117221	376.73031366685	0
8.706	-0.54838698982596	-0.79496319336628	376.73031366685	0
8.712	-0.55265999468913	-0.79202471879254	376.73031366685	0
8.718	-0.5569176515054	-0.78906265453154	376.73031366685	0
8.71875	-0.55744877370055	-0.78869074117915	376.73031366685	0
8.724	-0.56115984489127	-0.78607706754029	376.73031366685	0
8.73	-0.56538645952797	-0.78306802520323	376.73031366685	0
8.736	-0.5695973801633	-0.78003559533399	376.73031366685	0
8.742	-0.57379249161325	-0.7769798461774	376.73031366685	0
8.748	-0.57797167876374	-0.7739008464119	376.73031366685	0
8.754	-0.58213482657225	-0.77079866515196	376.73031366685	0
8.76	-0.58628182006961	-0.7676733719506	376.73031366685	0
8.766	-0.59041254436173	-0.76452503680202	376.73031366685	0
8.772	-0.59452688463145	-0.76135373014411	376.73031366685	0
8.778	-0.59862472614044	-0.75815952286099	376.73031366685	0
8.784	-0.6027059542312	-0.75494248628542	376.73031366685	0
8.79	-0.6067704543291	-0.75170269220114	376.73031366685	0
8.796	-0.61081811194446	-0.74844021284498	376.73031366685	0
8.802	-0.61484881267479	-0.74515512090883	376.73031366685	0
8.808	-0.61886244220689	-0.7418474895413	376.73031366685	0
8.8125	-0.62186139266714	-0.73935201877557	376.73031366685	0
8.814	-0.62285888631905	-0.73851739234906	376.73031366685	0
8.82	-0.62683803088304	-0.73516490339775	376.73031366685	0
8.826	-0.6307997618659	-0.73179009721253	376.73031366685	0
8.832	-0.63474396533135	-0.72839304877804	376.73031366685	0
8.838	-0.63867052744051	-0.72497383353789	376.73031366685	0
8.844	-0.64257933445183	-0.72153252739371	376.73031366685	0
8.85	-0.64647027271966	-0.71806920670391	376.73031366685	0
8.856	-0.6503432286913	-0.71458394828247	376.73031366685	0
8.862	-0.65419808890212	-0.71107682939828	376.73031366685	0
8.868	-0.65803473996849	-0.70754792777585	376.73031366685	0
8.874	-0.66185306857866	-0.70399732159839	376.73031366685	0
8.88	-0.66565296148211	-0.70042508951456	376.73031366685	0
8.886	-0.66943430547859	-0.69683131064997	376.73031366685	0
8.892	-0.67319698740875	-0.6932160646244	376.73031366685	0
8.898	-0.67694089414902	-0.6895794315746	376.73031366685	0
8.904	-0.68066591261369	-0.68592149218139	376.73031366685	0
8.91	-0.68437192976651	-0.682242327698	376.73031366685	0
8.916	-0.68805883264273	-0.67854201997538	376.73031366685	0
8.922	-0.69172650838025	-0.67482065147955	376.73031366685	0
8.928	-0.69537484425587	-0.67107830529715	376.73031366685	0
8.934	-0.69900372772105	-0.66731506512744	376.73031366685	0
8.94	-0.70261304643108	-0.66353101526216	376.73031366685	0
8.946	-0.70620268826326	-0.65972624055763	376.73031366685	0
8.952	-0.70977254132217	-0.65590082640456	376.73031366685	0
8.958	-0.71332249393337	-0.65205485870129	376.73031366685	0
8.964	-0.71685243462866	-0.64818842383425	376.73031366685	0
8.97	-0.72036225212733	-0.64430160866736	376.73031366685	0
8.976	-0.72385183531721	-0.64039450053985	376.73031366685	0
8.982	-0.72732107323826	-0.63646718727093	376.73031366685	0
8.988	-0.73076985507034	-0.63251975716893	376.73031366685	0
8.994	-0.73419807012546	-0.62855229904274	376.73031366685	0
9	-0.73760560784405	-0.62456490221381	376.73031366685	0
